open_time,open,high,low,close,volume,trade_count
2025-10-14T16:00:00Z,61962.05721029,62003.61695820,61875.07598363,61916.60524559,496.24901711,49
2025-10-14T17:00:00Z,61916.60524559,62017.72235593,61898.39630954,61999.48904474,155.80960085,15
2025-10-14T18:00:00Z,61999.48904474,62071.07344562,61991.25623644,62062.83222608,447.05397143,44
2025-10-14T19:00:00Z,62062.83222608,62105.86470909,62059.34116811,62102.37142702,484.57400873,48
2025-10-14T20:00:00Z,62102.37142702,62110.33880124,62101.19560690,62109.16285254,210.71707500,21
2025-10-14T21:00:00Z,62109.16285254,62135.31788831,62076.48761048,62102.63989935,912.24026061,91
2025-10-14T22:00:00Z,62102.63989935,62139.09738624,62086.89131465,62123.34355131,314.68397421,31
2025-10-14T23:00:00Z,62123.34355131,62150.29967220,62093.54346830,62120.49835463,60.62493136,6
2025-10-15T00:00:00Z,62120.49835463,62196.58693043,62053.99617286,62130.07449707,137.21565485,13
2025-10-15T01:00:00Z,62130.07449707,62176.22896969,62113.36203152,62159.50858663,197.74899077,19
2025-10-15T02:00:00Z,62159.50858663,62205.92302648,62110.71709151,62157.12975509,346.41634513,34
2025-10-15T03:00:00Z,62157.12975509,62216.67719013,62082.12533338,62141.65794620,943.10178840,94
2025-10-15T04:00:00Z,62141.65794620,62168.83929798,62138.72239142,62165.90259789,349.43273680,34
2025-10-15T05:00:00Z,62165.90259789,62223.11293000,61971.49093706,62028.57488858,420.45530750,42
2025-10-15T06:00:00Z,62028.57488858,62076.34112306,61907.57254589,61955.28234011,632.61119732,63
2025-10-15T07:00:00Z,61955.28234011,61967.85553900,61938.27038227,61950.84268018,47.29361348,4
2025-10-15T08:00:00Z,61950.84268018,61969.47925636,61880.94822326,61899.56937497,60.36300572,6
2025-10-15T09:00:00Z,61899.56937497,62009.14234863,61850.54365267,61960.06870962,337.84770691,33
2025-10-15T10:00:00Z,61960.06870962,62010.50333474,61888.45025655,61938.86762429,59.67593189,5
2025-10-15T11:00:00Z,61938.86762429,61982.34793902,61800.96575057,61844.37973597,824.37209516,82
2025-10-15T12:00:00Z,61844.37973597,61849.22964315,61773.43958776,61778.28431166,1545.61168084,154
2025-10-15T13:00:00Z,61778.28431166,61835.17475581,61754.59304886,61811.47076639,291.71956042,29
2025-10-15T14:00:00Z,61811.47076639,61864.17017948,61807.80832901,61860.50483675,104.79292402,10
2025-10-15T15:00:00Z,61860.50483675,61890.00936610,61828.24343135,61857.74664518,151.14565144,15
2025-10-15T16:00:00Z,61857.74664518,61908.28637494,61842.37761339,61892.90860689,205.20142286,20
2025-10-15T17:00:00Z,61892.90860689,61982.34942771,61837.42646365,61926.83687043,56.07382496,5
2025-10-15T18:00:00Z,61926.83687043,61937.28363385,61827.83420982,61838.26603176,355.54939064,35
2025-10-15T19:00:00Z,61838.26603176,61886.82559052,61807.40710636,61855.95783644,136.95017788,13
2025-10-15T20:00:00Z,61855.95783644,61955.70452721,61737.84728685,61837.56431689,1016.63751685,101
2025-10-15T21:00:00Z,61837.56431689,61933.63859595,61756.57114094,61852.62569302,1864.27310510,186
2025-10-15T22:00:00Z,61852.62569302,61978.20766761,61695.55064172,61821.06854451,401.36421699,40
2025-10-15T23:00:00Z,61821.06854451,61825.80629492,61794.65289755,61799.38898651,579.70856153,57
2025-10-16T00:00:00Z,61799.38898651,61827.50159819,61789.37117729,61817.48085624,409.91228273,40
2025-10-16T01:00:00Z,61817.48085624,61904.82506232,61741.61631907,61828.94645418,161.42602191,16
2025-10-16T02:00:00Z,61828.94645418,61835.29032842,61809.54383460,61815.88636883,834.86470614,83
2025-10-16T03:00:00Z,61815.88636883,61829.88698273,61779.52759843,61793.52314731,193.82891239,19
2025-10-16T04:00:00Z,61793.52314731,61865.00616768,61789.30083601,61860.77926082,286.06711535,28
2025-10-16T05:00:00Z,61860.77926082,61868.43189428,61790.38014469,61798.02501499,78.85070945,7
2025-10-16T06:00:00Z,61798.02501499,61817.73400781,61782.25655181,61801.96453941,232.51882432,23
2025-10-16T07:00:00Z,61801.96453941,61856.11554846,61748.05026899,61802.20107170,22.06800041,2
2025-10-16T08:00:00Z,61802.20107170,61824.07291914,61750.08109890,61771.94223772,546.39226749,54
2025-10-16T09:00:00Z,61771.94223772,61803.79906753,61723.43179862,61755.28003546,93.66155564,9
2025-10-16T10:00:00Z,61755.28003546,61805.22898103,61720.92943518,61770.86970919,126.98239693,12
2025-10-16T11:00:00Z,61770.86970919,61833.07002268,61761.47051508,61823.66279546,943.36166881,94
2025-10-16T12:00:00Z,61823.66279546,61880.32052539,61738.03661662,61794.66777433,325.41647835,32
2025-10-16T13:00:00Z,61794.66777433,61828.67083133,61596.00253955,61629.91493986,986.64094843,98
2025-10-16T14:00:00Z,61629.91493986,61706.78933053,61508.33057235,61585.14912414,630.58024259,63
2025-10-16T15:00:00Z,61585.14912414,61629.40641096,61488.80998737,61533.02981939,577.22750021,57
2025-10-16T16:00:00Z,61533.02981939,61555.59598999,61508.66647537,61531.23198665,24.06977559,2
2025-10-16T17:00:00Z,61531.23198665,61648.27498847,61466.72284420,61583.71082737,602.81551427,60
2025-10-16T18:00:00Z,61583.71082737,61694.93121248,61528.80993226,61639.98015416,765.27608326,76
2025-10-16T19:00:00Z,61639.98015416,61652.40919046,61588.10070603,61600.52178598,245.35572137,24
2025-10-16T20:00:00Z,61600.52178598,61636.00631577,61536.12763697,61571.59550398,197.40179879,19
2025-10-16T21:00:00Z,61571.59550398,61601.89573640,61506.20002178,61536.48297484,365.94455210,36
2025-10-16T22:00:00Z,61536.48297484,61662.79206229,61508.88572165,61635.15055968,577.96927931,57
2025-10-16T23:00:00Z,61635.15055968,61667.13026068,61538.42674836,61570.37283912,803.19590423,80
2025-10-17T00:00:00Z,61570.37283912,61572.77407411,61538.23479499,61540.63487021,75.30750796,7
2025-10-17T01:00:00Z,61540.63487021,61597.28622117,61410.30887667,61466.89234380,513.56530134,51
2025-10-17T02:00:00Z,61466.89234380,61487.01673728,61447.48574196,61467.60990889,198.99383639,19
2025-10-17T03:00:00Z,61467.60990889,61602.93267906,61436.25651835,61571.52628288,343.95149540,34
2025-10-17T04:00:00Z,61571.52628288,61599.17704061,61472.66810465,61500.28686994,812.00720098,81
2025-10-17T05:00:00Z,61500.28686994,61570.45049058,61483.85163607,61554.00090226,19.87696630,1
2025-10-17T06:00:00Z,61554.00090226,61631.36547773,61429.69228302,61506.99778229,66.10743112,6
2025-10-17T07:00:00Z,61506.99778229,61555.13565273,61492.82911355,61540.95916069,659.11666983,65
2025-10-17T08:00:00Z,61540.95916069,61623.33346967,61518.27228137,61600.62459487,1626.57846869,162
2025-10-17T09:00:00Z,61600.62459487,61612.72656295,61589.75089720,61601.85264850,301.28274509,30
2025-10-17T10:00:00Z,61601.85264850,61644.22760666,61543.33744084,61585.70128872,494.29034640,49
2025-10-17T11:00:00Z,61585.70128872,61598.59730017,61539.86210923,61552.75122095,256.58577165,25
2025-10-17T12:00:00Z,61552.75122095,61660.42409978,61491.30797527,61598.93475273,556.57982732,55
2025-10-17T13:00:00Z,61598.93475273,61684.89421629,61593.15625491,61679.10819753,46.08623205,4
2025-10-17T14:00:00Z,61679.10819753,61704.26694770,61620.68168049,61645.82685529,899.63753263,89
2025-10-17T15:00:00Z,61645.82685529,61693.26291142,61564.39308934,61611.80296431,525.79481411,52
2025-10-17T16:00:00Z,61611.80296431,61690.59336498,61596.10137936,61674.87570613,395.48461803,39
2025-10-17T17:00:00Z,61674.87570613,61682.99571942,61673.90527871,61682.02517950,174.30838468,17
2025-10-17T18:00:00Z,61682.02517950,61772.09830278,61620.36545146,61710.41019998,143.96743383,14
2025-10-17T19:00:00Z,61710.41019998,61764.57280635,61690.70049754,61744.85210350,347.39341599,34
2025-10-17T20:00:00Z,61744.85210350,61799.35806845,61715.51236141,61770.00637362,262.29918669,26
2025-10-17T21:00:00Z,61770.00637362,61849.77328519,61645.14308502,61724.85168593,455.88014779,45
2025-10-17T22:00:00Z,61724.85168593,61764.33671170,61713.00248116,61752.48220275,43.70105036,4
2025-10-17T23:00:00Z,61752.48220275,61768.52520848,61748.17038960,61764.21257626,39.38515633,3
2025-10-18T00:00:00Z,61764.21257626,61776.96908643,61757.75991750,61770.51576917,68.42774921,6
2025-10-18T01:00:00Z,61770.51576917,61773.90480376,61767.22016854,61770.60919815,17.92671276,1
2025-10-18T02:00:00Z,61770.60919815,61801.91528820,61759.58004000,61790.88251024,241.27892298,24
2025-10-18T03:00:00Z,61790.88251024,61842.70233493,61778.21091982,61830.02271794,163.33634587,16
2025-10-18T04:00:00Z,61830.02271794,61832.22613260,61820.89726929,61823.10043727,82.87747205,8
2025-10-18T05:00:00Z,61823.10043727,61839.72602834,61789.55461570,61806.17565533,266.48496458,26
2025-10-18T06:00:00Z,61806.17565533,61831.32831933,61796.72852803,61821.87879179,216.99249116,21
2025-10-18T07:00:00Z,61821.87879179,61856.75910261,61790.87392064,61825.75228882,60.34466035,6
2025-10-18T08:00:00Z,61825.75228882,61841.93980328,61782.07036987,61798.25068373,775.16396850,77
2025-10-18T09:00:00Z,61798.25068373,61835.55507875,61786.52513058,61823.82467321,972.03015260,97
2025-10-18T10:00:00Z,61823.82467321,61824.40064881,61810.15576099,61810.73161462,38.17438041,3
2025-10-18T11:00:00Z,61810.73161462,61896.66978737,61745.34519077,61831.26164586,231.75323134,23
2025-10-18T12:00:00Z,61831.26164586,61892.09243282,61813.11751273,61873.93577715,527.73601496,52
2025-10-18T13:00:00Z,61873.93577715,61888.37742406,61862.41139387,61876.85249753,200.70715887,20
2025-10-18T14:00:00Z,61876.85249753,61906.59578075,61843.22133522,61872.96274869,278.16442595,27
2025-10-18T15:00:00Z,61872.96274869,61915.73745258,61845.71266889,61888.48053844,379.95577251,37
2025-10-18T16:00:00Z,61888.48053844,61903.78428404,61877.87465980,61893.17760046,74.05662849,7
2025-10-18T17:00:00Z,61893.17760046,61922.79529602,61874.57762075,61904.19200629,199.64812311,19
2025-10-18T18:00:00Z,61904.19200629,61944.92509795,61899.75757000,61940.48806164,964.14098916,96
2025-10-18T19:00:00Z,61940.48806164,61970.24001482,61915.66243188,61945.41241139,124.10641461,12
2025-10-18T20:00:00Z,61945.41241139,61965.96525613,61899.19094117,61919.73526650,94.84192362,9
2025-10-18T21:00:00Z,61919.73526650,61941.76121998,61902.16680146,61924.19149058,156.52443210,15
2025-10-18T22:00:00Z,61924.19149058,61934.12430542,61911.30347106,61921.23581180,56.80268972,5
2025-10-18T23:00:00Z,61921.23581180,61938.10450039,61892.81777783,61909.68331927,7.13293532,1
2025-10-19T00:00:00Z,61909.68331927,61934.96754293,61898.68344137,61923.96512749,402.92889003,40
2025-10-19T01:00:00Z,61923.96512749,61955.16943168,61900.99235394,61932.19360550,545.16663869,54
2025-10-19T02:00:00Z,61932.19360550,61969.64749049,61906.64467084,61944.09364670,114.02946517,11
2025-10-19T03:00:00Z,61944.09364670,61971.64535355,61927.42768109,61954.97645994,579.21238913,57
2025-10-19T04:00:00Z,61954.97645994,61997.05396071,61944.14165927,61986.21369722,716.99196271,71
2025-10-19T05:00:00Z,61986.21369722,61993.45237234,61984.92357543,61992.16212675,99.19202800,9
2025-10-19T06:00:00Z,61992.16212675,62007.22129212,61987.25293292,62002.31129458,372.45403904,37
2025-10-19T07:00:00Z,62002.31129458,62012.19780376,61965.53979237,61975.42201395,521.86782526,52
2025-10-19T08:00:00Z,61975.42201395,61985.00153362,61956.03524532,61965.61324885,314.15077656,31
2025-10-19T09:00:00Z,61965.61324885,62019.21771417,61922.52463393,61976.12179198,201.70152476,20
2025-10-19T10:00:00Z,61976.12179198,61986.71538965,61923.22690489,61933.81327075,440.28190722,44
2025-10-19T11:00:00Z,61933.81327075,61943.57772374,61868.61811125,61878.37382369,907.74287946,90
2025-10-19T12:00:00Z,61878.37382369,61900.46189608,61815.11612755,61837.18949880,102.03175684,10
2025-10-19T13:00:00Z,61837.18949880,61890.30743928,61803.84208856,61856.94937299,121.64128384,12
2025-10-19T14:00:00Z,61856.94937299,61865.79792401,61829.53110343,61838.37699770,432.15127370,43
2025-10-19T15:00:00Z,61838.37699770,61925.81916704,61835.48705778,61922.92527587,1128.04616788,112
2025-10-19T16:00:00Z,61922.92527587,61946.93875515,61881.71519052,61905.72199844,396.03122347,39
2025-10-19T17:00:00Z,61905.72199844,61915.65622946,61883.27164842,61893.20387061,66.42794890,6
2025-10-19T18:00:00Z,61893.20387061,61910.14419738,61884.24530128,61901.18447292,15.16906397,1
2025-10-19T19:00:00Z,61901.18447292,61932.36149321,61895.76181550,61926.93657987,560.99084756,56
2025-10-19T20:00:00Z,61926.93657987,61929.21236068,61905.95996802,61908.23506156,344.74055423,34
2025-10-19T21:00:00Z,61908.23506156,61911.42749876,61908.20242731,61911.39486285,339.54314776,33
2025-10-19T22:00:00Z,61911.39486285,61927.59240252,61863.73970573,61879.92901317,193.28968503,19
2025-10-19T23:00:00Z,61879.92901317,61911.08528283,61871.59296108,61902.74615697,348.64858470,34
2025-10-20T00:00:00Z,61902.74615697,61975.65949816,61868.47332964,61941.36528911,963.06644076,96
2025-10-20T01:00:00Z,61941.36528911,61984.12251736,61930.11484637,61972.86635307,429.31356094,42
2025-10-20T02:00:00Z,61972.86635307,61992.45862318,61954.38434037,61973.97627947,93.11628270,9
2025-10-20T03:00:00Z,61973.97627947,62008.68982099,61954.16897147,61988.87775038,192.52475741,19
2025-10-20T04:00:00Z,61988.87775038,62031.35735546,61975.28192386,62017.75519535,231.24722256,23
2025-10-20T05:00:00Z,62017.75519535,62054.69896908,61996.36267329,62033.30108460,112.53055006,11
2025-10-20T06:00:00Z,62033.30108460,62066.23364087,62023.50347174,62056.43237462,336.20968300,33
2025-10-20T07:00:00Z,62056.43237462,62067.15364109,62042.08603589,62052.80667596,181.59934718,18
2025-10-20T08:00:00Z,62052.80667596,62079.42734173,62041.33035647,62067.94822189,1101.26816048,110
2025-10-20T09:00:00Z,62067.94822189,62094.15276380,62057.81019537,62084.01211344,168.06255677,16
2025-10-20T10:00:00Z,62084.01211344,62151.08728506,62058.31792765,62125.37598036,368.49657177,36
2025-10-20T11:00:00Z,62125.37598036,62158.70400133,62113.32734196,62146.65123679,464.00086793,46
2025-10-20T12:00:00Z,62146.65123679,62193.73340668,62063.70828046,62110.76326171,367.17580255,36
2025-10-20T13:00:00Z,62110.76326171,62163.71223696,62088.49899887,62141.43697880,155.43149468,15
2025-10-20T14:00:00Z,62141.43697880,62176.15328241,62087.33164233,62122.03710788,351.13517426,35
2025-10-20T15:00:00Z,62122.03710788,62131.49341949,62095.63967631,62105.09340872,420.86994999,42
2025-10-20T16:00:00Z,62105.09340872,62135.00099676,62104.82521207,62134.73267211,369.45354251,36
2025-10-20T17:00:00Z,62134.73267211,62161.03710241,62132.11904709,62158.42248091,117.17174562,11
2025-10-20T18:00:00Z,62158.42248091,62183.80244828,62147.67528679,62173.05272460,529.51721715,52
2025-10-20T19:00:00Z,62173.05272460,62244.38606954,62169.73462631,62241.06434155,555.89520856,55
2025-10-20T20:00:00Z,62241.06434155,62287.03209929,62199.17928761,62245.14429975,234.65178940,23
2025-10-20T21:00:00Z,62245.14429975,62265.76341682,62237.82514756,62258.44270092,448.84053258,44
2025-10-20T22:00:00Z,62258.44270092,62261.33828481,62184.41437903,62187.30665445,589.60535911,58
2025-10-20T23:00:00Z,62187.30665445,62208.82954247,62163.05785013,62184.57979439,691.35993879,69
2025-10-21T00:00:00Z,62184.57979439,62239.66139565,62118.84833771,62173.92049722,224.08127631,22
2025-10-21T01:00:00Z,62173.92049722,62224.92649533,62117.33899218,62168.34041252,61.55010330,6
2025-10-21T02:00:00Z,62168.34041252,62190.04088409,62059.01297203,62080.68284587,919.25828088,91
2025-10-21T03:00:00Z,62080.68284587,62083.43983508,62064.63964225,62067.39604140,177.77456886,17
2025-10-21T04:00:00Z,62067.39604140,62094.50084797,62047.57577453,62074.67825563,153.46507520,15
2025-10-21T05:00:00Z,62074.67825563,62092.60666156,62067.30663927,62085.23379168,71.03733158,7
2025-10-21T06:00:00Z,62085.23379168,62085.85574322,62049.59871623,62050.22031701,38.97302835,3
2025-10-21T07:00:00Z,62050.22031701,62075.84713872,62042.88925875,62068.51391912,643.91733529,64
2025-10-21T08:00:00Z,62068.51391912,62078.71294394,62015.36946040,62025.56142732,274.98897276,27
2025-10-21T09:00:00Z,62025.56142732,62029.94919126,62006.04757789,62010.43427173,48.36164106,4
2025-10-21T10:00:00Z,62010.43427173,62070.93502455,61951.78174160,62012.28074793,59.89624989,5
2025-10-21T11:00:00Z,62012.28074793,62028.88209624,61950.03851259,61966.62763907,1493.01641480,149
2025-10-21T12:00:00Z,61966.62763907,61982.17567943,61955.42455530,61970.97181027,136.26811673,13
2025-10-21T13:00:00Z,61970.97181027,62006.33501163,61904.58394818,61939.92943547,266.41866880,26
2025-10-21T14:00:00Z,61939.92943547,61948.84497610,61934.09555960,61943.01081001,349.34163161,34
2025-10-21T15:00:00Z,61943.01081001,62015.62171707,61922.63746514,61995.23119668,750.31715464,75
2025-10-21T16:00:00Z,61995.23119668,62001.47079880,61976.65957934,61982.89794016,149.55790801,14
2025-10-21T17:00:00Z,61982.89794016,61990.81954036,61981.77503436,61989.69651139,36.37698464,3
2025-10-21T18:00:00Z,61989.69651139,62028.64174693,61974.81907352,62013.75853421,385.01565690,38
2025-10-21T19:00:00Z,62013.75853421,62051.16991279,61989.39582766,62026.80208196,125.86388356,12
2025-10-21T20:00:00Z,62026.80208196,62045.53827725,62010.08562108,62028.82127219,257.15063114,25
2025-10-21T21:00:00Z,62028.82127219,62044.52430273,61983.32517827,61999.02066458,226.23064133,22
2025-10-21T22:00:00Z,61999.02066458,62024.08066608,61948.24630678,61973.29591034,1157.68567198,115
2025-10-21T23:00:00Z,61973.29591034,62001.53458263,61950.48944767,61978.72612162,452.72334051,45
2025-10-22T00:00:00Z,61978.72612162,61990.33155243,61953.66452995,61965.26744064,452.42050353,45
2025-10-22T01:00:00Z,61965.26744064,61982.36761306,61922.71759387,61939.81074116,475.76506177,47
2025-10-22T02:00:00Z,61939.81074116,61954.26623081,61913.01888877,61927.47149870,70.70805906,7
2025-10-22T03:00:00Z,61927.47149870,61967.56204728,61904.59957043,61944.68376194,403.82088353,40
2025-10-22T04:00:00Z,61944.68376194,61944.69772844,61926.82025097,61926.83421344,726.57119141,72
2025-10-22T05:00:00Z,61926.83421344,61927.17856749,61917.57739527,61917.92169976,235.93078598,23
2025-10-22T06:00:00Z,61917.92169976,61969.18240434,61878.85745198,61930.11046662,118.46540435,11
2025-10-22T07:00:00Z,61930.11046662,61965.58520398,61924.26351900,61959.73545940,112.06718465,11
2025-10-22T08:00:00Z,61959.73545940,61992.18549397,61929.45103320,61961.90000978,476.40414915,47
2025-10-22T09:00:00Z,61961.90000978,61994.29284067,61941.62967379,61974.01854020,428.16182447,42
2025-10-22T10:00:00Z,61974.01854020,62005.90155493,61973.28441340,62005.16705916,145.56217392,14
2025-10-22T11:00:00Z,62005.16705916,62047.06024354,61938.51254658,61980.38898990,152.00323313,15
2025-10-22T12:00:00Z,61980.38898990,62008.83607850,61949.61813041,61978.06415198,297.43838116,29
2025-10-22T13:00:00Z,61978.06415198,62036.72836557,61971.40116232,62030.05978608,659.97134977,65
2025-10-22T14:00:00Z,62030.05978608,62076.62990167,61992.06508048,62038.62994667,365.98092629,36
2025-10-22T15:00:00Z,62038.62994667,62044.77990172,62004.76902666,62010.91623441,137.31716481,13
2025-10-22T16:00:00Z,62010.91623441,62092.80102146,61907.38671823,61989.24288584,228.82464704,22
2025-10-22T17:00:00Z,61989.24288584,62051.66134995,61862.21924981,61924.57259585,170.26290195,17
2025-10-22T18:00:00Z,61924.57259585,61941.95060468,61835.64837143,61853.00629647,896.77084876,89
2025-10-22T19:00:00Z,61853.00629647,61923.77204630,61808.04902247,61878.79602728,799.17310350,79
2025-10-22T20:00:00Z,61878.79602728,61903.27610762,61793.07103241,61817.52687386,834.16907502,83
2025-10-22T21:00:00Z,61817.52687386,61849.72731585,61794.70158773,61826.89856934,275.08212231,27
2025-10-22T22:00:00Z,61826.89856934,61901.66183877,61814.96025861,61889.71139936,146.61789739,14
2025-10-22T23:00:00Z,61889.71139936,61949.28775258,61798.80578509,61858.35195105,296.83605252,29
2025-10-23T00:00:00Z,61858.35195105,61893.51427793,61835.65110901,61870.80886444,98.78969658,9
2025-10-23T01:00:00Z,61870.80886444,61925.88932989,61827.50185929,61882.57408957,476.49005891,47
2025-10-23T02:00:00Z,61882.57408957,61909.61446052,61814.07408794,61841.09633466,307.39832728,30
2025-10-23T03:00:00Z,61841.09633466,61862.46726331,61824.46088533,61845.83054045,239.93101925,23
2025-10-23T04:00:00Z,61845.83054045,61874.97820813,61807.71860959,61836.86205045,377.89265602,37
2025-10-23T05:00:00Z,61836.86205045,62021.05815209,61776.70597487,61960.78152528,2926.37188880,292
2025-10-23T06:00:00Z,61960.78152528,61992.59937735,61880.71479306,61912.50785583,806.09848096,80
2025-10-23T07:00:00Z,61912.50785583,62048.52299992,61832.85868153,61968.80140512,404.22400068,40
2025-10-23T08:00:00Z,61968.80140512,61969.17060790,61941.14290612,61941.51194631,123.71643026,12
2025-10-23T09:00:00Z,61941.51194631,61976.89192800,61898.66507634,61934.04079062,148.82878713,14
2025-10-23T10:00:00Z,61934.04079062,62004.84632298,61888.83435977,61959.62122065,176.70566739,17
2025-10-23T11:00:00Z,61959.62122065,62015.10664342,61948.22938217,62003.70669942,198.04775908,19
2025-10-23T12:00:00Z,62003.70669942,62008.43711304,61957.86771541,61962.59499252,213.65446505,21
2025-10-23T13:00:00Z,61962.59499252,61965.15439858,61951.08195698,61953.64099318,81.67940038,8
2025-10-23T14:00:00Z,61953.64099318,62028.04710571,61920.75536997,61995.13945469,209.19837623,20
2025-10-23T15:00:00Z,61995.13945469,62069.29419165,61896.58446570,61970.70998164,152.57765399,15
2025-10-23T16:00:00Z,61970.70998164,62025.68093884,61966.56328979,62021.53084638,380.21959268,38
2025-10-23T17:00:00Z,62021.53084638,62039.45546078,61916.49190610,61934.39133663,1219.23944016,121
2025-10-23T18:00:00Z,61934.39133663,61969.80488757,61902.09002962,61937.50195825,79.64660623,7
2025-10-23T19:00:00Z,61937.50195825,61988.15991422,61919.40551683,61970.05396200,475.51833515,47
2025-10-23T20:00:00Z,61970.05396200,62021.15961647,61956.53811520,62007.63557301,304.98349082,30
2025-10-23T21:00:00Z,62007.63557301,62022.42243515,61997.11950319,62011.90564115,138.01983992,13
2025-10-23T22:00:00Z,62011.90564115,62038.23347167,61936.20923515,61962.51609680,776.98983083,77
2025-10-23T23:00:00Z,61962.51609680,62011.87595451,61903.33989195,61952.69192364,403.99505607,40
2025-10-24T00:00:00Z,61952.69192364,61976.12800266,61854.88735313,61878.29528866,536.28581450,53
2025-10-24T01:00:00Z,61878.29528866,61902.40554865,61873.46670252,61897.57545801,166.87436271,16
2025-10-24T02:00:00Z,61897.57545801,61900.25064006,61891.58751953,61894.26255840,190.54038469,19
2025-10-24T03:00:00Z,61894.26255840,61961.16900728,61801.40996081,61868.28833207,31.81578649,3
2025-10-24T04:00:00Z,61868.28833207,61923.87795114,61812.01885770,61867.60786535,319.18906237,31
2025-10-24T05:00:00Z,61867.60786535,61893.41402919,61851.18859034,61876.99226361,51.86782848,5
2025-10-24T06:00:00Z,61876.99226361,61968.62264600,61789.64801689,61881.27235758,168.47721277,16
2025-10-24T07:00:00Z,61881.27235758,61997.16281778,61807.47989467,61923.32021345,130.76436973,13
2025-10-24T08:00:00Z,61923.32021345,61927.75600068,61898.72520841,61903.15955146,522.04177181,52
2025-10-24T09:00:00Z,61903.15955146,61984.81156180,61875.77183988,61957.39985277,468.73103208,46
2025-10-24T10:00:00Z,61957.39985277,61979.69224471,61916.68025359,61938.96601300,96.24901282,9
2025-10-24T11:00:00Z,61938.96601300,62051.02634350,61871.51751254,61983.52931579,598.00065796,59
2025-10-24T12:00:00Z,61983.52931579,62034.22958390,61964.71950499,62015.41009841,470.47986069,47
2025-10-24T13:00:00Z,62015.41009841,62067.55237528,61935.01763913,61987.13614339,210.98716691,21
2025-10-24T14:00:00Z,61987.13614339,62020.41307418,61971.54581035,62004.81829391,304.31856268,30
2025-10-24T15:00:00Z,62004.81829391,62050.90749649,61965.75432757,62011.83910693,157.04473390,15
2025-10-24T16:00:00Z,62011.83910693,62030.78571258,61596.85245404,61615.67801978,5227.95285275,522
2025-10-24T17:00:00Z,61615.67801978,61681.05042434,61609.31909005,61674.68540487,147.74575142,14
2025-10-24T18:00:00Z,61674.68540487,61724.47158632,61649.10289065,61698.87903664,86.05473112,8
2025-10-24T19:00:00Z,61698.87903664,61716.78591655,61665.85234955,61683.75483996,704.45148688,70
2025-10-24T20:00:00Z,61683.75483996,61694.80654428,61627.07511727,61638.11864509,149.77594608,14
2025-10-24T21:00:00Z,61638.11864509,61653.09458128,61596.05323307,61611.02258585,187.21302389,18
2025-10-24T22:00:00Z,61611.02258585,61644.20893971,61590.15434021,61623.33652322,164.64028567,16
2025-10-24T23:00:00Z,61623.33652322,61627.69901353,61619.87061214,61624.23305203,98.95098779,9
2025-10-25T00:00:00Z,61624.23305203,61660.99063066,61609.03098359,61645.78324600,807.09398384,80
2025-10-25T01:00:00Z,61645.78324600,61661.99400262,61640.44957777,61656.65939337,51.22226798,5
2025-10-25T02:00:00Z,61656.65939337,61720.69637155,61540.28741450,61604.26998072,353.95524370,35
2025-10-25T03:00:00Z,61604.26998072,61616.29611735,61547.22577935,61559.24312602,623.65132162,62
2025-10-25T04:00:00Z,61559.24312602,61606.38441861,61535.49932804,61582.63159954,47.05178761,4
2025-10-25T05:00:00Z,61582.63159954,61700.57637076,61569.70827034,61687.63100706,1000.61806518,100
2025-10-25T06:00:00Z,61687.63100706,61765.45443326,61512.11663470,61589.81666100,626.16299094,62
2025-10-25T07:00:00Z,61589.81666100,61604.10320191,61574.54275424,61588.82906607,834.92816218,83
2025-10-25T08:00:00Z,61588.82906607,61643.81936478,61473.75579302,61528.69239802,454.33886451,45
2025-10-25T09:00:00Z,61528.69239802,61577.11826819,61499.61429718,61548.03102803,241.95939788,24
2025-10-25T10:00:00Z,61548.03102803,61582.90446090,61545.31752174,61580.18953682,470.14327390,47
2025-10-25T11:00:00Z,61580.18953682,61585.44789963,61562.46817962,61567.72547812,210.36611927,21
2025-10-25T12:00:00Z,61567.72547812,61574.26868429,61499.50727643,61506.04392730,208.28786499,20
2025-10-25T13:00:00Z,61506.04392730,61564.22067148,61408.75398966,61466.89370280,299.90091865,29
2025-10-25T14:00:00Z,61466.89370280,61538.04362728,61302.36513017,61373.40684056,782.49698515,78
2025-10-25T15:00:00Z,61373.40684056,61482.81821394,61333.01708727,61442.38306749,268.49287833,26
2025-10-25T16:00:00Z,61442.38306749,61470.36262790,61425.70294823,61453.67944195,233.15677084,23
2025-10-25T17:00:00Z,61453.67944195,61519.85487296,61431.55089284,61497.71046893,192.59353097,19
2025-10-25T18:00:00Z,61497.71046893,61569.03351091,61468.22678731,61539.52977997,1325.94351092,132
2025-10-25T19:00:00Z,61539.52977997,61543.05066155,61523.15849267,61526.67863899,118.98243740,11
2025-10-25T20:00:00Z,61526.67863899,61577.21602429,61493.88071491,61544.40864890,204.11869708,20
2025-10-25T21:00:00Z,61544.40864890,61560.34885650,61541.09224211,61557.03176949,66.47557481,6
2025-10-25T22:00:00Z,61557.03176949,61626.36819533,61538.08432359,61607.40524432,231.56696545,23
2025-10-25T23:00:00Z,61607.40524432,61690.07914079,61578.28876710,61660.93736358,192.34880142,19
2025-10-26T00:00:00Z,61660.93736358,61677.21661475,61641.25391856,61657.53227074,679.99684294,67
2025-10-26T01:00:00Z,61657.53227074,61708.50982206,61648.89675360,61699.86837548,474.39279770,47
2025-10-26T02:00:00Z,61699.86837548,61767.73964332,61671.62198369,61739.47511944,192.82824215,19
2025-10-26T03:00:00Z,61739.47511944,61757.27238351,61698.48366891,61716.27424501,202.91004770,20
2025-10-26T04:00:00Z,61716.27424501,61717.73009455,61691.75966634,61693.21497193,207.54373678,20
2025-10-26T05:00:00Z,61693.21497193,61775.63515239,61680.44216488,61762.84792870,589.45558699,58
2025-10-26T06:00:00Z,61762.84792870,61814.92268781,61744.34441902,61796.40912354,248.70386983,24
2025-10-26T07:00:00Z,61796.40912354,61828.59146244,61790.57579252,61822.75564442,421.00431720,42
2025-10-26T08:00:00Z,61822.75564442,61824.39337575,61821.35774507,61822.99547098,92.56725132,9
2025-10-26T09:00:00Z,61822.99547098,61823.32335641,61811.49216660,61811.81999277,130.28899342,13
2025-10-26T10:00:00Z,61811.81999277,61817.44371266,61760.49641907,61766.11598075,89.81525764,8
2025-10-26T11:00:00Z,61766.11598075,61800.91488798,61676.82674126,61711.59493143,630.38460930,63
2025-10-26T12:00:00Z,61711.59493143,61713.62524875,61684.74051306,61686.77001364,652.37820640,65
2025-10-26T13:00:00Z,61686.77001364,61744.56553119,61603.83327012,61661.60521029,319.11359393,31
2025-10-26T14:00:00Z,61661.60521029,61697.81338975,61567.69181490,61603.86608951,117.73437826,11
2025-10-26T15:00:00Z,61603.86608951,61640.59176647,61534.61216992,61571.31844332,643.13797629,64
2025-10-26T16:00:00Z,61571.31844332,61631.51805999,61443.43242658,61503.56580001,485.29398672,48
2025-10-26T17:00:00Z,61503.56580001,61610.85466460,61456.41326805,61563.65606363,629.98925384,62
2025-10-26T18:00:00Z,61563.65606363,61565.68177683,61560.24104266,61562.26671015,136.03218342,13
2025-10-26T19:00:00Z,61562.26671015,61591.96326771,61513.74242458,61543.42989559,72.56662870,7
2025-10-26T20:00:00Z,61543.42989559,61612.53141562,61401.52770370,61470.54739059,579.81279572,57
2025-10-26T21:00:00Z,61470.54739059,61501.00105544,61374.44234736,61404.86347116,362.97049129,36
2025-10-26T22:00:00Z,61404.86347116,61440.45578648,61351.88868749,61387.47092151,308.59706364,30
2025-10-26T23:00:00Z,61387.47092151,61400.50476028,61356.17654421,61369.20650506,305.65345470,30
2025-10-27T00:00:00Z,61369.20650506,61475.17890844,61324.01784271,61429.94552146,206.12727954,20
2025-10-27T01:00:00Z,61429.94552146,61496.47884603,61412.76986843,61479.28939658,361.30049864,36
2025-10-27T02:00:00Z,61479.28939658,61536.02943743,61433.21293250,61489.94498738,535.00708003,53
2025-10-27T03:00:00Z,61489.94498738,61544.49086240,61441.95100884,61496.49177398,376.81835415,37
2025-10-27T04:00:00Z,61496.49177398,61544.28708279,61479.79901858,61527.58588713,238.90998127,23
2025-10-27T05:00:00Z,61527.58588713,61549.51608073,61519.29835422,61541.22671046,229.08373213,22
2025-10-27T06:00:00Z,61541.22671046,61579.61840983,61531.04361608,61569.43064860,852.12111569,85
2025-10-27T07:00:00Z,61569.43064860,61597.02558645,61567.26673373,61594.86077781,562.42221441,56
2025-10-27T08:00:00Z,61594.86077781,61641.21757431,61550.47604508,61596.83142155,83.03861159,8
2025-10-27T09:00:00Z,61596.83142155,61735.13131151,61557.91977396,61696.15691851,458.66358542,45
2025-10-27T10:00:00Z,61696.15691851,61737.49526487,61596.30698926,61637.60610475,279.23130480,27
2025-10-27T11:00:00Z,61637.60610475,61704.86967683,61538.39528640,61605.62395716,124.87788343,12
2025-10-27T12:00:00Z,61605.62395716,61649.20583496,61541.46812568,61585.03543847,247.33779061,24
2025-10-27T13:00:00Z,61585.03543847,61651.10352125,61522.65497068,61588.71932200,131.89799110,13
2025-10-27T14:00:00Z,61588.71932200,61593.12849552,61529.47497700,61533.88022456,534.12902983,53
2025-10-27T15:00:00Z,61533.88022456,61617.65623046,61477.81287007,61561.56365188,62.45320371,6
2025-10-27T16:00:00Z,61561.56365188,61641.00273321,61483.79179124,61563.22876900,217.04805730,21
2025-10-27T17:00:00Z,61563.22876900,61578.56542973,61557.82981413,61573.16560343,221.22826405,22
2025-10-27T18:00:00Z,61573.16560343,61638.35536775,61555.00106710,61620.17696272,336.19812203,33
2025-10-27T19:00:00Z,61620.17696272,61640.36092083,61616.25101569,61636.43393803,278.83503978,27
2025-10-27T20:00:00Z,61636.43393803,61666.26700495,61626.28994030,61656.11976737,877.92821857,87
2025-10-27T21:00:00Z,61656.11976737,61671.79586181,61631.79271271,61647.46660709,356.73444023,35
2025-10-27T22:00:00Z,61647.46660709,61680.52540968,61642.14951967,61675.20592976,497.63507325,49
2025-10-27T23:00:00Z,61675.20592976,61713.34205286,61649.87984241,61688.01070740,118.36620503,11
2025-10-28T00:00:00Z,61688.01070740,61710.78014417,61648.03317695,61670.79625975,455.13343842,45
2025-10-28T01:00:00Z,61670.79625975,61700.68004743,61659.06295847,61688.94329355,364.66061019,36
2025-10-28T02:00:00Z,61688.94329355,61736.37904239,61675.37174408,61722.80004445,85.86867418,8
2025-10-28T03:00:00Z,61722.80004445,61786.01937905,61670.73565326,61733.94558638,99.85136295,9
2025-10-28T04:00:00Z,61733.94558638,61824.13098659,61703.96571202,61794.12188880,417.55117105,41
2025-10-28T05:00:00Z,61794.12188880,61894.57205326,61613.47857366,61713.79816695,89.05875833,8
2025-10-28T06:00:00Z,61713.79816695,61733.34878802,61712.54391599,61732.09416522,157.46314597,15
2025-10-28T07:00:00Z,61732.09416522,61740.46019943,61647.43136785,61655.78706080,785.09828480,78
2025-10-28T08:00:00Z,61655.78706080,61720.61453279,61554.03066151,61618.81926402,564.76760381,56
2025-10-28T09:00:00Z,61618.81926402,61686.21802967,61561.13282881,61628.52251045,97.75312296,9
2025-10-28T10:00:00Z,61628.52251045,61677.64146805,61568.62234627,61617.73270421,591.97887492,59
2025-10-28T11:00:00Z,61617.73270421,61625.71138248,61582.92377911,61590.89898277,403.61995117,40
2025-10-28T12:00:00Z,61590.89898277,61614.08030624,61496.81068854,61519.96531430,859.25856904,85
2025-10-28T13:00:00Z,61519.96531430,61578.44789706,61502.86458905,61561.33567208,13.08646128,1
2025-10-28T14:00:00Z,61561.33567208,61635.16072005,61462.61023323,61536.40538452,462.25289571,46
2025-10-28T15:00:00Z,61536.40538452,61612.25552138,61527.27759979,61603.11784110,179.92453772,17
2025-10-28T16:00:00Z,61603.11784110,61636.71579303,61556.75613591,61590.34712277,190.37159436,19
2025-10-28T17:00:00Z,61590.34712277,61656.68648137,61545.27569678,61611.59950303,118.46346917,11
2025-10-28T18:00:00Z,61611.59950303,61621.14639468,61502.27324870,61511.80467686,546.08919152,54
2025-10-28T19:00:00Z,61511.80467686,61657.92523427,61469.92025944,61615.96988901,624.72737456,62
2025-10-28T20:00:00Z,61615.96988901,61694.04829588,61560.80448135,61638.86239233,425.44982131,42
2025-10-28T21:00:00Z,61638.86239233,61677.52919308,61580.98308984,61619.63783079,201.53616837,20
2025-10-28T22:00:00Z,61619.63783079,61651.88807493,61551.33687456,61583.56824074,489.42195137,48
2025-10-28T23:00:00Z,61583.56824074,61641.33239842,61501.92676589,61559.66850609,335.61297480,33
2025-10-29T00:00:00Z,61559.66850609,61631.85872498,61512.48976328,61584.66082830,57.99890296,5
2025-10-29T01:00:00Z,61584.66082830,61624.02373973,61485.61250918,61524.93724724,242.28989484,24
2025-10-29T02:00:00Z,61524.93724724,61559.61558097,61418.93442201,61453.57253125,666.83373049,66
2025-10-29T03:00:00Z,61453.57253125,61498.24600471,61420.59878133,61465.26598050,645.90132981,64
2025-10-29T04:00:00Z,61465.26598050,61493.92229424,61463.36857425,61492.02406198,70.09483665,7
2025-10-29T05:00:00Z,61492.02406198,61560.51137061,61319.10429585,61387.47516219,807.66131212,80
2025-10-29T06:00:00Z,61387.47516219,61479.44488843,61358.81701094,61450.75719458,766.03026878,76
2025-10-29T07:00:00Z,61450.75719458,61468.90740455,61400.45886912,61418.59958096,343.39917996,34
2025-10-29T08:00:00Z,61418.59958096,61555.87912927,61347.76113978,61484.96414511,1100.11526025,110
2025-10-29T09:00:00Z,61484.96414511,61545.96185098,61372.88826718,61433.83524934,940.20672717,94
2025-10-29T10:00:00Z,61433.83524934,61505.03838229,61402.42179624,61473.60459362,783.86375704,78
2025-10-29T11:00:00Z,61473.60459362,61482.54797082,61429.57011705,61438.50838833,178.29489833,17
2025-10-29T12:00:00Z,61438.50838833,61459.43619155,61425.06533453,61445.99150041,342.31089550,34
2025-10-29T13:00:00Z,61445.99150041,61448.36953820,61434.09038347,61436.46805269,288.42911502,28
2025-10-29T14:00:00Z,61436.46805269,61521.83388713,61393.64376639,61478.97996790,371.81531502,37
2025-10-29T15:00:00Z,61478.97996790,61538.63099503,61475.37406920,61535.02180933,902.96727591,90
2025-10-29T16:00:00Z,61535.02180933,61542.14306520,61526.81875346,61533.93988413,128.37899575,12
2025-10-29T17:00:00Z,61533.93988413,61597.94937138,61529.04524352,61593.05002893,311.20680584,31
2025-10-29T18:00:00Z,61593.05002893,61620.18819970,61559.34691838,61586.48219534,615.26848407,61
2025-10-29T19:00:00Z,61586.48219534,61629.28273982,61578.32174483,61621.11769997,501.05438792,50
2025-10-29T20:00:00Z,61621.11769997,61628.85100861,61599.96623601,61607.69786049,124.18554805,12
2025-10-29T21:00:00Z,61607.69786049,61710.14241030,61563.33745809,61665.74021471,548.59654678,54
2025-10-29T22:00:00Z,61665.74021471,61718.05866151,61640.25277032,61692.56013202,329.58228376,32
2025-10-29T23:00:00Z,61692.56013202,61715.10238337,61678.69221670,61701.23251858,79.36245355,7
2025-10-30T00:00:00Z,61701.23251858,61773.90674593,61701.00131854,61773.67527444,135.66028428,13
2025-10-30T01:00:00Z,61773.67527444,61807.37316170,61761.66988155,61795.36355381,28.10052179,2
2025-10-30T02:00:00Z,61795.36355381,61835.53915546,61759.89196813,61800.06487115,127.65680771,12
2025-10-30T03:00:00Z,61800.06487115,61813.02363028,61739.24129001,61752.19001034,585.48892139,58
2025-10-30T04:00:00Z,61752.19001034,61808.42509848,61720.48437482,61776.70687518,151.70208015,15
2025-10-30T05:00:00Z,61776.70687518,61792.35757715,61773.77349277,61789.42359090,562.20051698,56
2025-10-30T06:00:00Z,61789.42359090,61824.51305040,61774.43230808,61809.51689256,182.45801978,18
2025-10-30T07:00:00Z,61809.51689256,61827.43955692,61809.11332812,61827.03587809,344.38102503,34
2025-10-30T08:00:00Z,61827.03587809,61835.05521402,61819.38118026,61827.40047106,170.82969719,17
2025-10-30T09:00:00Z,61827.40047106,61842.84487540,61800.83004429,61816.27166867,131.42871396,13
2025-10-30T10:00:00Z,61816.27166867,61855.58537063,61809.29439811,61848.60445063,319.50558972,31
2025-10-30T11:00:00Z,61848.60445063,61857.32276614,61803.78596215,61812.49918818,192.28257374,19
2025-10-30T12:00:00Z,61812.49918818,61836.21976732,61787.13151907,61810.85146590,236.16770342,23
2025-10-30T13:00:00Z,61810.85146590,61818.01839953,61806.38848727,61813.55522568,68.05121339,6
2025-10-30T14:00:00Z,61813.55522568,61864.64786177,61793.38128828,61844.46383679,82.77703324,8
2025-10-30T15:00:00Z,61844.46383679,61859.65985168,61821.30751438,61836.50157283,144.15672485,14
2025-10-30T16:00:00Z,61836.50157283,61871.35857311,61768.88391763,61803.72244045,372.55634644,37
2025-10-30T17:00:00Z,61803.72244045,61843.56012289,61777.30403185,61817.13598058,471.52534856,47
2025-10-30T18:00:00Z,61817.13598058,61825.11490020,61794.11008786,61802.08706508,122.55806340,12
2025-10-30T19:00:00Z,61802.08706508,61807.18358146,61788.74136113,61793.83719719,441.60888533,44
2025-10-30T20:00:00Z,61793.83719719,61820.94705657,61761.04329801,61788.15066263,279.16305773,27
2025-10-30T21:00:00Z,61788.15066263,61845.30804695,61768.90641712,61826.05199687,1408.22243084,140
2025-10-30T22:00:00Z,61826.05199687,61871.59987433,61815.82335346,61861.36538859,896.32452998,89
2025-10-30T23:00:00Z,61861.36538859,61861.94137359,61858.67282818,61859.24879347,265.84044770,26
2025-10-31T00:00:00Z,61859.24879347,61905.97268295,61836.59480052,61883.30987839,78.08274130,7
2025-10-31T01:00:00Z,61883.30987839,61915.18881947,61849.19504218,61881.07283085,72.65673486,7
2025-10-31T02:00:00Z,61881.07283085,61894.97438309,61830.46356303,61844.35686704,184.27066286,18
2025-10-31T03:00:00Z,61844.35686704,61857.12780205,61802.27765954,61815.04254110,98.24886775,9
2025-10-31T04:00:00Z,61815.04254110,61856.61081450,61788.63632922,61830.19812844,238.40777099,23
2025-10-31T05:00:00Z,61830.19812844,61862.09327338,61782.37190112,61814.25882377,114.36318633,11
2025-10-31T06:00:00Z,61814.25882377,61850.82482887,61785.17389356,61821.73638031,98.83929203,9
2025-10-31T07:00:00Z,61821.73638031,61865.57438536,61769.47595075,61813.30797919,199.78986252,19
2025-10-31T08:00:00Z,61813.30797919,61815.63802326,61786.59208639,61788.92121121,291.31215999,29
2025-10-31T09:00:00Z,61788.92121121,61812.86017654,61752.19479069,61776.12879985,44.17614003,4
2025-10-31T10:00:00Z,61776.12879985,61783.43507989,61766.67833996,61773.98436638,72.62333122,7
2025-10-31T11:00:00Z,61773.98436638,61798.29490619,61738.82633348,61763.13260268,183.14702257,18
2025-10-31T12:00:00Z,61763.13260268,61796.42490941,61703.40088887,61736.67893623,1062.01350657,106
2025-10-31T13:00:00Z,61736.67893623,61761.36859939,61702.16407092,61726.84980322,129.42370636,12
2025-10-31T14:00:00Z,61726.84980322,61775.49378305,61675.29270866,61723.93439099,178.50020876,17
2025-10-31T15:00:00Z,61723.93439099,61791.15783843,61702.72702363,61769.93466610,2.51924951,1
2025-10-31T16:00:00Z,61769.93466610,61777.30944296,61762.65940481,61770.03416996,213.49470456,21
2025-10-31T17:00:00Z,61770.03416996,61783.70473692,61748.40139263,61762.07019706,680.10775844,68
2025-10-31T18:00:00Z,61762.07019706,61797.39795596,61723.19975970,61758.52549104,451.13698823,45
2025-10-31T19:00:00Z,61758.52549104,61779.80546512,61756.35484574,61777.63414821,206.83557877,20
2025-10-31T20:00:00Z,61777.63414821,61827.32234524,61744.02473873,61793.70419304,32.24408794,3
2025-10-31T21:00:00Z,61793.70419304,61823.48377511,61765.95508473,61795.73375539,60.57357749,6
2025-10-31T22:00:00Z,61795.73375539,61812.72736565,61741.22232540,61758.20561554,286.42531526,28
2025-10-31T23:00:00Z,61758.20561554,61766.01637883,61745.84428220,61753.65446988,670.28367117,67
2025-11-01T00:00:00Z,61753.65446988,61758.04375927,61717.51683905,61721.90387169,327.30436359,32
2025-11-01T01:00:00Z,61721.90387169,61784.79887749,61654.31479611,61717.20501374,308.44760696,30
2025-11-01T02:00:00Z,61717.20501374,61737.03799315,61715.23356934,61735.06597821,799.92522555,79
2025-11-01T03:00:00Z,61735.06597821,61740.48731903,61683.43721326,61688.85449597,89.09194743,8
2025-11-01T04:00:00Z,61688.85449597,61779.30280871,61674.10208865,61764.53230363,2071.93495395,207
2025-11-01T05:00:00Z,61764.53230363,61786.93866796,61762.05923664,61784.46480286,384.06054368,38
2025-11-01T06:00:00Z,61784.46480286,61818.57588280,61747.18624093,61781.29557114,66.30011019,6
2025-11-01T07:00:00Z,61781.29557114,61786.30823802,61770.79601428,61775.80823594,203.54668771,20
2025-11-01T08:00:00Z,61775.80823594,61782.15435130,61768.47920871,61774.82522308,94.96100858,9
2025-11-01T09:00:00Z,61774.82522308,61805.85974600,61768.63028784,61799.66232004,1011.79495625,101
2025-11-01T10:00:00Z,61799.66232004,61859.14889538,61784.00287349,61843.47834627,470.62213360,47
2025-11-01T11:00:00Z,61843.47834627,61859.46248055,61830.80277841,61846.78623470,44.84114593,4
2025-11-01T12:00:00Z,61846.78623470,61886.87323372,61818.36153568,61858.44317719,198.50820399,19
2025-11-01T13:00:00Z,61858.44317719,61870.74017272,61833.25615272,61845.55058530,220.93607584,22
2025-11-01T14:00:00Z,61845.55058530,61869.96798706,61838.09993495,61862.51529294,402.45043115,40
2025-11-01T15:00:00Z,61862.51529294,61906.11520963,61856.64780159,61900.24413980,600.24354156,60
2025-11-01T16:00:00Z,61900.24413980,61944.81658028,61834.98251014,61879.54004225,353.22036922,35
2025-11-01T17:00:00Z,61879.54004225,61904.98931073,61841.43158507,61866.87564505,439.92457612,43
2025-11-01T18:00:00Z,61866.87564505,61884.60147942,61861.76328801,61879.48808015,354.07164229,35
2025-11-01T19:00:00Z,61879.48808015,61906.39124676,61878.26029260,61905.16294978,920.07276760,92
2025-11-01T20:00:00Z,61905.16294978,61933.78692969,61850.98068830,61879.59284499,422.05027786,42
2025-11-01T21:00:00Z,61879.59284499,61882.26395322,61851.36270719,61854.03271208,318.21907125,31
2025-11-01T22:00:00Z,61854.03271208,61900.12029543,61842.02967639,61888.11064677,538.33238163,53
2025-11-01T23:00:00Z,61888.11064677,61924.27471996,61860.64873463,61896.80894808,283.17813804,28
2025-11-02T00:00:00Z,61896.80894808,61921.55484353,61852.76500472,61877.50318186,539.24102992,53
2025-11-02T01:00:00Z,61877.50318186,61916.24657517,61868.26734698,61907.00633665,868.35434013,86
2025-11-02T02:00:00Z,61907.00633665,61965.42905851,61864.97403689,61923.38563788,381.30277010,38
2025-11-02T03:00:00Z,61923.38563788,61943.52089168,61913.56840969,61933.70202795,109.39795851,10
2025-11-02T04:00:00Z,61933.70202795,61951.90409624,61909.48138516,61927.68168409,199.54309121,19
2025-11-02T05:00:00Z,61927.68168409,61958.46998410,61900.42473326,61931.21147966,274.25250276,27
2025-11-02T06:00:00Z,61931.21147966,61987.73948065,61843.05562553,61899.55473167,428.25761751,42
2025-11-02T07:00:00Z,61899.55473167,61928.70389363,61862.69997948,61891.84551110,140.29691778,14
2025-11-02T08:00:00Z,61891.84551110,61917.45942590,61873.72831949,61899.34004048,274.16235551,27
2025-11-02T09:00:00Z,61899.34004048,61960.35669909,61878.99232974,61939.99562395,184.88215232,18
2025-11-02T10:00:00Z,61939.99562395,61996.53040816,61868.57911724,61925.10030598,558.10237316,55
2025-11-02T11:00:00Z,61925.10030598,61946.94101748,61886.42716070,61908.26193339,206.15222218,20
2025-11-02T12:00:00Z,61908.26193339,61918.77959559,61896.73466960,61907.25216025,269.55734220,26
2025-11-02T13:00:00Z,61907.25216025,61944.67840928,61885.27278690,61922.69355367,526.74008797,52
2025-11-02T14:00:00Z,61922.69355367,61952.50667651,61908.65793177,61938.46747924,344.41420532,34
2025-11-02T15:00:00Z,61938.46747924,61969.12121749,61891.59614904,61922.24185712,702.73905088,70
2025-11-02T16:00:00Z,61922.24185712,61962.87012080,61857.03745268,61897.64958093,464.47222023,46
2025-11-02T17:00:00Z,61897.64958093,61955.61977231,61885.90640863,61943.86783152,652.33323439,65
2025-11-02T18:00:00Z,61943.86783152,61971.96382078,61901.47135917,61929.56085919,276.66231840,27
2025-11-02T19:00:00Z,61929.56085919,61974.69605708,61877.43073168,61922.56082784,59.09882025,5
2025-11-02T20:00:00Z,61922.56082784,61928.31822937,61893.80805128,61899.56331457,987.82497020,98
2025-11-02T21:00:00Z,61899.56331457,61946.90464643,61840.64718182,61887.97965439,159.92793267,15
2025-11-02T22:00:00Z,61887.97965439,61895.88188418,61868.92500304,61876.82580864,151.30288983,15
2025-11-02T23:00:00Z,61876.82580864,61878.13936611,61876.74908422,61878.06264016,107.86088982,10
2025-11-03T00:00:00Z,61878.06264016,61911.31282057,61827.03678173,61860.27740525,975.63653400,97
2025-11-03T01:00:00Z,61860.27740525,61896.40383355,61822.69076095,61858.81633599,428.99262912,42
2025-11-03T02:00:00Z,61858.81633599,61903.99359832,61820.71487084,61865.88777756,218.79577327,21
2025-11-03T03:00:00Z,61865.88777756,61868.44029493,61810.69515142,61813.24549683,245.64132415,24
2025-11-03T04:00:00Z,61813.24549683,61863.31833711,61799.74266352,61849.80751699,838.21979333,83
2025-11-03T05:00:00Z,61849.80751699,61875.28395558,61776.61671811,61802.07349466,153.97009767,15
2025-11-03T06:00:00Z,61802.07349466,61831.14842620,61787.31976922,61816.39128274,278.45302371,27
2025-11-03T07:00:00Z,61816.39128274,61847.56228986,61810.04459451,61841.21305318,99.20087897,9
2025-11-03T08:00:00Z,61841.21305318,61853.99894767,61831.24586260,61844.03130286,371.34296140,37
2025-11-03T09:00:00Z,61844.03130286,61845.60234831,61761.77440964,61763.34340535,225.49678607,22
2025-11-03T10:00:00Z,61763.34340535,61783.16756781,61730.66506050,61750.48509584,244.35751824,24
2025-11-03T11:00:00Z,61750.48509584,61766.06906393,61717.00722428,61732.58667535,145.52646001,14
2025-11-03T12:00:00Z,61732.58667535,61748.58033818,61705.78493348,61721.77579544,49.41614526,4
2025-11-03T13:00:00Z,61721.77579544,61728.12679581,61711.56445538,61717.91505849,211.31346739,21
2025-11-03T14:00:00Z,61717.91505849,61790.22147336,61696.67501226,61768.96385883,532.67801582,53
2025-11-03T15:00:00Z,61768.96385883,61786.23292605,61768.07971920,61785.34855189,575.57252841,57
2025-11-03T16:00:00Z,61785.34855189,61790.28429594,61749.14457057,61754.07781655,314.49932115,31
2025-11-03T17:00:00Z,61754.07781655,61775.99150725,61737.57004531,61759.48229132,177.36083857,17
2025-11-03T18:00:00Z,61759.48229132,61820.53609129,61713.16759548,61774.21035058,411.77639887,41
2025-11-03T19:00:00Z,61774.21035058,61834.29181329,61743.30498777,61803.37186110,158.22335711,15
2025-11-03T20:00:00Z,61803.37186110,61832.97821259,61792.28216742,61821.88519697,407.56467860,40
2025-11-03T21:00:00Z,61821.88519697,61876.70434924,61776.98799454,61831.79994637,235.69366639,23
2025-11-03T22:00:00Z,61831.79994637,61834.70673658,61822.75265728,61825.65915880,167.28041983,16
2025-11-03T23:00:00Z,61825.65915880,61855.23307249,61811.43809113,61841.00847418,64.48415025,6
2025-11-04T00:00:00Z,61841.00847418,61861.52044759,61826.12467519,61846.63529434,243.46104550,24
2025-11-04T01:00:00Z,61846.63529434,61848.39379699,61825.67589512,61827.43385180,361.03091294,36
2025-11-04T02:00:00Z,61827.43385180,61830.83005439,61823.02396256,61826.42010946,213.29907798,21
2025-11-04T03:00:00Z,61826.42010946,61847.71053190,61798.39880506,61819.68690887,196.64800492,19
2025-11-04T04:00:00Z,61819.68690887,61851.57411616,61799.70703890,61831.59039904,77.76569825,7
2025-11-04T05:00:00Z,61831.59039904,61922.58239703,61787.14339875,61878.10196239,521.83988279,52
2025-11-04T06:00:00Z,61878.10196239,61906.66738906,61876.37141927,61904.93609546,4.51871955,1
2025-11-04T07:00:00Z,61904.93609546,61940.07357954,61871.10546183,61906.24223212,381.91456679,38
2025-11-04T08:00:00Z,61906.24223212,61934.80577899,61896.16886687,61924.72940552,424.70501741,42
2025-11-04T09:00:00Z,61924.72940552,61937.75371247,61883.76098929,61896.77941767,307.06328405,30
2025-11-04T10:00:00Z,61896.77941767,61932.18719886,61881.32086489,61916.72366505,321.93173520,32
2025-11-04T11:00:00Z,61916.72366505,61965.55268274,61899.57123759,61948.39148253,581.16180725,58
2025-11-04T12:00:00Z,61948.39148253,61949.08365665,61914.58717054,61915.27897468,327.01478823,32
2025-11-04T13:00:00Z,61915.27897468,61972.45136194,61877.82510457,61934.98557089,802.89986081,80
2025-11-04T14:00:00Z,61934.98557089,61936.08970898,61930.08614322,61931.19021365,156.91002135,15
2025-11-04T15:00:00Z,61931.19021365,61954.22514362,61869.38117633,61892.40167914,554.02410868,55
2025-11-04T16:00:00Z,61892.40167914,61906.41160369,61871.33263543,61885.34096172,97.57349053,9
2025-11-04T17:00:00Z,61885.34096172,61912.39479964,61843.18681464,61870.23404842,166.16634553,16
2025-11-04T18:00:00Z,61870.23404842,61890.33285014,61855.54387324,61875.64139107,78.63682296,7
2025-11-04T19:00:00Z,61875.64139107,61914.13154998,61863.57520979,61902.06021684,184.27105076,18
2025-11-04T20:00:00Z,61902.06021684,61909.98762712,61894.90898314,61902.83630377,25.62295957,2
2025-11-04T21:00:00Z,61902.83630377,61982.99032396,61865.02299189,61945.15116407,1263.14876074,126
2025-11-04T22:00:00Z,61945.15116407,61992.64944760,61938.82149153,61986.31556881,211.05425693,21
2025-11-04T23:00:00Z,61986.31556881,62006.08748070,61959.66320583,61979.43292235,206.69574247,20
2025-11-05T00:00:00Z,61979.43292235,62046.09929706,61956.71271646,62023.36298745,892.21204819,89
2025-11-05T01:00:00Z,62023.36298745,62032.74833078,61985.93439086,61995.31549007,266.12808182,26
2025-11-05T02:00:00Z,61995.31549007,62057.49694702,61981.55714941,62043.72786242,407.87888608,40
2025-11-05T03:00:00Z,62043.72786242,62053.72021920,61995.69350580,62005.67973479,284.17928490,28
2025-11-05T04:00:00Z,62005.67973479,62011.84497818,62001.82782869,62007.99292837,251.47283161,25
2025-11-05T05:00:00Z,62007.99292837,62019.34506099,61998.41062907,62009.76248823,275.48417788,27
2025-11-05T06:00:00Z,62009.76248823,62026.73900752,62001.29221745,62018.26757499,133.02150863,13
2025-11-05T07:00:00Z,62018.26757499,62043.98178619,61958.07237202,61983.77228067,117.05413632,11
2025-11-05T08:00:00Z,61983.77228067,61987.90937619,61949.30464138,61953.43971235,174.74382294,17
2025-11-05T09:00:00Z,61953.43971235,61976.17573854,61946.75280619,61969.48710031,93.60301391,9
2025-11-05T10:00:00Z,61969.48710031,61995.43252862,61934.66016753,61960.60187577,138.74640850,13
2025-11-05T11:00:00Z,61960.60187577,61963.21053794,61938.50965433,61941.11749617,669.81758475,66
2025-11-05T12:00:00Z,61941.11749617,61994.21457130,61891.07551532,61944.17012424,54.93426269,5
2025-11-05T13:00:00Z,61944.17012424,61975.83968670,61940.71712808,61972.38511773,524.52111505,52
2025-11-05T14:00:00Z,61972.38511773,61999.50403729,61911.38273876,61938.48682453,344.00025879,34
2025-11-05T15:00:00Z,61938.48682453,61955.13263902,61934.27697204,61950.92194134,128.79504760,12
2025-11-05T16:00:00Z,61950.92194134,61977.44622746,61914.73578554,61941.25593317,192.52274532,19
2025-11-05T17:00:00Z,61941.25593317,61963.24776056,61904.44338490,61926.42994843,57.81132552,5
2025-11-05T18:00:00Z,61926.42994843,61985.28244875,61893.28452221,61952.12327047,201.01474598,20
2025-11-05T19:00:00Z,61952.12327047,61985.63227857,61932.83639809,61966.34097995,127.63149424,12
2025-11-05T20:00:00Z,61966.34097995,61968.63256390,61944.37247194,61946.66332819,187.44370884,18
2025-11-05T21:00:00Z,61946.66332819,61989.60283405,61902.51125596,61945.44992073,106.87901390,10
2025-11-05T22:00:00Z,61945.44992073,61999.35039163,61884.70394236,61938.59845161,296.48344699,29
2025-11-05T23:00:00Z,61938.59845161,61972.11726270,61915.59011196,61949.10502017,573.77747606,57
2025-11-06T00:00:00Z,61949.10502017,61971.94909581,61917.85743723,61940.69841288,315.07283086,31
2025-11-06T01:00:00Z,61940.69841288,61959.78548173,61899.71069086,61918.79100892,212.03630417,21
2025-11-06T02:00:00Z,61918.79100892,61933.76312760,61914.96873803,61929.94016847,201.84239657,20
2025-11-06T03:00:00Z,61929.94016847,61969.12695719,61858.59501696,61897.76144427,417.99529199,41
2025-11-06T04:00:00Z,61897.76144427,61909.99233029,61897.12813051,61909.35889787,129.54319527,12
2025-11-06T05:00:00Z,61909.35889787,61952.50946961,61846.75116453,61889.88816525,236.36617184,23
2025-11-06T06:00:00Z,61889.88816525,61927.14074099,61840.15288424,61877.39794191,43.51970512,4
2025-11-06T07:00:00Z,61877.39794191,61959.95618971,61854.28468497,61936.82073638,235.32554173,23
2025-11-06T08:00:00Z,61936.82073638,62001.18397028,61898.71228527,61963.05937507,529.80831280,52
2025-11-06T09:00:00Z,61963.05937507,62031.75266957,61924.77994349,61993.45446056,100.27011017,10
2025-11-06T10:00:00Z,61993.45446056,62018.78016251,61943.20566150,61968.52117765,101.58778982,10
2025-11-06T11:00:00Z,61968.52117765,61999.71602445,61967.67815838,61998.87259228,218.08505386,21
2025-11-06T12:00:00Z,61998.87259228,62001.73702796,61985.11116319,61987.97509538,340.32341596,34
2025-11-06T13:00:00Z,61987.97509538,62018.06106871,61952.37672280,61982.46001939,319.40929355,31
2025-11-06T14:00:00Z,61982.46001939,62032.06199158,61946.88131252,61996.47523980,351.73317431,35
2025-11-06T15:00:00Z,61996.47523980,62046.39989079,61953.36020066,62003.28011924,192.26281244,19
2025-11-06T16:00:00Z,62003.28011924,62025.61789621,61950.62622323,61972.95307435,682.55891048,68
2025-11-06T17:00:00Z,61972.95307435,62022.57004861,61947.45695733,61997.06401218,812.37716556,81
2025-11-06T18:00:00Z,61997.06401218,62022.66921131,61913.32397653,61938.90515567,1502.42633382,150
2025-11-06T19:00:00Z,61938.90515567,61952.30957790,61909.37497105,61922.77590269,26.94246826,2
2025-11-06T20:00:00Z,61922.77590269,61942.04276128,61757.53889454,61776.76032135,411.23623630,41
2025-11-06T21:00:00Z,61776.76032135,61836.21494916,61574.60890672,61633.92606928,136.41439645,13
2025-11-06T22:00:00Z,61633.92606928,61659.81473785,61481.26596784,61507.10136506,342.80252731,34
2025-11-06T23:00:00Z,61507.10136506,61556.22267928,61423.09854280,61472.19197739,351.67808253,35
2025-11-07T00:00:00Z,61472.19197739,61552.72116512,61408.12902447,61488.64106986,290.60700576,29
2025-11-07T01:00:00Z,61488.64106986,61574.59537725,61443.22354875,61529.14793645,252.56548231,25
2025-11-07T02:00:00Z,61529.14793645,61773.17188228,61372.06895234,61615.87149987,136.96940216,13
2025-11-07T03:00:00Z,61615.87149987,61703.45532777,61554.99726642,61642.55473225,94.45836220,9
2025-11-07T04:00:00Z,61642.55473225,61648.89817220,61569.06076060,61575.39728959,620.82925121,62
2025-11-07T05:00:00Z,61575.39728959,61686.99181672,61473.82460207,61585.40262474,235.34535758,23
2025-11-07T06:00:00Z,61585.40262474,61607.34765810,61540.15803658,61562.09476453,220.71591534,22
2025-11-07T07:00:00Z,61562.09476453,61578.73681797,61491.00495809,61507.63228871,500.00993870,50
2025-11-07T08:00:00Z,61507.63228871,61513.63484461,61489.79315459,61495.79455524,135.29668632,13
2025-11-07T09:00:00Z,61495.79455524,61629.09849014,61420.85604790,61554.08894552,267.61223908,26
2025-11-07T10:00:00Z,61554.08894552,61575.02936477,61523.49305320,61544.43018659,72.88598485,7
2025-11-07T11:00:00Z,61544.43018659,61572.83179924,61491.93251469,61520.32300233,213.35759469,21
2025-11-07T12:00:00Z,61520.32300233,61590.46791235,61470.97941421,61541.10765348,30.22382670,3
2025-11-07T13:00:00Z,61541.10765348,61751.50222532,61494.26781490,61704.53799751,124.59880991,12
2025-11-07T14:00:00Z,61704.53799751,61733.01516048,61643.39611153,61671.85819249,184.05602251,18
2025-11-07T15:00:00Z,61671.85819249,61762.08310133,61649.70811137,61739.90857921,260.26490884,26
2025-11-07T16:00:00Z,61739.90857921,61759.65442388,61737.45352804,61757.19868517,519.35082942,51
2025-11-07T17:00:00Z,61757.19868517,61875.40500102,61735.82301846,61853.99583046,806.66602632,80
2025-11-07T18:00:00Z,61853.99583046,61881.10568711,61841.00288244,61868.10977433,100.71713877,10
2025-11-07T19:00:00Z,61868.10977433,61878.39386124,61850.66589141,61860.94878798,91.40762981,9
2025-11-07T20:00:00Z,61860.94878798,61908.48393030,61808.70091539,61856.23243357,200.99167870,20
2025-11-07T21:00:00Z,61856.23243357,61923.10450395,61706.81287033,61773.59560298,24.72173998,2
2025-11-07T22:00:00Z,61773.59560298,61843.83880059,61767.20599124,61837.44258478,848.54288496,84
2025-11-07T23:00:00Z,61837.44258478,61894.31422593,61807.42925561,61864.28786717,299.79048126,29
2025-11-08T00:00:00Z,61864.28786717,61869.46752804,61790.07052001,61795.24440013,177.78118835,17
2025-11-08T01:00:00Z,61795.24440013,61880.74118332,61769.50240723,61854.97430879,318.11952699,31
2025-11-08T02:00:00Z,61854.97430879,61876.81601567,61851.01789226,61872.85845523,62.40713701,6
2025-11-08T03:00:00Z,61872.85845523,61922.78596357,61794.96936550,61844.87429237,343.75244936,34
2025-11-08T04:00:00Z,61844.87429237,61871.53173498,61780.63084205,61807.27207670,287.08753477,28
2025-11-08T05:00:00Z,61807.27207670,61924.93848795,61766.76785152,61884.38372911,1094.61790293,109
2025-11-08T06:00:00Z,61884.38372911,61892.03841755,61832.44611102,61840.09532128,274.86935604,27
2025-11-08T07:00:00Z,61840.09532128,61843.53844677,61828.60436714,61832.04704452,262.93914767,26
2025-11-08T08:00:00Z,61832.04704452,61841.17670011,61800.66000360,61809.78637235,107.18749569,10
2025-11-08T09:00:00Z,61809.78637235,61868.85846182,61717.91006443,61776.95077266,382.83942850,38
2025-11-08T10:00:00Z,61776.95077266,61833.89302587,61702.82737020,61759.75377225,211.62406832,21
2025-11-08T11:00:00Z,61759.75377225,61812.26562357,61667.26312440,61719.74095441,149.27814930,14
2025-11-08T12:00:00Z,61719.74095441,61730.06752286,61710.20199133,61720.52843807,171.47578733,17
2025-11-08T13:00:00Z,61720.52843807,61750.32406098,61634.55339489,61664.32188406,148.80970849,14
2025-11-08T14:00:00Z,61664.32188406,61752.42952060,61509.21517051,61597.22693999,844.57879044,84
2025-11-08T15:00:00Z,61597.22693999,61645.56067919,61475.93875078,61524.21519957,508.53464703,50
2025-11-08T16:00:00Z,61524.21519957,61528.59831985,61511.34822076,61515.73073659,184.93197049,18
2025-11-08T17:00:00Z,61515.73073659,61608.49934941,61477.95401198,61570.68887508,860.85023676,86
2025-11-08T18:00:00Z,61570.68887508,61639.85765900,61540.50953713,61609.65921943,113.76325661,11
2025-11-08T19:00:00Z,61609.65921943,61614.40991166,61607.48362856,61612.23422986,407.68828349,40
2025-11-08T20:00:00Z,61612.23422986,61683.30825310,61491.02892980,61562.04505632,183.04939776,18
2025-11-08T21:00:00Z,61562.04505632,61592.12535442,61509.62661742,61539.69599538,132.48116659,13
2025-11-08T22:00:00Z,61539.69599538,61559.23395250,61454.42117300,61473.93825300,981.48553512,98
2025-11-08T23:00:00Z,61473.93825300,61500.07207843,61457.84597093,61483.97716844,254.10776028,25
2025-11-09T00:00:00Z,61483.97716844,61486.00819725,61422.62247705,61424.65154613,199.28509693,19
2025-11-09T01:00:00Z,61424.65154613,61454.55533747,61369.25769240,61399.14906819,778.54839238,77
2025-11-09T02:00:00Z,61399.14906819,61457.37271207,61358.76278551,61416.97470429,957.13237659,95
2025-11-09T03:00:00Z,61416.97470429,61444.46739508,61397.95130922,61425.44137753,60.71108607,6
2025-11-09T04:00:00Z,61425.44137753,61474.34600587,61326.96722628,61375.83235778,784.38040979,78
2025-11-09T05:00:00Z,61375.83235778,61408.67209456,61300.84546737,61333.66264082,377.18602566,37
2025-11-09T06:00:00Z,61333.66264082,61352.22696758,61316.29220000,61334.85618874,130.89646773,13
2025-11-09T07:00:00Z,61334.85618874,61367.67914253,61328.12453035,61360.94462087,83.17397836,8
2025-11-09T08:00:00Z,61360.94462087,61421.47231093,61325.15973963,61385.67300842,52.42181935,5
2025-11-09T09:00:00Z,61385.67300842,61470.75148614,61231.47248033,61316.45502424,833.37549472,83
2025-11-09T10:00:00Z,61316.45502424,61345.60319603,61212.81776014,61241.93050500,1003.92712104,100
2025-11-09T11:00:00Z,61241.93050500,61293.07700353,61106.47919974,61157.55523185,174.72146663,17
2025-11-09T12:00:00Z,61157.55523185,61204.82079954,61133.59035921,61180.84679999,185.66436313,18
2025-11-09T13:00:00Z,61180.84679999,61192.00850642,61132.74944023,61143.90440696,565.11873551,56
2025-11-09T14:00:00Z,61143.90440696,61189.37564188,60951.97502356,60997.33726006,197.01779681,19
2025-11-09T15:00:00Z,60997.33726006,61162.29062286,60904.94676251,61069.79038314,531.19662945,53
2025-11-09T16:00:00Z,61069.79038314,61101.21550727,60885.60249318,60916.94896859,153.48905473,15
2025-11-09T17:00:00Z,60916.94896859,61055.95843112,60637.63474976,60776.32331150,346.60407072,34
2025-11-09T18:00:00Z,60776.32331150,60856.03243389,60642.88817749,60722.52674482,89.39043363,8
2025-11-09T19:00:00Z,60722.52674482,60790.11889367,60538.32344087,60605.78564153,191.55418635,19
2025-11-09T20:00:00Z,60605.78564153,60713.64992013,60451.86642807,60559.64859340,511.38714415,51
2025-11-09T21:00:00Z,60559.64859340,60575.87258754,60511.95145273,60528.16701292,121.70125092,12
2025-11-09T22:00:00Z,60528.16701292,60575.58402272,60431.06279391,60478.44084886,288.75881634,28
2025-11-09T23:00:00Z,60478.44084886,60495.55168639,60442.96011486,60460.06575363,159.11651479,15
2025-11-10T00:00:00Z,60460.06575363,60527.89204820,60376.24793807,60444.05627262,61.73505017,6
2025-11-10T01:00:00Z,60444.05627262,60483.10524805,60320.41274592,60359.40703498,115.47349438,11
2025-11-10T02:00:00Z,60359.40703498,60814.88868189,60142.49100581,60597.11837990,721.64423679,72
2025-11-10T03:00:00Z,60597.11837990,60622.56190908,60547.78663029,60573.22012507,369.45810504,36
2025-11-10T04:00:00Z,60573.22012507,60613.24744018,60466.90839780,60506.89188263,90.11315562,9
2025-11-10T05:00:00Z,60506.89188263,60584.64680879,60184.73042745,60262.17087267,1197.53735253,119
2025-11-10T06:00:00Z,60262.17087267,60604.74155120,60052.85902055,60394.96844610,444.96059311,44
2025-11-10T07:00:00Z,60394.96844610,60434.04359570,60262.61016872,60301.62492567,541.45815401,54
2025-11-10T08:00:00Z,60301.62492567,60486.83712366,60251.32391027,60436.42366497,743.20654549,74
2025-11-10T09:00:00Z,60436.42366497,60559.59430688,60241.81403376,60364.83878425,174.20994882,17
2025-11-10T10:00:00Z,60364.83878425,60438.30406728,60362.89841993,60436.36140393,344.88153244,34
2025-11-10T11:00:00Z,60436.36140393,60600.78530038,60405.79559507,60570.15182675,254.59894510,25
2025-11-10T12:00:00Z,60570.15182675,60660.04966226,60539.90828693,60629.77635106,753.11166308,75
2025-11-10T13:00:00Z,60629.77635106,60734.54041569,60606.59072400,60711.32360389,1316.87886866,131
2025-11-10T14:00:00Z,60711.32360389,60804.79910118,60694.47410542,60787.92834224,861.63279648,86
2025-11-10T15:00:00Z,60787.92834224,60842.38886419,60691.13369399,60745.55625435,347.13711928,34
2025-11-10T16:00:00Z,60745.55625435,60759.51858454,60656.85263407,60670.79778106,266.40445831,26
2025-11-10T17:00:00Z,60670.79778106,60830.72453989,60664.06431915,60823.97407792,293.89534391,29
2025-11-10T18:00:00Z,60823.97407792,60834.35177197,60819.60286145,60829.98012387,99.13710797,9
2025-11-10T19:00:00Z,60829.98012387,60955.33192130,60735.75099480,60861.05465600,415.61885294,41
2025-11-10T20:00:00Z,60861.05465600,60964.40188714,60700.76225447,60804.01262341,341.07284459,34
2025-11-10T21:00:00Z,60804.01262341,60808.70826703,60669.68482320,60674.37045510,79.00708710,7
2025-11-10T22:00:00Z,60674.37045510,60853.95088237,60589.13136891,60768.57944560,322.67222429,32
2025-11-10T23:00:00Z,60768.57944560,60899.00367320,60575.30988082,60705.59893686,326.81334606,32
2025-11-11T00:00:00Z,60705.59893686,60974.77385217,60636.82328472,60905.77141712,525.89072852,52
2025-11-11T01:00:00Z,60905.77141712,61076.99464010,60847.48234217,61018.59758633,634.94208576,63
2025-11-11T02:00:00Z,61018.59758633,61091.62638804,60944.48792529,61017.51543185,196.70860353,19
2025-11-11T03:00:00Z,61017.51543185,61131.05223133,60793.19934191,60906.52962736,391.20640803,39
2025-11-11T04:00:00Z,60906.52962736,61060.15291094,60766.76569263,60920.35724559,280.46876276,28
2025-11-11T05:00:00Z,60920.35724559,61426.89787436,60754.64506699,61260.26110811,128.87524278,12
2025-11-11T06:00:00Z,61260.26110811,61321.62246228,61190.72852160,61252.08168284,241.93588280,24
2025-11-11T07:00:00Z,61252.08168284,61274.67728663,61183.06721339,61205.64568716,816.68600132,81
2025-11-11T08:00:00Z,61205.64568716,61235.64873339,61156.76521238,61186.75900035,55.37645622,5
2025-11-11T09:00:00Z,61186.75900035,61219.97564927,61160.16052887,61193.37430205,182.35739194,18
2025-11-11T10:00:00Z,61193.37430205,61300.65607480,61184.56218851,61291.82978324,1192.47680752,119
2025-11-11T11:00:00Z,61291.82978324,61315.74643032,61272.22608159,61296.14134965,166.72196079,16
2025-11-11T12:00:00Z,61296.14134965,61376.11987111,61235.71021440,61315.66948331,329.79459275,32
2025-11-11T13:00:00Z,61315.66948331,61448.42547253,61191.53676112,61324.27532793,109.90638445,10
2025-11-11T14:00:00Z,61324.27532793,61369.36411054,61278.95535366,61324.04396616,218.27114256,21
2025-11-11T15:00:00Z,61324.04396616,61365.69212928,61287.69654750,61329.34157067,312.21462555,31
2025-11-11T16:00:00Z,61329.34157067,61375.85768578,61248.30729929,61294.79721374,715.78764377,71
2025-11-11T17:00:00Z,61294.79721374,61384.55293478,61170.54230599,61260.24743481,434.58393749,43
2025-11-11T18:00:00Z,61260.24743481,61271.41613452,61236.02459777,61247.19091707,56.64564333,5
2025-11-11T19:00:00Z,61247.19091707,61271.49457919,61216.64410658,61240.94529036,137.57865666,13
2025-11-11T20:00:00Z,61240.94529036,61314.39831868,61215.85132431,61289.28454524,430.02000582,43
2025-11-11T21:00:00Z,61289.28454524,61337.11161730,61277.97863326,61325.79896958,29.15267579,2
2025-11-11T22:00:00Z,61325.79896958,61365.40945012,61309.32922889,61348.93349638,71.96844632,7
2025-11-11T23:00:00Z,61348.93349638,61372.03905151,61288.33263330,61311.42406143,546.98765183,54
2025-11-12T00:00:00Z,61311.42406143,61346.09836109,61282.81137116,61317.48284332,151.32736178,15
2025-11-12T01:00:00Z,61317.48284332,61326.00372056,61279.58413483,61288.10092906,161.83482850,16
2025-11-12T02:00:00Z,61288.10092906,61306.07480447,61260.47586319,61278.44690737,305.15163215,30
2025-11-12T03:00:00Z,61278.44690737,61321.57380833,61227.99513328,61271.11687547,153.09417814,15
2025-11-12T04:00:00Z,61271.11687547,61337.33363587,61242.31047125,61308.50965156,472.98912105,47
2025-11-12T05:00:00Z,61308.50965156,61354.24827652,61208.27841341,61253.97635432,254.15057500,25
2025-11-12T06:00:00Z,61253.97635432,61263.54430542,61228.11916852,61237.68457482,322.74752720,32
2025-11-12T07:00:00Z,61237.68457482,61386.13041792,61163.24313487,61311.59912635,1283.72113784,128
2025-11-12T08:00:00Z,61311.59912635,61394.41814700,61205.54886618,61288.33646389,280.74355702,28
2025-11-12T09:00:00Z,61288.33646389,61302.83766084,61247.18786082,61261.68275134,448.79297501,44
2025-11-12T10:00:00Z,61261.68275134,61287.26852528,61259.82843389,61285.41348954,150.73759307,15
2025-11-12T11:00:00Z,61285.41348954,61394.87272060,61195.73421055,61305.16453980,158.17358927,15
2025-11-12T12:00:00Z,61305.16453980,61313.58868721,61301.95474338,61310.37861780,496.35963882,49
2025-11-12T13:00:00Z,61310.37861780,61344.51293255,61301.71548895,61335.84620514,203.69414720,20
2025-11-12T14:00:00Z,61335.84620514,61418.61002631,61320.77471232,61403.52190417,162.35600774,16
2025-11-12T15:00:00Z,61403.52190417,61424.41467175,61334.08759884,61354.96384437,222.00433453,22
2025-11-12T16:00:00Z,61354.96384437,61423.77177029,61321.38175851,61390.17041443,88.16906439,8
2025-11-12T17:00:00Z,61390.17041443,61479.97900520,61360.90721460,61450.68695860,602.80778408,60
2025-11-12T18:00:00Z,61450.68695860,61496.81441949,61428.28575277,61474.40456765,123.06368517,12
2025-11-12T19:00:00Z,61474.40456765,61505.72794299,61441.86121421,61473.18396761,142.60315050,14
2025-11-12T20:00:00Z,61473.18396761,61526.36130384,61342.06035405,61395.17020453,764.50435020,76
2025-11-12T21:00:00Z,61395.17020453,61431.24585976,61386.53137975,61422.60317492,147.51656413,14
2025-11-12T22:00:00Z,61422.60317492,61506.36517716,61390.64617941,61474.38124251,521.85517997,52
2025-11-12T23:00:00Z,61474.38124251,61535.95708974,61387.26739662,61448.81763805,510.77284602,51
2025-11-13T00:00:00Z,61448.81763805,61480.67786470,61378.52934565,61410.36963763,954.87148713,95
2025-11-13T01:00:00Z,61410.36963763,61424.07354885,61385.13776871,61398.83910686,385.25035885,38
2025-11-13T02:00:00Z,61398.83910686,61439.46282345,61296.63483639,61337.21778207,482.52453757,48
2025-11-13T03:00:00Z,61337.21778207,61393.29902682,61322.37509851,61378.44636656,668.15713326,66
2025-11-13T04:00:00Z,61378.44636656,61473.89152290,61310.66047617,61406.07511952,610.81051901,61
2025-11-13T05:00:00Z,61406.07511952,61447.63810159,61383.80816937,61425.36415689,458.29528831,45
2025-11-13T06:00:00Z,61425.36415689,61478.04052388,61410.29008992,61462.95723140,165.18899815,16
2025-11-13T07:00:00Z,61462.95723140,61487.29735377,61414.56013582,61438.89072755,129.25330411,12
2025-11-13T08:00:00Z,61438.89072755,61446.32489603,61435.25259261,61442.68653632,176.93414155,17
2025-11-13T09:00:00Z,61442.68653632,61460.18795585,61407.13802602,61424.63430353,529.34866379,52
2025-11-13T10:00:00Z,61424.63430353,61550.52770595,61337.57625857,61463.41469696,278.98334084,27
2025-11-13T11:00:00Z,61463.41469696,61500.84164999,61457.66918728,61495.09317904,248.88974663,24
2025-11-13T12:00:00Z,61495.09317904,61511.04002229,61418.07827290,61434.00927594,525.83588024,52
2025-11-13T13:00:00Z,61434.00927594,61563.28157417,61377.16563273,61506.37097614,373.74463092,37
2025-11-13T14:00:00Z,61506.37097614,61530.16370770,61450.42109245,61474.20137973,122.18056051,12
2025-11-13T15:00:00Z,61474.20137973,61531.79593950,61373.50807655,61431.06221967,201.59437343,20
2025-11-13T16:00:00Z,61431.06221967,61487.02614404,61422.53594941,61478.49329062,53.56018909,5
2025-11-13T17:00:00Z,61478.49329062,61519.72148466,61455.82786612,61497.04921909,307.69749686,30
2025-11-13T18:00:00Z,61497.04921909,61518.66139832,61464.93567151,61486.54415890,46.08009986,4
2025-11-13T19:00:00Z,61486.54415890,61515.15036260,61442.89575046,61471.49495261,357.32633455,35
2025-11-13T20:00:00Z,61471.49495261,61510.11940443,61467.12472889,61505.74674563,668.11153963,66
2025-11-13T21:00:00Z,61505.74674563,61517.55609843,61501.47113708,61513.27996621,158.21862400,15
2025-11-13T22:00:00Z,61513.27996621,61577.97597931,61508.35284816,61573.04407426,874.92546876,87
2025-11-13T23:00:00Z,61573.04407426,61613.08256335,61512.42184687,61552.44694248,323.69458446,32
2025-11-14T00:00:00Z,61552.44694248,61635.60247283,61490.13876800,61573.27321638,221.48678389,22
2025-11-14T01:00:00Z,61573.27321638,61641.93779419,61562.81619203,61631.47088610,368.02660490,36
2025-11-14T02:00:00Z,61631.47088610,61668.37949503,61562.76863644,61599.65819403,569.97389818,56
2025-11-14T03:00:00Z,61599.65819403,61602.82078132,61583.49200219,61586.65392182,120.35633231,12
2025-11-14T04:00:00Z,61586.65392182,61605.77710645,61559.95178393,61579.07261450,187.51337485,18
2025-11-14T05:00:00Z,61579.07261450,61610.45310141,61517.63389426,61548.99905579,169.47966824,16
2025-11-14T06:00:00Z,61548.99905579,61617.98689417,61536.09113899,61605.06721888,309.59918542,30
2025-11-14T07:00:00Z,61605.06721888,61630.29580877,61578.72854667,61603.95668176,116.69292195,11
2025-11-14T08:00:00Z,61603.95668176,61690.52503474,61564.66302461,61651.20124297,694.64913195,69
2025-11-14T09:00:00Z,61651.20124297,61695.10438737,61632.51920473,61676.41470875,376.55037066,37
2025-11-14T10:00:00Z,61676.41470875,61698.17096067,61659.14138301,61680.89637978,101.58079938,10
2025-11-14T11:00:00Z,61680.89637978,61705.15204884,61654.73052438,61678.98544198,166.93708456,16
2025-11-14T12:00:00Z,61678.98544198,61773.96218840,61665.53315522,61760.49212489,711.34589799,71
2025-11-14T13:00:00Z,61760.49212489,61761.68291006,61756.94919199,61758.13993181,92.47109978,9
2025-11-14T14:00:00Z,61758.13993181,61791.99233581,61692.34349816,61726.17838260,201.37627359,20
2025-11-14T15:00:00Z,61726.17838260,61827.77498410,61704.02914028,61805.59724386,393.35118209,39
2025-11-14T16:00:00Z,61805.59724386,61855.44313238,61782.43427040,61832.27016267,246.07821999,24
2025-11-14T17:00:00Z,61832.27016267,61884.02293299,61825.11848493,61876.86609717,503.09459190,50
2025-11-14T18:00:00Z,61876.86609717,61902.76738325,61826.45438553,61852.34540739,498.26514949,49
2025-11-14T19:00:00Z,61852.34540739,61881.55198809,61839.87527858,61869.07848570,109.64743154,10
2025-11-14T20:00:00Z,61869.07848570,61948.70801550,61868.15903050,61947.78739057,982.95048752,98
2025-11-14T21:00:00Z,61947.78739057,62007.33894695,61919.80998203,61979.34728505,959.10887887,95
2025-11-14T22:00:00Z,61979.34728505,62055.16385781,61971.46275033,62047.27068239,1842.63266025,184
2025-11-14T23:00:00Z,62047.27068239,62077.70708670,62043.49034357,62073.92512391,344.39865290,34
2025-11-15T00:00:00Z,62073.92512391,62078.27423888,62046.03324746,62050.38071284,444.64016834,44
2025-11-15T01:00:00Z,62050.38071284,62092.35682713,62045.47903638,62087.45222220,340.62050195,34
2025-11-15T02:00:00Z,62087.45222220,62136.00552686,62058.64599741,62107.19014443,41.51842936,4
2025-11-15T03:00:00Z,62107.19014443,62135.88739975,62096.82099554,62125.51519139,306.99557127,30
2025-11-15T04:00:00Z,62125.51519139,62187.27355979,62029.16292241,62090.88686712,409.37333997,40
2025-11-15T05:00:00Z,62090.88686712,62169.75279689,62055.48182972,62134.32299164,504.64478467,50
2025-11-15T06:00:00Z,62134.32299164,62209.51392050,62073.31807064,62148.49508501,366.87559188,36
2025-11-15T07:00:00Z,62148.49508501,62157.67179711,62141.04081985,62150.21732538,227.51346130,22
2025-11-15T08:00:00Z,62150.21732538,62183.66509026,62098.35889004,62131.79674139,209.03885939,20
2025-11-15T09:00:00Z,62131.79674139,62245.44262608,62111.00258459,62224.61740422,195.11334300,19
2025-11-15T10:00:00Z,62224.61740422,62264.32636713,62204.43882629,62244.14145782,352.39974174,35
2025-11-15T11:00:00Z,62244.14145782,62263.70324294,62237.74438724,62257.30481951,40.37907540,4
2025-11-15T12:00:00Z,62257.30481951,62303.51746397,62172.08971693,62218.27338896,369.24765136,36
2025-11-15T13:00:00Z,62218.27338896,62229.87653200,62160.32081691,62171.91531459,1083.36246156,108
2025-11-15T14:00:00Z,62171.91531459,62209.40633524,62154.19646388,62191.68185111,232.62540441,23
2025-11-15T15:00:00Z,62191.68185111,62260.37555654,62148.33227191,62217.00832398,1092.50001008,109
2025-11-15T16:00:00Z,62217.00832398,62238.96701453,62203.03560433,62224.99250179,234.21786369,23
2025-11-15T17:00:00Z,62224.99250179,62234.96888530,62176.67047264,62186.64070730,948.11630281,94
2025-11-15T18:00:00Z,62186.64070730,62284.41183886,62160.32713088,62258.06803877,672.27618118,67
2025-11-15T19:00:00Z,62258.06803877,62284.37866388,62251.25696975,62277.56546184,293.62661928,29
2025-11-15T20:00:00Z,62277.56546184,62283.92051009,62270.06808325,62276.42301492,40.58305156,4
2025-11-15T21:00:00Z,62276.42301492,62388.32693889,62216.70875973,62328.56268915,424.12308025,42
2025-11-15T22:00:00Z,62328.56268915,62380.69215651,62259.44175412,62311.55699851,325.66789495,32
2025-11-15T23:00:00Z,62311.55699851,62414.76066547,62260.16268806,62363.32365810,816.02856328,81
2025-11-16T00:00:00Z,62363.32365810,62390.81440188,62361.97855485,62389.46873470,80.98166091,8
2025-11-16T01:00:00Z,62389.46873470,62395.00531132,62360.48530395,62366.01979965,239.82124596,23
2025-11-16T02:00:00Z,62366.01979965,62437.85157491,62365.80482047,62437.63634886,1764.71117248,176
2025-11-16T03:00:00Z,62437.63634886,62546.77837312,62378.60225411,62487.69694662,444.89746049,44
2025-11-16T04:00:00Z,62487.69694662,62526.72850526,62484.70731832,62523.73715267,341.94281645,34
2025-11-16T05:00:00Z,62523.73715267,62561.51379934,62483.17507191,62520.95003462,201.06000408,20
2025-11-16T06:00:00Z,62520.95003462,62552.71244582,62511.58226080,62543.34131702,139.76047036,13
2025-11-16T07:00:00Z,62543.34131702,62605.14031744,62477.78931695,62539.58460537,685.55512183,68
2025-11-16T08:00:00Z,62539.58460537,62584.89052391,62387.41775476,62432.64620329,824.23783458,82
2025-11-16T09:00:00Z,62432.64620329,62507.39246017,62408.24801980,62482.97460873,1175.42714594,117
2025-11-16T10:00:00Z,62482.97460873,62559.38751242,62376.27317000,62452.64898728,193.14152291,19
2025-11-16T11:00:00Z,62452.64898728,62467.52783522,62403.88314560,62418.75391830,101.61272573,10
2025-11-16T12:00:00Z,62418.75391830,62479.30075504,62376.44393971,62436.97842313,921.24772137,92
2025-11-16T13:00:00Z,62436.97842313,62451.39078107,62372.19255314,62386.59328064,512.10113117,51
2025-11-16T14:00:00Z,62386.59328064,62430.19664505,62377.02894610,62420.62709287,485.80736048,48
2025-11-16T15:00:00Z,62420.62709287,62466.77393197,62346.42650214,62392.55258609,87.75675161,8
2025-11-16T16:00:00Z,62392.55258609,62406.89720588,62374.64223725,62388.98603707,335.78894885,33
2025-11-16T17:00:00Z,62388.98603707,62417.11698507,62384.72856971,62412.85788868,328.98840364,32
2025-11-16T18:00:00Z,62412.85788868,62453.88452137,62369.82073916,62410.84604939,204.94616143,20
2025-11-16T19:00:00Z,62410.84604939,62457.19398034,62352.22652107,62398.56533204,65.27604214,6
2025-11-16T20:00:00Z,62398.56533204,62422.34480734,62354.97683679,62378.74876019,434.67853488,43
2025-11-16T21:00:00Z,62378.74876019,62387.05377203,62351.52831081,62359.83080394,143.72056272,14
2025-11-16T22:00:00Z,62359.83080394,62454.51033636,62326.59129472,62421.23809536,126.63754664,12
2025-11-16T23:00:00Z,62421.23809536,62422.35789317,62400.48868311,62401.60812877,694.01125987,69
2025-11-17T00:00:00Z,62401.60812877,62436.89145074,62392.15778495,62427.43719526,152.09358060,15
2025-11-17T01:00:00Z,62427.43719526,62476.92567377,62414.91987228,62464.40093918,120.88840881,12
2025-11-17T02:00:00Z,62464.40093918,62507.64168658,62397.83757658,62441.06216780,206.79338038,20
2025-11-17T03:00:00Z,62441.06216780,62594.14329046,62374.71753041,62527.70659196,417.79691350,41
2025-11-17T04:00:00Z,62527.70659196,62556.97422934,62520.53015331,62549.79525552,534.05864318,53
2025-11-17T05:00:00Z,62549.79525552,62594.26274883,62525.44218318,62569.90184821,207.65910003,20
2025-11-17T06:00:00Z,62569.90184821,62593.49571819,62529.73751498,62553.32513421,180.65970948,18
2025-11-17T07:00:00Z,62553.32513421,62561.38911153,62497.20908350,62505.26686545,112.54124288,11
2025-11-17T08:00:00Z,62505.26686545,62532.80046148,62492.68233485,62520.21292172,139.12148659,13
2025-11-17T09:00:00Z,62520.21292172,62523.35481847,62517.75341742,62520.89528732,23.17679908,2
2025-11-17T10:00:00Z,62520.89528732,62595.16342505,62392.10604291,62466.30933836,1608.03311693,160
2025-11-17T11:00:00Z,62466.30933836,62526.39199147,62464.51798841,62524.59896995,221.57204290,22
2025-11-17T12:00:00Z,62524.59896995,62650.97256420,62464.38549762,62590.69543856,705.17516216,70
2025-11-17T13:00:00Z,62590.69543856,62618.02144274,62573.01069220,62600.33397305,273.79141321,27
2025-11-17T14:00:00Z,62600.33397305,62603.65277929,62562.20078775,62565.51774818,132.82599559,13
2025-11-17T15:00:00Z,62565.51774818,62683.19422319,62514.27452053,62631.89662904,287.37530830,28
2025-11-17T16:00:00Z,62631.89662904,62662.64725438,62551.65829643,62582.38461267,515.08950126,51
2025-11-17T17:00:00Z,62582.38461267,62657.98381421,62550.05755358,62625.63441434,1243.73497690,124
2025-11-17T18:00:00Z,62625.63441434,62657.00020414,62587.71780092,62619.08030812,396.62787662,39
2025-11-17T19:00:00Z,62619.08030812,62620.93007873,62572.50448929,62574.35293866,244.58217858,24
2025-11-17T20:00:00Z,62574.35293866,62587.00730326,62529.23086076,62541.87865812,92.55496889,9
2025-11-17T21:00:00Z,62541.87865812,62569.54135021,62502.19481947,62529.85219218,323.69041440,32
2025-11-17T22:00:00Z,62529.85219218,62605.85390455,62500.10729003,62576.08700891,377.92770482,37
2025-11-17T23:00:00Z,62576.08700891,62595.46849009,62563.21305506,62582.59319771,241.87318551,24
2025-11-18T00:00:00Z,62582.59319771,62635.53776384,62559.03373228,62611.96724044,423.34821723,42
2025-11-18T01:00:00Z,62611.96724044,62650.68620394,62550.67408167,62589.37907675,315.70061250,31
2025-11-18T02:00:00Z,62589.37907675,62605.78229481,62536.88723267,62553.28099026,195.30429480,19
2025-11-18T03:00:00Z,62553.28099026,62584.83729567,62442.26871212,62473.78491408,127.70320638,12
2025-11-18T04:00:00Z,62473.78491408,62487.54078696,62440.19718720,62453.94869241,414.95707394,41
2025-11-18T05:00:00Z,62453.94869241,62465.79234087,62436.68728436,62448.52990521,244.97850774,24
2025-11-18T06:00:00Z,62448.52990521,62507.57161840,62443.28925226,62502.32645087,280.61520273,28
2025-11-18T07:00:00Z,62502.32645087,62529.40976068,62470.97848722,62498.05994828,14.22286009,1
2025-11-18T08:00:00Z,62498.05994828,62533.34292166,62488.76210870,62524.04121685,75.18498175,7
2025-11-18T09:00:00Z,62524.04121685,62549.00647261,62517.77193773,62542.73531904,237.71769098,23
2025-11-18T10:00:00Z,62542.73531904,62676.35018965,62490.52620593,62624.07317772,182.08400478,18
2025-11-18T11:00:00Z,62624.07317772,62681.63790080,62607.43488326,62664.98873567,122.81053958,12
2025-11-18T12:00:00Z,62664.98873567,62690.44740086,62598.75092486,62624.19301613,155.94285210,15
2025-11-18T13:00:00Z,62624.19301613,62690.26638220,62569.90689696,62635.97005404,125.89846305,12
2025-11-18T14:00:00Z,62635.97005404,62685.62324232,62522.19216625,62571.79448086,1079.60056962,107
2025-11-18T15:00:00Z,62571.79448086,62606.22507261,62545.98775779,62580.41479424,39.88748481,3
2025-11-18T16:00:00Z,62580.41479424,62620.02604927,62550.84892615,62590.45543752,213.36312025,21
2025-11-18T17:00:00Z,62590.45543752,62681.83656490,62468.39066658,62559.72693080,105.80709481,10
2025-11-18T18:00:00Z,62559.72693080,62577.27206236,62544.12847202,62561.67311833,41.14908352,4
2025-11-18T19:00:00Z,62561.67311833,62581.30099002,62533.62415764,62553.24938651,234.84804824,23
2025-11-18T20:00:00Z,62553.24938651,62580.01709890,62496.06500128,62522.81969223,593.18168117,59
2025-11-18T21:00:00Z,62522.81969223,62633.82232625,62500.95103314,62611.92250160,482.66038157,48
2025-11-18T22:00:00Z,62611.92250160,62688.31466684,62554.09040310,62630.46544098,426.93179095,42
2025-11-18T23:00:00Z,62630.46544098,62700.30236403,62593.30582418,62663.12337078,127.97018736,12
2025-11-19T00:00:00Z,62663.12337078,62689.86014233,62617.86321668,62644.59208139,225.04359497,22
2025-11-19T01:00:00Z,62644.59208139,62654.40964267,62567.94775858,62577.75484524,325.86365567,32
2025-11-19T02:00:00Z,62577.75484524,62642.95057690,62563.24027350,62628.42425266,479.12182385,47
2025-11-19T03:00:00Z,62628.42425266,62683.65983924,62616.95140178,62672.17897296,209.87435844,20
2025-11-19T04:00:00Z,62672.17897296,62779.79932111,62651.69509003,62759.28696765,1225.16762832,122
2025-11-19T05:00:00Z,62759.28696765,62815.79686516,62691.66287191,62748.16275293,211.64302388,21
2025-11-19T06:00:00Z,62748.16275293,62791.77847619,62708.15298390,62751.76640939,163.13077736,16
2025-11-19T07:00:00Z,62751.76640939,62755.93866635,62735.22464829,62739.39608277,83.23820190,8
2025-11-19T08:00:00Z,62739.39608277,62797.66765462,62720.84774357,62779.10757507,632.91889340,63
2025-11-19T09:00:00Z,62779.10757507,62806.18956584,62700.83668133,62727.89658043,93.65222548,9
2025-11-19T10:00:00Z,62727.89658043,62797.80771702,62668.32823114,62738.22955522,428.96257849,42
2025-11-19T11:00:00Z,62738.22955522,62833.85170312,62684.45653298,62780.04284266,416.35870861,41
2025-11-19T12:00:00Z,62780.04284266,62848.03193286,62685.37643125,62753.33659931,260.70799401,26
2025-11-19T13:00:00Z,62753.33659931,62767.99469254,62694.32353959,62708.97126985,621.41169717,62
2025-11-19T14:00:00Z,62708.97126985,62722.86082940,62696.05179494,62709.94115466,162.05223870,16
2025-11-19T15:00:00Z,62709.94115466,62769.55864403,62665.52192491,62725.12865654,730.61251003,73
2025-11-19T16:00:00Z,62725.12865654,62795.16478679,62662.85905272,62732.88748049,124.02513228,12
2025-11-19T17:00:00Z,62732.88748049,62779.19013017,62693.73562659,62740.03381620,154.73992100,15
2025-11-19T18:00:00Z,62740.03381620,62762.38248874,62708.12249902,62730.46776403,154.11447594,15
2025-11-19T19:00:00Z,62730.46776403,62733.93125427,62726.48267575,62729.94613720,93.07949467,9
2025-11-19T20:00:00Z,62729.94613720,62761.20087407,62671.82154815,62703.06289064,587.21289489,58
2025-11-19T21:00:00Z,62703.06289064,62749.35755279,62679.34007928,62725.62620491,259.64664536,25
2025-11-19T22:00:00Z,62725.62620491,62757.38681327,62692.99402933,62724.75419616,310.24836730,31
2025-11-19T23:00:00Z,62724.75419616,62728.18309740,62701.04350179,62704.47129425,115.73818112,11
2025-11-20T00:00:00Z,62704.47129425,62724.23172172,62647.12642812,62666.87500766,104.56431248,10
2025-11-20T01:00:00Z,62666.87500766,62683.86637392,62619.56219817,62636.54534091,305.70943473,30
2025-11-20T02:00:00Z,62636.54534091,62702.75130988,62551.85129848,62618.03770513,517.63394830,51
2025-11-20T03:00:00Z,62618.03770513,62648.93918094,62610.64208317,62641.54078310,268.75791789,26
2025-11-20T04:00:00Z,62641.54078310,62686.68086822,62606.93050066,62652.06477114,282.10174847,28
2025-11-20T05:00:00Z,62652.06477114,62706.23657990,62567.81470234,62621.96048157,279.13296648,27
2025-11-20T06:00:00Z,62621.96048157,62662.66320544,62618.90143979,62659.60232488,270.95660881,27
2025-11-20T07:00:00Z,62659.60232488,62704.61441584,62594.68605746,62639.68383980,220.83758683,22
2025-11-20T08:00:00Z,62639.68383980,62667.41444090,62600.99277213,62628.71851888,538.07007961,53
2025-11-20T09:00:00Z,62628.71851888,62729.17465276,62583.63970502,62684.05600816,342.56996102,34
2025-11-20T10:00:00Z,62684.05600816,62720.80516662,62665.63275674,62702.37653068,211.26510696,21
2025-11-20T11:00:00Z,62702.37653068,62778.29954711,62678.63658442,62754.53985113,777.51737587,77
2025-11-20T12:00:00Z,62754.53985113,62771.64802524,62704.51708472,62721.61628320,729.06674357,72
2025-11-20T13:00:00Z,62721.61628320,62729.35109383,62673.79077271,62681.52063876,720.84847966,72
2025-11-20T14:00:00Z,62681.52063876,62692.95451508,62629.74526996,62641.17178615,356.56046981,35
2025-11-20T15:00:00Z,62641.17178615,62731.55880378,62605.23987522,62695.59567449,213.60619084,21
2025-11-20T16:00:00Z,62695.59567449,62712.92259325,62672.73585368,62690.06124292,103.06394316,10
2025-11-20T17:00:00Z,62690.06124292,62735.86181571,62677.43450342,62723.22839583,446.89226639,44
2025-11-20T18:00:00Z,62723.22839583,62781.73455138,62717.83316502,62776.33475255,111.01425025,11
2025-11-20T19:00:00Z,62776.33475255,62875.33551974,62628.50140604,62727.42504067,216.41879650,21
2025-11-20T20:00:00Z,62727.42504067,62748.82349946,62693.57753732,62714.97174786,205.49312563,20
2025-11-20T21:00:00Z,62714.97174786,62721.62968333,62657.06863421,62663.72112882,210.35448163,21
2025-11-20T22:00:00Z,62663.72112882,62685.13237824,62663.49153070,62684.90270251,523.68587740,52
2025-11-20T23:00:00Z,62684.90270251,62695.51788379,62677.46430871,62688.07911308,46.41645847,4
2025-11-21T00:00:00Z,62688.07911308,62706.90772495,62687.00107791,62705.82938454,337.80318244,33
2025-11-21T01:00:00Z,62705.82938454,62705.98754332,62635.48691556,62635.64489733,247.12626517,24
2025-11-21T02:00:00Z,62635.64489733,62659.68853345,62567.62024702,62591.64699389,931.46596637,93
2025-11-21T03:00:00Z,62591.64699389,62666.27177223,62587.07888821,62661.69855400,147.81683893,14
2025-11-21T04:00:00Z,62661.69855400,62761.62523354,62644.36532604,62744.26916523,425.65971976,42
2025-11-21T05:00:00Z,62744.26916523,62773.64922284,62687.10125431,62716.46829414,193.44480778,19
2025-11-21T06:00:00Z,62716.46829414,62742.55244353,62703.54375788,62729.62519592,320.65589353,32
2025-11-21T07:00:00Z,62729.62519592,62783.13683981,62723.08631203,62776.59306003,173.89090990,17
2025-11-21T08:00:00Z,62776.59306003,62808.16679768,62769.41860369,62800.98955317,814.54376003,81
2025-11-21T09:00:00Z,62800.98955317,62845.15284464,62788.42283881,62832.57980894,757.72252622,75
2025-11-21T10:00:00Z,62832.57980894,62869.83424398,62813.66288923,62850.91180508,458.52837032,45
2025-11-21T11:00:00Z,62850.91180508,62853.82300829,62840.99920750,62843.91008640,226.52825504,22
2025-11-21T12:00:00Z,62843.91008640,62909.08177711,62843.01267700,62908.18344989,559.46838700,55
2025-11-21T13:00:00Z,62908.18344989,62934.91821191,62888.99212395,62915.72458541,325.98489099,32
2025-11-21T14:00:00Z,62915.72458541,62963.36305069,62895.45635298,62943.08600381,22.47115294,2
2025-11-21T15:00:00Z,62943.08600381,62983.84562068,62810.84938675,62851.54972812,1277.39537927,127
2025-11-21T16:00:00Z,62851.54972812,62897.92171936,62807.68050558,62854.05075115,152.50232794,15
2025-11-21T17:00:00Z,62854.05075115,62931.53152876,62702.87294271,62780.26276117,199.00231297,19
2025-11-21T18:00:00Z,62780.26276117,62832.46522410,62778.01908094,62830.21975848,230.17895426,23
2025-11-21T19:00:00Z,62830.21975848,62879.85220032,62800.90658937,62850.52955577,589.22488792,58
2025-11-21T20:00:00Z,62850.52955577,62931.47262718,62832.35556349,62913.28048971,504.75575797,50
2025-11-21T21:00:00Z,62913.28048971,62954.25637219,62850.91793379,62891.87987789,167.74869237,16
2025-11-21T22:00:00Z,62891.87987789,62931.57378961,62875.60942558,62915.29727910,87.66069309,8
2025-11-21T23:00:00Z,62915.29727910,62993.29696610,62888.57374083,62966.55165732,407.55061189,40
2025-11-22T00:00:00Z,62966.55165732,62998.82531631,62926.76563397,62959.03544051,287.13764620,28
2025-11-22T01:00:00Z,62959.03544051,63003.35568549,62933.63747921,62977.95009393,313.36417683,31
2025-11-22T02:00:00Z,62977.95009393,62997.81619990,62917.03233461,62936.88548693,780.80839631,78
2025-11-22T03:00:00Z,62936.88548693,62963.23547843,62922.12805730,62948.47533122,299.00381869,29
2025-11-22T04:00:00Z,62948.47533122,63056.83930111,62878.52094670,62986.84227955,604.76028425,60
2025-11-22T05:00:00Z,62986.84227955,63005.04486705,62903.80789661,62921.99174293,1293.97079821,129
2025-11-22T06:00:00Z,62921.99174293,62929.08847950,62888.29227020,62895.38600600,93.87918914,9
2025-11-22T07:00:00Z,62895.38600600,62977.77135983,62835.59446035,62917.95835575,114.53894292,11
2025-11-22T08:00:00Z,62917.95835575,62944.35771931,62881.30317567,62907.69823425,219.99134599,21
2025-11-22T09:00:00Z,62907.69823425,62979.28108959,62900.10323917,62971.67837004,90.20640660,9
2025-11-22T10:00:00Z,62971.67837004,63010.79987110,62946.67928487,62985.79518171,48.43323300,4
2025-11-22T11:00:00Z,62985.79518171,63029.56406117,62977.30661319,63021.07073858,549.19419500,54
2025-11-22T12:00:00Z,63021.07073858,63067.90684616,62983.92734160,63030.75773984,244.19259240,24
2025-11-22T13:00:00Z,63030.75773984,63037.11769098,62939.42023184,62945.77160768,1066.28588712,106
2025-11-22T14:00:00Z,62945.77160768,62958.62526518,62934.91511494,62947.76842805,127.62320411,12
2025-11-22T15:00:00Z,62947.76842805,62975.02978382,62893.30652484,62920.55609552,993.09569915,99
2025-11-22T16:00:00Z,62920.55609552,62936.56673935,62839.29893189,62855.29296899,435.66377971,43
2025-11-22T17:00:00Z,62855.29296899,62868.05317368,62792.63702950,62805.38710284,258.21381553,25
2025-11-22T18:00:00Z,62805.38710284,62830.98721771,62741.29527557,62766.87969442,392.46624098,39
2025-11-22T19:00:00Z,62766.87969442,62781.21431520,62724.27547401,62738.60363713,108.75344169,10
2025-11-22T20:00:00Z,62738.60363713,62748.10795962,62669.78261462,62679.27794981,207.64611644,20
2025-11-22T21:00:00Z,62679.27794981,62683.25579049,62594.03190592,62598.00458872,436.01113793,43
2025-11-22T22:00:00Z,62598.00458872,62625.14298384,62536.11495233,62563.23827505,401.74361103,40
2025-11-22T23:00:00Z,62563.23827505,62574.52667554,62533.48161294,62544.76668056,157.08090068,15
2025-11-23T00:00:00Z,62544.76668056,62585.75534269,62469.56857147,62510.53479976,180.21512001,18
2025-11-23T01:00:00Z,62510.53479976,62516.29157920,62452.22995157,62457.98189126,305.41577810,30
2025-11-23T02:00:00Z,62457.98189126,62492.44534351,62387.32791062,62421.77138241,109.52371734,10
2025-11-23T03:00:00Z,62421.77138241,62447.28396690,62334.82885026,62360.31631726,1035.95880474,103
2025-11-23T04:00:00Z,62360.31631726,62360.99421654,62344.84241878,62345.52015721,1271.01933541,127
2025-11-23T05:00:00Z,62345.52015721,62358.08489898,62323.42278654,62335.98560677,552.88766143,55
2025-11-23T06:00:00Z,62335.98560677,62352.98404876,62287.81849438,62304.80843465,373.00614688,37
2025-11-23T07:00:00Z,62304.80843465,62308.81236374,62252.15451188,62256.15531435,659.47490184,65
2025-11-23T08:00:00Z,62256.15531435,62291.06588200,62172.80489866,62207.68828810,421.34781100,42
2025-11-23T09:00:00Z,62207.68828810,62248.22318161,62193.98050110,62234.50948443,237.18828917,23
2025-11-23T10:00:00Z,62234.50948443,62243.93048187,62188.41527386,62197.83071891,396.55645261,39
2025-11-23T11:00:00Z,62197.83071891,62243.25141930,62145.02511347,62190.44041701,639.10923243,63
2025-11-23T12:00:00Z,62190.44041701,62259.04851311,62152.40819603,62220.99760506,91.81235353,9
2025-11-23T13:00:00Z,62220.99760506,62249.12644996,62193.93968482,62222.06806422,221.85823713,22
2025-11-23T14:00:00Z,62222.06806422,62355.00079847,62205.57239255,62338.47426639,371.23814984,37
2025-11-23T15:00:00Z,62338.47426639,62367.81968300,62180.39209143,62209.67687753,148.70816550,14
2025-11-23T16:00:00Z,62209.67687753,62505.89826081,62017.61194129,62313.51274374,44.16500768,4
2025-11-23T17:00:00Z,62313.51274374,62337.95000544,62132.49104890,62156.86687936,1016.00336064,101
2025-11-23T18:00:00Z,62156.86687936,62217.68354981,61978.43997284,62039.14145621,499.83963505,49
2025-11-23T19:00:00Z,62039.14145621,62080.13382771,61970.04822635,62011.02201793,354.26168070,35
2025-11-23T20:00:00Z,62011.02201793,62136.11072517,61776.83774292,61901.70593764,362.55211721,36
2025-11-23T21:00:00Z,61901.70593764,62297.05127293,61684.89069849,62079.61290167,267.89961770,26
2025-11-23T22:00:00Z,62079.61290167,62103.24008450,61970.60462876,61994.19930362,469.06691064,46
2025-11-23T23:00:00Z,61994.19930362,62059.82015721,61903.24813512,61968.84214817,163.16074476,16
2025-11-24T00:00:00Z,61968.84214817,62023.79321573,61841.50245487,61896.38927462,374.94899985,37
2025-11-24T01:00:00Z,61896.38927462,62092.84103242,61540.98085566,61736.92649763,192.43035586,19
2025-11-24T02:00:00Z,61736.92649763,61772.43325457,61733.78421875,61769.28932850,340.22359817,34
2025-11-24T03:00:00Z,61769.28932850,61803.18478984,61711.80016797,61745.68267533,234.48131062,23
2025-11-24T04:00:00Z,61745.68267533,61783.73889241,61706.78056925,61744.83626465,170.69226122,17
2025-11-24T05:00:00Z,61744.83626465,61774.33361257,61732.40434290,61761.89825550,243.45500703,24
2025-11-24T06:00:00Z,61761.89825550,61807.06470508,61752.44445215,61797.60543608,90.15165863,9
2025-11-24T07:00:00Z,61797.60543608,61848.10261185,61754.31496688,61804.80709775,408.44910572,40
2025-11-24T08:00:00Z,61804.80709775,61810.94331445,61766.62600260,61772.75903746,897.87141089,89
2025-11-24T09:00:00Z,61772.75903746,61796.50906409,61768.61158842,61792.36029902,132.91415414,13
2025-11-24T10:00:00Z,61792.36029902,61827.86242610,61779.55193802,61815.04936210,138.57712533,13
2025-11-24T11:00:00Z,61815.04936210,61850.71098159,61794.04683501,61829.70347556,135.49844382,13
2025-11-24T12:00:00Z,61829.70347556,61851.05275755,61826.56507706,61847.91343474,350.25164764,35
2025-11-24T13:00:00Z,61847.91343474,61891.23944195,61821.23410237,61864.55293180,471.26741399,47
2025-11-24T14:00:00Z,61864.55293180,61868.12421817,61825.68579227,61829.25504098,1727.09263919,172
2025-11-24T15:00:00Z,61829.25504098,61837.82750106,61759.22293470,61767.78687238,2509.23252706,250
2025-11-24T16:00:00Z,61767.78687238,61769.85589519,61751.94533328,61754.01389474,435.05984907,43
2025-11-24T17:00:00Z,61754.01389474,61811.19970188,61714.55990713,61771.73439283,257.22141980,25
2025-11-24T18:00:00Z,61771.73439283,61799.76490745,61757.96106560,61785.98840199,24.38130209,2
2025-11-24T19:00:00Z,61785.98840199,61795.73298425,61756.06718524,61765.80858484,316.63942528,31
2025-11-24T20:00:00Z,61765.80858484,61813.50869751,61720.06835778,61767.76702014,121.44627933,12
2025-11-24T21:00:00Z,61767.76702014,61823.81612879,61760.00688986,61816.04993253,724.12596996,72
2025-11-24T22:00:00Z,61816.04993253,61854.17715713,61800.99154388,61839.11315027,479.60895495,47
2025-11-24T23:00:00Z,61839.11315027,61842.01081145,61825.74700129,61828.64417190,562.76460229,56
2025-11-25T00:00:00Z,61828.64417190,61843.18031731,61803.24674326,61817.78033454,194.88599204,19
2025-11-25T01:00:00Z,61817.78033454,61848.70687231,61808.01479666,61838.93799210,926.47548441,92
2025-11-25T02:00:00Z,61838.93799210,61857.01010653,61830.92013730,61848.99094829,140.30061703,14
2025-11-25T03:00:00Z,61848.99094829,61872.85506845,61836.77116886,61860.63298884,114.28294136,11
2025-11-25T04:00:00Z,61860.63298884,61926.12882450,61835.37153547,61900.85094769,317.15007155,31
2025-11-25T05:00:00Z,61900.85094769,61922.09171053,61852.83891492,61874.07048827,103.25167272,10
2025-11-25T06:00:00Z,61874.07048827,61957.82136958,61845.37258285,61929.09794179,735.79339247,73
2025-11-25T07:00:00Z,61929.09794179,61944.93474984,61909.90663263,61925.74258263,208.05898681,20
2025-11-25T08:00:00Z,61925.74258263,61955.05873041,61885.91099250,61915.22215983,303.63576133,30
2025-11-25T09:00:00Z,61915.22215983,61969.04370491,61881.26619280,61935.07684904,283.25367486,28
2025-11-25T10:00:00Z,61935.07684904,61943.13636673,61910.14585783,61918.20317977,255.32718914,25
2025-11-25T11:00:00Z,61918.20317977,61957.84874270,61882.77531701,61922.41846807,43.99037394,4
2025-11-25T12:00:00Z,61922.41846807,61940.47069774,61917.93782180,61935.98906951,818.65046032,81
2025-11-25T13:00:00Z,61935.98906951,61981.87816257,61907.61462267,61953.49569550,223.82919069,22
2025-11-25T14:00:00Z,61953.49569550,61981.12657297,61946.04284893,61973.67129933,498.13340713,49
2025-11-25T15:00:00Z,61973.67129933,61999.14972605,61937.06676473,61962.54061543,452.19769013,45
2025-11-25T16:00:00Z,61962.54061543,61967.81497731,61955.00971287,61960.28388265,142.51906361,14
2025-11-25T17:00:00Z,61960.28388265,61986.56224631,61936.25123009,61962.52872303,647.72628223,64
2025-11-25T18:00:00Z,61962.52872303,61991.99838463,61957.65086053,61987.11858635,269.72514561,26
2025-11-25T19:00:00Z,61987.11858635,61999.90165000,61983.93135653,61996.71392681,325.08768833,32
2025-11-25T20:00:00Z,61996.71392681,62023.79681218,61940.99276327,61968.06313272,611.61963995,61
2025-11-25T21:00:00Z,61968.06313272,61986.24532269,61915.50347039,61933.67557063,405.96191294,40
2025-11-25T22:00:00Z,61933.67557063,61988.22587900,61914.09566600,61968.63492221,83.76293823,8
2025-11-25T23:00:00Z,61968.63492221,62037.15949521,61934.80384478,62003.30948759,140.60299933,14
2025-11-26T00:00:00Z,62003.30948759,62056.50085911,61988.67299000,62041.85526240,311.77462190,31
2025-11-26T01:00:00Z,62041.85526240,62061.85099878,62014.64397269,62034.63738278,214.42250996,21
2025-11-26T02:00:00Z,62034.63738278,62066.14935812,61978.65553584,62010.15507480,545.30148311,54
2025-11-26T03:00:00Z,62010.15507480,62016.04101099,61964.36580859,61970.24795683,322.89930064,32
2025-11-26T04:00:00Z,61970.24795683,61991.68447646,61946.77545080,61968.21126590,119.17202198,11
2025-11-26T05:00:00Z,61968.21126590,61994.77012555,61944.58962559,61971.14736603,129.30261095,12
2025-11-26T06:00:00Z,61971.14736603,61977.67338045,61944.42791767,61950.95180535,290.19322667,29
2025-11-26T07:00:00Z,61950.95180535,62002.42538397,61909.76247271,61961.22921819,453.90152511,45
2025-11-26T08:00:00Z,61961.22921819,61974.85596271,61919.28570359,61932.90621922,1138.96733380,113
2025-11-26T09:00:00Z,61932.90621922,61940.66504850,61922.13815388,61929.89660613,291.44261522,29
2025-11-26T10:00:00Z,61929.89660613,61956.20906847,61903.95680905,61930.26911537,285.84460687,28
2025-11-26T11:00:00Z,61930.26911537,61941.07627063,61918.02848829,61928.83539337,101.56287749,10
2025-11-26T12:00:00Z,61928.83539337,61941.93321771,61905.73260040,61918.82830826,221.38883047,22
2025-11-26T13:00:00Z,61918.82830826,61921.66988772,61908.91384519,61911.75510005,149.25723176,14
2025-11-26T14:00:00Z,61911.75510005,61963.99916128,61896.56099423,61948.79596506,850.11968553,85
2025-11-26T15:00:00Z,61948.79596506,61963.73907941,61901.14642707,61916.08165016,667.16359097,66
2025-11-26T16:00:00Z,61916.08165016,61940.07106662,61908.60953615,61932.59695953,288.78917554,28
2025-11-26T17:00:00Z,61932.59695953,61953.31651564,61889.09293316,61909.80486417,269.42197710,26
2025-11-26T18:00:00Z,61909.80486417,61998.67810100,61885.58843522,61974.43639100,2697.67349261,269
2025-11-26T19:00:00Z,61974.43639100,61981.43283195,61919.88514787,61926.87621963,1066.81549346,106
2025-11-26T20:00:00Z,61926.87621963,61996.92797528,61892.32737875,61962.35933846,122.49754079,12
2025-11-26T21:00:00Z,61962.35933846,61998.49632175,61915.27787465,61951.40847131,563.26175904,56
2025-11-26T22:00:00Z,61951.40847131,62001.36135470,61949.26079847,61999.21202465,95.35995157,9
2025-11-26T23:00:00Z,61999.21202465,62019.52764164,61988.29374009,62008.60770246,102.09424907,10
2025-11-27T00:00:00Z,62008.60770246,62050.09209502,62002.04727876,62043.52797680,250.16591744,25
2025-11-27T01:00:00Z,62043.52797680,62072.06896373,62028.13015192,62056.66787782,76.73916825,7
2025-11-27T02:00:00Z,62056.66787782,62090.52235093,62038.54579226,62072.39567246,120.38496568,12
2025-11-27T03:00:00Z,62072.39567246,62074.74479932,62043.54555111,62045.89367500,195.72157619,19
2025-11-27T04:00:00Z,62045.89367500,62059.24123420,62037.85071591,62051.19758757,124.51380680,12
2025-11-27T05:00:00Z,62051.19758757,62062.58722304,62011.57268550,62022.95713738,180.15557234,18
2025-11-27T06:00:00Z,62022.95713738,62025.73907874,62008.52956932,62011.31098832,440.55232067,44
2025-11-27T07:00:00Z,62011.31098832,62035.71534706,61998.79067805,62023.19263784,314.68425775,31
2025-11-27T08:00:00Z,62023.19263784,62061.24391198,62019.06634474,62057.11536205,744.76282581,74
2025-11-27T09:00:00Z,62057.11536205,62120.20270652,61987.53837766,62050.61911803,34.12655223,3
2025-11-27T10:00:00Z,62050.61911803,62056.77907864,62032.26864034,62038.42739064,359.69016723,35
2025-11-27T11:00:00Z,62038.42739064,62070.64565509,62028.09168994,62060.30630933,23.36835741,2
2025-11-27T12:00:00Z,62060.30630933,62068.87594121,62048.45640167,62057.02558053,313.55407675,31
2025-11-27T13:00:00Z,62057.02558053,62082.17775593,62053.10958776,62078.26042318,403.86854517,40
2025-11-27T14:00:00Z,62078.26042318,62083.07846669,62049.84153178,62054.65774344,156.07822072,15
2025-11-27T15:00:00Z,62054.65774344,62085.70515353,62027.98840675,62059.03393608,46.40028551,4
2025-11-27T16:00:00Z,62059.03393608,62070.94856375,62051.62585152,62063.53994130,197.82560985,19
2025-11-27T17:00:00Z,62063.53994130,62068.62133830,62031.07738782,62036.15654283,761.32567535,76
2025-11-27T18:00:00Z,62036.15654283,62060.92788240,62007.78700735,62032.55690957,72.57481197,7
2025-11-27T19:00:00Z,62032.55690957,62058.48730613,61989.75886737,62015.68221010,250.64457963,25
2025-11-27T20:00:00Z,62015.68221010,62042.90445623,61971.11197536,61998.32660312,363.40786804,36
2025-11-27T21:00:00Z,61998.32660312,62028.81346882,61920.47673990,61950.94030401,981.55178391,98
2025-11-27T22:00:00Z,61950.94030401,61963.65521914,61942.15245634,61954.86681448,144.01546416,14
2025-11-27T23:00:00Z,61954.86681448,61961.66954107,61904.01193338,61910.80982245,1465.34814756,146
2025-11-28T00:00:00Z,61910.80982245,61910.94370852,61869.76879140,61869.90258901,223.01967876,22
2025-11-28T01:00:00Z,61869.90258901,61880.17659002,61823.20895251,61833.47690474,951.76317061,95
2025-11-28T02:00:00Z,61833.47690474,61849.37915826,61822.49546171,61838.39684147,109.52710466,10
2025-11-28T03:00:00Z,61838.39684147,61850.25017053,61815.59818072,61827.44941135,91.23794384,9
2025-11-28T04:00:00Z,61827.44941135,61859.83722721,61822.37798759,61854.76356299,98.54704345,9
2025-11-28T05:00:00Z,61854.76356299,61862.82817438,61835.36735913,61843.43049291,316.55793196,31
2025-11-28T06:00:00Z,61843.43049291,61881.12041845,61818.83351192,61856.51823207,240.09072409,24
2025-11-28T07:00:00Z,61856.51823207,61919.59550112,61759.76775018,61822.81064641,127.72817775,12
2025-11-28T08:00:00Z,61822.81064641,61844.48832406,61814.07450074,61835.75034988,940.12905950,94
2025-11-28T09:00:00Z,61835.75034988,61842.91064342,61807.75641993,61814.91430075,608.62575527,60
2025-11-28T10:00:00Z,61814.91430075,61853.15124864,61793.49419628,61831.72531881,714.35948953,71
2025-11-28T11:00:00Z,61831.72531881,61847.51691970,61784.36894845,61800.15248575,344.05002966,34
2025-11-28T12:00:00Z,61800.15248575,61876.40251555,61798.77913826,61875.02750416,872.76161429,87
2025-11-28T13:00:00Z,61875.02750416,61889.19159468,61863.29670843,61877.46033771,139.70494010,13
2025-11-28T14:00:00Z,61877.46033771,61881.09872552,61850.73242320,61854.36945327,110.15703645,11
2025-11-28T15:00:00Z,61854.36945327,61873.63216021,61827.32142822,61846.58170990,547.38808882,54
2025-11-28T16:00:00Z,61846.58170990,61910.49338515,61844.25122328,61908.16057812,609.23910136,60
2025-11-28T17:00:00Z,61908.16057812,61953.47467744,61887.54766324,61932.85354079,1090.39936506,109
2025-11-28T18:00:00Z,61932.85354079,62010.39066464,61916.99020474,61994.51153566,781.81195970,78
2025-11-28T19:00:00Z,61994.51153566,62053.36272116,61919.88499694,61978.72119272,114.83260195,11
2025-11-28T20:00:00Z,61978.72119272,61992.57337272,61953.11286628,61966.96241820,265.13414365,26
2025-11-28T21:00:00Z,61966.96241820,61992.94451232,61959.96464625,61985.94459676,430.96958945,43
2025-11-28T22:00:00Z,61985.94459676,62004.35486443,61975.40956117,61993.81849061,121.72652062,12
2025-11-28T23:00:00Z,61993.81849061,62047.87639365,61969.32222351,62023.36845017,169.68210991,16
2025-11-29T00:00:00Z,62023.36845017,62025.62469559,61993.75926953,61996.01451988,663.40643245,66
2025-11-29T01:00:00Z,61996.01451988,62010.22332113,61960.47583855,61974.67975010,727.73428113,72
2025-11-29T02:00:00Z,61974.67975010,62061.67875260,61945.60663834,62032.57847981,1578.03107594,157
2025-11-29T03:00:00Z,62032.57847981,62095.15079837,62031.82502173,62094.39658944,176.37831015,17
2025-11-29T04:00:00Z,62094.39658944,62121.42450875,62064.82346533,62091.85027630,115.35199885,11
2025-11-29T05:00:00Z,62091.85027630,62099.11021711,62031.03197358,62038.28565147,823.58227128,82
2025-11-29T06:00:00Z,62038.28565147,62039.59602312,61994.57431518,61995.88379122,364.24639145,36
2025-11-29T07:00:00Z,61995.88379122,62016.06807911,61978.34025664,61998.52379747,188.75626083,18
2025-11-29T08:00:00Z,61998.52379747,62065.79003644,61947.13201989,62014.38511111,283.36952477,28
2025-11-29T09:00:00Z,62014.38511111,62016.49430273,61993.52332794,61995.63188173,249.96745295,24
2025-11-29T10:00:00Z,61995.63188173,62012.10959060,61971.44684987,61987.92250969,661.47763704,66
2025-11-29T11:00:00Z,61987.92250969,61990.66829726,61981.62797519,61984.37360556,33.78560988,3
2025-11-29T12:00:00Z,61984.37360556,62000.92206519,61961.54283693,61978.08961887,63.76743090,6
2025-11-29T13:00:00Z,61978.08961887,62051.01159298,61933.20287593,62006.10456062,609.02053663,60
2025-11-29T14:00:00Z,62006.10456062,62035.75053220,61975.88401132,62005.52970806,160.96879841,16
2025-11-29T15:00:00Z,62005.52970806,62006.90657392,61963.99736667,61965.37334084,506.15947109,50
2025-11-29T16:00:00Z,61965.37334084,61970.76081138,61942.79351403,61948.17948968,619.91508570,61
2025-11-29T17:00:00Z,61948.17948968,61970.81202237,61906.39912165,61929.02465619,428.87401570,42
2025-11-29T18:00:00Z,61929.02465619,61967.21699677,61907.52034178,61945.70688959,219.28040443,21
2025-11-29T19:00:00Z,61945.70688959,61978.12524508,61915.79056632,61948.20771405,493.49807359,49
2025-11-29T20:00:00Z,61948.20771405,61970.30124656,61916.00844506,61938.09837212,516.23126344,51
2025-11-29T21:00:00Z,61938.09837212,61954.50220736,61913.01129703,61929.41283197,254.00472544,25
2025-11-29T22:00:00Z,61929.41283197,61954.06816027,61921.05126923,61945.70439788,46.87857233,4
2025-11-29T23:00:00Z,61945.70439788,61985.30748541,61931.83076255,61971.42808889,155.22318085,15
2025-11-30T00:00:00Z,61971.42808889,62010.14860988,61954.57641767,61993.29099356,512.65392840,51
2025-11-30T01:00:00Z,61993.29099356,62002.29522992,61957.34538137,61966.34570405,855.52747103,85
2025-11-30T02:00:00Z,61966.34570405,62011.17197007,61965.06906947,62009.89443829,210.10047204,21
2025-11-30T03:00:00Z,62009.89443829,62056.87645162,61985.05545251,62032.02859967,319.07742961,31
2025-11-30T04:00:00Z,62032.02859967,62032.43964588,61989.17680936,61989.58757434,772.78602788,77
2025-11-30T05:00:00Z,61989.58757434,61992.48782181,61961.02777300,61963.92681991,126.62072475,12
2025-11-30T06:00:00Z,61963.92681991,62020.40661285,61932.94771059,61989.41476073,481.75409743,48
2025-11-30T07:00:00Z,61989.41476073,62004.36969161,61971.67149770,61986.62575573,107.03600033,10
2025-11-30T08:00:00Z,61986.62575573,62001.15824774,61947.34825424,61961.87494353,260.12845403,26
2025-11-30T09:00:00Z,61961.87494353,62001.61593451,61942.76591784,61982.50054789,119.72213761,11
2025-11-30T10:00:00Z,61982.50054789,62044.34193250,61874.78880057,61936.58437354,1001.84862148,100
2025-11-30T11:00:00Z,61936.58437354,61960.07906645,61918.87142960,61942.36446949,138.04973307,13
2025-11-30T12:00:00Z,61942.36446949,61976.78662707,61871.97346150,61906.37561961,490.30772233,49
2025-11-30T13:00:00Z,61906.37561961,61970.33389634,61895.83652138,61959.78570544,1203.73161502,120
2025-11-30T14:00:00Z,61959.78570544,61985.23670154,61926.44291887,61951.89067195,418.98701943,41
2025-11-30T15:00:00Z,61951.89067195,61979.44440352,61946.00412215,61973.55579514,92.60530277,9
2025-11-30T16:00:00Z,61973.55579514,61983.32393525,61942.70381576,61952.46863215,589.77589754,58
2025-11-30T17:00:00Z,61952.46863215,61959.61265541,61947.35827874,61954.50213426,147.02732763,14
2025-11-30T18:00:00Z,61954.50213426,61973.33540171,61942.28487452,61961.11683757,115.30140279,11
2025-11-30T19:00:00Z,61961.11683757,61971.06354504,61941.18877817,61951.13388306,84.27732886,8
2025-11-30T20:00:00Z,61951.13388306,61951.20937781,61916.55346206,61916.62891476,863.32084193,86
2025-11-30T21:00:00Z,61916.62891476,61945.64607416,61909.22752865,61938.24210445,520.83606755,52
2025-11-30T22:00:00Z,61938.24210445,61967.58736399,61870.23171373,61899.55864572,470.00829722,47
2025-11-30T23:00:00Z,61899.55864572,61943.94201794,61895.00106848,61939.38150861,1002.09890879,100
2025-12-01T00:00:00Z,61939.38150861,61949.53390443,61869.28063400,61879.42320214,136.45183511,13
2025-12-01T01:00:00Z,61879.42320214,61915.67810945,61836.53841139,61872.78943200,265.35002530,26
2025-12-01T02:00:00Z,61872.78943200,61945.95181039,61836.64679402,61909.78756016,452.58858054,45
2025-12-01T03:00:00Z,61909.78756016,61922.91847619,61887.66425262,61900.79326098,205.90968224,20
2025-12-01T04:00:00Z,61900.79326098,61915.49469285,61888.36836911,61903.06934413,287.59996713,28
2025-12-01T05:00:00Z,61903.06934413,61948.84702022,61833.52643493,61879.28652348,398.41836279,39
2025-12-01T06:00:00Z,61879.28652348,61915.21437159,61872.70179869,61908.62652465,529.59210860,52
2025-12-01T07:00:00Z,61908.62652465,61937.84534379,61906.92671579,61936.14477937,1031.62184978,103
2025-12-01T08:00:00Z,61936.14477937,61948.99661389,61910.05120047,61922.90028674,445.68338935,44
2025-12-01T09:00:00Z,61922.90028674,61975.08370746,61897.89512662,61950.06757688,289.50166617,28
2025-12-01T10:00:00Z,61950.06757688,61977.51559997,61850.62627854,61878.04238965,400.90674773,40
2025-12-01T11:00:00Z,61878.04238965,61890.07148759,61812.98392303,61825.00271006,312.37343140,31
2025-12-01T12:00:00Z,61825.00271006,61934.87195251,61746.48794999,61856.31742427,86.68084411,8
2025-12-01T13:00:00Z,61856.31742427,61967.50758326,61791.87191983,61903.01342822,424.07916791,42
2025-12-01T14:00:00Z,61903.01342822,61999.99386221,61886.88640817,61983.84578366,264.62475603,26
2025-12-01T15:00:00Z,61983.84578366,62049.93463167,61960.75013195,62026.82296633,126.81324549,12
2025-12-01T16:00:00Z,62026.82296633,62072.25942462,61938.25401748,61983.65885680,376.09433145,37
2025-12-01T17:00:00Z,61983.65885680,61987.74390194,61915.63574406,61919.71657507,1941.81112649,194
2025-12-01T18:00:00Z,61919.71657507,61992.17059995,61861.27921064,61933.72001962,398.70850615,39
2025-12-01T19:00:00Z,61933.72001962,62012.81027549,61893.95345351,61973.01847652,127.67504516,12
2025-12-01T20:00:00Z,61973.01847652,62067.46718782,61946.12360207,62040.54300926,628.57209784,62
2025-12-01T21:00:00Z,62040.54300926,62064.82034974,62036.03331113,62060.30921482,365.88720918,36
2025-12-01T22:00:00Z,62060.30921482,62131.63443638,62057.97954969,62129.30218135,1079.34485585,107
2025-12-01T23:00:00Z,62129.30218135,62191.60720330,62094.79323300,62157.08282454,369.75918627,36
2025-12-02T00:00:00Z,62157.08282454,62218.80634539,62099.50704661,62161.22672898,216.36186732,21
2025-12-02T01:00:00Z,62161.22672898,62174.25513923,62149.30375566,62162.33195392,136.10392484,13
2025-12-02T02:00:00Z,62162.33195392,62216.10885858,62107.74867348,62161.52487994,471.87058989,47
2025-12-02T03:00:00Z,62161.52487994,62207.92399790,62139.82687102,62186.21736985,438.02068172,43
2025-12-02T04:00:00Z,62186.21736985,62205.60900995,62138.18247784,62157.56518327,796.56405594,79
2025-12-02T05:00:00Z,62157.56518327,62228.37531048,62137.84532071,62208.63924436,348.94805748,34
2025-12-02T06:00:00Z,62208.63924436,62241.78318392,62155.93106727,62189.06457771,84.28334234,8
2025-12-02T07:00:00Z,62189.06457771,62232.99128323,62140.26607269,62184.18933463,159.95363141,15
2025-12-02T08:00:00Z,62184.18933463,62219.32789548,62151.03384263,62186.17134672,306.24717506,30
2025-12-02T09:00:00Z,62186.17134672,62277.75217837,62095.01977257,62186.59997594,62.61372843,6
2025-12-02T10:00:00Z,62186.59997594,62230.78048566,62114.78908974,62158.94995549,300.27255737,30
2025-12-02T11:00:00Z,62158.94995549,62179.98610848,62137.05932973,62158.09519345,113.82378224,11
2025-12-02T12:00:00Z,62158.09519345,62163.77490374,62117.87406156,62123.55061533,237.63406273,23
2025-12-02T13:00:00Z,62123.55061533,62179.32222761,62095.14201863,62150.90112374,198.39612734,19
2025-12-02T14:00:00Z,62150.90112374,62167.42883070,62104.70004787,62121.21986174,203.78331653,20
2025-12-02T15:00:00Z,62121.21986174,62181.34861415,62112.44113591,62172.56263276,811.55623349,81
2025-12-02T16:00:00Z,62172.56263276,62290.60361244,62139.78830047,62257.78435542,156.99599829,15
2025-12-02T17:00:00Z,62257.78435542,62334.45731014,62252.94882578,62329.61620136,729.79010466,72
2025-12-02T18:00:00Z,62329.61620136,62425.94578909,62312.09880166,62408.40624588,1225.26600361,122
2025-12-02T19:00:00Z,62408.40624588,62481.87776130,62361.61790459,62435.06943029,200.20277863,20
2025-12-02T20:00:00Z,62435.06943029,62487.91579563,62406.38419265,62459.21946247,439.79585142,43
2025-12-02T21:00:00Z,62459.21946247,62516.15384784,62430.55751975,62487.47893712,507.14827328,50
2025-12-02T22:00:00Z,62487.47893712,62515.03439882,62377.31198667,62404.83100264,824.22134382,82
2025-12-02T23:00:00Z,62404.83100264,62430.02676195,62368.04241894,62393.23349579,26.88338850,2
2025-12-03T00:00:00Z,62393.23349579,62440.83399785,62375.30493216,62422.89691050,514.72678566,51
2025-12-03T01:00:00Z,62422.89691050,62488.83214978,62342.03439177,62407.95384718,146.75950506,14
2025-12-03T02:00:00Z,62407.95384718,62439.22090403,62374.29528100,62405.56113908,158.49035478,15
2025-12-03T03:00:00Z,62405.56113908,62440.22660207,62362.34534958,62397.00606033,270.41936767,27
2025-12-03T04:00:00Z,62397.00606033,62461.43376781,62387.23010342,62451.64924977,475.85437846,47
2025-12-03T05:00:00Z,62451.64924977,62500.65099156,62375.19393891,62424.17412276,180.77796978,18
2025-12-03T06:00:00Z,62424.17412276,62433.17042793,62379.26903252,62388.26016192,513.57732628,51
2025-12-03T07:00:00Z,62388.26016192,62430.13953380,62343.54817242,62385.42564158,238.01665622,23
2025-12-03T08:00:00Z,62385.42564158,62404.07432010,62374.43830824,62393.08563768,170.53601137,17
2025-12-03T09:00:00Z,62393.08563768,62419.08887510,62306.05046187,62332.02825272,764.00996746,76
2025-12-03T10:00:00Z,62332.02825272,62394.11436784,62258.15024522,62320.22460326,7.16754491,1
2025-12-03T11:00:00Z,62320.22460326,62354.75356343,62300.92022685,62335.44447250,60.25260720,6
2025-12-03T12:00:00Z,62335.44447250,62362.23330285,62260.61749103,62287.38566798,161.58209983,16
2025-12-03T13:00:00Z,62287.38566798,62304.92506182,62251.89009331,62269.42442948,53.43086522,5
2025-12-03T14:00:00Z,62269.42442948,62280.26357707,62205.54545128,62216.37536470,83.32767221,8
2025-12-03T15:00:00Z,62216.37536470,62231.52552032,62152.32567915,62167.46392447,164.74652470,16
2025-12-03T16:00:00Z,62167.46392447,62244.38448034,62163.34243794,62240.25816780,400.55204130,40
2025-12-03T17:00:00Z,62240.25816780,62281.82717195,62228.64360629,62270.20702173,429.87555193,42
2025-12-03T18:00:00Z,62270.20702173,62296.86318629,62265.93237715,62292.58700540,446.42191658,44
2025-12-03T19:00:00Z,62292.58700540,62368.40442789,62237.36328776,62313.16246966,122.49546468,12
2025-12-03T20:00:00Z,62313.16246966,62333.34935932,62287.96825805,62308.15352502,789.88708687,78
2025-12-03T21:00:00Z,62308.15352502,62343.10735672,62276.36814466,62311.32036086,90.30458346,9
2025-12-03T22:00:00Z,62311.32036086,62413.18546597,62277.13067668,62378.95866923,668.64545030,66
2025-12-03T23:00:00Z,62378.95866923,62424.13750697,62371.65451918,62416.82892257,993.64744743,99
2025-12-04T00:00:00Z,62416.82892257,62493.79967785,62332.28166509,62409.24306570,32.57926924,3
2025-12-04T01:00:00Z,62409.24306570,62448.35893023,62361.38164139,62400.49202108,46.89144334,4
2025-12-04T02:00:00Z,62400.49202108,62508.83222810,62320.20276746,62428.50692834,469.48962559,46
2025-12-04T03:00:00Z,62428.50692834,62450.90651512,62411.40312679,62433.80126306,111.17657402,11
2025-12-04T04:00:00Z,62433.80126306,62464.22380962,62421.64654315,62452.06553399,7.18546646,1
2025-12-04T05:00:00Z,62452.06553399,62477.47400706,62401.72034559,62427.11866908,214.07074334,21
2025-12-04T06:00:00Z,62427.11866908,62454.07013598,62400.69420378,62427.64544769,195.04449870,19
2025-12-04T07:00:00Z,62427.64544769,62463.50191373,62417.29623617,62453.14847433,348.12396195,34
2025-12-04T08:00:00Z,62453.14847433,62462.15880415,62446.00189523,62455.01201180,164.86928598,16
2025-12-04T09:00:00Z,62455.01201180,62479.46589467,62420.39977908,62444.84968295,315.62858248,31
2025-12-04T10:00:00Z,62444.84968295,62460.20629972,62364.07654983,62379.41707522,332.48954828,33
2025-12-04T11:00:00Z,62379.41707522,62390.26997205,62332.07534828,62342.92189560,365.04963183,36
2025-12-04T12:00:00Z,62342.92189560,62345.68816152,62331.32903179,62334.09490605,364.23459186,36
2025-12-04T13:00:00Z,62334.09490605,62391.44963532,62319.43207568,62376.77676491,207.66523907,20
2025-12-04T14:00:00Z,62376.77676491,62392.89824926,62324.83581737,62340.94804167,742.20281376,74
2025-12-04T15:00:00Z,62340.94804167,62356.64478485,62299.87797573,62315.56832859,177.94072035,17
2025-12-04T16:00:00Z,62315.56832859,62319.04258873,62290.80243441,62294.27550742,171.95708620,17
2025-12-04T17:00:00Z,62294.27550742,62334.47654704,62270.34350354,62310.53829538,759.88458194,75
2025-12-04T18:00:00Z,62310.53829538,62340.33874372,62231.00498437,62260.78163625,646.69414671,64
2025-12-04T19:00:00Z,62260.78163625,62283.62733487,62222.16011129,62245.00001907,493.48035213,49
2025-12-04T20:00:00Z,62245.00001907,62249.88598114,62236.69384435,62241.57953793,124.82692538,12
2025-12-04T21:00:00Z,62241.57953793,62255.71893414,62222.38465975,62236.52290725,50.28336626,5
2025-12-04T22:00:00Z,62236.52290725,62270.60091452,62198.81302516,62232.88904269,491.68711470,49
2025-12-04T23:00:00Z,62232.88904269,62238.71044440,62184.59697133,62190.41439988,614.89974648,61
2025-12-05T00:00:00Z,62190.41439988,62231.31688994,62180.78010535,62221.67775222,299.04600855,29
2025-12-05T01:00:00Z,62221.67775222,62239.13262893,62213.16803940,62230.62169290,89.43462257,8
2025-12-05T02:00:00Z,62230.62169290,62246.36584484,62186.32607481,62202.06300148,286.46320150,28
2025-12-05T03:00:00Z,62202.06300148,62231.98808215,62098.93304716,62128.82289241,650.87755670,65
2025-12-05T04:00:00Z,62128.82289241,62189.74275479,62114.41817656,62175.32725680,250.82954474,25
2025-12-05T05:00:00Z,62175.32725680,62182.74050986,62165.16504819,62172.57797345,372.69376375,37
2025-12-05T06:00:00Z,62172.57797345,62184.90031508,62125.16499527,62137.48038071,1580.46644182,158
2025-12-05T07:00:00Z,62137.48038071,62169.65128659,62084.14462312,62116.30456549,336.87674641,33
2025-12-05T08:00:00Z,62116.30456549,62123.48920449,62078.45074040,62085.63183167,504.62840952,50
2025-12-05T09:00:00Z,62085.63183167,62117.10190211,62071.46570385,62102.93182694,505.55424931,50
2025-12-05T10:00:00Z,62102.93182694,62153.08069184,62047.47646185,62097.62103823,286.27021290,28
2025-12-05T11:00:00Z,62097.62103823,62158.79835742,62041.34936458,62102.52224239,69.95889645,6
2025-12-05T12:00:00Z,62102.52224239,62106.71898004,62095.14347696,62099.33999956,285.02833953,28
2025-12-05T13:00:00Z,62099.33999956,62137.23101948,62017.76497568,62055.62932476,949.01733333,94
2025-12-05T14:00:00Z,62055.62932476,62123.48689065,62001.23258405,62069.07836078,154.62222606,15
2025-12-05T15:00:00Z,62069.07836078,62076.47008345,62068.24505860,62075.63669322,119.43460362,11
2025-12-05T16:00:00Z,62075.63669322,62102.99471016,62070.68916775,62098.04539868,229.67274415,22
2025-12-05T17:00:00Z,62098.04539868,62112.55363964,62073.90488713,62088.41087713,573.80808770,57
2025-12-05T18:00:00Z,62088.41087713,62106.96801679,62029.84620692,62048.39138545,180.70299117,18
2025-12-05T19:00:00Z,62048.39138545,62062.99536488,61974.45886655,61989.04887887,614.33417932,61
2025-12-05T20:00:00Z,61989.04887887,62006.42046312,61938.85411959,61956.21650302,669.90753746,66
2025-12-05T21:00:00Z,61956.21650302,61960.53531030,61949.09493452,61953.41354642,59.63640763,5
2025-12-05T22:00:00Z,61953.41354642,61966.56863200,61936.94658025,61950.10096244,392.55813488,39
2025-12-05T23:00:00Z,61950.10096244,61989.75675585,61927.34253753,61966.99212568,327.64987400,32
2025-12-06T00:00:00Z,61966.99212568,61986.68047777,61917.02728613,61936.70601562,127.23925530,12
2025-12-06T01:00:00Z,61936.70601562,61969.27659335,61909.89526805,61942.46335358,247.46517816,24
2025-12-06T02:00:00Z,61942.46335358,61977.90337340,61928.30534226,61963.74049882,185.14022537,18
2025-12-06T03:00:00Z,61963.74049882,62009.38202459,61940.31971345,61985.95284350,859.64351084,85
2025-12-06T04:00:00Z,61985.95284350,61989.61125830,61979.91801131,61983.57628584,142.62520195,14
2025-12-06T05:00:00Z,61983.57628584,62000.68146117,61903.14239786,61920.23009197,504.58102666,50
2025-12-06T06:00:00Z,61920.23009197,61970.29872403,61906.35091459,61956.41143673,277.89298396,27
2025-12-06T07:00:00Z,61956.41143673,62014.59398976,61944.45599150,62002.62962602,143.94325346,14
2025-12-06T08:00:00Z,62002.62962602,62027.50146319,61990.85606781,62015.72541825,378.08458367,37
2025-12-06T09:00:00Z,62015.72541825,62099.79929721,61999.21626678,62083.27216418,297.96092216,29
2025-12-06T10:00:00Z,62083.27216418,62183.44427286,61964.72928566,62064.87170498,279.24025522,27
2025-12-06T11:00:00Z,62064.87170498,62078.68482199,62035.15775779,62048.96733513,66.58658526,6
2025-12-06T12:00:00Z,62048.96733513,62053.89751435,62025.41240962,62030.34110887,167.14376766,16
2025-12-06T13:00:00Z,62030.34110887,62080.81941536,61915.51142165,61965.93731840,153.87588989,15
2025-12-06T14:00:00Z,61965.93731840,61985.87743731,61850.74965138,61870.65911056,369.10196550,36
2025-12-06T15:00:00Z,61870.65911056,61930.61196044,61731.96297914,61791.83945254,1026.00520082,102
2025-12-06T16:00:00Z,61791.83945254,61816.06424175,61777.78734718,61802.00982354,100.60755839,10
2025-12-06T17:00:00Z,61802.00982354,61802.67428614,61748.54494824,61749.20884315,80.83793275,8
2025-12-06T18:00:00Z,61749.20884315,61767.69804004,61654.55065232,61673.01703555,375.62529961,37
2025-12-06T19:00:00Z,61673.01703555,61699.83942375,61603.45354326,61630.25733472,357.60185154,35
2025-12-06T20:00:00Z,61630.25733472,61690.58044394,61588.56555594,61648.87606992,175.32715506,17
2025-12-06T21:00:00Z,61648.87606992,61707.11377047,61569.29292360,61627.51044073,230.53649721,23
2025-12-06T22:00:00Z,61627.51044073,61707.57732071,61599.98321901,61680.02664153,790.80510200,79
2025-12-06T23:00:00Z,61680.02664153,61776.01526497,61654.72973807,61750.68938051,371.10926887,37
2025-12-07T00:00:00Z,61750.68938051,61787.04218751,61750.48079417,61786.83347908,422.89274791,42
2025-12-07T01:00:00Z,61786.83347908,61827.14975939,61781.98614920,61822.29964710,316.86210869,31
2025-12-07T02:00:00Z,61822.29964710,61838.31848421,61779.91119078,61795.92319346,408.80055682,40
2025-12-07T03:00:00Z,61795.92319346,61835.32151458,61760.88939045,61800.28523862,220.04025014,22
2025-12-07T04:00:00Z,61800.28523862,61828.33615161,61768.69228220,61796.74158674,273.70490389,27
2025-12-07T05:00:00Z,61796.74158674,61814.93837579,61762.60229193,61780.79438514,1719.12077616,171
2025-12-07T06:00:00Z,61780.79438514,61826.43813133,61778.64250104,61824.28473242,143.99302924,14
2025-12-07T07:00:00Z,61824.28473242,61912.82915327,61791.14366003,61879.65839768,970.36924362,97
2025-12-07T08:00:00Z,61879.65839768,62013.85692485,61828.34698284,61962.47683589,1563.63577165,156
2025-12-07T09:00:00Z,61962.47683589,62051.84871437,61909.38298372,61998.72380322,585.10050820,58
2025-12-07T10:00:00Z,61998.72380322,62028.20042440,61981.74094078,62011.21414058,438.97635034,43
2025-12-07T11:00:00Z,62011.21414058,62060.83157219,62001.58259353,62051.19381552,902.40809788,90
2025-12-07T12:00:00Z,62051.19381552,62063.10874690,62038.47755851,62050.39233600,207.03735957,20
2025-12-07T13:00:00Z,62050.39233600,62150.02802406,62007.09097315,62106.68737618,588.63101239,58
2025-12-07T14:00:00Z,62106.68737618,62114.88281641,62062.54216790,62070.73286367,174.12868169,17
2025-12-07T15:00:00Z,62070.73286367,62122.53718258,62004.63141212,62056.42378866,69.73265501,6
2025-12-07T16:00:00Z,62056.42378866,62110.89382209,62005.48313631,62059.95027493,330.80424435,33
2025-12-07T17:00:00Z,62059.95027493,62091.57186295,62006.68421028,62038.29476410,255.77945648,25
2025-12-07T18:00:00Z,62038.29476410,62167.98561395,61965.23522441,62094.85946071,140.43733616,14
2025-12-07T19:00:00Z,62094.85946071,62172.72603477,62093.76320948,62171.62842822,723.04862253,72
2025-12-07T20:00:00Z,62171.62842822,62173.23304080,62166.03339405,62167.63790364,36.05065685,3
2025-12-07T21:00:00Z,62167.63790364,62244.86091911,62110.99150200,62188.19578538,165.97716461,16
2025-12-07T22:00:00Z,62188.19578538,62222.94125848,62147.27342534,62182.01544540,74.66409508,7
2025-12-07T23:00:00Z,62182.01544540,62186.55211574,62149.89900973,62154.43366777,55.95169958,5
2025-12-08T00:00:00Z,62154.43366777,62182.54857334,62131.05403105,62159.16715611,99.76129385,9
2025-12-08T01:00:00Z,62159.16715611,62190.31951346,62153.32482335,62184.47480204,121.22292303,12
2025-12-08T02:00:00Z,62184.47480204,62225.22278774,62170.87759122,62211.61964146,96.15278426,9
2025-12-08T03:00:00Z,62211.61964146,62237.67248603,62182.23867543,62208.29012567,387.73209183,38
2025-12-08T04:00:00Z,62208.29012567,62267.14253501,62141.09893017,62199.94344310,207.94007103,20
2025-12-08T05:00:00Z,62199.94344310,62204.55540054,62140.04358917,62144.65144686,735.91086767,73
2025-12-08T06:00:00Z,62144.65144686,62185.98097319,62116.62556350,62157.94909287,230.00849715,23
2025-12-08T07:00:00Z,62157.94909287,62206.95478458,62152.66699441,62201.66897087,51.00378344,5
2025-12-08T08:00:00Z,62201.66897087,62281.16709128,62159.37677127,62238.84961179,407.80031955,40
2025-12-08T09:00:00Z,62238.84961179,62262.36142258,62236.30563907,62259.81659285,355.24474415,35
2025-12-08T10:00:00Z,62259.81659285,62276.08129287,62248.58994889,62264.85374061,369.06466167,36
2025-12-08T11:00:00Z,62264.85374061,62399.79286646,62216.86738575,62351.73955034,153.33033974,15
2025-12-08T12:00:00Z,62351.73955034,62420.29341294,62338.24665063,62406.78860064,508.97973083,50
2025-12-08T13:00:00Z,62406.78860064,62518.10364745,62344.58042867,62455.84657364,282.09173248,28
2025-12-08T14:00:00Z,62455.84657364,62456.69145631,62432.14436599,62432.98893945,835.85187814,83
2025-12-08T15:00:00Z,62432.98893945,62433.15821279,62423.06109102,62423.23033791,135.32497583,13
2025-12-08T16:00:00Z,62423.23033791,62512.63688228,62382.75415633,62472.12899406,566.92737692,56
2025-12-08T17:00:00Z,62472.12899406,62534.92739008,62433.00274440,62495.78632385,169.97129459,16
2025-12-08T18:00:00Z,62495.78632385,62539.44282706,62418.91615098,62462.54943652,474.26923345,47
2025-12-08T19:00:00Z,62462.54943652,62498.37784251,62388.56321135,62424.36971752,999.86543805,99
2025-12-08T20:00:00Z,62424.36971752,62424.43924106,62395.64988602,62395.71937765,173.91203968,17
2025-12-08T21:00:00Z,62395.71937765,62435.14608975,62376.48181814,62415.90230753,560.64372565,56
2025-12-08T22:00:00Z,62415.90230753,62423.60144040,62365.52723833,62373.22110638,1052.83963114,105
2025-12-08T23:00:00Z,62373.22110638,62391.81434929,62340.93207761,62359.52123663,108.18048141,10
2025-12-09T00:00:00Z,62359.52123663,62396.01141556,62327.41295327,62363.90087716,55.15154838,5
2025-12-09T01:00:00Z,62363.90087716,62423.36173831,62318.76612824,62378.21662861,115.45667362,11
2025-12-09T02:00:00Z,62378.21662861,62410.73526761,62367.89736936,62400.41233652,97.13831515,9
2025-12-09T03:00:00Z,62400.41233652,62453.74117984,62350.11441126,62403.44081348,254.44634157,25
2025-12-09T04:00:00Z,62403.44081348,62443.51872287,62377.37238425,62417.44444376,1137.10279363,113
2025-12-09T05:00:00Z,62417.44444376,62540.82745891,62390.13781154,62513.47881320,424.35827113,42
2025-12-09T06:00:00Z,62513.47881320,62561.65590215,62430.36354724,62478.51368972,621.65479254,62
2025-12-09T07:00:00Z,62478.51368972,62544.91631892,62441.58488581,62507.97010437,117.85398640,11
2025-12-09T08:00:00Z,62507.97010437,62550.41542159,62501.83779612,62544.27955122,532.33355126,53
2025-12-09T09:00:00Z,62544.27955122,62574.17842554,62517.31157853,62547.20918964,34.63343001,3
2025-12-09T10:00:00Z,62547.20918964,62567.51322570,62492.04676176,62512.33947844,19.35567580,1
2025-12-09T11:00:00Z,62512.33947844,62583.88597528,62460.11833351,62531.64869994,603.95666482,60
2025-12-09T12:00:00Z,62531.64869994,62571.08827533,62426.74274220,62466.14100098,867.61744579,86
2025-12-09T13:00:00Z,62466.14100098,62504.42379777,62350.65147380,62388.88692490,688.94300212,68
2025-12-09T14:00:00Z,62388.88692490,62420.77986927,62368.57165431,62400.46082995,238.81606402,23
2025-12-09T15:00:00Z,62400.46082995,62410.30380144,62388.33676563,62398.17937725,331.70993864,33
2025-12-09T16:00:00Z,62398.17937725,62411.63660533,62397.22861908,62410.68565661,457.15532256,45
2025-12-09T17:00:00Z,62410.68565661,62430.40266694,62401.51258367,62421.22804449,56.96896926,5
2025-12-09T18:00:00Z,62421.22804449,62525.66321152,62326.24641772,62430.66722187,236.71518007,23
2025-12-09T19:00:00Z,62430.66722187,62474.69674991,62395.89417382,62439.91854899,163.98030037,16
2025-12-09T20:00:00Z,62439.91854899,62483.55501862,62395.44537877,62439.08126326,429.96139065,42
2025-12-09T21:00:00Z,62439.08126326,62475.13007891,62401.87838815,62437.92653713,47.93062601,4
2025-12-09T22:00:00Z,62437.92653713,62461.61449909,62389.83103897,62413.50973758,734.92709987,73
2025-12-09T23:00:00Z,62413.50973758,62484.42090224,62396.11147710,62467.00772877,346.00687529,34
2025-12-10T00:00:00Z,62467.00772877,62480.20936006,62446.99403642,62460.19422776,337.09865440,33
2025-12-10T01:00:00Z,62460.19422776,62468.86157213,62340.60071314,62349.25266260,975.54585507,97
2025-12-10T02:00:00Z,62349.25266260,62436.21289573,62303.53055696,62390.46057141,142.80486908,14
2025-12-10T03:00:00Z,62390.46057141,62399.05714597,62371.29601200,62379.89113024,415.37145697,41
2025-12-10T04:00:00Z,62379.89113024,62441.39603491,62332.05283160,62393.54726357,415.79987648,41
2025-12-10T05:00:00Z,62393.54726357,62432.43442080,62390.59171982,62429.47717507,268.34901686,26
2025-12-10T06:00:00Z,62429.47717507,62437.75329252,62391.89771759,62400.16994985,103.13213951,10
2025-12-10T07:00:00Z,62400.16994985,62490.23728719,62280.60897342,62370.63367861,22.26179201,2
2025-12-10T08:00:00Z,62370.63367861,62395.44171052,62359.87928686,62384.68489596,373.47128567,37
2025-12-10T09:00:00Z,62384.68489596,62429.54408668,62363.33313108,62408.18427891,155.07124024,15
2025-12-10T10:00:00Z,62408.18427891,62481.19692682,62368.19105973,62441.18256126,146.45277139,14
2025-12-10T11:00:00Z,62441.18256126,62447.19515792,62414.38112627,62420.39172093,162.05408013,16
2025-12-10T12:00:00Z,62420.39172093,62453.73761395,62374.47484669,62407.81402052,290.92849817,29
2025-12-10T13:00:00Z,62407.81402052,62413.94674886,62371.91777096,62378.04757421,171.92344522,17
2025-12-10T14:00:00Z,62378.04757421,62421.26956085,62344.89815824,62388.11479489,139.93709562,13
2025-12-10T15:00:00Z,62388.11479489,62480.83472423,62347.99352116,62440.67964649,2420.26891933,242
2025-12-10T16:00:00Z,62440.67964649,62511.59325124,62420.37501046,62491.27216340,779.07561132,77
2025-12-10T17:00:00Z,62491.27216340,62498.83187817,62473.24060657,62480.79905438,281.23272523,28
2025-12-10T18:00:00Z,62480.79905438,62516.66172825,62471.40341587,62507.26211032,572.53549464,57
2025-12-10T19:00:00Z,62507.26211032,62622.41943087,62440.72012688,62555.82574910,759.67933534,75
2025-12-10T20:00:00Z,62555.82574910,62650.33298639,62465.05749576,62559.55931566,283.94103928,28
2025-12-10T21:00:00Z,62559.55931566,62587.55009924,62519.08115947,62547.06635337,245.68295589,24
2025-12-10T22:00:00Z,62547.06635337,62550.49189145,62516.71367721,62520.13774048,53.70420876,5
2025-12-10T23:00:00Z,62520.13774048,62545.38388455,62447.23223136,62472.45912240,518.37670655,51
2025-12-11T00:00:00Z,62472.45912240,62536.73817379,62386.80415917,62451.06119384,539.33998390,53
2025-12-11T01:00:00Z,62451.06119384,62464.68032672,62399.52301242,62413.13387423,388.90042508,38
2025-12-11T02:00:00Z,62413.13387423,62444.07868171,62291.61663920,62322.51651804,102.65915919,10
2025-12-11T03:00:00Z,62322.51651804,62345.11291286,62306.90804329,62329.50268844,163.58051449,16
2025-12-11T04:00:00Z,62329.50268844,62421.73878566,62308.44652089,62400.65858020,1645.73545752,164
2025-12-11T05:00:00Z,62400.65858020,62453.88027698,62394.05345375,62447.27021667,391.62565040,39
2025-12-11T06:00:00Z,62447.27021667,62470.92297686,62422.44392443,62446.09623996,235.43246322,23
2025-12-11T07:00:00Z,62446.09623996,62522.33793054,62429.72230543,62505.94830226,990.18218394,99
2025-12-11T08:00:00Z,62505.94830226,62642.87966953,62421.24960323,62558.11028839,268.26522661,26
2025-12-11T09:00:00Z,62558.11028839,62634.67464529,62503.80063925,62580.34569254,48.06235326,4
2025-12-11T10:00:00Z,62580.34569254,62630.18104163,62575.12756585,62624.95919494,305.72954771,30
2025-12-11T11:00:00Z,62624.95919494,62693.43885632,62548.50873024,62616.97966610,826.85934012,82
2025-12-11T12:00:00Z,62616.97966610,62654.40440511,62553.25211933,62590.66112835,428.92775738,42
2025-12-11T13:00:00Z,62590.66112835,62652.63685559,62575.96201280,62637.92663997,605.05792614,60
2025-12-11T14:00:00Z,62637.92663997,62758.11249703,62591.01848924,62711.14951132,272.55928394,27
2025-12-11T15:00:00Z,62711.14951132,62735.23673640,62700.34685569,62724.43179275,250.67744528,25
2025-12-11T16:00:00Z,62724.43179275,62775.06222739,62669.32412121,62719.95093895,215.11658856,21
2025-12-11T17:00:00Z,62719.95093895,62778.05588003,62703.48665602,62761.58066910,438.23487394,43
2025-12-11T18:00:00Z,62761.58066910,62762.50257142,62759.36806073,62760.28994410,131.02366536,13
2025-12-11T19:00:00Z,62760.28994410,62792.40915809,62743.31675344,62775.43187238,363.95540896,36
2025-12-11T20:00:00Z,62775.43187238,62816.79707281,62754.97587382,62796.33426299,94.84733780,9
2025-12-11T21:00:00Z,62796.33426299,62879.86264723,62679.93468403,62763.41928649,30.06616070,3
2025-12-11T22:00:00Z,62763.41928649,62827.76694511,62694.13547022,62758.47806288,140.21525802,14
2025-12-11T23:00:00Z,62758.47806288,62816.43832229,62734.44751507,62792.39478758,393.73766192,39
2025-12-12T00:00:00Z,62792.39478758,62846.52369940,62776.06929028,62830.18837608,60.71778965,6
2025-12-12T01:00:00Z,62830.18837608,62846.68285988,62808.36415666,62824.85724090,132.97888603,13
2025-12-12T02:00:00Z,62824.85724090,62848.32702725,62822.75694979,62846.22602176,986.18073010,98
2025-12-12T03:00:00Z,62846.22602176,62864.32233315,62827.09753263,62845.19354672,173.66350224,17
2025-12-12T04:00:00Z,62845.19354672,62909.28918485,62832.02643780,62896.11140779,196.15137529,19
2025-12-12T05:00:00Z,62896.11140779,62914.66858771,62883.61188900,62902.16786530,251.64941025,25
2025-12-12T06:00:00Z,62902.16786530,62941.21864803,62895.53269462,62934.58005838,352.53549077,35
2025-12-12T07:00:00Z,62934.58005838,63042.86642593,62878.73060841,62986.97048361,1686.98816339,168
2025-12-12T08:00:00Z,62986.97048361,63038.36503225,62960.13958704,63011.52367663,209.07704987,20
2025-12-12T09:00:00Z,63011.52367663,63011.89811530,62945.41981179,62945.79385988,660.31551625,66
2025-12-12T10:00:00Z,62945.79385988,62952.07443820,62862.10361245,62868.37646626,359.57203873,35
2025-12-12T11:00:00Z,62868.37646626,62894.93492716,62841.35974560,62867.91801283,167.28284899,16
2025-12-12T12:00:00Z,62867.91801283,62920.18230769,62839.99426590,62892.24775433,108.83067432,10
2025-12-12T13:00:00Z,62892.24775433,62960.70632119,62844.92894447,62913.37161818,132.85149951,13
2025-12-12T14:00:00Z,62913.37161818,62997.86736303,62864.51172367,62948.97981442,555.79959976,55
2025-12-12T15:00:00Z,62948.97981442,63025.07798962,62877.86369323,62953.95624635,632.99142515,63
2025-12-12T16:00:00Z,62953.95624635,63017.12324618,62867.64850432,62930.79226178,17.27473312,1
2025-12-12T17:00:00Z,62930.79226178,62981.14283728,62843.07151574,62893.39216763,299.12441008,29
2025-12-12T18:00:00Z,62893.39216763,62963.42482917,62810.15703374,62880.17497776,110.74921820,11
2025-12-12T19:00:00Z,62880.17497776,62898.37371004,62854.92039667,62873.11708626,213.98622582,21
2025-12-12T20:00:00Z,62873.11708626,62936.18776861,62789.59261459,62852.64275828,172.94513036,17
2025-12-12T21:00:00Z,62852.64275828,62904.58624805,62803.31533209,62855.25677036,129.18432862,12
2025-12-12T22:00:00Z,62855.25677036,62873.00626789,62830.06718816,62847.81458412,253.96291086,25
2025-12-12T23:00:00Z,62847.81458412,62907.02625112,62793.47293666,62852.68039642,89.21592387,8
2025-12-13T00:00:00Z,62852.68039642,62855.05682128,62824.61039201,62826.98584537,116.11629072,11
2025-12-13T01:00:00Z,62826.98584537,62923.78924970,62810.30778491,62907.08992480,531.63697937,53
2025-12-13T02:00:00Z,62907.08992480,62927.48973790,62847.86529778,62868.25251650,379.83868642,37
2025-12-13T03:00:00Z,62868.25251650,62887.94944732,62848.71522693,62868.41210816,74.00594591,7
2025-12-13T04:00:00Z,62868.41210816,62914.48313517,62854.15801758,62900.22183240,141.39676728,14
2025-12-13T05:00:00Z,62900.22183240,62928.01922219,62886.22231995,62914.01663948,363.67638006,36
2025-12-13T06:00:00Z,62914.01663948,62938.97084143,62912.83052762,62937.78428148,158.40278668,15
2025-12-13T07:00:00Z,62937.78428148,62942.76700199,62920.83125188,62925.81302463,193.47658087,19
2025-12-13T08:00:00Z,62925.81302463,62929.95941912,62900.67016846,62904.81517933,46.34518904,4
2025-12-13T09:00:00Z,62904.81517933,62953.11235006,62853.64697998,62901.94194470,209.10927410,20
2025-12-13T10:00:00Z,62901.94194470,62950.43750543,62900.96243587,62949.45725670,251.42957288,25
2025-12-13T11:00:00Z,62949.45725670,62969.88379023,62921.58529156,62942.00940833,210.55898218,21
2025-12-13T12:00:00Z,62942.00940833,62949.86354002,62920.66345363,62928.51590155,341.15791604,34
2025-12-13T13:00:00Z,62928.51590155,62934.41050100,62924.68358045,62930.57805432,411.14352441,41
2025-12-13T14:00:00Z,62930.57805432,62959.44214509,62929.66288143,62958.52656576,80.19136684,8
2025-12-13T15:00:00Z,62958.52656576,63020.94584112,62939.76834187,63002.17461248,57.10616977,5
2025-12-13T16:00:00Z,63002.17461248,63014.63025573,62977.63516337,62990.08841716,289.12727151,28
2025-12-13T17:00:00Z,62990.08841716,63015.52109590,62974.07931795,62999.50960227,96.50039654,9
2025-12-13T18:00:00Z,62999.50960227,63040.17750200,62933.35787090,62974.00930950,382.55603075,38
2025-12-13T19:00:00Z,62974.00930950,63003.96482330,62906.34458282,62936.28215054,267.84957256,26
2025-12-13T20:00:00Z,62936.28215054,62963.53242988,62885.36103191,62912.60105777,323.95842599,32
2025-12-13T21:00:00Z,62912.60105777,62921.04332065,62856.53566552,62864.97153699,100.13056340,10
2025-12-13T22:00:00Z,62864.97153699,62966.44009206,62850.49982107,62951.94835381,939.13303898,93
2025-12-13T23:00:00Z,62951.94835381,62988.76537122,62900.84826651,62937.65692568,296.87563274,29
2025-12-14T00:00:00Z,62937.65692568,62965.18119019,62866.63534287,62894.14057656,102.91733981,10
2025-12-14T01:00:00Z,62894.14057656,62907.91998913,62817.27053379,62831.03612087,1431.10311747,143
2025-12-14T02:00:00Z,62831.03612087,62854.70872063,62770.67959540,62794.33836869,171.84504347,17
2025-12-14T03:00:00Z,62794.33836869,62877.73883165,62773.97989570,62857.35992652,352.50057169,35
2025-12-14T04:00:00Z,62857.35992652,62874.83358232,62773.59509124,62791.05031370,1011.77830350,101
2025-12-14T05:00:00Z,62791.05031370,62854.75527160,62790.93554884,62854.64039052,182.05243169,18
2025-12-14T06:00:00Z,62854.64039052,62899.59199673,62782.93884947,62827.87131130,307.87737556,30
2025-12-14T07:00:00Z,62827.87131130,62849.70233742,62814.38205413,62836.21128964,156.11081378,15
2025-12-14T08:00:00Z,62836.21128964,62881.09227855,62826.82652866,62871.70221691,567.30796213,56
2025-12-14T09:00:00Z,62871.70221691,62896.74516173,62818.96315429,62843.99506284,195.21023311,19
2025-12-14T10:00:00Z,62843.99506284,62856.73078389,62838.04722056,62850.78229923,245.99883751,24
2025-12-14T11:00:00Z,62850.78229923,62904.17370485,62794.07670170,62847.46528953,191.18541814,19
2025-12-14T12:00:00Z,62847.46528953,62886.77848731,62832.52311219,62871.83051707,322.65600069,32
2025-12-14T13:00:00Z,62871.83051707,62916.57143050,62724.12074335,62768.78832979,1171.62355376,117
2025-12-14T14:00:00Z,62768.78832979,62836.97881455,62686.88400725,62755.05957741,341.39456004,34
2025-12-14T15:00:00Z,62755.05957741,62756.94368355,62752.91813023,62754.80222864,358.18370000,35
2025-12-14T16:00:00Z,62754.80222864,62772.79368012,62727.02890487,62745.01755114,293.70134379,29
2025-12-14T17:00:00Z,62745.01755114,62784.63033930,62666.29961883,62705.88770316,709.45038200,70
2025-12-14T18:00:00Z,62705.88770316,62707.21217971,62634.46884686,62635.79184284,141.10587219,14
2025-12-14T19:00:00Z,62635.79184284,62641.97746798,62589.10156809,62595.28319277,439.09516225,43
2025-12-14T20:00:00Z,62595.28319277,62637.50358500,62558.08078925,62600.29820090,125.66991738,12
2025-12-14T21:00:00Z,62600.29820090,62618.92963232,62584.30167058,62602.93242886,175.09832207,17
2025-12-14T22:00:00Z,62602.93242886,62606.68200726,62530.03007871,62533.77551498,71.70765695,7
2025-12-14T23:00:00Z,62533.77551498,62554.81828144,62468.26040702,62489.28820340,990.76239762,99
2025-12-15T00:00:00Z,62489.28820340,62519.07235621,62441.16308001,62470.93848683,672.18430495,67
2025-12-15T01:00:00Z,62470.93848683,62471.13437860,62455.84505012,62456.04089517,132.10306930,13
2025-12-15T02:00:00Z,62456.04089517,62467.79903610,62440.99095889,62452.74847998,213.97351790,21
2025-12-15T03:00:00Z,62452.74847998,62460.62767111,62430.33304938,62438.21040635,370.05401038,37
2025-12-15T04:00:00Z,62438.21040635,62453.83224422,62424.40385321,62440.02528976,106.49967497,10
2025-12-15T05:00:00Z,62440.02528976,62457.22405334,62361.34065891,62378.52248188,358.24130155,35
2025-12-15T06:00:00Z,62378.52248188,62413.26596379,62349.63633841,62384.37710917,135.37779669,13
2025-12-15T07:00:00Z,62384.37710917,62400.75560538,62331.57150616,62347.94043622,1042.59108584,104
2025-12-15T08:00:00Z,62347.94043622,62354.42243299,62335.21268276,62341.69403013,11.67291838,1
2025-12-15T09:00:00Z,62341.69403013,62347.85679049,62300.65502192,62306.81433427,296.85650936,29
2025-12-15T10:00:00Z,62306.81433427,62307.18741576,62287.59591772,62287.96888636,771.98678750,77
2025-12-15T11:00:00Z,62287.96888636,62338.64115209,62226.86325390,62277.52702500,99.93978912,9
2025-12-15T12:00:00Z,62277.52702500,62326.10094594,62247.29226113,62295.85728301,167.92105890,16
2025-12-15T13:00:00Z,62295.85728301,62302.38170264,62283.68608783,62290.20991600,95.16404291,9
2025-12-15T14:00:00Z,62290.20991600,62299.14695749,62246.67093441,62255.60301071,240.39718607,24
2025-12-15T15:00:00Z,62255.60301071,62277.12021870,62187.24955229,62208.75056682,817.36274073,81
2025-12-15T16:00:00Z,62208.75056682,62225.75031883,62192.91384128,62209.91329729,79.79799243,7
2025-12-15T17:00:00Z,62209.91329729,62274.11058361,62172.80851242,62236.98964919,369.06088059,36
2025-12-15T18:00:00Z,62236.98964919,62277.82552386,62224.80771578,62265.63798297,231.25100698,23
2025-12-15T19:00:00Z,62265.63798297,62290.21276662,62251.33654128,62275.90896584,181.68601524,18
2025-12-15T20:00:00Z,62275.90896584,62326.96026307,62226.95951810,62278.00916456,210.43453859,21
2025-12-15T21:00:00Z,62278.00916456,62296.40762892,62236.88916969,62255.28091956,984.54261258,98
2025-12-15T22:00:00Z,62255.28091956,62302.88424730,62200.93943312,62248.53760461,125.80711159,12
2025-12-15T23:00:00Z,62248.53760461,62282.12698024,62232.09956082,62265.68440848,266.04447993,26
2025-12-16T00:00:00Z,62265.68440848,62280.60672095,62215.89545876,62230.80941324,444.32350002,44
2025-12-16T01:00:00Z,62230.80941324,62249.37461775,62198.93194092,62217.49317281,98.53460897,9
2025-12-16T02:00:00Z,62217.49317281,62246.89728717,62171.98933370,62201.38583569,544.64517938,54
2025-12-16T03:00:00Z,62201.38583569,62213.31107980,62198.82494969,62210.74980828,77.33013882,7
2025-12-16T04:00:00Z,62210.74980828,62224.24169733,62195.12943377,62208.62086111,155.65458670,15
2025-12-16T05:00:00Z,62208.62086111,62229.19328814,62173.60292329,62194.17057161,690.28842802,69
2025-12-16T06:00:00Z,62194.17057161,62218.28444085,62141.69152408,62165.79439133,71.96266186,7
2025-12-16T07:00:00Z,62165.79439133,62197.27492377,62150.08887155,62181.56541960,228.36372836,22
2025-12-16T08:00:00Z,62181.56541960,62219.86628586,62171.28207857,62209.57831217,311.27222758,31
2025-12-16T09:00:00Z,62209.57831217,62249.04955767,62185.56912146,62225.03440183,185.67336270,18
2025-12-16T10:00:00Z,62225.03440183,62255.01320209,62195.64008534,62225.61860962,202.59468865,20
2025-12-16T11:00:00Z,62225.61860962,62252.23978427,62178.83337873,62205.44592316,1058.58835751,105
2025-12-16T12:00:00Z,62205.44592316,62216.36561533,62189.90543638,62200.82431727,17.56862170,1
2025-12-16T13:00:00Z,62200.82431727,62201.72724245,62187.20748926,62188.11022988,178.96908280,17
2025-12-16T14:00:00Z,62188.11022988,62198.16258345,62169.67735260,62179.72835129,102.47225259,10
2025-12-16T15:00:00Z,62179.72835129,62189.88266801,62158.85947620,62169.01204289,250.50704097,25
2025-12-16T16:00:00Z,62169.01204289,62210.41107424,62147.30433023,62188.69648831,122.15770367,12
2025-12-16T17:00:00Z,62188.69648831,62241.35521274,62134.73246398,62187.39008221,514.93510875,51
2025-12-16T18:00:00Z,62187.39008221,62220.68544797,62156.52533863,62189.81949863,76.99051821,7
2025-12-16T19:00:00Z,62189.81949863,62206.20159026,62168.33493392,62184.71568110,49.71743316,4
2025-12-16T20:00:00Z,62184.71568110,62230.73026615,62157.27888121,62203.28527309,66.90889122,6
2025-12-16T21:00:00Z,62203.28527309,62220.29304284,62185.01000260,62202.01742569,483.05816675,48
2025-12-16T22:00:00Z,62202.01742569,62264.81386103,62171.87320727,62234.65382642,438.34260193,43
2025-12-16T23:00:00Z,62234.65382642,62267.87016914,62160.68714796,62193.88172949,360.26966160,36
2025-12-17T00:00:00Z,62193.88172949,62225.91072497,62128.34405434,62160.35578441,846.61634305,84
2025-12-17T01:00:00Z,62160.35578441,62183.73826256,62117.75778149,62141.13302874,426.54651120,42
2025-12-17T02:00:00Z,62141.13302874,62175.49790804,62124.47100045,62158.83113432,32.95067778,3
2025-12-17T03:00:00Z,62158.83113432,62203.31960366,62119.46536306,62163.95059021,315.09533161,31
2025-12-17T04:00:00Z,62163.95059021,62170.44249194,62121.16289247,62127.65100336,511.24999064,51
2025-12-17T05:00:00Z,62127.65100336,62150.95439763,62112.84321902,62136.14458888,297.73700377,29
2025-12-17T06:00:00Z,62136.14458888,62140.83145695,62104.15750840,62108.84231708,141.01950435,14
2025-12-17T07:00:00Z,62108.84231708,62138.19956954,62079.88825700,62109.24532159,158.36104387,15
2025-12-17T08:00:00Z,62109.24532159,62158.09287928,62062.58107605,62111.42699459,885.24075129,88
2025-12-17T09:00:00Z,62111.42699459,62140.17965330,62087.92785361,62116.67852546,299.37091782,29
2025-12-17T10:00:00Z,62116.67852546,62135.59659723,62091.41588860,62110.33202751,209.97306899,20
2025-12-17T11:00:00Z,62110.33202751,62120.42933191,62072.58339989,62082.67620827,277.06171996,27
2025-12-17T12:00:00Z,62082.67620827,62117.63708409,62082.66667881,62117.62754926,808.02410274,80
2025-12-17T13:00:00Z,62117.62754926,62130.86989174,62050.51930650,62063.75016330,1946.68161979,194
2025-12-17T14:00:00Z,62063.75016330,62095.99281571,62031.82649600,62064.06898443,257.13504332,25
2025-12-17T15:00:00Z,62064.06898443,62111.99154735,62014.83809425,62062.75964618,87.46503064,8
2025-12-17T16:00:00Z,62062.75964618,62085.52265021,62055.34539697,62078.10656760,266.23997065,26
2025-12-17T17:00:00Z,62078.10656760,62110.09181141,62038.38967903,62070.37093712,694.27525290,69
2025-12-17T18:00:00Z,62070.37093712,62126.92182223,62039.17754772,62095.71569585,583.92647872,58
2025-12-17T19:00:00Z,62095.71569585,62114.90345743,62071.92247830,62091.10881635,80.83354625,8
2025-12-17T20:00:00Z,62091.10881635,62144.26728690,62077.34924182,62130.49898339,430.13705321,43
2025-12-17T21:00:00Z,62130.49898339,62150.04251156,62116.09161188,62135.63394931,170.56608550,17
2025-12-17T22:00:00Z,62135.63394931,62154.62741175,62107.72477480,62126.71551108,81.16578400,8
2025-12-17T23:00:00Z,62126.71551108,62172.05983575,62095.42989165,62140.76714024,374.97990956,37
2025-12-18T00:00:00Z,62140.76714024,62149.71932253,62073.22780907,62082.17154989,1526.43347705,152
2025-12-18T01:00:00Z,62082.17154989,62133.21095872,62052.61209292,62103.64127928,313.23851714,31
2025-12-18T02:00:00Z,62103.64127928,62124.28245864,62089.40094619,62110.04065817,141.61963184,14
2025-12-18T03:00:00Z,62110.04065817,62145.85631320,62095.50854240,62131.31921880,447.50946203,44
2025-12-18T04:00:00Z,62131.31921880,62188.90393581,62118.95165053,62176.52736862,623.87823755,62
2025-12-18T05:00:00Z,62176.52736862,62212.42960385,62159.50529205,62195.40235988,451.71167789,45
2025-12-18T06:00:00Z,62195.40235988,62196.73226204,62180.40039893,62181.73000875,174.35865480,17
2025-12-18T07:00:00Z,62181.73000875,62256.21911600,62176.77137837,62251.25494142,258.07562577,25
2025-12-18T08:00:00Z,62251.25494142,62274.69722366,62246.86126768,62270.30220557,108.37816026,10
2025-12-18T09:00:00Z,62270.30220557,62282.78666477,62270.03263159,62282.51703792,93.67530756,9
2025-12-18T10:00:00Z,62282.51703792,62320.20541022,62263.04188856,62300.72456753,358.21374241,35
2025-12-18T11:00:00Z,62300.72456753,62319.36972282,62285.94086680,62304.58510600,141.62923410,14
2025-12-18T12:00:00Z,62304.58510600,62329.60322534,62294.36871451,62319.38440714,511.64214022,51
2025-12-18T13:00:00Z,62319.38440714,62384.01135502,62240.14454319,62304.75632133,130.33910355,13
2025-12-18T14:00:00Z,62304.75632133,62324.68186748,62235.19027207,62255.09993771,231.77864491,23
2025-12-18T15:00:00Z,62255.09993771,62295.75236665,62161.72551135,62202.34349045,280.39397396,28
2025-12-18T16:00:00Z,62202.34349045,62305.61057638,62189.70637210,62292.95504926,182.86866149,18
2025-12-18T17:00:00Z,62292.95504926,62317.73163030,62263.86946698,62288.64433346,54.01362857,5
2025-12-18T18:00:00Z,62288.64433346,62317.31931136,62210.59092023,62239.24315598,146.05451430,14
2025-12-18T19:00:00Z,62239.24315598,62324.10956065,62174.58735871,62259.43278985,382.12995666,38
2025-12-18T20:00:00Z,62259.43278985,62347.65261458,62235.64576193,62323.84097867,878.50321216,87
2025-12-18T21:00:00Z,62323.84097867,62379.69917929,62303.43790617,62359.28450357,376.57891968,37
2025-12-18T22:00:00Z,62359.28450357,62397.56960154,62280.50248665,62318.76270651,186.96194262,18
2025-12-18T23:00:00Z,62318.76270651,62375.75410443,62275.85220784,62332.83391682,429.02593842,42
2025-12-19T00:00:00Z,62332.83391682,62396.04890335,62265.22831172,62328.43884097,84.38925985,8
2025-12-19T01:00:00Z,62328.43884097,62422.18022930,62296.84879628,62390.55870027,652.38983587,65
2025-12-19T02:00:00Z,62390.55870027,62397.58956673,62328.24787681,62335.27251301,692.23940774,69
2025-12-19T03:00:00Z,62335.27251301,62387.67454579,62322.43974707,62374.83363553,877.52335266,87
2025-12-19T04:00:00Z,62374.83363553,62424.63071190,62312.26360857,62362.05047947,280.50325373,28
2025-12-19T05:00:00Z,62362.05047947,62421.18791651,62296.77221454,62355.90382275,290.15112222,29
2025-12-19T06:00:00Z,62355.90382275,62391.73867167,62319.54937535,62355.38392549,163.89268311,16
2025-12-19T07:00:00Z,62355.38392549,62411.39462672,62331.90501280,62387.90346932,292.00981335,29
2025-12-19T08:00:00Z,62387.90346932,62435.39234524,62371.57092033,62419.05164196,418.13043097,41
2025-12-19T09:00:00Z,62419.05164196,62420.19088562,62405.26265289,62406.40166567,46.66096911,4
2025-12-19T10:00:00Z,62406.40166567,62490.26602762,62347.95265817,62431.79323870,249.66957152,24
2025-12-19T11:00:00Z,62431.79323870,62462.65985498,62392.77802591,62423.64061149,235.32757970,23
2025-12-19T12:00:00Z,62423.64061149,62443.92255134,62368.39887394,62388.66945139,469.49255898,46
2025-12-19T13:00:00Z,62388.66945139,62406.43526349,62383.89908421,62401.66390273,109.85942690,10
2025-12-19T14:00:00Z,62401.66390273,62424.27618946,62396.94213701,62419.55307011,432.84756991,43
2025-12-19T15:00:00Z,62419.55307011,62432.83640654,62388.19216626,62401.47165483,223.22570405,22
2025-12-19T16:00:00Z,62401.47165483,62402.25600039,62392.81918335,62393.60343001,276.86182816,27
2025-12-19T17:00:00Z,62393.60343001,62431.58735234,62308.35366478,62346.30879512,622.42434717,62
2025-12-19T18:00:00Z,62346.30879512,62464.29940270,62301.18404828,62419.12195546,143.89408087,14
2025-12-19T19:00:00Z,62419.12195546,62426.26018420,62413.71003497,62420.84811405,405.01876998,40
2025-12-19T20:00:00Z,62420.84811405,62453.97100043,62391.66867636,62424.78972018,80.31486029,8
2025-12-19T21:00:00Z,62424.78972018,62515.10540564,62415.56480985,62505.86851378,1300.13534117,130
2025-12-19T22:00:00Z,62505.86851378,62518.19615330,62469.64518506,62481.96811085,328.16852349,32
2025-12-19T23:00:00Z,62481.96811085,62499.84381709,62424.56219970,62442.42659335,354.92248438,35
2025-12-20T00:00:00Z,62442.42659335,62504.71357079,62408.74570070,62471.01725659,673.46011999,67
2025-12-20T01:00:00Z,62471.01725659,62485.98136058,62461.80459531,62476.76785125,75.30327478,7
2025-12-20T02:00:00Z,62476.76785125,62489.49426242,62460.80216515,62473.52791635,228.54031688,22
2025-12-20T03:00:00Z,62473.52791635,62526.14096410,62433.91562154,62486.52043119,455.32235585,45
2025-12-20T04:00:00Z,62486.52043119,62563.72674884,62421.62374108,62498.81728758,131.25569469,13
2025-12-20T05:00:00Z,62498.81728758,62543.37661437,62451.49988486,62496.05724385,307.06238761,30
2025-12-20T06:00:00Z,62496.05724385,62542.74032518,62487.32444071,62534.00221984,527.93869201,52
2025-12-20T07:00:00Z,62534.00221984,62615.60651324,62474.37867131,62555.96202695,445.29695506,44
2025-12-20T08:00:00Z,62555.96202695,62606.74884797,62447.68275048,62498.42285763,101.09679066,10
2025-12-20T09:00:00Z,62498.42285763,62515.29264442,62480.41536412,62497.28484374,202.28725825,20
2025-12-20T10:00:00Z,62497.28484374,62499.64019814,62472.17292619,62474.52742292,332.72243157,33
2025-12-20T11:00:00Z,62474.52742292,62530.67550982,62458.83826195,62514.97619099,730.26458676,73
2025-12-20T12:00:00Z,62514.97619099,62531.91008433,62500.78835805,62517.72162831,143.98330115,14
2025-12-20T13:00:00Z,62517.72162831,62544.70558748,62509.68499436,62536.66651817,618.97078149,61
2025-12-20T14:00:00Z,62536.66651817,62620.23242336,62517.32093265,62600.86697756,714.95170019,71
2025-12-20T15:00:00Z,62600.86697756,62629.07068112,62529.31003610,62557.49419882,250.15082024,25
2025-12-20T16:00:00Z,62557.49419882,62572.22701338,62543.12287368,62557.85560521,217.81266156,21
2025-12-20T17:00:00Z,62557.85560521,62613.19131461,62456.17876212,62511.47344406,701.70911499,70
2025-12-20T18:00:00Z,62511.47344406,62550.75127942,62418.58544547,62457.82957478,478.67914287,47
2025-12-20T19:00:00Z,62457.82957478,62509.34306562,62454.09032985,62505.60096069,260.95558668,26
2025-12-20T20:00:00Z,62505.60096069,62561.90638884,62485.48715323,62541.78093895,143.00389474,14
2025-12-20T21:00:00Z,62541.78093895,62581.86638304,62422.72572518,62462.76052202,580.89271788,58
2025-12-20T22:00:00Z,62462.76052202,62470.24776632,62441.28721300,62448.77278062,204.08257351,20
2025-12-20T23:00:00Z,62448.77278062,62471.47508145,62399.78605564,62422.47879770,122.91480848,12
2025-12-21T00:00:00Z,62422.47879770,62549.87591161,62400.09555904,62527.45503094,1010.83332491,101
2025-12-21T01:00:00Z,62527.45503094,62625.80859278,62475.10776057,62573.42283870,182.62124097,18
2025-12-21T02:00:00Z,62573.42283870,62656.57927948,62546.65894072,62629.79127160,244.89958975,24
2025-12-21T03:00:00Z,62629.79127160,62656.19081900,62571.98775372,62598.37405822,317.60207994,31
2025-12-21T04:00:00Z,62598.37405822,62710.43027453,62565.00332520,62677.01761721,1257.09265101,125
2025-12-21T05:00:00Z,62677.01761721,62696.21166133,62600.54717535,62619.72367392,212.63846378,21
2025-12-21T06:00:00Z,62619.72367392,62643.43558270,62592.37594798,62616.08647948,196.05643673,19
2025-12-21T07:00:00Z,62616.08647948,62664.45758846,62597.69095667,62646.05326193,463.40791033,46
2025-12-21T08:00:00Z,62646.05326193,62686.88506133,62631.93101561,62672.75679526,226.12842676,22
2025-12-21T09:00:00Z,62672.75679526,62838.24157729,62607.44603792,62772.82653810,623.15672032,62
2025-12-21T10:00:00Z,62772.82653810,62806.13473512,62733.61470317,62766.91976597,498.67747019,49
2025-12-21T11:00:00Z,62766.91976597,62801.17700528,62721.37059925,62755.62167224,21.70001031,2
2025-12-21T12:00:00Z,62755.62167224,62800.24008379,62698.21666475,62742.82597874,257.42790416,25
2025-12-21T13:00:00Z,62742.82597874,62750.54836843,62686.42583347,62694.14223116,793.18207791,79
2025-12-21T14:00:00Z,62694.14223116,62754.18571084,62519.59593706,62579.52964990,1964.79630250,196
2025-12-21T15:00:00Z,62579.52964990,62611.98250304,62492.41685010,62524.84134266,912.31097189,91
2025-12-21T16:00:00Z,62524.84134266,62558.51338116,62510.81988011,62544.48751287,129.35900150,12
2025-12-21T17:00:00Z,62544.48751287,62584.79204741,62485.15457532,62525.44683979,95.26560528,9
2025-12-21T18:00:00Z,62525.44683979,62595.84701622,62511.94537100,62582.33326363,548.94559601,54
2025-12-21T19:00:00Z,62582.33326363,62585.26120657,62580.71631900,62583.64422808,184.30410614,18
2025-12-21T20:00:00Z,62583.64422808,62619.04867501,62492.00548518,62527.37810157,238.39503162,23
2025-12-21T21:00:00Z,62527.37810157,62551.13342438,62516.72022905,62540.47331976,379.01990116,37
2025-12-21T22:00:00Z,62540.47331976,62648.93862277,62513.61141313,62622.04168152,94.08428850,9
2025-12-21T23:00:00Z,62622.04168152,62652.27622576,62621.91365029,62652.14813298,218.43126448,21
2025-12-22T00:00:00Z,62652.14813298,62691.45733480,62613.29694973,62652.60586771,165.19514624,16
2025-12-22T01:00:00Z,62652.60586771,62798.43033243,62583.63453611,62729.37448983,210.75002942,21
2025-12-22T02:00:00Z,62729.37448983,62767.44755281,62619.30307882,62657.33241647,388.48250468,38
2025-12-22T03:00:00Z,62657.33241647,62694.09641953,62622.92757450,62659.69028286,289.79462608,28
2025-12-22T04:00:00Z,62659.69028286,62709.38416916,62656.73543647,62706.42711880,74.15226718,7
2025-12-22T05:00:00Z,62706.42711880,62714.52556512,62670.50521927,62678.60007176,122.13764311,12
2025-12-22T06:00:00Z,62678.60007176,62720.54649871,62671.05549715,62712.99778368,796.33766647,79
2025-12-22T07:00:00Z,62712.99778368,62736.37266452,62668.02126510,62691.38809141,170.13800494,17
2025-12-22T08:00:00Z,62691.38809141,62715.18188219,62685.79012598,62709.58229212,181.64939829,18
2025-12-22T09:00:00Z,62709.58229212,62772.62985792,62649.28945371,62712.33437350,249.57888700,24
2025-12-22T10:00:00Z,62712.33437350,62714.47032683,62683.19643950,62685.33147312,203.22426512,20
2025-12-22T11:00:00Z,62685.33147312,62734.82745175,62568.52886570,62617.97165740,302.69499133,30
2025-12-22T12:00:00Z,62617.97165740,62636.39087864,62613.97894125,62632.39724266,149.29734582,14
2025-12-22T13:00:00Z,62632.39724266,62687.75938972,62599.77951290,62655.12982127,104.84202104,10
2025-12-22T14:00:00Z,62655.12982127,62691.56263030,62566.63822017,62603.04074035,507.05607567,50
2025-12-22T15:00:00Z,62603.04074035,62650.39311406,62560.14073628,62607.49006100,318.61911600,31
2025-12-22T16:00:00Z,62607.49006100,62700.14906967,62573.24911525,62665.87619170,541.05763664,54
2025-12-22T17:00:00Z,62665.87619170,62711.77547793,62630.54886384,62676.44219359,226.15716251,22
2025-12-22T18:00:00Z,62676.44219359,62725.54370730,62605.34367396,62654.42794143,497.42623074,49
2025-12-22T19:00:00Z,62654.42794143,62677.23619057,62560.37938930,62583.16169521,361.11586843,36
2025-12-22T20:00:00Z,62583.16169521,62624.68700219,62558.37703502,62599.89571487,228.36181616,22
2025-12-22T21:00:00Z,62599.89571487,62632.91546420,62535.86931275,62568.87269828,564.77809570,56
2025-12-22T22:00:00Z,62568.87269828,62640.24321936,62547.27065040,62618.62399473,379.25328033,37
2025-12-22T23:00:00Z,62618.62399473,62651.80870940,62515.10518475,62548.25260614,452.95101368,45
2025-12-23T00:00:00Z,62548.25260614,62566.80806134,62461.80274194,62480.33804973,265.69983524,26
2025-12-23T01:00:00Z,62480.33804973,62580.11570879,62409.37215725,62509.11712871,181.83026671,18
2025-12-23T02:00:00Z,62509.11712871,62689.84062572,62373.41556910,62554.04153933,411.28758238,41
2025-12-23T03:00:00Z,62554.04153933,62639.42209206,62540.73886904,62626.10409702,956.36007451,95
2025-12-23T04:00:00Z,62626.10409702,62673.84400815,62591.82278369,62639.55533166,56.54045135,5
2025-12-23T05:00:00Z,62639.55533166,62690.24786014,62595.58100392,62646.26881939,222.05469113,22
2025-12-23T06:00:00Z,62646.26881939,62674.19976964,62573.41649558,62601.32740862,155.23858377,15
2025-12-23T07:00:00Z,62601.32740862,62705.98063682,62491.09522776,62595.73911377,361.70208092,36
2025-12-23T08:00:00Z,62595.73911377,62720.52013624,62580.97358897,62705.72866633,122.68410746,12
2025-12-23T09:00:00Z,62705.72866633,62714.51279741,62705.39125460,62714.17534023,177.79228236,17
2025-12-23T10:00:00Z,62714.17534023,62780.18555069,62671.10456488,62737.09903183,181.77857600,18
2025-12-23T11:00:00Z,62737.09903183,62810.65714135,62668.86615629,62742.41848037,110.99046282,11
2025-12-23T12:00:00Z,62742.41848037,62749.02084305,62627.93053838,62634.52154711,1256.64329366,125
2025-12-23T13:00:00Z,62634.52154711,62669.14907224,62614.87525446,62649.49808197,204.64049708,20
2025-12-23T14:00:00Z,62649.49808197,62727.06801515,62616.70751257,62694.25402061,323.83820594,32
2025-12-23T15:00:00Z,62694.25402061,62785.65189815,62639.78814018,62731.15396074,166.94414871,16
2025-12-23T16:00:00Z,62731.15396074,62772.73697544,62626.88273806,62668.42417065,88.60732240,8
2025-12-23T17:00:00Z,62668.42417065,62758.19866174,62636.58488105,62726.32995255,130.05846218,13
2025-12-23T18:00:00Z,62726.32995255,62726.95715976,62697.76112907,62698.38805688,167.35555467,16
2025-12-23T19:00:00Z,62698.38805688,62758.84873716,62661.71741634,62722.16419059,645.06055521,64
2025-12-23T20:00:00Z,62722.16419059,62814.50998522,62641.64366414,62733.97429737,471.20194421,47
2025-12-23T21:00:00Z,62733.97429737,62764.79962555,62647.38271458,62678.18062766,388.20276198,38
2025-12-23T22:00:00Z,62678.18062766,62710.42427469,62658.44591803,62690.68562777,284.51284841,28
2025-12-23T23:00:00Z,62690.68562777,62713.83587815,62678.92001110,62702.06812525,608.54903487,60
2025-12-24T00:00:00Z,62702.06812525,62723.67191492,62679.03022126,62700.63351664,188.21933937,18
2025-12-24T01:00:00Z,62700.63351664,62738.24382533,62682.42988668,62720.03456273,384.19907392,38
2025-12-24T02:00:00Z,62720.03456273,62736.55653616,62697.30713127,62713.82746960,48.33675421,4
2025-12-24T03:00:00Z,62713.82746960,62760.83314402,62705.28131857,62752.28175274,507.22337804,50
2025-12-24T04:00:00Z,62752.28175274,62800.39082031,62675.85826601,62723.94560967,155.97204383,15
2025-12-24T05:00:00Z,62723.94560967,62794.79290913,62702.18272162,62773.01299652,536.31174546,53
2025-12-24T06:00:00Z,62773.01299652,62793.39931723,62759.56054517,62779.94538026,333.97649712,33
2025-12-24T07:00:00Z,62779.94538026,62800.84727679,62762.36876564,62783.26973146,231.04812511,23
2025-12-24T08:00:00Z,62783.26973146,62816.08344770,62710.62949267,62743.42238267,352.12612877,35
2025-12-24T09:00:00Z,62743.42238267,62752.56248157,62679.37266209,62688.50476090,733.74996601,73
2025-12-24T10:00:00Z,62688.50476090,62696.72672241,62678.47160010,62686.69332404,91.27641950,9
2025-12-24T11:00:00Z,62686.69332404,62697.69959935,62657.53589508,62668.53898293,224.94073152,22
2025-12-24T12:00:00Z,62668.53898293,62686.00226054,62645.90737886,62663.36921587,336.56456967,33
2025-12-24T13:00:00Z,62663.36921587,62691.93019612,62598.35309827,62626.89745527,568.86896114,56
2025-12-24T14:00:00Z,62626.89745527,62634.61156969,62590.39362001,62598.10418780,387.51229932,38
2025-12-24T15:00:00Z,62598.10418780,62642.32860129,62576.58959000,62620.80620095,126.24317866,12
2025-12-24T16:00:00Z,62620.80620095,62681.59703369,62595.45959594,62656.23608795,511.01366254,51
2025-12-24T17:00:00Z,62656.23608795,62663.77435971,62643.22902741,62650.76664113,72.65404123,7
2025-12-24T18:00:00Z,62650.76664113,62662.26260686,62629.21771500,62640.71183575,71.72808917,7
2025-12-24T19:00:00Z,62640.71183575,62647.65350624,62581.28359120,62588.21944463,712.19834288,71
2025-12-24T20:00:00Z,62588.21944463,62595.12800186,62558.58658736,62565.49263598,259.50029280,25
2025-12-24T21:00:00Z,62565.49263598,62577.73605906,62542.64998280,62554.89133131,306.39762460,30
2025-12-24T22:00:00Z,62554.89133131,62577.62486226,62503.30416645,62526.02720767,873.91921157,87
2025-12-24T23:00:00Z,62526.02720767,62531.26205676,62507.23220246,62512.46591617,834.99404329,83
2025-12-25T00:00:00Z,62512.46591617,62519.28970661,62488.95756814,62495.77953712,186.81328351,18
2025-12-25T01:00:00Z,62495.77953712,62510.29186149,62448.56098458,62463.06571239,182.48835592,18
2025-12-25T02:00:00Z,62463.06571239,62472.89356730,62431.67202282,62441.49648405,234.54225517,23
2025-12-25T03:00:00Z,62441.49648405,62496.50559229,62424.83391868,62479.83279684,539.93534815,53
2025-12-25T04:00:00Z,62479.83279684,62487.27823215,62457.98293055,62465.42664915,56.66218909,5
2025-12-25T05:00:00Z,62465.42664915,62496.23077123,62444.47162705,62475.27244620,167.23089646,16
2025-12-25T06:00:00Z,62475.27244620,62515.90887288,62453.10966226,62493.73953784,394.43406805,39
2025-12-25T07:00:00Z,62493.73953784,62504.51549077,62453.51330015,62464.28417401,250.24059121,25
2025-12-25T08:00:00Z,62464.28417401,62498.85207858,62418.74299247,62453.30482103,160.62561598,16
2025-12-25T09:00:00Z,62453.30482103,62474.06286534,62423.09009733,62443.84499741,349.09764847,34
2025-12-25T10:00:00Z,62443.84499741,62488.07853252,62423.55454513,62467.78030272,205.96359639,20
2025-12-25T11:00:00Z,62467.78030272,62488.94377455,62455.67634811,62476.83806489,401.63679081,40
2025-12-25T12:00:00Z,62476.83806489,62549.54120665,62454.78138004,62527.46664799,469.04229121,46
2025-12-25T13:00:00Z,62527.46664799,62535.95848506,62481.63117766,62490.11794242,69.04407394,6
2025-12-25T14:00:00Z,62490.11794242,62534.74773224,62391.09964245,62435.69056080,342.61779150,34
2025-12-25T15:00:00Z,62435.69056080,62466.01107069,62379.43522212,62409.74313122,152.56713767,15
2025-12-25T16:00:00Z,62409.74313122,62425.04617313,62407.27632608,62422.57886065,66.84079065,6
2025-12-25T17:00:00Z,62422.57886065,62430.30796220,62406.05110933,62413.77912131,321.43256520,32
2025-12-25T18:00:00Z,62413.77912131,62474.61018900,62377.48826965,62438.30507658,216.67970897,21
2025-12-25T19:00:00Z,62438.30507658,62474.26289587,62383.28909815,62419.23593565,524.76528444,52
2025-12-25T20:00:00Z,62419.23593565,62428.20994639,62392.85076237,62401.82226955,79.11019658,7
2025-12-25T21:00:00Z,62401.82226955,62412.44187862,62333.79469644,62344.40453410,432.35215884,43
2025-12-25T22:00:00Z,62344.40453410,62363.18587521,62294.36229220,62313.13421309,161.68103820,16
2025-12-25T23:00:00Z,62313.13421309,62336.61708317,62309.63815723,62333.11990603,719.53259887,71
2025-12-26T00:00:00Z,62333.11990603,62359.24350212,62297.82140173,62323.94115104,106.31115765,10
2025-12-26T01:00:00Z,62323.94115104,62366.31462484,62274.23391872,62316.60240297,70.92007045,7
2025-12-26T02:00:00Z,62316.60240297,62322.76089550,62274.47906372,62280.63400165,180.33924346,18
2025-12-26T03:00:00Z,62280.63400165,62298.01009690,62241.16110528,62258.53103388,612.12724062,61
2025-12-26T04:00:00Z,62258.53103388,62291.24819326,62230.28894879,62263.00407908,185.63665883,18
2025-12-26T05:00:00Z,62263.00407908,62291.54898123,62259.40191757,62287.94537677,65.96588218,6
2025-12-26T06:00:00Z,62287.94537677,62324.84011060,62231.94239941,62268.82580824,567.21994252,56
2025-12-26T07:00:00Z,62268.82580824,62286.79054451,62233.17408832,62251.13372037,574.33767759,57
2025-12-26T08:00:00Z,62251.13372037,62259.24138633,62220.37855731,62228.48327326,158.27837799,15
2025-12-26T09:00:00Z,62228.48327326,62239.98745438,62202.25631504,62213.75777387,351.42308115,35
2025-12-26T10:00:00Z,62213.75777387,62232.50016872,62194.65320524,62213.39549095,319.98911638,31
2025-12-26T11:00:00Z,62213.39549095,62228.15623970,62205.22999795,62219.98988118,93.39855159,9
2025-12-26T12:00:00Z,62219.98988118,62283.37108383,62166.61590187,62229.98852741,358.98138063,35
2025-12-26T13:00:00Z,62229.98852741,62283.11421099,62172.50962294,62225.63158700,131.22247340,13
2025-12-26T14:00:00Z,62225.63158700,62293.61009196,62215.11979718,62283.08859592,1407.43964683,140
2025-12-26T15:00:00Z,62283.08859592,62307.28628591,62250.08056367,62274.27482941,140.81820136,14
2025-12-26T16:00:00Z,62274.27482941,62309.57264550,62210.14191775,62245.42338048,784.37201470,78
2025-12-26T17:00:00Z,62245.42338048,62269.58909250,62205.45486903,62229.61444349,272.55444048,27
2025-12-26T18:00:00Z,62229.61444349,62250.92684712,62219.34509854,62240.65568011,309.33673745,30
2025-12-26T19:00:00Z,62240.65568011,62353.75313493,62194.63450950,62307.68240431,566.31798884,56
2025-12-26T20:00:00Z,62307.68240431,62315.01010505,62291.62124343,62298.94791695,237.13943600,23
2025-12-26T21:00:00Z,62298.94791695,62352.39283792,62260.94093185,62314.37644027,70.05195585,7
2025-12-26T22:00:00Z,62314.37644027,62318.27444389,62258.62061726,62262.51537678,1025.04937878,102
2025-12-26T23:00:00Z,62262.51537678,62291.46563911,62252.08858646,62281.03574728,870.88262945,87
2025-12-27T00:00:00Z,62281.03574728,62292.02997009,62238.33208823,62249.32071251,231.37562139,23
2025-12-27T01:00:00Z,62249.32071251,62251.80342027,62218.88478566,62221.36637852,400.43047535,40
2025-12-27T02:00:00Z,62221.36637852,62249.04643336,62188.88888029,62216.56679997,105.82957255,10
2025-12-27T03:00:00Z,62216.56679997,62285.49019663,62199.75362232,62268.66294071,1378.97794815,137
2025-12-27T04:00:00Z,62268.66294071,62318.54023178,62254.79113693,62304.66040873,1431.00874728,143
2025-12-27T05:00:00Z,62304.66040873,62378.82490477,62280.49623798,62354.64134947,539.01360709,53
2025-12-27T06:00:00Z,62354.64134947,62361.09932722,62297.33082802,62303.78353850,355.06178719,35
2025-12-27T07:00:00Z,62303.78353850,62307.40351225,62275.50893008,62279.12747125,512.10429190,51
2025-12-27T08:00:00Z,62279.12747125,62292.98021405,62275.44651137,62289.29865301,285.67872095,28
2025-12-27T09:00:00Z,62289.29865301,62297.44819352,62275.31943871,62283.46821640,340.19344011,34
2025-12-27T10:00:00Z,62283.46821640,62306.53729461,62218.38370980,62241.43722021,288.03256425,28
2025-12-27T11:00:00Z,62241.43722021,62245.96010514,62236.52753385,62241.05039068,82.27998007,8
2025-12-27T12:00:00Z,62241.05039068,62261.06936861,62239.48080608,62259.49931877,780.27597048,78
2025-12-27T13:00:00Z,62259.49931877,62264.96479208,62220.60682048,62226.06935913,571.60386841,57
2025-12-27T14:00:00Z,62226.06935913,62234.99013070,62210.62389631,62219.54373236,227.91799648,22
2025-12-27T15:00:00Z,62219.54373236,62240.61938795,62208.11337766,62229.18726163,546.79527016,54
2025-12-27T16:00:00Z,62229.18726163,62243.79067619,62224.05191660,62238.65454989,39.50302980,3
2025-12-27T17:00:00Z,62238.65454989,62242.03480108,62227.82766604,62231.20751278,121.18250960,12
2025-12-27T18:00:00Z,62231.20751278,62256.42713433,62201.24012799,62226.45782470,92.89887158,9
2025-12-27T19:00:00Z,62226.45782470,62250.01143773,62165.04114770,62188.58042359,483.66965261,48
2025-12-27T20:00:00Z,62188.58042359,62213.93063463,62156.48602728,62181.83348805,215.05438399,21
2025-12-27T21:00:00Z,62181.83348805,62190.87516210,62138.68084750,62147.71756086,254.55016239,25
2025-12-27T22:00:00Z,62147.71756086,62154.99209552,62142.71944431,62149.99379591,333.83745191,33
2025-12-27T23:00:00Z,62149.99379591,62232.60264355,62099.79176363,62182.37445559,611.64090910,61
2025-12-28T00:00:00Z,62182.37445559,62220.45183824,62171.16082419,62209.23336324,513.91942118,51
2025-12-28T01:00:00Z,62209.23336324,62231.70674501,62193.38547391,62215.85716825,173.00372505,17
2025-12-28T02:00:00Z,62215.85716825,62234.09376157,62181.79170640,62200.02365864,152.77682810,15
2025-12-28T03:00:00Z,62200.02365864,62219.22246361,62141.72500495,62160.91173755,645.29581935,64
2025-12-28T04:00:00Z,62160.91173755,62257.14655776,62137.40980663,62233.61713822,83.77927564,8
2025-12-28T05:00:00Z,62233.61713822,62281.48778077,62116.66982107,62164.48728833,725.08286808,72
2025-12-28T06:00:00Z,62164.48728833,62221.62696991,62119.97574328,62177.10638922,95.26422597,9
2025-12-28T07:00:00Z,62177.10638922,62185.93483494,62147.71351354,62156.53903892,497.69374881,49
2025-12-28T08:00:00Z,62156.53903892,62182.44378849,62124.32770419,62150.22982429,224.35904266,22
2025-12-28T09:00:00Z,62150.22982429,62182.33885285,62092.00747628,62124.10300679,747.47659700,74
2025-12-28T10:00:00Z,62124.10300679,62136.19792794,62106.39317289,62118.48700066,432.41117259,43
2025-12-28T11:00:00Z,62118.48700066,62175.10848326,62032.86484177,62089.45986591,271.06596002,27
2025-12-28T12:00:00Z,62089.45986591,62110.64210228,62033.30206554,62054.47236569,444.28792747,44
2025-12-28T13:00:00Z,62054.47236569,62056.64950536,61985.03647679,61987.21125664,856.23533167,85
2025-12-28T14:00:00Z,61987.21125664,62013.55238615,61899.38412315,61925.69911341,19.14398494,1
2025-12-28T15:00:00Z,61925.69911341,61949.14850219,61907.72350466,61931.17130499,42.72687922,4
2025-12-28T16:00:00Z,61931.17130499,61996.86238146,61862.63211822,61928.32017046,26.26848718,2
2025-12-28T17:00:00Z,61928.32017046,61986.16073560,61900.13144072,61957.95851498,687.43018752,68
2025-12-28T18:00:00Z,61957.95851498,61983.13695172,61946.68259530,61971.85850233,227.92632126,22
2025-12-28T19:00:00Z,61971.85850233,62063.16980036,61938.22274179,62029.50275290,323.45557947,32
2025-12-28T20:00:00Z,62029.50275290,62059.94124280,62015.25812833,62045.69290028,266.62992737,26
2025-12-28T21:00:00Z,62045.69290028,62144.44702113,61997.06325590,62095.77812138,524.04463144,52
2025-12-28T22:00:00Z,62095.77812138,62342.50263978,61991.41066704,62237.89632034,470.57048875,47
2025-12-28T23:00:00Z,62237.89632034,62371.04283008,62053.73294868,62186.77008326,216.44915250,21
2025-12-29T00:00:00Z,62186.77008326,62351.79145836,62143.40841657,62308.34501975,47.96430250,4
2025-12-29T01:00:00Z,62308.34501975,62351.81741895,62230.74397069,62274.19254178,253.69863090,25
2025-12-29T02:00:00Z,62274.19254178,62455.98515041,61935.16514421,62116.49740467,180.98937845,18
2025-12-29T03:00:00Z,62116.49740467,62215.62410954,62098.70829588,62197.81171372,1083.53283079,108
2025-12-29T04:00:00Z,62197.81171372,62220.60593761,62194.69256256,62217.48579982,648.06631061,64
2025-12-29T05:00:00Z,62217.48579982,62400.28051812,62184.39653029,62367.11167272,47.46372653,4
2025-12-29T06:00:00Z,62367.11167272,62390.53374125,62133.07484743,62156.41778953,365.62572225,36
2025-12-29T07:00:00Z,62156.41778953,62312.42980571,61995.53609620,62151.53585878,245.22435408,24
2025-12-29T08:00:00Z,62151.53585878,62275.47874771,61911.44148673,62035.15228297,61.73207519,6
2025-12-29T09:00:00Z,62035.15228297,62382.36501768,61905.19569026,62251.95424949,216.73603168,21
2025-12-29T10:00:00Z,62251.95424949,62282.05036876,61929.42776188,61959.38243537,330.17175508,33
2025-12-29T11:00:00Z,61959.38243537,62074.40041500,61582.71825661,61697.24962736,338.83849392,33
2025-12-29T12:00:00Z,61697.24962736,61803.22421975,61458.72744959,61564.47397922,189.81343879,18
2025-12-29T13:00:00Z,61564.47397922,61601.72896657,61301.55832207,61338.67667095,419.11596789,41
2025-12-29T14:00:00Z,61338.67667095,61423.06585927,61204.02654470,61288.34648922,63.49153050,6
2025-12-29T15:00:00Z,61288.34648922,61399.64715271,61112.91953303,61224.10353023,42.74032012,4
2025-12-29T16:00:00Z,61224.10353023,61389.45992380,61124.31881633,61289.56851328,112.41756685,11
2025-12-29T17:00:00Z,61289.56851328,61361.56924802,61223.01170747,61295.00653684,140.70928122,14
2025-12-29T18:00:00Z,61295.00653684,61318.94844571,61287.22823721,61311.16809519,61.14187174,6
2025-12-29T19:00:00Z,61311.16809519,61388.95739487,61126.27708063,61203.93032106,456.40057336,45
2025-12-29T20:00:00Z,61203.93032106,61234.01279609,61099.66483905,61129.71083431,243.31746261,24
2025-12-29T21:00:00Z,61129.71083431,61176.52722970,61100.89307986,61147.70099434,234.24416573,23
2025-12-29T22:00:00Z,61147.70099434,61260.82321308,60952.62606799,61065.59639461,331.08183011,33
2025-12-29T23:00:00Z,61065.59639461,61308.55737270,61023.16639110,61265.98813168,217.96254655,21
2025-12-30T00:00:00Z,61265.98813168,61708.18651617,61043.28596275,61484.68936718,233.56397694,23
2025-12-30T01:00:00Z,61484.68936718,61602.94236953,61445.88234694,61564.08523736,176.33902166,17
2025-12-30T02:00:00Z,61564.08523736,61778.73289997,61544.55647998,61759.14226851,409.56414550,40
2025-12-30T03:00:00Z,61759.14226851,61786.45360668,61723.25919026,61750.56673613,61.70680389,6
2025-12-30T04:00:00Z,61750.56673613,61866.94778558,61526.75871183,61642.93691177,192.29975167,19
2025-12-30T05:00:00Z,61642.93691177,61834.75140537,61333.89796335,61525.34655071,335.50316567,33
2025-12-30T06:00:00Z,61525.34655071,61572.75101858,61461.97244634,61509.36460034,411.36532936,41
2025-12-30T07:00:00Z,61509.36460034,61641.37353211,61370.45292131,61502.44700682,345.20752220,34
2025-12-30T08:00:00Z,61502.44700682,61698.99318852,61452.93490290,61649.36281109,330.14762651,33
2025-12-30T09:00:00Z,61649.36281109,61908.87946143,61429.82946796,61689.20424299,104.32934524,10
2025-12-30T10:00:00Z,61689.20424299,61794.81359317,61498.43575803,61603.89906931,33.69013065,3
2025-12-30T11:00:00Z,61603.89906931,61998.41131619,61408.62753387,61802.51022474,636.85860614,63
2025-12-30T12:00:00Z,61802.51022474,62173.91833307,61727.98353608,62099.03407090,546.95411624,54
2025-12-30T13:00:00Z,62099.03407090,62310.77161418,61801.06405699,62012.50656959,939.20272772,93
2025-12-30T14:00:00Z,62012.50656959,62141.79974381,61749.43020653,61878.44386629,246.96087078,24
2025-12-30T15:00:00Z,61878.44386629,61941.09222997,61840.78305847,61903.41622333,24.21534754,2
2025-12-30T16:00:00Z,61903.41622333,61996.78815186,61744.60193330,61837.87500283,303.82032367,30
2025-12-30T17:00:00Z,61837.87500283,62096.95911975,61686.24066350,61945.06194440,304.29867209,30
2025-12-30T18:00:00Z,61945.06194440,62193.85961149,61908.83362716,62157.50704660,550.77876675,55
2025-12-30T19:00:00Z,62157.50704660,62338.92721547,62119.31170053,62300.64391281,242.76579706,24
2025-12-30T20:00:00Z,62300.64391281,62369.23196923,62068.39654365,62136.80422560,171.74679707,17
2025-12-30T21:00:00Z,62136.80422560,62281.17416936,61953.38784797,62097.66685916,165.60652927,16
2025-12-30T22:00:00Z,62097.66685916,62258.93570703,62025.74184901,62186.90733355,515.39173806,51
2025-12-30T23:00:00Z,62186.90733355,62301.17749866,61818.43674407,61932.23894897,569.31251602,56
2025-12-31T00:00:00Z,61932.23894897,62138.79088817,61752.25870527,61958.73364866,858.29842193,85
2025-12-31T01:00:00Z,61958.73364866,62022.04532787,61695.00486029,61758.11153655,667.59625197,66
2025-12-31T02:00:00Z,61758.11153655,61933.99074689,61492.37070683,61667.99327187,107.11411059,10
2025-12-31T03:00:00Z,61667.99327187,61847.00369798,61318.09547676,61496.60840528,648.49058857,64
2025-12-31T04:00:00Z,61496.60840528,61513.96897359,61420.96554779,61438.30965830,1126.88109958,112
2025-12-31T05:00:00Z,61438.30965830,61791.10252525,60960.77044706,61312.84285485,211.52136204,21
2025-12-31T06:00:00Z,61312.84285485,61390.48834204,61153.13183838,61230.67326747,506.15243091,50
2025-12-31T07:00:00Z,61230.67326747,61590.49500066,61027.27321019,61386.57705198,69.47578919,6
2025-12-31T08:00:00Z,61386.57705198,61460.32871841,61208.22013016,61281.84596954,806.37564482,80
2025-12-31T09:00:00Z,61281.84596954,61373.85078087,61222.35247066,61314.32575005,94.27399429,9
2025-12-31T10:00:00Z,61314.32575005,61411.51997776,61168.69492075,61265.81224584,223.46773525,22
2025-12-31T11:00:00Z,61265.81224584,61343.23493454,61195.49529026,61272.90983281,214.97106093,21
2025-12-31T12:00:00Z,61272.90983281,61338.97284746,61180.77276722,61246.80763910,144.84682619,14
2025-12-31T13:00:00Z,61246.80763910,61264.36515202,61158.97058267,61176.50794290,353.55008737,35
2025-12-31T14:00:00Z,61176.50794290,61273.84250245,61081.80467782,61179.13517034,106.62523683,10
2025-12-31T15:00:00Z,61179.13517034,61368.75283916,61132.68496920,61322.19402072,617.57410773,61
2025-12-31T16:00:00Z,61322.19402072,61438.87935997,61010.38250206,61126.69584270,645.77569562,64
2025-12-31T17:00:00Z,61126.69584270,61256.43167311,60791.34246979,60920.64096754,629.44418217,62
2025-12-31T18:00:00Z,60920.64096754,61150.51402702,60826.86567738,61056.52956322,431.48540761,43
2025-12-31T19:00:00Z,61056.52956322,61121.85330807,60828.24649696,60893.39570660,966.79028132,96
2025-12-31T20:00:00Z,60893.39570660,60986.24270630,60771.31309207,60864.11544680,310.68398469,31
2025-12-31T21:00:00Z,60864.11544680,61033.50473913,60854.01822769,61023.38109822,447.27997568,44
2025-12-31T22:00:00Z,61023.38109822,61047.15751027,60816.14026962,60839.84517096,524.74335938,52
2025-12-31T23:00:00Z,60839.84517096,61009.32025329,60749.31715312,60918.67493892,152.81619315,15
2026-01-01T00:00:00Z,60918.67493892,61000.56530356,60870.17389262,60952.03769514,71.37822726,7
2026-01-01T01:00:00Z,60952.03769514,61119.44473652,60863.97296787,61031.26553927,772.20832404,77
2026-01-01T02:00:00Z,61031.26553927,61308.93695426,60958.44993650,61235.87723196,58.95458194,5
2026-01-01T03:00:00Z,61235.87723196,61273.71958249,61169.38579008,61207.21042519,167.20809531,16
2026-01-01T04:00:00Z,61207.21042519,61309.80810064,61144.57469115,61247.13151379,200.27451613,20
2026-01-01T05:00:00Z,61247.13151379,61398.33653960,61113.86826823,61265.03434056,26.43759429,2
2026-01-01T06:00:00Z,61265.03434056,61327.77816266,61126.27489759,61188.94078943,290.53287572,29
2026-01-01T07:00:00Z,61188.94078943,61219.64755692,61091.36194073,61122.03513260,542.73846797,54
2026-01-01T08:00:00Z,61122.03513260,61169.29595680,61057.99876537,61105.24660833,231.38516746,23
2026-01-01T09:00:00Z,61105.24660833,61426.34803497,60961.24008983,61281.92513880,468.78735532,46
2026-01-01T10:00:00Z,61281.92513880,61360.34983736,61107.04655560,61185.34766046,220.29080594,22
2026-01-01T11:00:00Z,61185.34766046,61200.88049657,61003.66749196,61019.15813832,196.27659944,19
2026-01-01T12:00:00Z,61019.15813832,61095.89221896,60961.72383146,61038.43976326,143.47341931,14
2026-01-01T13:00:00Z,61038.43976326,61135.07118339,60886.45730628,60983.00095990,598.48073967,59
2026-01-01T14:00:00Z,60983.00095990,61451.10811893,60767.24671647,61234.46421341,186.42624518,18
2026-01-01T15:00:00Z,61234.46421341,61472.99843378,61075.96011444,61314.28771340,24.44189075,2
2026-01-01T16:00:00Z,61314.28771340,61451.77784844,61200.00742105,61337.45437703,256.11688034,25
2026-01-01T17:00:00Z,61337.45437703,61544.97650623,60908.65303475,61115.42397167,318.63495190,31
2026-01-01T18:00:00Z,61115.42397167,61153.64897943,61036.30727497,61074.50669077,219.90471702,21
2026-01-01T19:00:00Z,61074.50669077,61140.73539208,60803.18084303,60869.18689721,354.63301890,35
2026-01-01T20:00:00Z,60869.18689721,60888.53591453,60809.49244707,60828.82863536,172.77897941,17
2026-01-01T21:00:00Z,60828.82863536,60880.53951144,60532.42458021,60583.92726447,186.49604484,18
2026-01-01T22:00:00Z,60583.92726447,60606.07115353,60543.32449427,60565.46163400,129.69382609,12
2026-01-01T23:00:00Z,60565.46163400,60752.00282197,60318.84043754,60505.19600781,311.05773312,31
2026-01-02T00:00:00Z,60505.19600781,60654.66953995,60279.84484201,60429.13045994,316.63486277,31
2026-01-02T01:00:00Z,60429.13045994,60508.97188454,60377.53574210,60457.35307008,165.54032215,16
2026-01-02T02:00:00Z,60457.35307008,60612.05612792,60352.79871962,60507.41520050,228.35458810,22
2026-01-02T03:00:00Z,60507.41520050,60614.40500049,60481.27057369,60588.22545641,438.07023103,43
2026-01-02T04:00:00Z,60588.22545641,60600.47515983,60335.62281949,60347.82391862,698.81174294,69
2026-01-02T05:00:00Z,60347.82391862,60604.87890414,60220.56696372,60477.34881687,344.79319987,34
2026-01-02T06:00:00Z,60477.34881687,60547.67371174,60424.75583745,60495.06532549,337.39561048,33
2026-01-02T07:00:00Z,60495.06532549,60516.94526601,60426.51800474,60448.38106043,287.16437292,28
2026-01-02T08:00:00Z,60448.38106043,60512.49908020,60415.45465085,60479.55568972,434.62230705,43
2026-01-02T09:00:00Z,60479.55568972,60505.81110844,60409.14645084,60435.38269316,70.70029705,7
2026-01-02T10:00:00Z,60435.38269316,60442.06389850,60399.01131238,60405.68923506,121.63486839,12
2026-01-02T11:00:00Z,60405.68923506,60407.15991172,60349.30304537,60350.77238498,470.78954506,47
2026-01-02T12:00:00Z,60350.77238498,60389.98167931,60305.03072183,60344.23576938,467.35208465,46
2026-01-02T13:00:00Z,60344.23576938,60406.19510759,60343.30727022,60405.26566937,676.02548314,67
2026-01-02T14:00:00Z,60405.26566937,60490.99252660,60393.13872728,60478.85081158,276.39903388,27
2026-01-02T15:00:00Z,60478.85081158,60557.09091330,60409.91494169,60488.14445020,303.24744618,30
2026-01-02T16:00:00Z,60488.14445020,60528.16215734,60429.18933287,60469.19450312,633.54142724,63
2026-01-02T17:00:00Z,60469.19450312,60472.10368592,60455.70982023,60458.61849421,216.46677087,21
2026-01-02T18:00:00Z,60458.61849421,60471.22775824,60402.53071625,60415.13091050,291.23431576,29
2026-01-02T19:00:00Z,60415.13091050,60443.45294581,60377.52603177,60405.84371333,117.98623333,11
2026-01-02T20:00:00Z,60405.84371333,60469.53747876,60402.12478204,60465.81485531,653.22108883,65
2026-01-02T21:00:00Z,60465.81485531,60499.64833189,60448.91910707,60482.74785212,520.01718496,52
2026-01-02T22:00:00Z,60482.74785212,60524.66467373,60455.53886816,60497.44907623,80.11377529,8
2026-01-02T23:00:00Z,60497.44907623,60543.95368715,60458.53500988,60505.03474144,84.00119335,8
2026-01-03T00:00:00Z,60505.03474144,60522.84558484,60504.66090750,60522.47164316,282.34028147,28
2026-01-03T01:00:00Z,60522.47164316,60524.10149086,60503.53497973,60505.16436134,134.91884890,13
2026-01-03T02:00:00Z,60505.16436134,60600.59141339,60499.98705946,60595.40638968,690.24855975,69
2026-01-03T03:00:00Z,60595.40638968,60720.67179789,60554.33616259,60679.54454382,1520.11193984,152
2026-01-03T04:00:00Z,60679.54454382,60716.49419451,60679.32908557,60716.27860583,60.00586288,6
2026-01-03T05:00:00Z,60716.27860583,60812.98851246,60686.34105984,60783.01805906,2580.16066054,258
2026-01-03T06:00:00Z,60783.01805906,60823.68502348,60754.86188521,60795.52305700,141.06000417,14
2026-01-03T07:00:00Z,60795.52305700,60847.00052883,60778.77320958,60830.24111619,255.58370589,25
2026-01-03T08:00:00Z,60830.24111619,60896.23841958,60812.22437176,60878.20746844,403.71166997,40
2026-01-03T09:00:00Z,60878.20746844,60906.38496679,60850.33625272,60878.51361091,288.85858183,28
2026-01-03T10:00:00Z,60878.51361091,60942.44312407,60874.08790101,60938.01308871,170.18107382,17
2026-01-03T11:00:00Z,60938.01308871,60975.01567052,60926.36233110,60963.36006681,1043.15871931,104
2026-01-03T12:00:00Z,60963.36006681,61004.81651457,60945.26675857,60986.71627444,203.19294788,20
2026-01-03T13:00:00Z,60986.71627444,61045.64110278,60977.34943842,61036.26665641,1315.66251618,131
2026-01-03T14:00:00Z,61036.26665641,61092.83651656,61022.07315052,61078.63315867,451.31125868,45
2026-01-03T15:00:00Z,61078.63315867,61164.41272505,61051.21433012,61136.96770952,236.04941422,23
2026-01-03T16:00:00Z,61136.96770952,61213.89964435,61100.52778615,61177.43560060,323.08847961,32
2026-01-03T17:00:00Z,61177.43560060,61234.60583391,61170.72875926,61227.89346091,397.56223282,39
2026-01-03T18:00:00Z,61227.89346091,61233.68984973,61221.90528990,61227.70166056,156.91405108,15
2026-01-03T19:00:00Z,61227.70166056,61253.03112315,61217.92597333,61243.25295298,169.97761903,16
2026-01-03T20:00:00Z,61243.25295298,61310.25738275,61241.24001233,61308.24230603,472.34485958,47
2026-01-03T21:00:00Z,61308.24230603,61365.14491615,61300.89098166,61357.78765091,55.58620421,5
2026-01-03T22:00:00Z,61357.78765091,61413.22509959,61342.46653993,61397.89397402,1115.66017607,111
2026-01-03T23:00:00Z,61397.89397402,61402.86745456,61374.52348419,61379.49547437,426.53364750,42
2026-01-04T00:00:00Z,61379.49547437,61438.51386969,61366.71913073,61425.72790261,644.95843353,64
2026-01-04T01:00:00Z,61425.72790261,61449.09553427,61425.31463232,61448.68210954,177.78293641,17
2026-01-04T02:00:00Z,61448.68210954,61493.75986864,61439.81355942,61484.88609340,422.71733635,42
2026-01-04T03:00:00Z,61484.88609340,61567.57974828,61459.48044407,61542.15043724,290.06201793,29
2026-01-04T04:00:00Z,61542.15043724,61613.42215953,61523.39694779,61594.65267129,339.78780614,33
2026-01-04T05:00:00Z,61594.65267129,61714.49512263,61536.34148803,61656.12574329,857.19571973,85
2026-01-04T06:00:00Z,61656.12574329,61735.51026437,61649.42747320,61728.80409857,142.68456185,14
2026-01-04T07:00:00Z,61728.80409857,61743.93426522,61719.15754192,61734.28685176,404.70012784,40
2026-01-04T08:00:00Z,61734.28685176,61744.84951263,61733.66948815,61744.23204956,119.92443506,11
2026-01-04T09:00:00Z,61744.23204956,61781.87015587,61727.24522875,61764.87765513,288.14632810,28
2026-01-04T10:00:00Z,61764.87765513,61815.04098283,61735.25205727,61785.40553875,604.17094728,60
2026-01-04T11:00:00Z,61785.40553875,61792.30522757,61765.92840206,61772.82668617,131.86580071,13
2026-01-04T12:00:00Z,61772.82668617,61840.20755888,61758.08911714,61825.45743336,1824.51363147,182
2026-01-04T13:00:00Z,61825.45743336,61848.89919341,61801.19816434,61824.63961430,336.98855984,33
2026-01-04T14:00:00Z,61824.63961430,61851.88552166,61798.99392734,61826.23917118,288.13817581,28
2026-01-04T15:00:00Z,61826.23917118,61891.89360806,61800.57623426,61866.21407829,585.60404664,58
2026-01-04T16:00:00Z,61866.21407829,61885.29247024,61857.32647369,61876.40340186,109.16419279,10
2026-01-04T17:00:00Z,61876.40340186,61935.84945340,61876.06878865,61935.51452053,2569.39370074,256
2026-01-04T18:00:00Z,61935.51452053,61957.45021736,61933.34507435,61955.28007884,308.40399395,30
2026-01-04T19:00:00Z,61955.28007884,61971.36841279,61907.15145507,61923.23146674,204.21527731,20
2026-01-04T20:00:00Z,61923.23146674,61960.11646242,61910.28824219,61947.16823459,85.04331143,8
2026-01-04T21:00:00Z,61947.16823459,61947.45869862,61918.56735021,61918.85768149,119.68076701,11
2026-01-04T22:00:00Z,61918.85768149,61973.51064391,61879.60185885,61934.24506585,391.63571488,39
2026-01-04T23:00:00Z,61934.24506585,61946.44830622,61933.45207295,61945.65516723,267.22150645,26
2026-01-05T00:00:00Z,61945.65516723,62020.99385142,61928.63941721,62003.96208516,680.32538149,68
2026-01-05T01:00:00Z,62003.96208516,62051.42305080,61979.65561563,62027.10750792,218.74559447,21
2026-01-05T02:00:00Z,62027.10750792,62039.05314634,62016.99912013,62028.94445918,109.60077540,10
2026-01-05T03:00:00Z,62028.94445918,62093.39382260,61981.62842360,62046.06472758,67.37406455,6
2026-01-05T04:00:00Z,62046.06472758,62063.26847524,62034.73132460,62051.93400016,176.39818822,17
2026-01-05T05:00:00Z,62051.93400016,62085.59430232,61944.22137221,61977.84148260,236.47250759,23
2026-01-05T06:00:00Z,61977.84148260,62047.89053338,61920.58539920,61990.62264254,188.14032785,18
2026-01-05T07:00:00Z,61990.62264254,62011.12370387,61930.11745003,61950.60527713,696.98059638,69
2026-01-05T08:00:00Z,61950.60527713,61986.13017117,61926.91997624,61962.44034544,10.91580410,1
2026-01-05T09:00:00Z,61962.44034544,62014.88891129,61896.63160078,61949.06884822,82.78244613,8
2026-01-05T10:00:00Z,61949.06884822,61993.74380924,61897.63781514,61942.30790046,198.18151614,19
2026-01-05T11:00:00Z,61942.30790046,61983.38075307,61913.66682367,61954.73393069,172.86561816,17
2026-01-05T12:00:00Z,61954.73393069,61967.03764657,61887.24617874,61899.53893333,44.01525361,4
2026-01-05T13:00:00Z,61899.53893333,61921.35105446,61852.61706079,61874.42033064,245.55636399,24
2026-01-05T14:00:00Z,61874.42033064,61921.18116101,61836.26063340,61883.01616248,479.97108936,47
2026-01-05T15:00:00Z,61883.01616248,61942.34518326,61873.34839095,61932.66965453,1142.76524155,114
2026-01-05T16:00:00Z,61932.66965453,61986.81522893,61895.64609624,61949.78144115,416.79140575,41
2026-01-05T17:00:00Z,61949.78144115,62019.95213066,61934.24733441,62004.40432705,359.56039374,35
2026-01-05T18:00:00Z,62004.40432705,62030.02214490,61977.95051790,62003.56799020,147.66241466,14
2026-01-05T19:00:00Z,62003.56799020,62011.15305522,61977.14909543,61984.73185618,144.31180787,14
2026-01-05T20:00:00Z,61984.73185618,62024.57347648,61968.78633481,62008.62180943,631.54205034,63
2026-01-05T21:00:00Z,62008.62180943,62017.67473256,61975.86077311,61984.91023448,1033.01705283,103
2026-01-05T22:00:00Z,61984.91023448,62009.89962470,61926.88785368,61951.86392118,216.82514494,21
2026-01-05T23:00:00Z,61951.86392118,61953.12237881,61901.15822336,61902.41567653,316.15485903,31
