open_time,open,high,low,close,volume,trade_count
2026-01-02T12:40:00Z,62127.96738609,62161.89769828,62103.07854751,62137.00523909,286.11246226,28
2026-01-02T12:41:00Z,62137.00523909,62154.28171668,62102.78969896,62120.06146553,362.93431372,36
2026-01-02T12:42:00Z,62120.06146553,62131.68239787,62071.70271248,62083.31677092,819.87263651,81
2026-01-02T12:43:00Z,62083.31677092,62116.52543495,62032.37358622,62065.57275890,353.52520031,35
2026-01-02T12:44:00Z,62065.57275890,62105.94547160,62038.61497803,62078.98186657,350.28313367,35
2026-01-02T12:45:00Z,62078.98186657,62119.20393829,62028.31909460,62068.53439721,227.85209630,22
2026-01-02T12:46:00Z,62068.53439721,62069.76013512,62053.31854245,62054.54400407,390.91586560,39
2026-01-02T12:47:00Z,62054.54400407,62091.70361270,62002.38888361,62039.53950722,515.22859319,51
2026-01-02T12:48:00Z,62039.53950722,62055.76020707,61972.54197093,61988.74939133,1041.31292412,104
2026-01-02T12:49:00Z,61988.74939133,62004.52214985,61981.61385148,61997.38561588,117.67813449,11
2026-01-02T12:50:00Z,61997.38561588,62023.69618153,61969.68306770,61995.99304237,26.03495260,2
2026-01-02T12:51:00Z,61995.99304237,62037.19512682,61954.43058768,61995.63243248,119.29930569,11
2026-01-02T12:52:00Z,61995.63243248,61997.85675442,61989.32381505,61991.54799045,118.32731640,11
2026-01-02T12:53:00Z,61991.54799045,62009.20510759,61964.04453419,61981.69884599,494.64857229,49
2026-01-02T12:54:00Z,61981.69884599,61995.40085497,61922.30383090,61935.99573650,511.60897200,51
2026-01-02T12:55:00Z,61935.99573650,61962.35315286,61896.39890518,61922.75068498,224.54141511,22
2026-01-02T12:56:00Z,61922.75068498,61938.65377114,61862.82500748,61878.71678478,193.43602245,19
2026-01-02T12:57:00Z,61878.71678478,61886.62073969,61865.03159355,61872.93480991,178.99415884,17
2026-01-02T12:58:00Z,61872.93480991,61904.90218011,61854.75376422,61886.71708456,277.47352927,27
2026-01-02T12:59:00Z,61886.71708456,61912.82236406,61868.55954060,61894.66248891,359.02117953,35
2026-01-02T13:00:00Z,61894.66248891,61896.74781956,61863.23781950,61865.32216162,85.93258316,8
2026-01-02T13:01:00Z,61865.32216162,61913.06564741,61845.81907720,61893.55366298,173.69745468,17
2026-01-02T13:02:00Z,61893.55366298,61944.86477570,61849.54816920,61900.85409141,183.58562505,18
2026-01-02T13:03:00Z,61900.85409141,61931.34563610,61897.27154220,61927.76152961,738.80237053,73
2026-01-02T13:04:00Z,61927.76152961,61977.69701576,61912.80288014,61962.72991967,173.30774230,17
2026-01-02T13:05:00Z,61962.72991967,61998.43538383,61952.79719990,61988.49853331,810.58021100,81
2026-01-02T13:06:00Z,61988.49853331,62002.33591044,61949.82118926,61963.65302025,553.86548679,55
2026-01-02T13:07:00Z,61963.65302025,61994.06994545,61935.02667748,61965.44277584,257.61242574,25
2026-01-02T13:08:00Z,61965.44277584,61977.83765072,61962.18458085,61974.57897534,227.35453315,22
2026-01-02T13:09:00Z,61974.57897534,61992.61739562,61970.54424527,61988.58175393,261.45463439,26
2026-01-02T13:10:00Z,61988.58175393,62030.75027515,61967.37488421,62009.53623670,630.04900058,63
2026-01-02T13:11:00Z,62009.53623670,62059.81379668,61969.61510497,62019.88600187,364.33156872,36
2026-01-02T13:12:00Z,62019.88600187,62028.19243464,62015.66207832,62023.96823306,251.28501458,25
2026-01-02T13:13:00Z,62023.96823306,62030.94955544,61997.91549851,62004.89467400,113.60454786,11
2026-01-02T13:14:00Z,62004.89467400,62010.59174980,62002.60293157,62008.29988151,453.34406586,45
2026-01-02T13:15:00Z,62008.29988151,62024.28501399,61981.52657073,61997.50892141,78.01028603,7
2026-01-02T13:16:00Z,61997.50892141,62230.09850351,61928.59069055,62160.99853285,295.63885589,29
2026-01-02T13:17:00Z,62160.99853285,62249.31315340,61883.63495455,61971.68060353,447.96358377,44
2026-01-02T13:18:00Z,61971.68060353,62005.97000176,61875.42187769,61909.67696884,75.52068311,7
2026-01-02T13:19:00Z,61909.67696884,62115.41774476,61752.62800329,61958.24557313,268.61508030,26
2026-01-02T13:20:00Z,61958.24557313,62175.48001576,61940.59192291,62157.76951555,1103.79858291,110
2026-01-02T13:21:00Z,62157.76951555,62207.39551453,62044.81252721,62094.38792310,215.50254805,21
2026-01-02T13:22:00Z,62094.38792310,62142.94529429,62040.21447369,62088.76744970,112.12633076,11
2026-01-02T13:23:00Z,62088.76744970,62321.43209242,61797.81726251,62030.26267083,308.26907096,30
2026-01-02T13:24:00Z,62030.26267083,62104.94690731,62010.82674830,62085.49367926,53.24567810,5
2026-01-02T13:25:00Z,62085.49367926,62117.21677646,61834.14764288,61865.75846455,1060.60401518,106
2026-01-02T13:26:00Z,61865.75846455,61999.78224771,61714.72421580,61848.71106808,62.87789904,6
2026-01-02T13:27:00Z,61848.71106808,62145.11522755,61825.70545893,62122.00796128,574.21539333,57
2026-01-02T13:28:00Z,62122.00796128,62143.14762904,61892.68449500,61913.75329521,806.67374755,80
2026-01-02T13:29:00Z,61913.75329521,61951.11510049,61798.54541612,61835.86021689,364.17143386,36
2026-01-02T13:30:00Z,61835.86021689,62007.62786849,61752.08933239,61923.73793342,444.45822564,44
2026-01-02T13:31:00Z,61923.73793342,62049.95227402,61908.82402359,62035.01156469,68.74318950,6
2026-01-02T13:32:00Z,62035.01156469,62047.44519907,61760.38268568,61772.76375791,746.39476917,74
2026-01-02T13:33:00Z,61772.76375791,61944.89117173,61718.28864786,61890.31239989,74.27836438,7
2026-01-02T13:34:00Z,61890.31239989,61963.70271220,61729.03747895,61802.32345286,676.89852153,67
2026-01-02T13:35:00Z,61802.32345286,62043.60645256,61700.52136304,61941.57498468,659.23044874,65
2026-01-02T13:36:00Z,61941.57498468,61947.75753444,61874.94582849,61881.12234431,541.27047157,54
2026-01-02T13:37:00Z,61881.12234431,61948.51600813,61784.75246026,61852.11453216,148.53562481,14
2026-01-02T13:38:00Z,61852.11453216,61913.43188417,61713.70529886,61774.94614967,613.62851293,61
2026-01-02T13:39:00Z,61774.94614967,62109.78999861,61701.99311509,62036.52804925,974.50385805,97
2026-01-02T13:40:00Z,62036.52804925,62158.05882064,62014.75900663,62136.25478322,141.93963595,14
2026-01-02T13:41:00Z,62136.25478322,62222.00506991,62087.82053983,62173.54176189,53.52282852,5
2026-01-02T13:42:00Z,62173.54176189,62336.05008059,61932.36878751,62094.67095482,546.95011940,54
2026-01-02T13:43:00Z,62094.67095482,62148.55562088,62055.82178110,62109.69704617,229.85063801,22
2026-01-02T13:44:00Z,62109.69704617,62179.64981536,62073.16261367,62143.09573694,143.43420537,14
2026-01-02T13:45:00Z,62143.09573694,62229.05294102,62102.28141667,62188.20899128,12.15001403,1
2026-01-02T13:46:00Z,62188.20899128,62221.91558016,62168.71978115,62202.42191584,102.17215283,10
2026-01-02T13:47:00Z,62202.42191584,62482.59753748,62161.70043713,62441.71940012,752.43596076,75
2026-01-02T13:48:00Z,62441.71940012,62600.02206197,62342.64278073,62500.85161716,33.90868671,3
2026-01-02T13:49:00Z,62500.85161716,62668.99294684,62492.62036281,62660.74063538,413.66522131,41
2026-01-02T13:50:00Z,62660.74063538,62872.41684124,62625.30082615,62836.87741216,200.48249608,20
2026-01-02T13:51:00Z,62836.87741216,62847.41931487,62713.68980772,62724.21280912,339.01564987,33
2026-01-02T13:52:00Z,62724.21280912,62748.96383935,62652.12029542,62676.85263728,723.34671773,72
2026-01-02T13:53:00Z,62676.85263728,62797.06582399,62346.90032432,62466.71046174,272.32299263,27
2026-01-02T13:54:00Z,62466.71046174,62640.64939348,62444.02986170,62617.91389404,135.01133497,13
2026-01-02T13:55:00Z,62617.91389404,62746.33855135,62428.23873930,62556.53751824,648.58992740,64
2026-01-02T13:56:00Z,62556.53751824,62768.58765338,62432.07606125,62643.95227743,311.39857828,31
2026-01-02T13:57:00Z,62643.95227743,62763.71362005,62601.26989026,62720.97875097,382.21568428,38
2026-01-02T13:58:00Z,62720.97875097,62792.84449042,62660.66527014,62732.51991142,610.30809271,61
2026-01-02T13:59:00Z,62732.51991142,62862.55252765,62691.91742623,62821.89219787,440.94522202,44
2026-01-02T14:00:00Z,62821.89219787,62892.89245263,62402.56839035,62473.17453022,423.61446778,42
2026-01-02T14:01:00Z,62473.17453022,62543.63332275,62441.38683130,62511.82595715,801.29369540,80
2026-01-02T14:02:00Z,62511.82595715,62552.26163494,62465.79001075,62506.22206367,472.39105275,47
2026-01-02T14:03:00Z,62506.22206367,62507.67207456,62458.80279512,62460.25173959,318.36425273,31
2026-01-02T14:04:00Z,62460.25173959,62516.66741811,62422.70422970,62479.10857258,125.26491310,12
2026-01-02T14:05:00Z,62479.10857258,62484.44437983,62397.62620547,62402.95550915,352.90008859,35
2026-01-02T14:06:00Z,62402.95550915,62455.69584305,62319.93788734,62372.65261052,742.57350861,74
2026-01-02T14:07:00Z,62372.65261052,62438.39364463,62356.13945100,62421.86745549,95.56094711,9
2026-01-02T14:08:00Z,62421.86745549,62429.21943516,62364.26016075,62371.60622070,408.25676370,40
2026-01-02T14:09:00Z,62371.60622070,62442.66501500,62368.26880000,62439.32397081,831.05719689,83
2026-01-02T14:10:00Z,62439.32397081,62528.42595033,62419.03071723,62508.11034066,240.58099723,24
2026-01-02T14:11:00Z,62508.11034066,62510.61842863,62462.08228730,62464.58862901,410.50131315,41
2026-01-02T14:12:00Z,62464.58862901,62470.87912114,62449.46944383,62455.75904678,41.24854138,4
2026-01-02T14:13:00Z,62455.75904678,62528.62841625,62440.07773457,62512.93274894,726.92067559,72
2026-01-02T14:14:00Z,62512.93274894,62556.11466972,62449.85596789,62493.02413645,1058.18095396,105
2026-01-02T14:15:00Z,62493.02413645,62580.95335072,62398.02189027,62485.94113860,301.05481121,30
2026-01-02T14:16:00Z,62485.94113860,62579.50572864,62452.05511120,62545.58735520,923.41158586,92
2026-01-02T14:17:00Z,62545.58735520,62572.79742936,62523.51800785,62550.72626874,179.10498004,17
2026-01-02T14:18:00Z,62550.72626874,62561.97923109,62547.85019916,62559.10277635,310.86274183,31
2026-01-02T14:19:00Z,62559.10277635,62622.98707251,62476.95198451,62540.81760816,490.95242086,49
2026-01-02T14:20:00Z,62540.81760816,62610.47899679,62533.12277305,62602.77653843,155.64403605,15
2026-01-02T14:21:00Z,62602.77653843,62625.47087289,62593.66243747,62616.35479512,430.15379866,43
2026-01-02T14:22:00Z,62616.35479512,62634.64339056,62608.74561292,62627.03291075,103.20030242,10
2026-01-02T14:23:00Z,62627.03291075,62664.58990427,62587.50600449,62625.06181595,199.34285934,19
2026-01-02T14:24:00Z,62625.06181595,62663.53695076,62619.68678495,62658.15907906,174.14963413,17
2026-01-02T14:25:00Z,62658.15907906,62731.25711911,62529.68533544,62602.71869782,882.76249642,88
2026-01-02T14:26:00Z,62602.71869782,62668.91082218,62442.58495306,62508.67764440,452.00176489,45
2026-01-02T14:27:00Z,62508.67764440,62562.74426592,62385.23893389,62439.24550037,838.77015399,83
2026-01-02T14:28:00Z,62439.24550037,62449.13229604,62417.27114577,62427.15602716,131.79360052,13
2026-01-02T14:29:00Z,62427.15602716,62440.44179542,62407.73209615,62421.01655781,78.48700559,7
2026-01-02T14:30:00Z,62421.01655781,62447.23359131,62352.21188176,62378.41102079,1653.11474907,165
2026-01-02T14:31:00Z,62378.41102079,62419.04200385,62346.14214805,62386.76880756,118.57736779,11
2026-01-02T14:32:00Z,62386.76880756,62419.01486647,62382.79201434,62415.03627137,183.07017776,18
2026-01-02T14:33:00Z,62415.03627137,62438.28638686,62327.31088704,62350.53697601,746.79450345,74
2026-01-02T14:34:00Z,62350.53697601,62382.41719528,62326.49371735,62358.37091574,46.34120783,4
2026-01-02T14:35:00Z,62358.37091574,62427.14841289,62280.83418831,62349.60201389,103.85952298,10
2026-01-02T14:36:00Z,62349.60201389,62365.67508086,62302.95324242,62319.01842526,389.89324228,38
2026-01-02T14:37:00Z,62319.01842526,62392.87524650,62203.32020602,62277.12738046,220.40129670,22
2026-01-02T14:38:00Z,62277.12738046,62330.40615682,62194.36476399,62247.61829500,345.10643605,34
2026-01-02T14:39:00Z,62247.61829500,62313.18465708,62224.17957623,62289.73008154,230.00039182,23
2026-01-02T14:40:00Z,62289.73008154,62348.86783403,62190.45030641,62249.54991193,361.06655725,36
2026-01-02T14:41:00Z,62249.54991193,62279.71006296,62186.91240372,62217.05681172,201.36626797,20
2026-01-02T14:42:00Z,62217.05681172,62228.22235975,62197.52593879,62208.68998530,438.67446615,43
2026-01-02T14:43:00Z,62208.68998530,62262.92551549,62167.44681210,62221.67373431,339.20548118,33
2026-01-02T14:44:00Z,62221.67373431,62259.44612510,62143.04536076,62180.79293438,114.58744952,11
2026-01-02T14:45:00Z,62180.79293438,62227.06829050,62132.35473709,62178.62848241,171.75304564,17
2026-01-02T14:46:00Z,62178.62848241,62218.60755345,62124.13632303,62164.10605657,344.02383727,34
2026-01-02T14:47:00Z,62164.10605657,62259.58169129,62117.82719074,62213.26622753,254.46491356,25
2026-01-02T14:48:00Z,62213.26622753,62248.60808537,62189.59910417,62224.93652240,152.92169416,15
2026-01-02T14:49:00Z,62224.93652240,62250.91744539,62130.72447579,62156.67689818,432.11489701,43
2026-01-02T14:50:00Z,62156.67689818,62162.06725929,62064.00538251,62069.38817376,101.90019663,10
2026-01-02T14:51:00Z,62069.38817376,62085.84951076,61973.90513282,61990.34550703,442.51463149,44
2026-01-02T14:52:00Z,61990.34550703,62040.41368699,61974.70247994,62024.76197504,219.35777526,21
2026-01-02T14:53:00Z,62024.76197504,62040.53587473,61944.80853318,61960.56610682,423.88272442,42
2026-01-02T14:54:00Z,61960.56610682,62007.54727952,61834.84913466,61881.77056118,596.09571836,59
2026-01-02T14:55:00Z,61881.77056118,61942.69700660,61863.27710555,61924.19087360,180.17345905,18
2026-01-02T14:56:00Z,61924.19087360,61936.57661289,61807.94214107,61820.30710209,487.12713169,48
2026-01-02T14:57:00Z,61820.30710209,61852.97266956,61785.36843731,61818.03280305,68.39379879,6
2026-01-02T14:58:00Z,61818.03280305,61883.41304779,61645.97494756,61711.24224802,648.41348706,64
2026-01-02T14:59:00Z,61711.24224802,61729.03354635,61667.21315666,61684.99688847,514.17121603,51
2026-01-02T15:00:00Z,61684.99688847,61717.38139811,61606.32456035,61638.68475621,493.23059804,49
2026-01-02T15:01:00Z,61638.68475621,61665.40700629,61555.01842065,61581.71597303,204.54038084,20
2026-01-02T15:02:00Z,61581.71597303,61621.53464992,61561.57476204,61601.38700523,27.87216601,2
2026-01-02T15:03:00Z,61601.38700523,61634.46936234,61530.42768409,61563.48968887,249.79493451,24
2026-01-02T15:04:00Z,61563.48968887,61630.48556521,61553.74272412,61620.72953803,925.92333136,92
2026-01-02T15:05:00Z,61620.72953803,61658.53975007,61548.32767447,61586.11664818,93.54624670,9
2026-01-02T15:06:00Z,61586.11664818,61642.48625340,61548.22010035,61604.57834531,92.19988871,9
2026-01-02T15:07:00Z,61604.57834531,61628.05248286,61503.35831702,61526.80281857,849.40773777,84
2026-01-02T15:08:00Z,61526.80281857,61572.21340666,61392.66281313,61438.00786505,569.79709258,56
2026-01-02T15:09:00Z,61438.00786505,61490.78848095,61402.17964101,61454.95037671,190.58226558,19
2026-01-02T15:10:00Z,61454.95037671,61514.46481804,61431.27492313,61490.77556284,830.59532818,83
2026-01-02T15:11:00Z,61490.77556284,61549.66301037,61465.14178168,61524.01537247,589.39908669,58
2026-01-02T15:12:00Z,61524.01537247,61545.16341230,61504.76359285,61525.91103950,112.94908855,11
2026-01-02T15:13:00Z,61525.91103950,61532.73354337,61486.25242147,61493.07128379,147.73395395,14
2026-01-02T15:14:00Z,61493.07128379,61551.53394448,61464.52991529,61522.97869477,49.57878851,4
2026-01-02T15:15:00Z,61522.97869477,61533.38984782,61512.09795522,61522.50902879,197.23027747,19
2026-01-02T15:16:00Z,61522.50902879,61608.84091176,61507.07464421,61593.38874531,815.44262840,81
2026-01-02T15:17:00Z,61593.38874531,61635.64142876,61557.18553747,61599.43466727,115.80726507,11
2026-01-02T15:18:00Z,61599.43466727,61643.71887759,61495.56657327,61539.80791756,399.94238888,39
2026-01-02T15:19:00Z,61539.80791756,61595.47068495,61463.36167983,61519.00563155,103.44761163,10
2026-01-02T15:20:00Z,61519.00563155,61522.44209733,61498.66500108,61502.10052254,156.49035776,15
2026-01-02T15:21:00Z,61502.10052254,61533.10519924,61446.53745453,61477.52974452,238.87203090,23
2026-01-02T15:22:00Z,61477.52974452,61530.13338320,61460.41223076,61513.00599161,28.44122054,2
2026-01-02T15:23:00Z,61513.00599161,61530.02619991,61475.12540506,61492.13983985,239.34718863,23
2026-01-02T15:24:00Z,61492.13983985,61492.64996270,61362.69568928,61363.20474252,508.15387348,50
2026-01-02T15:25:00Z,61363.20474252,61409.50616791,61328.00744614,61374.30250597,44.75751892,4
2026-01-02T15:26:00Z,61374.30250597,61416.98904522,61349.52796432,61392.20727607,24.64030231,2
2026-01-02T15:27:00Z,61392.20727607,61415.22799653,61390.54025870,61413.56039934,636.36243093,63
2026-01-02T15:28:00Z,61413.56039934,61447.00966723,61390.63548170,61424.08082244,361.02316384,36
2026-01-02T15:29:00Z,61424.08082244,61493.52948354,61343.39041343,61412.82634975,84.60715644,8
2026-01-02T15:30:00Z,61412.82634975,61425.75469448,61383.81794171,61396.74290063,327.64064538,32
2026-01-02T15:31:00Z,61396.74290063,61456.98787197,61373.72226152,61433.95328087,220.49282327,22
2026-01-02T15:32:00Z,61433.95328087,61434.19313520,61396.57503302,61396.81474235,193.04335056,19
2026-01-02T15:33:00Z,61396.81474235,61471.67883967,61330.17794745,61405.03312497,438.32320305,43
2026-01-02T15:34:00Z,61405.03312497,61426.38240135,61350.86285995,61372.20072117,96.91716929,9
2026-01-02T15:35:00Z,61372.20072117,61389.12682888,61344.59539724,61361.51855887,197.77883649,19
2026-01-02T15:36:00Z,61361.51855887,61397.94697218,61319.91768533,61356.34302609,100.06976518,10
2026-01-02T15:37:00Z,61356.34302609,61376.58836889,61266.81575199,61287.03822676,999.64626935,99
2026-01-02T15:38:00Z,61287.03822676,61392.44066297,61278.84029457,61384.22973016,302.95432679,30
2026-01-02T15:39:00Z,61384.22973016,61401.77856804,61364.54314242,61382.09136898,205.92230730,20
2026-01-02T15:40:00Z,61382.09136898,61403.16442211,61324.34896677,61345.40942664,176.22251807,17
2026-01-02T15:41:00Z,61345.40942664,61370.68367593,61318.68487494,61343.95852646,160.00664568,16
2026-01-02T15:42:00Z,61343.95852646,61518.59874258,61205.04516964,61379.60466510,258.69779909,25
2026-01-02T15:43:00Z,61379.60466510,61410.71246077,61336.55915939,61367.66090184,102.82015970,10
2026-01-02T15:44:00Z,61367.66090184,61374.69541385,61266.80486988,61273.82862598,862.59656619,86
2026-01-02T15:45:00Z,61273.82862598,61324.01744365,61243.55789620,61293.73687872,132.95020092,13
2026-01-02T15:46:00Z,61293.73687872,61300.00129541,61292.68789664,61298.95222408,98.75360464,9
2026-01-02T15:47:00Z,61298.95222408,61308.07789335,61293.80453098,61302.92986622,260.40368997,26
2026-01-02T15:48:00Z,61302.92986622,61369.82163166,61267.03409279,61333.90771923,241.26453602,24
2026-01-02T15:49:00Z,61333.90771923,61389.90377422,61320.95807225,61376.94504061,719.50947136,71
2026-01-02T15:50:00Z,61376.94504061,61489.41389361,61309.29594598,61421.71545346,119.36406181,11
2026-01-02T15:51:00Z,61421.71545346,61423.19731236,61356.23172353,61357.71203829,1065.76991323,106
2026-01-02T15:52:00Z,61357.71203829,61409.90420423,61232.58513044,61284.71520373,511.95055488,51
2026-01-02T15:53:00Z,61284.71520373,61333.84666428,61214.85333846,61263.96816628,262.02023828,26
2026-01-02T15:54:00Z,61263.96816628,61307.45767496,61101.51311651,61144.91811502,364.46211058,36
2026-01-02T15:55:00Z,61144.91811502,61185.69281946,61099.30609257,61140.07756908,336.71868897,33
2026-01-02T15:56:00Z,61140.07756908,61198.24707633,61063.31654863,61121.46835082,465.08740160,46
2026-01-02T15:57:00Z,61121.46835082,61193.93266961,61088.83995570,61161.28302028,938.72584531,93
2026-01-02T15:58:00Z,61161.28302028,61256.74477073,61100.66982081,61196.09706919,231.69595296,23
2026-01-02T15:59:00Z,61196.09706919,61208.12804720,61181.25747015,61193.28789588,330.33234618,33
2026-01-02T16:00:00Z,61193.28789588,61239.25681922,61105.36935612,61151.30674285,126.56255515,12
2026-01-02T16:01:00Z,61151.30674285,61162.97411713,61056.17550635,61067.82695309,498.42588483,49
2026-01-02T16:02:00Z,61067.82695309,61106.12057814,61013.56569164,61051.84929763,50.04943569,5
2026-01-02T16:03:00Z,61051.84929763,61080.24677946,61027.64158632,61056.03740752,497.04755336,49
2026-01-02T16:04:00Z,61056.03740752,61060.61857531,61048.70578215,61053.28674356,54.07602182,5
2026-01-02T16:05:00Z,61053.28674356,61103.81929883,60967.56119419,61018.06459681,273.42523048,27
2026-01-02T16:06:00Z,61018.06459681,61038.14569866,60975.26983043,60995.34345473,691.34849987,69
2026-01-02T16:07:00Z,60995.34345473,61123.00292635,60968.11287328,61095.72752972,777.53594068,77
2026-01-02T16:08:00Z,61095.72752972,61108.78769972,61024.02246391,61037.07009496,149.37502756,14
2026-01-02T16:09:00Z,61037.07009496,61134.63476072,61022.88040612,61120.42569365,500.60744841,50
2026-01-02T16:10:00Z,61120.42569365,61168.84360704,61118.92541751,61167.34217927,864.90872411,86
2026-01-02T16:11:00Z,61167.34217927,61206.69254409,61166.05518673,61205.40475069,426.44562121,42
2026-01-02T16:12:00Z,61205.40475069,61256.48017167,61201.37023100,61252.44255135,1136.66938344,113
2026-01-02T16:13:00Z,61252.44255135,61312.10935558,61250.63626490,61310.30136292,592.15837553,59
2026-01-02T16:14:00Z,61310.30136292,61358.89116442,61276.70035021,61325.28194162,160.53913432,16
2026-01-02T16:15:00Z,61325.28194162,61342.54401147,61304.68716033,61321.94829181,23.72654096,2
2026-01-02T16:16:00Z,61321.94829181,61337.89409937,61315.48813671,61331.43294509,264.17496048,26
2026-01-02T16:17:00Z,61331.43294509,61378.89444643,61327.08943576,61374.54788369,824.98752954,82
2026-01-02T16:18:00Z,61374.54788369,61444.04208285,61342.58635466,61412.06101840,215.29377296,21
2026-01-02T16:19:00Z,61412.06101840,61500.94634076,61393.41440439,61482.27840655,200.35242515,20
2026-01-02T16:20:00Z,61482.27840655,61489.94129879,61452.64408435,61460.30423781,239.70446921,23
2026-01-02T16:21:00Z,61460.30423781,61497.99537687,61444.00111782,61481.68658494,323.21660891,32
2026-01-02T16:22:00Z,61481.68658494,61530.19785699,61459.48512618,61507.98690100,388.18198814,38
2026-01-02T16:23:00Z,61507.98690100,61514.67125953,61507.68157338,61514.36590024,339.08600431,33
2026-01-02T16:24:00Z,61514.36590024,61578.64602008,61502.72078351,61566.99094104,297.72887192,29
2026-01-02T16:25:00Z,61566.99094104,61568.48351902,61562.81782293,61564.31033592,74.52395154,7
2026-01-02T16:26:00Z,61564.31033592,61619.05873652,61519.23758171,61573.97890371,175.81286050,17
2026-01-02T16:27:00Z,61573.97890371,61594.01119300,61571.65750337,61591.68912496,654.00545518,65
2026-01-02T16:28:00Z,61591.68912496,61634.64133848,61562.09725806,61605.04305565,326.72824119,32
2026-01-02T16:29:00Z,61605.04305565,61640.16602547,61585.74467711,61620.86269127,292.50417701,29
2026-01-02T16:30:00Z,61620.86269127,61722.04785450,61568.46554018,61669.60925347,547.93634683,54
2026-01-02T16:31:00Z,61669.60925347,61707.25790375,61639.44347786,61677.08846967,60.38771670,6
2026-01-02T16:32:00Z,61677.08846967,61720.85772692,61662.96783701,61706.73030792,258.16052639,25
2026-01-02T16:33:00Z,61706.73030792,61749.61126344,61699.63344467,61742.51028516,382.30263347,38
2026-01-02T16:34:00Z,61742.51028516,61744.29503063,61739.08554226,61740.87024033,245.49481729,24
2026-01-02T16:35:00Z,61740.87024033,61765.03531341,61740.41590501,61764.58080361,24.06047828,2
2026-01-02T16:36:00Z,61764.58080361,61787.29343765,61762.11371486,61784.82554026,289.77540569,28
2026-01-02T16:37:00Z,61784.82554026,61839.12500553,61756.59079774,61810.87835726,575.17889508,57
2026-01-02T16:38:00Z,61810.87835726,61839.32194811,61788.66970094,61817.11105239,111.03801557,11
2026-01-02T16:39:00Z,61817.11105239,61860.15401875,61789.53006195,61832.56613271,632.50749117,63
2026-01-02T16:40:00Z,61832.56613271,61863.49026264,61776.39669550,61807.30819325,274.60326065,27
2026-01-02T16:41:00Z,61807.30819325,61839.44851241,61789.81404522,61821.95022005,712.19936200,71
2026-01-02T16:42:00Z,61821.95022005,61832.15863166,61777.86194904,61788.06476528,133.77308425,13
2026-01-02T16:43:00Z,61788.06476528,61826.51619652,61787.01957771,61825.47037621,311.58387854,31
2026-01-02T16:44:00Z,61825.47037621,61864.25715615,61814.41703835,61853.19886091,395.38243737,39
2026-01-02T16:45:00Z,61853.19886091,61858.80687671,61838.41988582,61844.02707004,277.00032027,27
2026-01-02T16:46:00Z,61844.02707004,61875.96700980,61833.20403259,61865.14027742,511.82353743,51
2026-01-02T16:47:00Z,61865.14027742,61901.45977114,61859.63857711,61895.95533043,249.37042198,24
2026-01-02T16:48:00Z,61895.95533043,61914.73954317,61894.76069704,61913.54457030,240.86842404,24
2026-01-02T16:49:00Z,61913.54457030,61954.17734276,61903.07505890,61943.70273165,120.41850075,12
2026-01-02T16:50:00Z,61943.70273165,61964.97063276,61879.55829283,61900.81146755,215.11794308,21
2026-01-02T16:51:00Z,61900.81146755,62003.73619363,61871.69924567,61974.58927373,783.92317104,78
2026-01-02T16:52:00Z,61974.58927373,61989.99282190,61969.25108206,61984.65376333,239.31130809,23
2026-01-02T16:53:00Z,61984.65376333,61999.84437030,61943.03268094,61958.21680900,470.13004242,47
2026-01-02T16:54:00Z,61958.21680900,61995.63531666,61948.54295217,61985.95712859,491.55047320,49
2026-01-02T16:55:00Z,61985.95712859,62008.18933101,61926.16379351,61948.38251923,346.29963717,34
2026-01-02T16:56:00Z,61948.38251923,61964.78634051,61942.95473477,61959.35759444,817.99455432,81
2026-01-02T16:57:00Z,61959.35759444,61983.75734996,61955.55791754,61979.95640983,320.17207823,32
2026-01-02T16:58:00Z,61979.95640983,61982.35943154,61975.39627720,61977.79921529,222.67264994,22
2026-01-02T16:59:00Z,61977.79921529,62017.33509843,61950.49257006,61990.02306753,71.35080745,7
2026-01-02T17:00:00Z,61990.02306753,62006.79015490,61934.86824440,61951.62494583,512.63616843,51
2026-01-02T17:01:00Z,61951.62494583,61990.37656097,61929.74383901,61968.48949764,114.30947682,11
2026-01-02T17:02:00Z,61968.48949764,62006.06280830,61968.23074770,62005.80390256,102.10606004,10
2026-01-02T17:03:00Z,62005.80390256,62028.09862937,61995.84678777,62018.13953368,98.88127846,9
2026-01-02T17:04:00Z,62018.13953368,62041.57171166,62010.51651060,62033.94674561,57.64738194,5
2026-01-02T17:05:00Z,62033.94674561,62056.69491688,62018.52361614,62041.26996668,284.89079205,28
2026-01-02T17:06:00Z,62041.26996668,62067.86308942,62034.41369136,62061.00463319,632.52318962,63
2026-01-02T17:07:00Z,62061.00463319,62094.03875499,61977.13869481,62010.14574521,472.06458431,47
2026-01-02T17:08:00Z,62010.14574521,62041.25642220,61971.06593032,62002.17260717,215.99734942,21
2026-01-02T17:09:00Z,62002.17260717,62019.22211985,61999.81153498,62016.86048834,185.13101956,18
2026-01-02T17:10:00Z,62016.86048834,62055.39790086,61947.42101125,61985.93920922,316.92771180,31
2026-01-02T17:11:00Z,61985.93920922,62037.80225438,61972.45689509,62024.31159402,631.63000964,63
2026-01-02T17:12:00Z,62024.31159402,62091.07851321,61994.82348565,62061.57268986,424.40089810,42
2026-01-02T17:13:00Z,62061.57268986,62164.05399503,61925.94700150,62028.37348534,418.76392022,41
2026-01-02T17:14:00Z,62028.37348534,62076.84166742,62015.72505620,62064.18593563,140.24770691,14
2026-01-02T17:15:00Z,62064.18593563,62220.76702069,62059.76902087,62216.33927765,356.91178117,35
2026-01-02T17:16:00Z,62216.33927765,62349.05960221,62173.09091199,62305.74908523,465.98004008,46
2026-01-02T17:17:00Z,62305.74908523,62468.86137301,62078.77955535,62241.72423034,311.29080411,31
2026-01-02T17:18:00Z,62241.72423034,62462.20164340,62137.49533373,62357.77840451,419.35784841,41
2026-01-02T17:19:00Z,62357.77840451,62777.44654168,62250.95096489,62670.08407955,845.63582301,84
2026-01-02T17:20:00Z,62670.08407955,62875.75975024,62667.09157798,62872.75757100,766.60858368,76
2026-01-02T17:21:00Z,62872.75757100,62989.46965838,62597.50481729,62713.92205479,602.92712328,60
2026-01-02T17:22:00Z,62713.92205479,62759.72018803,62690.41519614,62736.20497714,159.19970593,15
2026-01-02T17:23:00Z,62736.20497714,62977.00644365,62704.78268461,62945.47933318,1294.47595033,129
2026-01-02T17:24:00Z,62945.47933318,63154.61254091,62905.62834025,63114.65444265,521.50912105,52
2026-01-02T17:25:00Z,63114.65444265,63291.50056163,62968.63481076,63145.40977538,514.81760481,51
2026-01-02T17:26:00Z,63145.40977538,63291.47353908,62944.95351549,63090.89117038,189.78278933,18
2026-01-02T17:27:00Z,63090.89117038,63330.70602831,63037.36339405,63277.02033568,403.07141887,40
2026-01-02T17:28:00Z,63277.02033568,63574.64781956,63121.21396454,63418.49310145,266.91390290,26
2026-01-02T17:29:00Z,63418.49310145,63594.15511596,63324.64244018,63500.18356402,803.54751842,80
2026-01-02T17:30:00Z,63500.18356402,63653.38105305,63377.56705164,63530.70560374,332.76946750,33
2026-01-02T17:31:00Z,63530.70560374,63584.19124036,63399.42473977,63452.84482646,330.50770638,33
2026-01-02T17:32:00Z,63452.84482646,63800.19894764,63224.05480524,63570.98295929,627.91164291,62
2026-01-02T17:33:00Z,63570.98295929,63610.63755148,63433.95911040,63473.55292724,144.14559154,14
2026-01-02T17:34:00Z,63473.55292724,63542.80437433,63457.29346001,63526.53133608,219.60613382,21
2026-01-02T17:35:00Z,63526.53133608,63563.08846425,63342.83427706,63379.30668298,917.65120182,91
2026-01-02T17:36:00Z,63379.30668298,63386.46764838,63195.77722834,63202.91826434,566.11091329,56
2026-01-02T17:37:00Z,63202.91826434,63237.09581258,63089.90124865,63124.03614067,456.13070823,45
2026-01-02T17:38:00Z,63124.03614067,63296.61845849,62921.14672958,63093.64596006,157.90179682,15
2026-01-02T17:39:00Z,63093.64596006,63419.23006668,62872.84597699,63198.06466411,499.08536539,49
2026-01-02T17:40:00Z,63198.06466411,63383.43611678,62996.93081198,63182.25589463,106.21936488,10
2026-01-02T17:41:00Z,63182.25589463,63231.84137553,63113.75710805,63163.32773411,326.36120621,32
2026-01-02T17:42:00Z,63163.32773411,63286.08747134,63056.64489293,63179.37752207,248.25030560,24
2026-01-02T17:43:00Z,63179.37752207,63298.68549148,62925.58935283,63044.64288929,881.47764088,88
2026-01-02T17:44:00Z,63044.64288929,63280.90466103,62904.10921132,63140.15806887,82.09621624,8
2026-01-02T17:45:00Z,63140.15806887,63390.31457086,63127.99730000,63378.10797293,352.88794265,35
2026-01-02T17:46:00Z,63378.10797293,63694.82775123,63234.85031645,63551.17889130,773.27507255,77
2026-01-02T17:47:00Z,63551.17889130,63558.87880392,63457.25739872,63464.94686339,63.21904575,6
2026-01-02T17:48:00Z,63464.94686339,63560.17367227,63414.15686501,63509.34814025,448.72137525,44
2026-01-02T17:49:00Z,63509.34814025,63648.72273504,63397.77693245,63537.10276879,515.35717068,51
2026-01-02T17:50:00Z,63537.10276879,63570.47365703,63467.44489883,63500.79671845,301.82242014,30
2026-01-02T17:51:00Z,63500.79671845,63521.58076871,63411.38940298,63432.15098524,343.60814848,34
2026-01-02T17:52:00Z,63432.15098524,63440.80431384,63373.22065895,63381.86712789,346.21947545,34
2026-01-02T17:53:00Z,63381.86712789,63397.80974561,63331.41004000,63347.34397401,352.46749854,35
2026-01-02T17:54:00Z,63347.34397401,63366.27679204,63263.84677516,63282.76029087,1471.86566438,147
2026-01-02T17:55:00Z,63282.76029087,63308.03236485,63213.89412347,63239.14878113,497.11062895,49
2026-01-02T17:56:00Z,63239.14878113,63250.80359167,63153.73628716,63165.37750186,693.15189551,69
2026-01-02T17:57:00Z,63165.37750186,63165.85924015,63115.49475748,63115.97611901,1072.52667788,107
2026-01-02T17:58:00Z,63115.97611901,63118.92395131,63079.96819001,63082.91447817,289.24498977,28
2026-01-02T17:59:00Z,63082.91447817,63085.59192947,63024.18780898,63026.86288126,1189.71885457,118
2026-01-02T18:00:00Z,63026.86288126,63027.16650307,63009.60901807,63009.91255822,24.94813574,2
2026-01-02T18:01:00Z,63009.91255822,63020.88988816,62916.45213742,62927.41509498,1714.30106943,171
2026-01-02T18:02:00Z,62927.41509498,62946.53667919,62864.26216373,62883.37036419,390.94113423,39
2026-01-02T18:03:00Z,62883.37036419,62892.76341949,62844.76440823,62854.15309927,518.14413736,51
2026-01-02T18:04:00Z,62854.15309927,62862.30934930,62778.47389859,62786.62138539,1330.90904944,133
2026-01-02T18:05:00Z,62786.62138539,62812.11694227,62767.88986986,62793.38340938,381.83715020,38
2026-01-02T18:06:00Z,62793.38340938,62815.53031756,62754.51948219,62776.66049228,78.28701964,7
2026-01-02T18:07:00Z,62776.66049228,62778.78362797,62736.43666037,62738.55850744,912.32989281,91
2026-01-02T18:08:00Z,62738.55850744,62757.13464861,62666.88469809,62685.44511303,196.83715939,19
2026-01-02T18:09:00Z,62685.44511303,62701.80524462,62616.20043739,62632.54676316,377.38242553,37
2026-01-02T18:10:00Z,62632.54676316,62640.49794686,62609.17813396,62617.12736017,168.25088981,16
2026-01-02T18:11:00Z,62617.12736017,62670.09207080,62557.77944195,62610.73874877,398.41390774,39
2026-01-02T18:12:00Z,62610.73874877,62626.07280618,62540.54940491,62555.87002437,808.45152294,80
2026-01-02T18:13:00Z,62555.87002437,62607.81301008,62451.70206343,62503.60164833,469.46907526,46
2026-01-02T18:14:00Z,62503.60164833,62519.27775962,62485.38562646,62501.06110058,90.96256076,9
2026-01-02T18:15:00Z,62501.06110058,62516.40375097,62407.81677190,62423.14029443,238.02599417,23
2026-01-02T18:16:00Z,62423.14029443,62483.26180746,62398.77669042,62458.88425266,1176.42320676,117
2026-01-02T18:17:00Z,62458.88425266,62495.53206445,62435.67832484,62472.32114430,45.54550849,4
2026-01-02T18:18:00Z,62472.32114430,62484.27356989,62437.33976935,62449.28778811,345.11830088,34
2026-01-02T18:19:00Z,62449.28778811,62463.05628932,62371.45238405,62385.20675700,893.75323102,89
2026-01-02T18:20:00Z,62385.20675700,62401.70011303,62354.86311957,62371.35281290,331.25837926,33
2026-01-02T18:21:00Z,62371.35281290,62400.46568991,62325.23445517,62354.33939088,478.39593614,47
2026-01-02T18:22:00Z,62354.33939088,62355.19873392,62320.25042858,62321.10931365,206.01480512,20
2026-01-02T18:23:00Z,62321.10931365,62339.17448183,62266.08958510,62284.14403806,193.81925719,19
2026-01-02T18:24:00Z,62284.14403806,62287.33429704,62273.78998073,62276.97987276,500.74277159,50
2026-01-02T18:25:00Z,62276.97987276,62292.57933086,62268.98271345,62284.58119545,94.98074646,9
2026-01-02T18:26:00Z,62284.58119545,62319.45174581,62272.62367508,62307.48982739,289.12714156,28
2026-01-02T18:27:00Z,62307.48982739,62322.86691430,62238.60906044,62253.97293973,642.66114534,64
2026-01-02T18:28:00Z,62253.97293973,62279.81661278,62204.93728103,62230.77132233,28.89975963,2
2026-01-02T18:29:00Z,62230.77132233,62281.29440440,62196.92572559,62247.43974216,34.22613822,3
2026-01-02T18:30:00Z,62247.43974216,62265.18519351,62174.12752552,62191.85713143,733.42363479,73
2026-01-02T18:31:00Z,62191.85713143,62235.54092921,62148.64287516,62192.32634690,137.73822409,13
2026-01-02T18:32:00Z,62192.32634690,62210.38614817,62166.69933556,62184.75693878,358.62934696,35
2026-01-02T18:33:00Z,62184.75693878,62214.79904821,62180.02590900,62210.06609291,504.53253226,50
2026-01-02T18:34:00Z,62210.06609291,62236.75536499,62177.55973041,62204.24650577,477.80754269,47
2026-01-02T18:35:00Z,62204.24650577,62206.49649604,62175.03381535,62177.28283031,882.90838149,88
2026-01-02T18:36:00Z,62177.28283031,62221.88069964,62093.45380238,62138.02351221,471.20350836,47
2026-01-02T18:37:00Z,62138.02351221,62207.54329392,62106.36509396,62175.86559569,706.83838564,70
2026-01-02T18:38:00Z,62175.86559569,62177.91741489,62168.05469539,62170.10632454,122.15149135,12
2026-01-02T18:39:00Z,62170.10632454,62189.33663156,62128.46605078,62147.68942386,815.00322742,81
2026-01-02T18:40:00Z,62147.68942386,62157.82616734,62111.12410616,62121.25653825,489.44990173,48
2026-01-02T18:41:00Z,62121.25653825,62132.66963786,62097.87940225,62109.29030339,323.24041524,32
2026-01-02T18:42:00Z,62109.29030339,62115.04290105,62103.97223325,62109.72479371,303.76683916,30
2026-01-02T18:43:00Z,62109.72479371,62130.39145786,62093.83338349,62114.49882616,615.89576686,61
2026-01-02T18:44:00Z,62114.49882616,62114.51663054,62102.78331730,62102.80111832,566.39896702,56
2026-01-02T18:45:00Z,62102.80111832,62151.99860639,62067.47836956,62116.66797045,261.50534539,26
2026-01-02T18:46:00Z,62116.66797045,62124.40014553,62105.00912892,62112.74081515,143.64697514,14
2026-01-02T18:47:00Z,62112.74081515,62158.24885127,62050.89886099,62096.39492099,222.88611985,22
2026-01-02T18:48:00Z,62096.39492099,62129.30616206,62088.39556464,62121.30359694,286.77905408,28
2026-01-02T18:49:00Z,62121.30359694,62160.68287782,62094.15391682,62133.52785517,442.03233156,44
2026-01-02T18:50:00Z,62133.52785517,62147.40866115,62077.31120202,62091.18254793,867.50911690,86
2026-01-02T18:51:00Z,62091.18254793,62100.95643442,62053.18705546,62062.95649884,436.24792040,43
2026-01-02T18:52:00Z,62062.95649884,62133.04249547,62012.71456011,62082.78450533,268.35863961,26
2026-01-02T18:53:00Z,62082.78450533,62094.09115324,62056.92444054,62068.22843746,396.01638839,39
2026-01-02T18:54:00Z,62068.22843746,62077.62060207,62029.84438141,62039.23215830,191.66391809,19
2026-01-02T18:55:00Z,62039.23215830,62058.17672823,62030.95019355,62049.89334026,195.12445659,19
2026-01-02T18:56:00Z,62049.89334026,62096.12087492,62024.46405838,62070.68307300,325.02603540,32
2026-01-02T18:57:00Z,62070.68307300,62126.95823169,62046.65926428,62102.92194525,107.06373798,10
2026-01-02T18:58:00Z,62102.92194525,62146.02855736,62028.94982302,62072.03499602,930.89407868,93
2026-01-02T18:59:00Z,62072.03499602,62122.53470694,61978.72521536,62029.19006910,38.47862949,3
2026-01-02T19:00:00Z,62029.19006910,62062.25491688,61988.20619953,62021.26682381,208.86854992,20
2026-01-02T19:01:00Z,62021.26682381,62030.38537731,61969.51288569,61978.62516989,177.57107207,17
2026-01-02T19:02:00Z,61978.62516989,61994.86557004,61951.74208746,61967.97969816,312.28784588,31
2026-01-02T19:03:00Z,61967.97969816,61980.07402556,61941.01219707,61953.10362109,726.86960412,72
2026-01-02T19:04:00Z,61953.10362109,61970.67983004,61922.38787694,61939.96035712,227.15447147,22
2026-01-02T19:05:00Z,61939.96035712,61970.40203230,61937.04072745,61967.48110540,263.98410257,26
2026-01-02T19:06:00Z,61967.48110540,62010.26820576,61939.93586928,61982.71619748,560.38948554,56
2026-01-02T19:07:00Z,61982.71619748,62006.45524362,61906.54171617,61930.26067213,144.05436727,14
2026-01-02T19:08:00Z,61930.26067213,61945.08433590,61891.64514335,61906.46311092,67.62355474,6
2026-01-02T19:09:00Z,61906.46311092,61933.31032128,61894.85550048,61921.69985392,118.87844665,11
2026-01-02T19:10:00Z,61921.69985392,61922.59616385,61903.65581584,61904.55187756,121.64146246,12
2026-01-02T19:11:00Z,61904.55187756,61910.54989885,61900.40171375,61906.39961117,99.66563868,9
2026-01-02T19:12:00Z,61906.39961117,61908.52826051,61899.46425627,61901.59274033,127.70191521,12
2026-01-02T19:13:00Z,61901.59274033,61970.52317733,61877.04814847,61945.96099303,579.82030167,57
2026-01-02T19:14:00Z,61945.96099303,62103.60102312,61891.19878485,62048.74794799,1232.17188778,123
2026-01-02T19:15:00Z,62048.74794799,62057.30859324,62022.55843300,62031.11664573,223.16659422,22
2026-01-02T19:16:00Z,62031.11664573,62056.24876706,61970.37320015,61995.49088758,203.04536868,20
2026-01-02T19:17:00Z,61995.49088758,62017.94734871,61946.53905250,61968.98591280,217.86402176,21
2026-01-02T19:18:00Z,61968.98591280,61991.18912446,61953.53587274,61975.73740113,226.08038274,22
2026-01-02T19:19:00Z,61975.73740113,62011.21725095,61939.11848379,61974.59768115,68.51123697,6
2026-01-02T19:20:00Z,61974.59768115,61996.47220607,61878.00787138,61899.85601552,2804.01724922,280
2026-01-02T19:21:00Z,61899.85601552,61990.36872680,61854.72906213,61945.20870987,604.53677432,60
2026-01-02T19:22:00Z,61945.20870987,61974.00986874,61933.93708807,61962.73505783,211.30794325,21
2026-01-02T19:23:00Z,61962.73505783,61981.46793089,61890.31580712,61909.03244454,1030.55034948,103
2026-01-02T19:24:00Z,61909.03244454,61958.71075435,61900.59119888,61950.26388682,117.80550020,11
2026-01-02T19:25:00Z,61950.26388682,61968.43273779,61941.80310757,61959.97063286,215.60900573,21
2026-01-02T19:26:00Z,61959.97063286,62019.92352618,61936.51916097,61996.45824395,217.27662086,21
2026-01-02T19:27:00Z,61996.45824395,62069.50795547,61971.63292705,62044.66333575,64.98566769,6
2026-01-02T19:28:00Z,62044.66333575,62109.01851975,61926.14650907,61990.44545613,249.84992111,24
2026-01-02T19:29:00Z,61990.44545613,62014.96778377,61977.47060919,62001.99052040,219.49758936,21
2026-01-02T19:30:00Z,62001.99052040,62037.03765524,61935.40457212,61970.43386929,551.35332591,55
2026-01-02T19:31:00Z,61970.43386929,62086.00671486,61964.77809473,62080.34090955,508.65876413,50
2026-01-02T19:32:00Z,62080.34090955,62126.57952277,61939.49225405,61985.66034740,195.36778713,19
2026-01-02T19:33:00Z,61985.66034740,62023.92497502,61969.56342311,62007.82229553,251.03957121,25
2026-01-02T19:34:00Z,62007.82229553,62010.80064773,61968.20444385,61971.18103610,716.31817053,71
2026-01-02T19:35:00Z,61971.18103610,62022.24852437,61936.40041957,61987.45877216,181.31755932,18
2026-01-02T19:36:00Z,61987.45877216,62029.22876478,61949.14714923,61990.91500571,110.94218883,11
2026-01-02T19:37:00Z,61990.91500571,62081.21955347,61973.96692548,62064.25142334,665.59397686,66
2026-01-02T19:38:00Z,62064.25142334,62077.57603848,61948.36455349,61961.66714474,1589.07306145,158
2026-01-02T19:39:00Z,61961.66714474,61978.80085936,61932.16466732,61949.29496077,187.25772903,18
2026-01-02T19:40:00Z,61949.29496077,61957.29414503,61934.75157006,61942.74990919,203.18300690,20
2026-01-02T19:41:00Z,61942.74990919,61982.28939754,61912.50779607,61952.04274740,64.52362777,6
2026-01-02T19:42:00Z,61952.04274740,62023.11098908,61857.51087084,61928.55216532,117.29340872,11
2026-01-02T19:43:00Z,61928.55216532,61991.11737474,61906.10041963,61968.65109147,628.19594400,62
2026-01-02T19:44:00Z,61968.65109147,61992.49669288,61952.57071153,61976.41429845,97.66810949,9
2026-01-02T19:45:00Z,61976.41429845,61993.76426069,61888.93130804,61906.26163143,655.71056947,65
2026-01-02T19:46:00Z,61906.26163143,61924.91044189,61901.12573727,61919.77342676,235.08032492,23
2026-01-02T19:47:00Z,61919.77342676,61929.75289598,61903.71552492,61913.69401433,182.12237176,18
2026-01-02T19:48:00Z,61913.69401433,61966.77327502,61831.09097433,61884.14490226,354.13401001,35
2026-01-02T19:49:00Z,61884.14490226,61973.00583922,61734.44307245,61823.21652088,608.93105188,60
2026-01-02T19:50:00Z,61823.21652088,61832.62177560,61801.55577723,61810.95916723,103.09662306,10
2026-01-02T19:51:00Z,61810.95916723,61834.91026749,61732.45907011,61756.38902502,635.59769257,63
2026-01-02T19:52:00Z,61756.38902502,61761.57542644,61751.81711834,61757.00347427,247.30682403,24
2026-01-02T19:53:00Z,61757.00347427,61776.46981056,61718.77417930,61738.23459948,103.40434437,10
2026-01-02T19:54:00Z,61738.23459948,61785.36489618,61720.09231187,61767.21409272,248.82369520,24
2026-01-02T19:55:00Z,61767.21409272,61817.05128518,61755.70274652,61805.53279766,173.14829182,17
2026-01-02T19:56:00Z,61805.53279766,61809.79518009,61771.67795978,61775.93830125,102.45568560,10
2026-01-02T19:57:00Z,61775.93830125,61805.00664908,61716.90403584,61745.95827673,683.46800023,68
2026-01-02T19:58:00Z,61745.95827673,61755.99081172,61744.62583877,61754.65818602,191.55207924,19
2026-01-02T19:59:00Z,61754.65818602,61835.96386126,61699.90897186,61781.19112406,793.93388881,79
2026-01-02T20:00:00Z,61781.19112406,61798.28947522,61775.50156681,61792.59886741,186.25043500,18
2026-01-02T20:01:00Z,61792.59886741,61819.84446474,61694.56007602,61721.77444544,264.25345818,26
2026-01-02T20:02:00Z,61721.77444544,61751.38096307,61661.50149943,61691.09330002,682.35958957,68
2026-01-02T20:03:00Z,61691.09330002,61710.48986595,61646.33475092,61665.72334018,673.54093154,67
2026-01-02T20:04:00Z,61665.72334018,61727.79871911,61565.75322857,61627.79042258,118.41241464,11
2026-01-02T20:05:00Z,61627.79042258,61703.47470845,61624.57797146,61700.25847981,1139.07548231,113
2026-01-02T20:06:00Z,61700.25847981,61722.38107306,61663.83664302,61685.95410745,333.37217054,33
2026-01-02T20:07:00Z,61685.95410745,61699.42948758,61650.13304718,61663.60354480,18.35012109,1
2026-01-02T20:08:00Z,61663.60354480,61687.55570801,61614.12261625,61638.06485940,207.32358501,20
2026-01-02T20:09:00Z,61638.06485940,61639.20446039,61604.56370553,61605.70270819,141.27919731,14
2026-01-02T20:10:00Z,61605.70270819,61654.04693826,61562.71711195,61611.05760562,63.65758679,6
2026-01-02T20:11:00Z,61611.05760562,61637.43420096,61580.12892387,61606.50356956,427.89801174,42
2026-01-02T20:12:00Z,61606.50356956,61630.42402302,61571.13982967,61595.05583822,419.02789920,41
2026-01-02T20:13:00Z,61595.05583822,61655.70210402,61537.21829715,61597.86192805,119.13087829,11
2026-01-02T20:14:00Z,61597.86192805,61621.68123106,61550.10335240,61573.91339474,279.83034306,27
2026-01-02T20:15:00Z,61573.91339474,61626.17704683,61567.15942622,61619.41808696,497.79136513,49
2026-01-02T20:16:00Z,61619.41808696,61692.11800814,61594.34255397,61667.02310267,431.52682265,43
2026-01-02T20:17:00Z,61667.02310267,61689.83787266,61633.51005931,61656.32086983,286.54058490,28
2026-01-02T20:18:00Z,61656.32086983,61734.61181652,61621.41825898,61699.68465816,182.31430111,18
2026-01-02T20:19:00Z,61699.68465816,61705.11168219,61683.80011547,61689.22621959,149.79440206,14
2026-01-02T20:20:00Z,61689.22621959,61717.53373488,61667.34081073,61695.64604847,184.87619803,18
2026-01-02T20:21:00Z,61695.64604847,61755.79967293,61683.56956843,61743.71378398,153.95224343,15
2026-01-02T20:22:00Z,61743.71378398,61789.08729972,61719.75560695,61765.12081620,377.86371960,37
2026-01-02T20:23:00Z,61765.12081620,61829.99104974,61698.90481155,61763.77363018,112.62222139,11
2026-01-02T20:24:00Z,61763.77363018,61835.20259004,61702.46979194,61773.88871205,115.50777467,11
2026-01-02T20:25:00Z,61773.88871205,61814.22742440,61748.72383109,61789.05636458,324.98483258,32
2026-01-02T20:26:00Z,61789.05636458,61828.36173970,61761.76115732,61801.06122931,216.65487538,21
2026-01-02T20:27:00Z,61801.06122931,61846.57159897,61762.50097154,61808.00700744,167.39279306,16
2026-01-02T20:28:00Z,61808.00700744,61880.38553842,61797.77073486,61870.13897592,1355.34480300,135
2026-01-02T20:29:00Z,61870.13897592,61872.75137916,61783.05490643,61785.66374279,760.06238853,76
2026-01-02T20:30:00Z,61785.66374279,61809.83398449,61733.54398361,61757.70328732,672.52075073,67
2026-01-02T20:31:00Z,61757.70328732,61792.56005979,61693.48755339,61728.32774595,114.71693673,11
2026-01-02T20:32:00Z,61728.32774595,61731.22591641,61681.73180000,61684.62791874,1006.28271958,100
2026-01-02T20:33:00Z,61684.62791874,61698.12685326,61654.88091744,61668.37629549,325.79496466,32
2026-01-02T20:34:00Z,61668.37629549,61707.07602903,61623.88712302,61662.58322115,245.28061412,24
2026-01-02T20:35:00Z,61662.58322115,61701.57908753,61619.10861716,61658.10164936,24.36036219,2
2026-01-02T20:36:00Z,61658.10164936,61721.17784131,61636.34621101,61699.40782849,679.96767187,67
2026-01-02T20:37:00Z,61699.40782849,61745.10546338,61693.52214512,61739.21598259,719.84684937,71
2026-01-02T20:38:00Z,61739.21598259,61770.27967733,61687.93287843,61718.98639477,272.97756122,27
2026-01-02T20:39:00Z,61718.98639477,61741.61282887,61695.13848724,61717.76447338,134.53743693,13
2026-01-02T20:40:00Z,61717.76447338,61734.40601666,61631.28572573,61647.90843307,253.13918321,25
2026-01-02T20:41:00Z,61647.90843307,61677.21083541,61599.67088961,61628.96428745,672.42723340,67
2026-01-02T20:42:00Z,61628.96428745,61657.90728099,61628.70164346,61657.64451477,237.97625132,23
2026-01-02T20:43:00Z,61657.64451477,61666.36533106,61650.51413196,61659.23476435,128.47964404,12
2026-01-02T20:44:00Z,61659.23476435,61682.12499552,61637.91018528,61660.79987516,301.86245936,30
2026-01-02T20:45:00Z,61660.79987516,61669.34124993,61638.32376961,61646.86321385,247.53291487,24
2026-01-02T20:46:00Z,61646.86321385,61676.41228003,61594.26089870,61623.79890952,1203.95787887,120
2026-01-02T20:47:00Z,61623.79890952,61702.42402931,61576.54919838,61655.15027968,829.24840120,82
2026-01-02T20:48:00Z,61655.15027968,61687.22934414,61623.74667623,61655.82539682,136.88447954,13
2026-01-02T20:49:00Z,61655.82539682,61662.36851939,61642.21194081,61648.75431298,57.50776668,5
2026-01-02T20:50:00Z,61648.75431298,61707.86926415,61642.86795021,61701.97781947,495.43304983,49
2026-01-02T20:51:00Z,61701.97781947,61773.10955058,61686.07713388,61757.19463553,667.70036090,66
2026-01-02T20:52:00Z,61757.19463553,61777.15529912,61725.12126899,61745.07801635,73.96145806,7
2026-01-02T20:53:00Z,61745.07801635,61776.56876876,61740.48168604,61771.97043657,213.45523230,21
2026-01-02T20:54:00Z,61771.97043657,61802.90435000,61731.65754695,61762.58676126,319.84326891,31
2026-01-02T20:55:00Z,61762.58676126,61771.95352153,61758.41403788,61767.78044726,362.82575421,36
2026-01-02T20:56:00Z,61767.78044726,61769.38927387,61741.92907847,61743.53727363,293.42238005,29
2026-01-02T20:57:00Z,61743.53727363,61778.62559580,61705.04847505,61740.13486366,290.42441811,29
2026-01-02T20:58:00Z,61740.13486366,61812.60169922,61689.07244228,61761.52158987,313.90036645,31
2026-01-02T20:59:00Z,61761.52158987,61815.99052168,61744.43954032,61798.89813450,380.89216496,38
2026-01-02T21:00:00Z,61798.89813450,61814.69959649,61774.06062829,61789.85977924,152.32125855,15
2026-01-02T21:01:00Z,61789.85977924,61869.16193029,61760.55885242,61839.83730398,756.83225394,75
2026-01-02T21:02:00Z,61839.83730398,61841.32751351,61773.36722357,61774.85586718,553.31903856,55
2026-01-02T21:03:00Z,61774.85586718,61775.98367565,61681.60590177,61682.73202836,210.40812920,21
2026-01-02T21:04:00Z,61682.73202836,61759.56040118,61637.42590742,61714.23114406,120.88109846,12
2026-01-02T21:05:00Z,61714.23114406,61726.55323652,61688.97284914,61701.29235819,277.30278233,27
2026-01-02T21:06:00Z,61701.29235819,61749.09479247,61587.26634813,61635.01743660,526.51058150,52
2026-01-02T21:07:00Z,61635.01743660,61648.48581946,61600.71980436,61614.18363465,392.08479027,39
2026-01-02T21:08:00Z,61614.18363465,61648.77353626,61608.81005069,61643.39740447,460.32459462,46
2026-01-02T21:09:00Z,61643.39740447,61690.08247757,61580.08322092,61626.75569057,81.13634329,8
2026-01-02T21:10:00Z,61626.75569057,61633.31962740,61590.07542652,61596.63615529,253.99527243,25
2026-01-02T21:11:00Z,61596.63615529,61618.84945495,61566.65773306,61588.86823142,46.89326159,4
2026-01-02T21:12:00Z,61588.86823142,61676.52365874,61507.07558680,61594.72323843,221.15320231,22
2026-01-02T21:13:00Z,61594.72323843,61621.80330514,61559.39911542,61586.47555605,33.02294335,3
2026-01-02T21:14:00Z,61586.47555605,61609.09324782,61567.02425678,61589.64094881,237.85153587,23
2026-01-02T21:15:00Z,61589.64094881,61662.61868464,61463.38494557,61536.29947695,122.03703009,12
2026-01-02T21:16:00Z,61536.29947695,61602.97585734,61444.23269481,61510.88153411,281.66982673,28
2026-01-02T21:17:00Z,61510.88153411,61587.36644176,61469.92924587,61546.39051260,316.79663033,31
2026-01-02T21:18:00Z,61546.39051260,61602.92318479,61539.83140804,61596.35875502,576.88413268,57
2026-01-02T21:19:00Z,61596.35875502,61630.91250666,61565.99881383,61600.55049942,165.11282339,16
2026-01-02T21:20:00Z,61600.55049942,61630.71972339,61578.20911675,61608.37550273,294.27047455,29
2026-01-02T21:21:00Z,61608.37550273,61706.41275591,61575.00626782,61673.00851351,227.00809262,22
2026-01-02T21:22:00Z,61673.00851351,61738.11594116,61665.71150381,61730.81209228,522.66256318,52
2026-01-02T21:23:00Z,61730.81209228,61768.67062607,61707.71107394,61745.56408721,309.17695379,30
2026-01-02T21:24:00Z,61745.56408721,61797.26168378,61735.53373587,61787.22456484,790.11047350,79
2026-01-02T21:25:00Z,61787.22456484,61822.23758879,61734.32091584,61769.32379594,340.68738196,34
2026-01-02T21:26:00Z,61769.32379594,61798.07334060,61720.20486486,61748.94492450,373.77513534,37
2026-01-02T21:27:00Z,61748.94492450,61763.27611123,61739.15451017,61753.48497706,269.94101008,26
2026-01-02T21:28:00Z,61753.48497706,61785.60909160,61731.84157343,61763.96201597,199.48676090,19
2026-01-02T21:29:00Z,61763.96201597,61777.87648548,61745.43578285,61759.34921317,544.66112534,54
2026-01-02T21:30:00Z,61759.34921317,61849.70164496,61707.51571485,61797.83584552,450.39446665,45
2026-01-02T21:31:00Z,61797.83584552,61806.19341342,61782.87966427,61791.23633966,374.62501392,37
2026-01-02T21:32:00Z,61791.23633966,61791.79454927,61789.81651477,61790.37471659,44.04046621,4
2026-01-02T21:33:00Z,61790.37471659,61810.41717690,61750.57650753,61770.61255774,111.86443360,11
2026-01-02T21:34:00Z,61770.61255774,61799.87590140,61724.21083635,61753.46605700,171.33715531,17
2026-01-02T21:35:00Z,61753.46605700,61815.03445571,61730.62965964,61792.18374058,52.48171778,5
2026-01-02T21:36:00Z,61792.18374058,61859.00372780,61789.44604539,61856.26319358,33.09154806,3
2026-01-02T21:37:00Z,61856.26319358,61928.23747713,61797.19195153,61869.15392474,38.32381739,3
2026-01-02T21:38:00Z,61869.15392474,61906.99395712,61868.03686694,61905.87623630,1397.42457714,139
2026-01-02T21:39:00Z,61905.87623630,61972.60490406,61866.47129110,61933.18257756,265.77895562,26
2026-01-02T21:40:00Z,61933.18257756,62006.55439052,61897.59210991,61970.94222394,378.65656258,37
2026-01-02T21:41:00Z,61970.94222394,62053.65623792,61928.45281755,62011.13927105,425.03409279,42
2026-01-02T21:42:00Z,62011.13927105,62036.55665256,61994.34646007,62019.76150665,853.58112279,85
2026-01-02T21:43:00Z,62019.76150665,62079.02147871,61982.23727542,62041.48410450,124.68669682,12
2026-01-02T21:44:00Z,62041.48410450,62055.25201849,61978.46724632,61992.22422883,82.47347166,8
2026-01-02T21:45:00Z,61992.22422883,61999.56007167,61982.98594990,61990.32156759,628.53669538,62
2026-01-02T21:46:00Z,61990.32156759,62055.63729458,61969.05034473,62034.35096356,21.03465908,2
2026-01-02T21:47:00Z,62034.35096356,62100.90362842,62024.15911092,62090.70251758,258.28942195,25
2026-01-02T21:48:00Z,62090.70251758,62132.83389456,62065.48478856,62107.60929897,263.30873025,26
2026-01-02T21:49:00Z,62107.60929897,62147.54164832,62019.04558841,62058.94664991,211.35705316,21
2026-01-02T21:50:00Z,62058.94664991,62097.86055735,62055.73937945,62094.65144163,695.45176688,69
2026-01-02T21:51:00Z,62094.65144163,62183.11642937,62069.68437589,62158.12384259,385.86078264,38
2026-01-02T21:52:00Z,62158.12384259,62174.53179432,62086.18142727,62102.57471563,1190.90549041,119
2026-01-02T21:53:00Z,62102.57471563,62147.86108711,62066.52999521,62111.81100589,23.11109859,2
2026-01-02T21:54:00Z,62111.81100589,62134.42647647,62082.67708945,62105.29018574,52.35937358,5
2026-01-02T21:55:00Z,62105.29018574,62135.84442500,62084.31747204,62114.86847674,166.20304302,16
2026-01-02T21:56:00Z,62114.86847674,62121.35299214,62103.24247307,62109.72645167,141.12077594,14
2026-01-02T21:57:00Z,62109.72645167,62187.48288372,62100.65895337,62178.40535889,381.84724298,38
2026-01-02T21:58:00Z,62178.40535889,62242.62041571,62160.96097876,62225.16291758,237.05030762,23
2026-01-02T21:59:00Z,62225.16291758,62290.13495528,62090.14446655,62155.04328925,304.06452961,30
2026-01-02T22:00:00Z,62155.04328925,62235.98691770,62112.47567151,62193.39303568,427.54370717,42
2026-01-02T22:01:00Z,62193.39303568,62238.80437929,62127.81512667,62173.21173462,556.22455249,55
2026-01-02T22:02:00Z,62173.21173462,62239.49173203,62087.73500798,62153.99451880,531.18017743,53
2026-01-02T22:03:00Z,62153.99451880,62279.32673827,62095.44374359,62220.71311231,887.29166487,88
2026-01-02T22:04:00Z,62220.71311231,62274.00008422,62186.63571140,62239.91216827,182.97461072,18
2026-01-02T22:05:00Z,62239.91216827,62245.09036048,62181.35941556,62186.53316679,93.17942948,9
2026-01-02T22:06:00Z,62186.53316679,62217.58798910,62114.45915389,62145.49348173,174.79938551,17
2026-01-02T22:07:00Z,62145.49348173,62178.72353327,62100.24869158,62133.47231524,141.37902541,14
2026-01-02T22:08:00Z,62133.47231524,62183.79723806,62039.21002282,62089.49932978,174.27383546,17
2026-01-02T22:09:00Z,62089.49932978,62128.47818803,62025.11508788,62064.07798699,122.13206179,12
2026-01-02T22:10:00Z,62064.07798699,62089.55589755,62029.65370357,62055.12794005,161.61510870,16
2026-01-02T22:11:00Z,62055.12794005,62092.21053868,62033.94833817,62071.02551091,50.62218568,5
2026-01-02T22:12:00Z,62071.02551091,62084.53212602,61972.10488671,61985.59291174,795.34232124,79
2026-01-02T22:13:00Z,61985.59291174,61999.24303867,61971.03924990,61984.68917781,77.96661361,7
2026-01-02T22:14:00Z,61984.68917781,62007.34185418,61953.73488035,61976.38452173,287.17596243,28
2026-01-02T22:15:00Z,61976.38452173,62032.32116421,61876.51819486,61932.41515288,115.37490664,11
2026-01-02T22:16:00Z,61932.41515288,61988.77284412,61865.35305897,61921.70100046,7.66208082,1
2026-01-02T22:17:00Z,61921.70100046,61945.72204328,61858.69948717,61882.70540258,231.12643794,23
2026-01-02T22:18:00Z,61882.70540258,61903.88845069,61797.52207254,61818.68320524,546.38313461,54
2026-01-02T22:19:00Z,61818.68320524,61862.15468033,61755.25050026,61798.70792855,139.00396855,13
2026-01-02T22:20:00Z,61798.70792855,61838.13056430,61759.30809914,61798.73072036,116.29572033,11
2026-01-02T22:21:00Z,61798.73072036,61804.83196576,61785.03460997,61791.13510547,306.11656120,30
2026-01-02T22:22:00Z,61791.13510547,61804.69833394,61784.47697935,61798.03946386,120.62939999,12
2026-01-02T22:23:00Z,61798.03946386,61861.96782937,61769.20830848,61833.12030743,924.67881860,92
2026-01-02T22:24:00Z,61833.12030743,61839.98883578,61794.35449653,61801.21948128,401.17914281,40
2026-01-02T22:25:00Z,61801.21948128,61893.30712978,61764.26371791,61856.31841846,422.79566184,42
2026-01-02T22:26:00Z,61856.31841846,61876.68167400,61816.49169746,61836.84854347,282.90926389,28
2026-01-02T22:27:00Z,61836.84854347,61859.49101956,61819.06823024,61841.70930869,114.20485460,11
2026-01-02T22:28:00Z,61841.70930869,61897.96487079,61730.05588986,61786.26101229,546.24051831,54
2026-01-02T22:29:00Z,61786.26101229,61820.34283676,61733.21110110,61767.28245683,207.61469220,20
2026-01-02T22:30:00Z,61767.28245683,61789.57224116,61727.57873086,61749.86222879,161.54526822,16
2026-01-02T22:31:00Z,61749.86222879,61768.65320661,61744.67404646,61763.46388148,345.59494709,34
2026-01-02T22:32:00Z,61763.46388148,61810.46917228,61719.46868727,61766.47183546,107.38702157,10
2026-01-02T22:33:00Z,61766.47183546,61774.41857523,61736.03451583,61743.97836163,151.83919980,15
2026-01-02T22:34:00Z,61743.97836163,61762.46816271,61700.79267936,61719.27508281,231.76799955,23
2026-01-02T22:35:00Z,61719.27508281,61736.70054811,61680.81242507,61698.23194917,69.59403642,6
2026-01-02T22:36:00Z,61698.23194917,61736.74487444,61697.80641452,61736.31907711,87.25777796,8
2026-01-02T22:37:00Z,61736.31907711,61745.58018563,61706.91343090,61716.17151707,651.61186028,65
2026-01-02T22:38:00Z,61716.17151707,61786.97663275,61605.92309084,61676.68290242,356.88954611,35
2026-01-02T22:39:00Z,61676.68290242,61723.47698537,61669.86211445,61716.65177727,524.32501163,52
2026-01-02T22:40:00Z,61716.65177727,61802.41193408,61686.35922184,61772.09216669,417.80780902,41
2026-01-02T22:41:00Z,61772.09216669,61849.19878954,61618.72326593,61695.73457590,296.17839227,29
2026-01-02T22:42:00Z,61695.73457590,61732.10897029,61676.07783478,61712.44690450,423.60823940,42
2026-01-02T22:43:00Z,61712.44690450,61856.85867582,61547.58786259,61691.95167353,467.72989282,46
2026-01-02T22:44:00Z,61691.95167353,61943.68546920,61654.78845051,61906.39306672,562.49816663,56
2026-01-02T22:45:00Z,61906.39306672,61948.69180682,61627.55319971,61669.69020800,741.90249787,74
2026-01-02T22:46:00Z,61669.69020800,61959.10534640,61552.14891697,61841.23709019,120.89924735,12
2026-01-02T22:47:00Z,61841.23709019,61982.78914173,61792.04388657,61933.52252729,876.02165962,87
2026-01-02T22:48:00Z,61933.52252729,62029.95779779,61903.26037012,61999.66332270,239.03148902,23
2026-01-02T22:49:00Z,61999.66332270,62198.71682534,61952.16650973,62151.10399642,49.25154936,4
2026-01-02T22:50:00Z,62151.10399642,62341.07516039,62127.19808153,62317.10539442,179.96429263,17
2026-01-02T22:51:00Z,62317.10539442,62387.15967320,62095.77663692,62165.66066788,112.38976732,11
2026-01-02T22:52:00Z,62165.66066788,62270.83803757,62063.94735730,62169.11906847,49.28275263,4
2026-01-02T22:53:00Z,62169.11906847,62266.16303744,61885.91992281,61982.67285531,90.90170326,9
2026-01-02T22:54:00Z,61982.67285531,62041.29047935,61970.05385677,62028.66211790,489.20124453,48
2026-01-02T22:55:00Z,62028.66211790,62154.88173229,61895.38466927,62021.58989267,170.81291652,17
2026-01-02T22:56:00Z,62021.58989267,62349.07469788,61884.61133479,62211.67632223,716.94138161,71
2026-01-02T22:57:00Z,62211.67632223,62307.06599130,62159.30416001,62254.65764576,618.16160819,61
2026-01-02T22:58:00Z,62254.65764576,62257.58643783,62196.69525451,62199.62145739,289.60329091,28
2026-01-02T22:59:00Z,62199.62145739,62225.14819533,61927.03422808,61952.45953071,140.15920214,14
2026-01-02T23:00:00Z,61952.45953071,62036.74335530,61900.27710569,61984.53391409,163.90052111,16
2026-01-02T23:01:00Z,61984.53391409,62055.17303583,61922.73975171,61993.37006443,478.13720031,47
2026-01-02T23:02:00Z,61993.37006443,62026.84829328,61991.03078891,62024.50784280,527.62766059,52
2026-01-02T23:03:00Z,62024.50784280,62054.46877018,61891.13455641,61921.04550633,282.85496402,28
2026-01-02T23:04:00Z,61921.04550633,62085.12920335,61686.35842256,61850.25453159,47.96127702,4
2026-01-02T23:05:00Z,61850.25453159,62217.92674101,61725.72491902,62092.90856760,295.75249742,29
2026-01-02T23:06:00Z,62092.90856760,62299.74989311,61989.42250983,62196.09186670,179.34526104,17
2026-01-02T23:07:00Z,62196.09186670,62324.88914627,61933.40599210,62061.92543634,1056.00133014,105
2026-01-02T23:08:00Z,62061.92543634,62146.33020056,62032.37222305,62116.75088000,172.17904743,17
2026-01-02T23:09:00Z,62116.75088000,62163.88455176,62089.96233042,62137.08723191,56.47589261,5
2026-01-02T23:10:00Z,62137.08723191,62151.57754797,62051.16914046,62065.64279574,848.51444043,84
2026-01-02T23:11:00Z,62065.64279574,62070.47214762,62065.54686427,62070.37620883,729.15727834,72
2026-01-02T23:12:00Z,62070.37620883,62097.13957581,62024.50468359,62051.25980800,127.35435248,12
2026-01-02T23:13:00Z,62051.25980800,62063.99334561,62028.35850755,62041.08995820,698.88229961,69
2026-01-02T23:14:00Z,62041.08995820,62053.89794834,62010.64889424,62023.45324339,192.72550342,19
2026-01-02T23:15:00Z,62023.45324339,62046.75393759,62005.37521081,62028.67438320,229.69754828,22
2026-01-02T23:16:00Z,62028.67438320,62053.67838517,62009.67600026,62034.67816337,504.40577986,50
2026-01-02T23:17:00Z,62034.67816337,62087.85248590,61993.14492246,62046.31145631,91.59904150,9
2026-01-02T23:18:00Z,62046.31145631,62062.09938257,62023.55802829,62039.34418170,139.76346164,13
2026-01-02T23:19:00Z,62039.34418170,62054.17979710,62031.41317453,62046.24790737,339.46889698,33
2026-01-02T23:20:00Z,62046.24790737,62108.08336860,62006.87519863,62068.69641470,319.12626194,31
2026-01-02T23:21:00Z,62068.69641470,62080.86736927,62027.29163445,62039.45685549,253.01458888,25
2026-01-02T23:22:00Z,62039.45685549,62055.48480022,61979.10760290,61995.12409423,775.37094432,77
2026-01-02T23:23:00Z,61995.12409423,62017.14537098,61940.26748287,61962.27709204,508.14855162,50
2026-01-02T23:24:00Z,61962.27709204,61976.95589996,61940.41194069,61955.08904577,158.14361916,15
2026-01-02T23:25:00Z,61955.08904577,62025.08490418,61903.31005952,61973.29070589,258.16669119,25
2026-01-02T23:26:00Z,61973.29070589,61983.63392065,61942.64594413,61952.98577003,30.53816514,3
2026-01-02T23:27:00Z,61952.98577003,61955.65211136,61911.39115546,61914.05582131,487.81374539,48
2026-01-02T23:28:00Z,61914.05582131,61956.53492980,61892.42450160,61934.89632889,175.07617514,17
2026-01-02T23:29:00Z,61934.89632889,61987.32982587,61924.73156938,61977.15813035,575.13013344,57
2026-01-02T23:30:00Z,61977.15813035,62048.40361329,61969.54867580,62040.78634657,572.29032727,57
2026-01-02T23:31:00Z,62040.78634657,62118.72779619,62008.63432127,62086.55205327,1768.16659635,176
2026-01-02T23:32:00Z,62086.55205327,62094.00331492,62075.29449736,62082.74530215,144.16594314,14
2026-01-02T23:33:00Z,62082.74530215,62117.39828970,62075.52209741,62110.17189392,182.52286808,18
2026-01-02T23:34:00Z,62110.17189392,62167.89522420,62082.80215783,62140.51211825,733.40443438,73
2026-01-02T23:35:00Z,62140.51211825,62160.91926296,62079.79530923,62100.18921176,312.90559712,31
2026-01-02T23:36:00Z,62100.18921176,62208.80158407,62053.46704326,62162.03288640,382.88732044,38
2026-01-02T23:37:00Z,62162.03288640,62178.55585767,62135.56505327,62152.08538045,231.42862730,23
2026-01-02T23:38:00Z,62152.08538045,62157.81377626,62097.15447366,62102.87833419,580.33277921,58
2026-01-02T23:39:00Z,62102.87833419,62139.90207054,62086.16699388,62123.18526581,138.03187699,13
2026-01-02T23:40:00Z,62123.18526581,62181.03096056,62119.93562499,62177.77846398,702.19872703,70
2026-01-02T23:41:00Z,62177.77846398,62290.13906777,62141.24672322,62253.56280091,300.65258623,30
2026-01-02T23:42:00Z,62253.56280091,62314.98402826,62198.89121856,62260.30652351,855.60323495,85
2026-01-02T23:43:00Z,62260.30652351,62313.77892927,62196.35710728,62249.82050710,106.67857454,10
2026-01-02T23:44:00Z,62249.82050710,62298.86602781,62242.93781958,62291.97867905,349.57955625,34
2026-01-02T23:45:00Z,62291.97867905,62363.56751390,62248.35270787,62319.92197273,263.65802674,26
2026-01-02T23:46:00Z,62319.92197273,62355.31600960,62311.02017587,62346.41042913,31.22492282,3
2026-01-02T23:47:00Z,62346.41042913,62368.79475142,62307.36244901,62329.74078638,185.87039013,18
2026-01-02T23:48:00Z,62329.74078638,62375.28671976,62206.56700319,62252.05617044,420.17204962,42
2026-01-02T23:49:00Z,62252.05617044,62284.45415895,62156.02431479,62188.38916893,735.56734277,73
2026-01-02T23:50:00Z,62188.38916893,62217.16796276,62140.68758606,62169.45761898,210.95109028,21
2026-01-02T23:51:00Z,62169.45761898,62217.37122041,62145.09268183,62192.99705788,324.91992168,32
2026-01-02T23:52:00Z,62192.99705788,62210.78958663,62178.00393384,62195.79578790,266.88707131,26
2026-01-02T23:53:00Z,62195.79578790,62224.50054820,62190.69297807,62219.39580213,1090.80295887,109
2026-01-02T23:54:00Z,62219.39580213,62233.89422864,62197.37699589,62211.87366958,157.27441598,15
2026-01-02T23:55:00Z,62211.87366958,62234.64980803,62152.41338767,62175.17609092,410.85817606,41
2026-01-02T23:56:00Z,62175.17609092,62177.89718031,62151.46677748,62154.18694828,441.66182913,44
2026-01-02T23:57:00Z,62154.18694828,62157.53302422,62132.65729559,62136.00239257,296.09555180,29
2026-01-02T23:58:00Z,62136.00239257,62178.69827199,62110.99776123,62153.68652425,7.93599397,1
2026-01-02T23:59:00Z,62153.68652425,62176.98104334,62092.23904623,62115.51926065,272.80604717,27
2026-01-03T00:00:00Z,62115.51926065,62139.71510846,62107.03539963,62131.22910177,565.46765075,56
2026-01-03T00:01:00Z,62131.22910177,62160.85203722,62093.69516247,62123.31432432,144.03891483,14
2026-01-03T00:02:00Z,62123.31432432,62159.40750727,61848.13849873,61884.09269570,1107.42532195,110
2026-01-03T00:03:00Z,61884.09269570,61889.51337108,61832.47728458,61837.89391322,571.62363079,57
2026-01-03T00:04:00Z,61837.89391322,61844.94616789,61811.72597866,61818.77605305,48.21471956,4
2026-01-03T00:05:00Z,61818.77605305,61832.96983290,61818.25194332,61832.44560728,228.92338564,22
2026-01-03T00:06:00Z,61832.44560728,61864.17542459,61812.76694414,61844.49292730,356.24443631,35
2026-01-03T00:07:00Z,61844.49292730,61881.24526367,61824.23674265,61860.98367774,385.23222377,38
2026-01-03T00:08:00Z,61860.98367774,61869.45172134,61839.62630700,61848.09258596,208.23872330,20
2026-01-03T00:09:00Z,61848.09258596,61887.04085640,61831.53044692,61870.47272424,420.30320611,42
2026-01-03T00:10:00Z,61870.47272424,61890.52435625,61842.46832947,61862.51738323,154.61361348,15
2026-01-03T00:11:00Z,61862.51738323,61884.26315601,61861.70492371,61883.45042157,249.73730870,24
2026-01-03T00:12:00Z,61883.45042157,61915.34335832,61865.04324505,61896.93217167,217.25733292,21
2026-01-03T00:13:00Z,61896.93217167,61911.69130226,61885.53343240,61900.29194428,371.58647552,37
2026-01-03T00:14:00Z,61900.29194428,61947.16072469,61873.85549871,61920.71555659,29.52621327,2
2026-01-03T00:15:00Z,61920.71555659,61978.81826850,61892.72579875,61950.81490498,222.81498153,22
2026-01-03T00:16:00Z,61950.81490498,62038.81207093,61925.87923710,62013.85103054,866.39733481,86
2026-01-03T00:17:00Z,62013.85103054,62025.55951775,61985.89933424,61997.60475409,243.44750430,24
2026-01-03T00:18:00Z,61997.60475409,62005.88857976,61988.33491722,61996.61861113,564.12102737,56
2026-01-03T00:19:00Z,61996.61861113,62018.44739792,61949.06291216,61970.88263741,232.00159762,23
2026-01-03T00:20:00Z,61970.88263741,61977.98588340,61945.76338036,61952.86456108,270.15553271,27
2026-01-03T00:21:00Z,61952.86456108,62003.22235865,61943.30000820,61993.65150890,202.54886817,20
2026-01-03T00:22:00Z,61993.65150890,62044.03217033,61960.91018624,62011.28153654,249.23819741,24
2026-01-03T00:23:00Z,62011.28153654,62048.15630761,61996.83106540,62033.70061215,171.55085277,17
2026-01-03T00:24:00Z,62033.70061215,62035.91811712,62030.72905325,62032.94653126,334.61186961,33
2026-01-03T00:25:00Z,62032.94653126,62074.89886503,62017.04137547,62058.98703249,231.49943039,23
2026-01-03T00:26:00Z,62058.98703249,62073.32644807,62009.63472378,62023.96604737,343.81060798,34
2026-01-03T00:27:00Z,62023.96604737,62053.62399637,62009.05364638,62038.70805097,165.04002027,16
2026-01-03T00:28:00Z,62038.70805097,62068.63388184,61985.61545591,62015.53010636,445.87262183,44
2026-01-03T00:29:00Z,62015.53010636,62025.16235041,62014.29526784,62023.92734469,855.65471421,85
2026-01-03T00:30:00Z,62023.92734469,62051.78577979,62013.51669387,62041.37220086,156.49514536,15
2026-01-03T00:31:00Z,62041.37220086,62054.80970769,62002.44376509,62015.87574967,220.21230342,22
2026-01-03T00:32:00Z,62015.87574967,62102.85716756,61976.56081340,62063.51203230,1420.74910066,142
2026-01-03T00:33:00Z,62063.51203230,62091.30442212,62057.78290458,62085.57325791,77.11589966,7
2026-01-03T00:34:00Z,62085.57325791,62088.75123624,62074.02331921,62077.20086898,273.46073739,27
2026-01-03T00:35:00Z,62077.20086898,62115.14578709,62048.87341451,62086.81394593,539.66947559,53
2026-01-03T00:36:00Z,62086.81394593,62115.41613627,62051.74042424,62080.33963199,108.04764132,10
2026-01-03T00:37:00Z,62080.33963199,62092.90803926,61996.85553396,62009.40958116,167.00981664,16
2026-01-03T00:38:00Z,62009.40958116,62057.75632049,61989.50277732,62037.84038954,273.51380511,27
2026-01-03T00:39:00Z,62037.84038954,62061.52303573,61985.22790312,62008.89950126,185.81723606,18
2026-01-03T00:40:00Z,62008.89950126,62023.81158524,61961.39756910,61976.30181390,171.24576398,17
2026-01-03T00:41:00Z,61976.30181390,61979.49488080,61952.25621746,61955.44820997,447.22661744,44
2026-01-03T00:42:00Z,61955.44820997,61999.27448482,61940.95692240,61984.77633745,499.58284378,49
2026-01-03T00:43:00Z,61984.77633745,61991.15366921,61972.35939675,61978.73610705,71.91775856,7
2026-01-03T00:44:00Z,61978.73610705,61983.01294852,61905.08225369,61909.35430746,717.61735011,71
2026-01-03T00:45:00Z,61909.35430746,61934.70745640,61859.46572985,61884.80882691,214.93147849,21
2026-01-03T00:46:00Z,61884.80882691,61907.35145367,61848.82551484,61871.36324380,130.43057634,13
2026-01-03T00:47:00Z,61871.36324380,61897.45418121,61847.73763406,61873.82763044,499.58937063,49
2026-01-03T00:48:00Z,61873.82763044,61898.06986794,61865.82936164,61890.06949960,380.96116301,38
2026-01-03T00:49:00Z,61890.06949960,61891.97161420,61861.13208487,61863.03336856,994.54408177,99
2026-01-03T00:50:00Z,61863.03336856,61907.60420428,61820.83576088,61865.40497889,110.32995330,11
2026-01-03T00:51:00Z,61865.40497889,61906.96643827,61852.25065549,61893.80607599,421.80051270,42
2026-01-03T00:52:00Z,61893.80607599,61995.54167049,61854.63689683,61956.33292152,237.30335611,23
2026-01-03T00:53:00Z,61956.33292152,62003.17161200,61876.14726962,61922.96073088,1296.38849960,129
2026-01-03T00:54:00Z,61922.96073088,61981.69730950,61891.67609692,61950.39881330,808.96661132,80
2026-01-03T00:55:00Z,61950.39881330,61982.60668609,61930.43336543,61962.63729398,114.91400466,11
2026-01-03T00:56:00Z,61962.63729398,62005.71735622,61960.68869339,62003.76746216,381.36754567,38
2026-01-03T00:57:00Z,62003.76746216,62022.02715901,61917.67958206,61935.91929808,496.22107676,49
2026-01-03T00:58:00Z,61935.91929808,61971.23295881,61906.74063830,61942.05141014,165.61718406,16
2026-01-03T00:59:00Z,61942.05141014,61981.18922501,61937.41073570,61976.54596626,962.73493736,96
2026-01-03T01:00:00Z,61976.54596626,62016.47810510,61958.78800585,61998.71379301,752.42766153,75
2026-01-03T01:01:00Z,61998.71379301,62008.28213576,61993.53809939,62003.10607547,130.50037586,13
2026-01-03T01:02:00Z,62003.10607547,62041.30144684,61916.24097758,61954.40634877,370.07105938,37
2026-01-03T01:03:00Z,61954.40634877,61978.00427396,61910.80783486,61934.39813908,589.95536747,58
2026-01-03T01:04:00Z,61934.39813908,61958.36395369,61880.89904662,61904.85342875,72.55803321,7
2026-01-03T01:05:00Z,61904.85342875,61951.06185458,61870.09138419,61916.29338603,440.52321352,44
2026-01-03T01:06:00Z,61916.29338603,61939.45018839,61891.97368781,61915.13005509,12.39095122,1
2026-01-03T01:07:00Z,61915.13005509,61917.91851961,61906.00280224,61908.79098127,259.95740373,25
2026-01-03T01:08:00Z,61908.79098127,61963.19254722,61900.55561084,61954.95103638,818.67040379,81
2026-01-03T01:09:00Z,61954.95103638,61975.83214084,61945.12046259,61965.99981390,105.14159824,10
2026-01-03T01:10:00Z,61965.99981390,62007.96068057,61943.06893353,61985.02276065,114.63567806,11
2026-01-03T01:11:00Z,61985.02276065,62026.59461629,61956.57007497,61998.13591135,546.76169186,54
2026-01-03T01:12:00Z,61998.13591135,62024.38232548,61947.69474535,61973.93091249,99.02396775,9
2026-01-03T01:13:00Z,61973.93091249,62020.73169133,61937.10122734,61983.89608411,153.76141245,15
2026-01-03T01:14:00Z,61983.89608411,61998.79506034,61971.78046011,61986.67889240,236.10367961,23
2026-01-03T01:15:00Z,61986.67889240,62004.17464129,61955.39850798,61972.89036506,66.92503191,6
2026-01-03T01:16:00Z,61972.89036506,61986.93525049,61926.32301100,61940.36052421,178.65571935,17
2026-01-03T01:17:00Z,61940.36052421,61976.45401952,61891.56829857,61927.65438984,354.34077324,35
2026-01-03T01:18:00Z,61927.65438984,61997.15223904,61913.70588732,61983.19122748,1006.96908426,100
2026-01-03T01:19:00Z,61983.19122748,62042.77477473,61964.92643971,62024.49781502,482.37109011,48
2026-01-03T01:20:00Z,62024.49781502,62053.27908708,61966.46817889,61995.23587252,131.61060921,13
2026-01-03T01:21:00Z,61995.23587252,62025.40021807,61979.64698761,62009.80766904,141.80936683,14
2026-01-03T01:22:00Z,62009.80766904,62020.72693013,61990.06710753,62000.98481501,376.27532867,37
2026-01-03T01:23:00Z,62000.98481501,62029.41695198,61945.45806736,61973.87777371,727.06324180,72
2026-01-03T01:24:00Z,61973.87777371,62009.44503154,61965.89687811,62001.46058388,962.91934146,96
2026-01-03T01:25:00Z,62001.46058388,62002.47056252,61972.69015716,61973.69968359,191.34284744,19
2026-01-03T01:26:00Z,61973.69968359,62022.26366055,61961.72862813,62010.28553805,326.59549136,32
2026-01-03T01:27:00Z,62010.28553805,62039.13373720,62006.17265579,62035.01921446,384.42905314,38
2026-01-03T01:28:00Z,62035.01921446,62041.86793021,62017.07608586,62023.92357664,274.18666649,27
2026-01-03T01:29:00Z,62023.92357664,62048.69389877,61966.58649897,61991.34380982,548.70986084,54
2026-01-03T01:30:00Z,61991.34380982,62007.36170892,61934.61929119,61950.62666942,183.87252739,18
2026-01-03T01:31:00Z,61950.62666942,62029.02539143,61912.10237603,61990.47631735,375.67685868,37
2026-01-03T01:32:00Z,61990.47631735,62021.61854145,61981.77442734,62012.91350182,418.91254948,41
2026-01-03T01:33:00Z,62012.91350182,62042.22230145,61969.78967874,61999.09194597,296.62556782,29
2026-01-03T01:34:00Z,61999.09194597,62001.30413899,61972.11276039,61974.32406967,354.12840225,35
2026-01-03T01:35:00Z,61974.32406967,61981.46996151,61932.83443243,61939.97636385,638.41041018,63
2026-01-03T01:36:00Z,61939.97636385,61953.03674846,61934.62621833,61947.68593702,421.49803975,42
2026-01-03T01:37:00Z,61947.68593702,62001.03313972,61908.33586505,61961.67418221,228.74352084,22
2026-01-03T01:38:00Z,61961.67418221,62008.75691725,61892.30165021,61939.36743505,136.19947921,13
2026-01-03T01:39:00Z,61939.36743505,61991.62996201,61915.04050583,61967.29206528,278.48680897,27
2026-01-03T01:40:00Z,61967.29206528,61971.69754291,61937.51805738,61941.92173133,491.99440358,49
2026-01-03T01:41:00Z,61941.92173133,61947.83225457,61915.94602052,61921.85462895,660.75213125,66
2026-01-03T01:42:00Z,61921.85462895,61935.45141647,61872.11770805,61885.70655819,350.18614756,35
2026-01-03T01:43:00Z,61885.70655819,61966.66291873,61844.89377543,61925.82367928,1224.24009767,122
2026-01-03T01:44:00Z,61925.82367928,61949.67909200,61873.33103158,61897.17540825,674.33354072,67
2026-01-03T01:45:00Z,61897.17540825,61929.59595407,61863.02308625,61895.44272452,108.34120216,10
2026-01-03T01:46:00Z,61895.44272452,61975.72513185,61879.07134552,61959.33685281,590.52306273,59
2026-01-03T01:47:00Z,61959.33685281,61986.91140949,61939.36804630,61966.94015252,305.07787344,30
2026-01-03T01:48:00Z,61966.94015252,61987.67670067,61966.33881467,61987.07516742,406.75180717,40
2026-01-03T01:49:00Z,61987.07516742,62009.76146097,61964.31854457,61987.00481237,127.04686502,12
2026-01-03T01:50:00Z,61987.00481237,62023.39782693,61984.82994607,62021.22176010,1418.04034123,141
2026-01-03T01:51:00Z,62021.22176010,62115.46485499,62015.30297260,62109.53763935,717.36475611,71
2026-01-03T01:52:00Z,62109.53763935,62152.83597016,62088.54402784,62131.83482200,214.60805242,21
2026-01-03T01:53:00Z,62131.83482200,62192.77121582,62060.53793012,62121.46415281,73.89007436,7
2026-01-03T01:54:00Z,62121.46415281,62158.34688810,62063.04080914,62099.91074775,290.51130281,29
2026-01-03T01:55:00Z,62099.91074775,62119.29969829,62068.18662687,62087.57172490,217.69954679,21
2026-01-03T01:56:00Z,62087.57172490,62162.80951465,62083.22022576,62158.45304769,107.82288512,10
2026-01-03T01:57:00Z,62158.45304769,62182.58736554,62108.67220578,62132.79656197,422.08238186,42
2026-01-03T01:58:00Z,62132.79656197,62213.47382078,62112.07877099,62192.73604336,513.84449547,51
2026-01-03T01:59:00Z,62192.73604336,62261.37421937,62172.88793825,62241.51054842,812.22790804,81
2026-01-03T02:00:00Z,62241.51054842,62264.82999770,62224.60311867,62247.92082665,287.03886362,28
2026-01-03T02:01:00Z,62247.92082665,62263.18217732,62219.11384440,62234.37187327,258.22591187,25
2026-01-03T02:02:00Z,62234.37187327,62251.79217407,62225.66712987,62243.08621178,396.00791841,39
2026-01-03T02:03:00Z,62243.08621178,62318.05185897,62219.04575472,62293.99174041,289.10991173,28
2026-01-03T02:04:00Z,62293.99174041,62368.35555674,62241.69879088,62316.04409528,263.03743593,26
2026-01-03T02:05:00Z,62316.04409528,62324.01533901,62290.74788855,62298.71691585,288.15277737,28
2026-01-03T02:06:00Z,62298.71691585,62315.60430930,62292.67891288,62309.56525491,167.72232672,16
2026-01-03T02:07:00Z,62309.56525491,62415.02959138,62299.10759635,62404.55599016,1137.16017205,113
2026-01-03T02:08:00Z,62404.55599016,62450.91312293,62378.55432246,62424.90297740,162.31253680,16
2026-01-03T02:09:00Z,62424.90297740,62463.05488402,62404.36404664,62442.51016018,727.91944889,72
2026-01-03T02:10:00Z,62442.51016018,62510.82016052,62371.92260382,62440.23010986,208.44968719,20
2026-01-03T02:11:00Z,62440.23010986,62443.34586524,62414.76918728,62417.88382758,273.39658367,27
2026-01-03T02:12:00Z,62417.88382758,62471.37174585,62406.16019462,62459.64027000,99.80402647,9
2026-01-03T02:13:00Z,62459.64027000,62482.16268118,62438.42080731,62460.94277600,36.95609636,3
2026-01-03T02:14:00Z,62460.94277600,62524.13455406,62422.23720680,62485.41382073,142.95873449,14
2026-01-03T02:15:00Z,62485.41382073,62488.54158390,62472.01880152,62475.14605073,203.23141928,20
2026-01-03T02:16:00Z,62475.14605073,62511.86265195,62412.56503078,62449.26642256,101.94089779,10
2026-01-03T02:17:00Z,62449.26642256,62554.66199004,62402.67565824,62508.02738664,318.20455295,31
2026-01-03T02:18:00Z,62508.02738664,62572.40526470,62500.78578630,62565.15704585,191.03561625,19
2026-01-03T02:19:00Z,62565.15704585,62609.61148938,62551.04784062,62595.49544248,327.66970809,32
2026-01-03T02:20:00Z,62595.49544248,62632.64884000,62565.44590655,62602.59589543,223.62691280,22
2026-01-03T02:21:00Z,62602.59589543,62670.84852606,62579.87677914,62648.11289119,203.62412526,20
2026-01-03T02:22:00Z,62648.11289119,62656.14943791,62613.71316226,62621.74632665,416.87747657,41
2026-01-03T02:23:00Z,62621.74632665,62661.12166772,62526.96357243,62566.30405247,161.66508232,16
2026-01-03T02:24:00Z,62566.30405247,62615.84600701,62499.16766817,62548.69567985,405.27967682,40
2026-01-03T02:25:00Z,62548.69567985,62585.97269732,62532.28696709,62569.55851150,424.35856247,42
2026-01-03T02:26:00Z,62569.55851150,62608.48100422,62535.07414385,62573.99419191,130.38592924,13
2026-01-03T02:27:00Z,62573.99419191,62663.16997788,62413.18746483,62502.26102204,256.06969328,25
2026-01-03T02:28:00Z,62502.26102204,62523.22364792,62494.48044855,62515.44143367,99.60901407,9
2026-01-03T02:29:00Z,62515.44143367,62549.41025479,62508.57163019,62542.53747374,233.36522332,23
2026-01-03T02:30:00Z,62542.53747374,62572.71274305,62465.22737481,62495.37989173,717.95537101,71
2026-01-03T02:31:00Z,62495.37989173,62525.53705567,62464.21018030,62494.36685540,75.84032425,7
2026-01-03T02:32:00Z,62494.36685540,62508.56284459,62487.51498341,62501.71016747,222.02401881,22
2026-01-03T02:33:00Z,62501.71016747,62545.10489424,62396.43997012,62439.79170711,208.69319751,20
2026-01-03T02:34:00Z,62439.79170711,62545.43939804,62426.86284204,62532.49133847,596.61380815,59
2026-01-03T02:35:00Z,62532.49133847,62600.54485783,62523.28864408,62591.33350384,347.87771431,34
2026-01-03T02:36:00Z,62591.33350384,62652.13224399,62524.84891730,62585.64212908,708.50345116,70
2026-01-03T02:37:00Z,62585.64212908,62684.57994896,62542.09517017,62640.99447601,305.77568076,30
2026-01-03T02:38:00Z,62640.99447601,62656.08210399,62630.97533138,62646.06214881,205.41264321,20
2026-01-03T02:39:00Z,62646.06214881,62662.21381418,62600.25832664,62616.40234500,26.97537702,2
2026-01-03T02:40:00Z,62616.40234500,62630.45571494,62591.49984354,62605.55077799,47.26088080,4
2026-01-03T02:41:00Z,62605.55077799,62664.43066662,62561.77098017,62620.64031674,165.88239893,16
2026-01-03T02:42:00Z,62620.64031674,62739.03515995,62552.69701801,62671.03718070,541.87045160,54
2026-01-03T02:43:00Z,62671.03718070,62715.88960349,62628.10134829,62672.95245893,116.03552259,11
2026-01-03T02:44:00Z,62672.95245893,62721.70646089,62634.90424500,62683.65175151,476.32178244,47
2026-01-03T02:45:00Z,62683.65175151,62758.80352448,62660.68958281,62735.82224477,952.01249040,95
2026-01-03T02:46:00Z,62735.82224477,62753.32768269,62733.90399959,62751.40896092,277.88653610,27
2026-01-03T02:47:00Z,62751.40896092,62757.00197261,62655.39751871,62660.98247071,1658.75451254,165
2026-01-03T02:48:00Z,62660.98247071,62680.98861712,62614.22491607,62634.22251867,159.88821880,15
2026-01-03T02:49:00Z,62634.22251867,62696.49450914,62597.68315811,62659.94014551,340.53709605,34
2026-01-03T02:50:00Z,62659.94014551,62687.63236319,62612.28488404,62639.96827527,207.25981146,20
2026-01-03T02:51:00Z,62639.96827527,62674.21425996,62571.09733101,62605.32437549,585.65185619,58
2026-01-03T02:52:00Z,62605.32437549,62636.24688787,62506.40705887,62537.29597013,723.43812242,72
2026-01-03T02:53:00Z,62537.29597013,62604.81972194,62463.58799333,62531.10506060,37.86577230,3
2026-01-03T02:54:00Z,62531.10506060,62551.38832721,62517.33140290,62537.61323597,448.04080257,44
2026-01-03T02:55:00Z,62537.61323597,62573.12850400,62535.61739732,62571.13159564,160.16701798,16
2026-01-03T02:56:00Z,62571.13159564,62619.37304782,62560.73234607,62608.96750997,1352.89730565,135
2026-01-03T02:57:00Z,62608.96750997,62699.54156496,62552.43918712,62642.98253067,654.96597946,65
2026-01-03T02:58:00Z,62642.98253067,62644.88153999,62568.99318766,62570.89001151,2289.88234495,228
2026-01-03T02:59:00Z,62570.89001151,62621.06596192,62545.54645692,62595.71235336,459.04934062,45
2026-01-03T03:00:00Z,62595.71235336,62601.01873471,62571.61988622,62576.92467490,87.57364045,8
2026-01-03T03:01:00Z,62576.92467490,62642.82428723,62482.12734760,62547.99649574,194.52487377,19
2026-01-03T03:02:00Z,62547.99649574,62598.92921154,62528.28950019,62579.21238080,178.61535707,17
2026-01-03T03:03:00Z,62579.21238080,62643.66503775,62545.81325820,62610.24935042,312.97068110,31
2026-01-03T03:04:00Z,62610.24935042,62644.12046447,62583.81238574,62617.68036207,467.50597810,46
2026-01-03T03:05:00Z,62617.68036207,62639.58055209,62575.56709912,62597.46021726,295.97459954,29
2026-01-03T03:06:00Z,62597.46021726,62607.53584341,62525.85644727,62535.92216833,1192.43245113,119
2026-01-03T03:07:00Z,62535.92216833,62576.40634976,62535.67587752,62576.15990048,482.54633403,48
2026-01-03T03:08:00Z,62576.15990048,62625.46277089,62508.20412227,62557.49228473,158.79066854,15
2026-01-03T03:09:00Z,62557.49228473,62605.86764232,62546.92840438,62595.29737795,778.10175343,77
2026-01-03T03:10:00Z,62595.29737795,62624.33184314,62582.33931380,62611.37045164,236.46281689,23
2026-01-03T03:11:00Z,62611.37045164,62672.34189473,62558.05914908,62619.02407538,307.28013039,30
2026-01-03T03:12:00Z,62619.02407538,62664.59390312,62605.05866133,62650.62144217,554.79988259,55
2026-01-03T03:13:00Z,62650.62144217,62680.09393364,62638.73086639,62668.20002159,89.87118926,8
2026-01-03T03:14:00Z,62668.20002159,62752.43268489,62645.73730971,62729.94784020,442.14686238,44
2026-01-03T03:15:00Z,62729.94784020,62753.54125718,62713.49645749,62737.08800191,22.45947032,2
2026-01-03T03:16:00Z,62737.08800191,62762.82824579,62723.79244512,62749.53005222,563.64917782,56
2026-01-03T03:17:00Z,62749.53005222,62854.24524763,62717.17866208,62821.85656855,637.02609118,63
2026-01-03T03:18:00Z,62821.85656855,62834.10397232,62814.42009193,62826.66692628,86.71255863,8
2026-01-03T03:19:00Z,62826.66692628,62858.33346130,62801.76061152,62833.42446765,271.62604897,27
2026-01-03T03:20:00Z,62833.42446765,62851.02042961,62769.44696511,62787.02993467,262.23159848,26
2026-01-03T03:21:00Z,62787.02993467,62851.30626493,62748.52942740,62812.78996181,434.92967465,43
2026-01-03T03:22:00Z,62812.78996181,62885.54355939,62767.50099039,62840.23479982,265.16014454,26
2026-01-03T03:23:00Z,62840.23479982,62877.55682299,62780.31300087,62817.62159363,72.74082056,7
2026-01-03T03:24:00Z,62817.62159363,62842.38615849,62780.07023349,62804.82975544,438.80719891,43
2026-01-03T03:25:00Z,62804.82975544,62882.50267426,62743.30908752,62820.96619984,201.42273307,20
2026-01-03T03:26:00Z,62820.96619984,62965.58699454,62759.41444096,62903.95392458,710.09505567,71
2026-01-03T03:27:00Z,62903.95392458,62930.88736367,62833.41865627,62860.33341847,188.85083068,18
2026-01-03T03:28:00Z,62860.33341847,62913.63152320,62799.50009016,62852.79180049,300.00818293,30
2026-01-03T03:29:00Z,62852.79180049,62892.08491788,62816.21815712,62855.50969299,151.97134085,15
2026-01-03T03:30:00Z,62855.50969299,62876.66614748,62854.51994600,62875.67608294,106.92760133,10
2026-01-03T03:31:00Z,62875.67608294,62929.57898387,62784.95673190,62838.82804325,200.81787203,20
2026-01-03T03:32:00Z,62838.82804325,62844.87746645,62812.94616327,62818.99367704,138.17753729,13
2026-01-03T03:33:00Z,62818.99367704,62852.13152075,62815.09602279,62848.23205238,349.38992480,34
2026-01-03T03:34:00Z,62848.23205238,62866.20879653,62838.02774001,62856.00322240,121.67206102,12
2026-01-03T03:35:00Z,62856.00322240,62911.72315634,62835.58143002,62891.28989939,342.53715905,34
2026-01-03T03:36:00Z,62891.28989939,62902.99991979,62843.70737131,62855.41071120,194.82172628,19
2026-01-03T03:37:00Z,62855.41071120,62873.48474518,62804.14850401,62822.21299200,364.41509409,36
2026-01-03T03:38:00Z,62822.21299200,62849.41438351,62802.00210822,62829.20125150,614.57539369,61
2026-01-03T03:39:00Z,62829.20125150,62885.56587551,62763.33333495,62819.68942583,167.23156888,16
2026-01-03T03:40:00Z,62819.68942583,62879.19110498,62761.26328323,62820.76396300,286.97016867,28
2026-01-03T03:41:00Z,62820.76396300,62828.95832433,62802.05255233,62810.24554163,74.33000399,7
2026-01-03T03:42:00Z,62810.24554163,62904.86685029,62737.65526879,62832.25114541,170.40212011,17
2026-01-03T03:43:00Z,62832.25114541,62842.44131200,62808.47201433,62818.65997669,107.45383159,10
2026-01-03T03:44:00Z,62818.65997669,62863.49312472,62753.91252993,62798.73145514,391.97509139,39
2026-01-03T03:45:00Z,62798.73145514,62891.49836463,62771.58439380,62864.32294895,420.09772094,42
2026-01-03T03:46:00Z,62864.32294895,62873.94618444,62820.86726363,62830.48531928,340.49392689,34
2026-01-03T03:47:00Z,62830.48531928,62931.11643415,62773.30990559,62873.90151195,172.82513322,17
2026-01-03T03:48:00Z,62873.90151195,62940.08100555,62781.40882914,62847.56059695,234.34088092,23
2026-01-03T03:49:00Z,62847.56059695,62865.53418431,62742.47506126,62760.42372861,415.62492388,41
2026-01-03T03:50:00Z,62760.42372861,62768.92436498,62716.26415840,62724.75996426,159.18335155,15
2026-01-03T03:51:00Z,62724.75996426,62762.46326580,62670.00444950,62707.69749494,183.54388185,18
2026-01-03T03:52:00Z,62707.69749494,62786.45769435,62697.31550156,62776.06438203,178.05968981,17
2026-01-03T03:53:00Z,62776.06438203,62871.10405897,62741.14541894,62836.15167254,657.20756357,65
2026-01-03T03:54:00Z,62836.15167254,62865.69445815,62778.62522852,62808.15485126,264.13800877,26
2026-01-03T03:55:00Z,62808.15485126,62837.74060542,62782.96166582,62812.54565877,102.53114436,10
2026-01-03T03:56:00Z,62812.54565877,62919.05680828,62756.26291495,62862.72909794,23.73878914,2
2026-01-03T03:57:00Z,62862.72909794,62949.43891551,62790.16456387,62876.85807189,103.77562793,10
2026-01-03T03:58:00Z,62876.85807189,62897.56534279,62820.51875544,62841.21428775,326.75718822,32
2026-01-03T03:59:00Z,62841.21428775,62883.77577764,62801.98525896,62844.54466983,367.39331846,36
2026-01-03T04:00:00Z,62844.54466983,62926.46888515,62803.16392317,62885.06145972,379.13922658,37
2026-01-03T04:01:00Z,62885.06145972,62905.75339006,62851.50767553,62872.19537237,145.91817720,14
2026-01-03T04:02:00Z,62872.19537237,62918.13295718,62841.01878209,62886.94905096,249.15261912,24
2026-01-03T04:03:00Z,62886.94905096,62929.31092870,62859.46571349,62901.82109175,761.30249364,76
2026-01-03T04:04:00Z,62901.82109175,62903.64125583,62890.70475920,62892.52465428,386.35184968,38
2026-01-03T04:05:00Z,62892.52465428,62913.21225467,62857.70428206,62878.38723214,243.19709103,24
2026-01-03T04:06:00Z,62878.38723214,62944.32538145,62815.84783004,62881.78260228,49.79135210,4
2026-01-03T04:07:00Z,62881.78260228,62911.94482742,62828.25992534,62858.41093989,299.11313766,29
2026-01-03T04:08:00Z,62858.41093989,62909.93710092,62847.36661477,62898.88566432,231.96329438,23
2026-01-03T04:09:00Z,62898.88566432,62917.39340715,62872.25726628,62890.76261893,9.41100180,1
2026-01-03T04:10:00Z,62890.76261893,62922.53992995,62880.30197371,62912.07573971,524.05141338,52
2026-01-03T04:11:00Z,62912.07573971,62961.19721092,62881.99482107,62931.10719254,333.10617140,33
2026-01-03T04:12:00Z,62931.10719254,63014.93913970,62789.14508161,62872.89948898,534.01503091,53
2026-01-03T04:13:00Z,62872.89948898,62941.58185596,62865.73103487,62934.40638915,401.33166261,40
2026-01-03T04:14:00Z,62934.40638915,62955.82546313,62919.69418583,62941.11169231,28.87003917,2
2026-01-03T04:15:00Z,62941.11169231,62958.23966256,62930.70178474,62947.82864408,280.90520836,28
2026-01-03T04:16:00Z,62947.82864408,62961.07984417,62903.88444177,62917.12917929,149.58641894,14
2026-01-03T04:17:00Z,62917.12917929,62965.68453998,62892.92649938,62941.47249580,255.76290972,25
2026-01-03T04:18:00Z,62941.47249580,62965.35700297,62922.92935952,62946.81229353,145.90105985,14
2026-01-03T04:19:00Z,62946.81229353,63002.67084624,62915.92060697,62971.76691298,190.28492696,19
2026-01-03T04:20:00Z,62971.76691298,62974.71959172,62817.16517736,62820.11074510,362.03699751,36
2026-01-03T04:21:00Z,62820.11074510,62881.34484132,62817.73629529,62878.96816685,143.18459640,14
2026-01-03T04:22:00Z,62878.96816685,63017.16682163,62817.74419784,62955.86797685,785.11271818,78
2026-01-03T04:23:00Z,62955.86797685,62963.80515913,62911.84421742,62919.77684950,701.03195646,70
2026-01-03T04:24:00Z,62919.77684950,62967.83162558,62888.55728507,62936.60371198,126.63307898,12
2026-01-03T04:25:00Z,62936.60371198,63034.13636928,62904.05397078,63001.55303740,1042.67083269,104
2026-01-03T04:26:00Z,63001.55303740,63080.76675393,62973.55975031,63052.75071834,127.69009091,12
2026-01-03T04:27:00Z,63052.75071834,63052.78812624,63005.12311763,63005.16049730,69.81341638,6
2026-01-03T04:28:00Z,63005.16049730,63062.09350282,62997.51192292,63054.43894624,431.16560893,43
2026-01-03T04:29:00Z,63054.43894624,63071.91268869,62889.45621832,62906.88907153,401.14129695,40
2026-01-03T04:30:00Z,62906.88907153,62964.34420915,62873.52880588,62930.97117249,269.01985209,26
2026-01-03T04:31:00Z,62930.97117249,63012.35215106,62909.34238269,62990.70283205,160.59914507,16
2026-01-03T04:32:00Z,62990.70283205,63047.83306545,62971.46765231,63028.58631741,228.83288210,22
2026-01-03T04:33:00Z,63028.58631741,63048.01108057,63027.29208727,63046.71647814,80.58291188,8
2026-01-03T04:34:00Z,63046.71647814,63048.63674535,63029.42656093,63031.34636000,177.47038300,17
2026-01-03T04:35:00Z,63031.34636000,63060.92936487,62969.61250242,62999.18041060,314.98337967,31
2026-01-03T04:36:00Z,62999.18041060,63008.53362676,62991.05805117,63000.41110866,162.75166635,16
2026-01-03T04:37:00Z,63000.41110866,63077.52639970,62999.75892034,63076.87341983,1082.27495447,108
2026-01-03T04:38:00Z,63076.87341983,63109.17160633,63014.03978986,63046.32233282,690.85519830,69
2026-01-03T04:39:00Z,63046.32233282,63052.47544026,63036.09735796,63042.25006795,164.17953077,16
2026-01-03T04:40:00Z,63042.25006795,63079.48363063,63041.18513015,63078.41808186,452.25466970,45
2026-01-03T04:41:00Z,63078.41808186,63130.44369016,63076.98453700,63129.00899554,475.94821477,47
2026-01-03T04:42:00Z,63129.00899554,63183.09739989,63105.75351572,63159.83056601,803.16786941,80
2026-01-03T04:43:00Z,63159.83056601,63203.37316842,63157.34611809,63200.88710551,818.08739257,81
2026-01-03T04:44:00Z,63200.88710551,63242.10044995,63195.88868147,63237.09916197,208.20451909,20
2026-01-03T04:45:00Z,63237.09916197,63289.18154141,63219.28192530,63271.35465315,43.10687268,4
2026-01-03T04:46:00Z,63271.35465315,63275.28081454,63259.85907839,63263.78477006,233.59698624,23
2026-01-03T04:47:00Z,63263.78477006,63289.78108523,63166.12005877,63192.08691190,747.03541001,74
2026-01-03T04:48:00Z,63192.08691190,63237.48352863,63142.20174601,63187.59513589,476.94397705,47
2026-01-03T04:49:00Z,63187.59513589,63264.05021782,63170.82869206,63247.26794018,643.76167149,64
2026-01-03T04:50:00Z,63247.26794018,63263.63972808,63243.50343909,63259.87447664,6.73307659,1
2026-01-03T04:51:00Z,63259.87447664,63314.84829806,63235.16092198,63290.12292632,245.29133540,24
2026-01-03T04:52:00Z,63290.12292632,63291.24598352,63228.88212827,63230.00411868,605.31039683,60
2026-01-03T04:53:00Z,63230.00411868,63360.49631204,63199.62904024,63330.07316141,494.35170458,49
2026-01-03T04:54:00Z,63330.07316141,63396.98316611,63243.51946709,63310.40869574,127.08476553,12
2026-01-03T04:55:00Z,63310.40869574,63369.20595457,63261.70648891,63320.49598798,163.03685842,16
2026-01-03T04:56:00Z,63320.49598798,63407.57371880,63286.87841087,63373.92777414,439.29523334,43
2026-01-03T04:57:00Z,63373.92777414,63385.82982795,63296.99152034,63308.88135799,1354.22091844,135
2026-01-03T04:58:00Z,63308.88135799,63364.76528372,63286.63500405,63342.50711390,271.33838157,27
2026-01-03T04:59:00Z,63342.50711390,63358.82595669,63336.32177398,63352.63962734,186.53796904,18
2026-01-03T05:00:00Z,63352.63962734,63404.20704731,63298.43875309,63350.00402774,53.06243578,5
2026-01-03T05:01:00Z,63350.00402774,63355.62805806,63294.65120945,63300.27082460,647.00069389,64
2026-01-03T05:02:00Z,63300.27082460,63373.42622828,63278.23500664,63351.37262098,232.53884875,23
2026-01-03T05:03:00Z,63351.37262098,63442.65140970,63336.46884721,63427.72967250,987.91279454,98
2026-01-03T05:04:00Z,63427.72967250,63466.10426528,63325.84510086,63364.18124602,1247.23683191,124
2026-01-03T05:05:00Z,63364.18124602,63399.96542401,63348.06142477,63383.84060143,240.68382581,24
2026-01-03T05:06:00Z,63383.84060143,63400.48289219,63360.55906100,63377.19960808,462.11204911,46
2026-01-03T05:07:00Z,63377.19960808,63414.64467964,63350.66041340,63388.10092004,94.58210398,9
2026-01-03T05:08:00Z,63388.10092004,63464.24215126,63377.05280871,63453.18269662,457.78392028,45
2026-01-03T05:09:00Z,63453.18269662,63457.15170896,63445.99805090,63449.96686209,487.72157625,48
2026-01-03T05:10:00Z,63449.96686209,63499.35967244,63425.42455479,63474.80775674,64.86707105,6
2026-01-03T05:11:00Z,63474.80775674,63532.59059927,63432.41551979,63490.18809042,197.50766698,19
2026-01-03T05:12:00Z,63490.18809042,63537.30653939,63474.78175177,63521.89250745,18.82561035,1
2026-01-03T05:13:00Z,63521.89250745,63605.37621710,63500.96822671,63584.43133591,723.93828171,72
2026-01-03T05:14:00Z,63584.43133591,63637.35135672,63546.85598870,63599.76694690,99.22597898,9
2026-01-03T05:15:00Z,63599.76694690,63608.77499262,63512.78058923,63521.77758881,583.86552774,58
2026-01-03T05:16:00Z,63521.77758881,63564.23251760,63497.89462008,63540.34256879,427.91993291,42
2026-01-03T05:17:00Z,63540.34256879,63553.68471285,63522.06793382,63535.40904195,112.95846603,11
2026-01-03T05:18:00Z,63535.40904195,63555.61142807,63441.99356317,63462.17266229,382.37973321,38
2026-01-03T05:19:00Z,63462.17266229,63556.10865100,63378.47105850,63472.39356664,306.77783637,30
2026-01-03T05:20:00Z,63472.39356664,63557.05050640,63444.29172026,63528.92363182,567.02894818,56
2026-01-03T05:21:00Z,63528.92363182,63542.35204724,63523.01225952,63536.43997554,426.67426146,42
2026-01-03T05:22:00Z,63536.43997554,63556.37354183,63472.53997260,63492.45974078,680.02216191,68
2026-01-03T05:23:00Z,63492.45974078,63595.79331905,63448.15099627,63551.44341230,1470.94298318,147
2026-01-03T05:24:00Z,63551.44341230,63597.39041844,63538.92115244,63584.86157383,306.31633538,30
2026-01-03T05:25:00Z,63584.86157383,63620.54674573,63565.13126882,63600.81149148,81.07633146,8
2026-01-03T05:26:00Z,63600.81149148,63642.96183582,63545.48408988,63587.62569557,86.95305177,8
2026-01-03T05:27:00Z,63587.62569557,63594.41910304,63553.13732408,63559.92777244,395.16715262,39
2026-01-03T05:28:00Z,63559.92777244,63652.11455242,63527.46371294,63619.62000433,201.64313927,20
2026-01-03T05:29:00Z,63619.62000433,63666.68080359,63585.64725210,63632.70106610,481.63866593,48
2026-01-03T05:30:00Z,63632.70106610,63716.70203275,63630.68553195,63714.68390184,771.87427127,77
2026-01-03T05:31:00Z,63714.68390184,63785.36264203,63688.81311221,63759.47366591,220.66848935,22
2026-01-03T05:32:00Z,63759.47366591,63867.12944173,63726.88815030,63834.50557961,328.08792796,32
2026-01-03T05:33:00Z,63834.50557961,63855.67434225,63804.59086160,63825.75672295,105.74181855,10
2026-01-03T05:34:00Z,63825.75672295,63848.48059760,63800.41253854,63823.13547995,57.16931280,5
2026-01-03T05:35:00Z,63823.13547995,63846.67542796,63822.02707412,63845.56663257,3.39007674,1
2026-01-03T05:36:00Z,63845.56663257,63924.46387974,63822.03247299,63900.90932026,1160.37037604,116
2026-01-03T05:37:00Z,63900.90932026,63961.16003316,63842.30045567,63902.54966408,529.33349436,52
2026-01-03T05:38:00Z,63902.54966408,63968.04809827,63862.78575347,63928.26818409,157.92750607,15
2026-01-03T05:39:00Z,63928.26818409,63970.73739337,63873.71865112,63916.17982979,234.09404728,23
2026-01-03T05:40:00Z,63916.17982979,63945.50297406,63828.89152579,63858.18806490,273.16185090,27
2026-01-03T05:41:00Z,63858.18806490,63962.80395148,63809.54696229,63914.12024504,105.26076360,10
2026-01-03T05:42:00Z,63914.12024504,63930.54105464,63900.16239440,63916.58266624,282.66925489,28
2026-01-03T05:43:00Z,63916.58266624,63996.03545293,63872.63614469,63952.06453545,207.61971601,20
2026-01-03T05:44:00Z,63952.06453545,63974.86617296,63937.67135356,63960.47109906,453.55144421,45
2026-01-03T05:45:00Z,63960.47109906,63996.77776258,63929.70711812,63966.01111698,102.94759695,10
2026-01-03T05:46:00Z,63966.01111698,64001.58204024,63938.55857826,63974.12601882,466.45035764,46
2026-01-03T05:47:00Z,63974.12601882,64015.39139373,63847.18798129,63888.39805891,968.24661149,96
2026-01-03T05:48:00Z,63888.39805891,63948.04542324,63841.96797416,63901.60573998,315.21948861,31
2026-01-03T05:49:00Z,63901.60573998,63970.43067581,63879.05543159,63947.86404329,337.97974855,33
2026-01-03T05:50:00Z,63947.86404329,64040.97809401,63896.97565806,63990.05613320,872.12512992,87
2026-01-03T05:51:00Z,63990.05613320,64068.44099273,63931.10357704,64009.47055052,70.52815402,7
2026-01-03T05:52:00Z,64009.47055052,64067.72390950,63979.54269424,64037.78281571,379.59127342,37
2026-01-03T05:53:00Z,64037.78281571,64071.89750346,63985.64753770,64019.75262026,279.41617685,27
2026-01-03T05:54:00Z,64019.75262026,64065.18955102,64001.12999332,64046.55912637,548.91585575,54
2026-01-03T05:55:00Z,64046.55912637,64088.19544616,64035.31095723,64076.94194104,1272.55117074,127
2026-01-03T05:56:00Z,64076.94194104,64122.52816008,64043.87255516,64089.45231773,99.97195705,9
2026-01-03T05:57:00Z,64089.45231773,64102.73350890,64052.39158633,64065.66784867,133.79827985,13
2026-01-03T05:58:00Z,64065.66784867,64124.12291581,63978.30427284,64036.73293907,227.07097698,22
2026-01-03T05:59:00Z,64036.73293907,64048.26408273,64022.18321854,64033.71381855,221.50735649,22
2026-01-03T06:00:00Z,64033.71381855,64066.17120298,63993.85023945,64026.30386792,262.36315693,26
2026-01-03T06:01:00Z,64026.30386792,64054.61292674,63980.49230039,64008.79361709,603.89272903,60
2026-01-03T06:02:00Z,64008.79361709,64027.95395564,64004.41194848,64023.57127544,324.73813328,32
2026-01-03T06:03:00Z,64023.57127544,64024.47859095,64006.20586651,64007.11294879,183.60197309,18
2026-01-03T06:04:00Z,64007.11294879,64023.56286532,63887.44473372,63903.86811618,1419.83667870,141
2026-01-03T06:05:00Z,63903.86811618,63980.98098962,63798.17938454,63875.25773379,352.05936498,35
2026-01-03T06:06:00Z,63875.25773379,63894.07038784,63837.88969166,63856.69687913,62.88602844,6
2026-01-03T06:07:00Z,63856.69687913,63910.02504309,63782.99849042,63836.30962854,791.08655853,79
2026-01-03T06:08:00Z,63836.30962854,63893.87890319,63730.30133870,63787.82689034,405.98500318,40
2026-01-03T06:09:00Z,63787.82689034,63836.27643257,63768.17583388,63816.61650691,218.70610178,21
2026-01-03T06:10:00Z,63816.61650691,63856.15472848,63735.74229115,63775.25488671,1639.77583107,163
2026-01-03T06:11:00Z,63775.25488671,63807.29422938,63742.72825451,63774.76735226,154.45877325,15
2026-01-03T06:12:00Z,63774.76735226,63801.07476344,63772.65509257,63798.96170241,109.74300870,10
2026-01-03T06:13:00Z,63798.96170241,63840.79988123,63797.45412121,63839.29134703,243.19506642,24
2026-01-03T06:14:00Z,63839.29134703,63898.44065647,63760.93011867,63820.06161110,265.14235982,26
2026-01-03T06:15:00Z,63820.06161110,63859.63441914,63778.02374131,63817.59501990,420.40589882,42
2026-01-03T06:16:00Z,63817.59501990,63885.47571868,63775.85096082,63843.71457440,607.39856893,60
2026-01-03T06:17:00Z,63843.71457440,63847.40087011,63829.72491238,63833.41061314,151.16352597,15
2026-01-03T06:18:00Z,63833.41061314,63889.81363753,63808.23267717,63864.62339024,731.62500587,73
2026-01-03T06:19:00Z,63864.62339024,63933.44513836,63782.72197852,63851.52961654,180.34387588,18
2026-01-03T06:20:00Z,63851.52961654,63869.35128281,63818.11138180,63835.92869368,134.93872842,13
2026-01-03T06:21:00Z,63835.92869368,63853.89182489,63806.29232312,63824.25216861,176.23166628,17
2026-01-03T06:22:00Z,63824.25216861,63882.82252929,63803.45833078,63862.01638794,114.97471057,11
2026-01-03T06:23:00Z,63862.01638794,63882.87069504,63857.49571147,63878.34886242,470.21604535,47
2026-01-03T06:24:00Z,63878.34886242,63896.12769662,63861.38737822,63879.16599545,430.84181821,43
2026-01-03T06:25:00Z,63879.16599545,63948.48725681,63877.61068297,63946.93029442,738.77002778,73
2026-01-03T06:26:00Z,63946.93029442,63972.28162840,63930.64894722,63955.99797251,750.57666435,75
2026-01-03T06:27:00Z,63955.99797251,63963.55401988,63904.64859810,63912.19947091,826.62179752,82
2026-01-03T06:28:00Z,63912.19947091,63923.94181639,63831.42340379,63843.15306363,1325.46645348,132
2026-01-03T06:29:00Z,63843.15306363,63864.35062812,63841.15395240,63862.35091574,158.75734697,15
2026-01-03T06:30:00Z,63862.35091574,63956.25735531,63807.28767654,63901.16065367,808.89500276,80
2026-01-03T06:31:00Z,63901.16065367,63953.24637026,63891.50252410,63943.58182908,393.12690098,39
2026-01-03T06:32:00Z,63943.58182908,64023.94466541,63898.48066910,63978.81865193,387.64193798,38
2026-01-03T06:33:00Z,63978.81865193,63985.17642331,63950.70414840,63957.05975754,159.92841306,15
2026-01-03T06:34:00Z,63957.05975754,63991.00575219,63940.61954091,63974.56103684,159.89056003,15
2026-01-03T06:35:00Z,63974.56103684,64057.61834419,63945.68393144,64028.71679374,371.05179649,37
2026-01-03T06:36:00Z,64028.71679374,64112.99123687,64019.02043734,64103.28358825,1238.54309806,123
2026-01-03T06:37:00Z,64103.28358825,64141.10707064,64099.12358296,64136.94488088,1058.74587779,105
2026-01-03T06:38:00Z,64136.94488088,64188.25652871,64062.72712056,64114.02042808,517.66736275,51
2026-01-03T06:39:00Z,64114.02042808,64178.46848487,64109.92911181,64174.37331730,1134.51801301,113
2026-01-03T06:40:00Z,64174.37331730,64254.60143299,64144.22510624,64224.42970616,201.38852786,20
2026-01-03T06:41:00Z,64224.42970616,64229.50161912,64199.21728324,64204.28760555,757.74601222,75
2026-01-03T06:42:00Z,64204.28760555,64205.25706974,64152.81663419,64153.78533581,446.00105492,44
2026-01-03T06:43:00Z,64153.78533581,64161.62926241,64090.21803988,64098.05515249,309.55379456,30
2026-01-03T06:44:00Z,64098.05515249,64115.45633773,64094.78123280,64112.18169650,136.70303213,13
2026-01-03T06:45:00Z,64112.18169650,64126.36783154,64093.97012558,64108.15536971,414.99127409,41
2026-01-03T06:46:00Z,64108.15536971,64135.70963768,64093.17244257,64120.72377314,462.54045637,46
2026-01-03T06:47:00Z,64120.72377314,64153.65348050,64103.75777921,64136.68326377,125.08162150,12
2026-01-03T06:48:00Z,64136.68326377,64243.42017141,64062.73363870,64169.43278612,405.57736651,40
2026-01-03T06:49:00Z,64169.43278612,64259.34846952,64112.20687435,64202.09343119,78.04725725,7
2026-01-03T06:50:00Z,64202.09343119,64311.03983190,64157.31346927,64266.21514608,119.12642181,11
2026-01-03T06:51:00Z,64266.21514608,64378.17329307,64221.07490247,64332.98614986,624.36866225,62
2026-01-03T06:52:00Z,64332.98614986,64385.89644652,64306.80262335,64359.70204664,308.31164028,30
2026-01-03T06:53:00Z,64359.70204664,64383.09451537,64292.15428077,64315.53069479,884.02425525,88
2026-01-03T06:54:00Z,64315.53069479,64317.66478914,64262.64929928,64264.78170970,642.27856391,64
2026-01-03T06:55:00Z,64264.78170970,64275.72299103,64159.75722039,64170.68248103,334.32980996,33
2026-01-03T06:56:00Z,64170.68248103,64193.48791174,64060.91865973,64083.69317557,488.93740216,48
2026-01-03T06:57:00Z,64083.69317557,64091.94025770,64021.86754417,64030.10773027,958.91125169,95
2026-01-03T06:58:00Z,64030.10773027,64060.23330154,63945.18611526,63975.28589336,630.69305301,63
2026-01-03T06:59:00Z,63975.28589336,63984.21093308,63880.86831575,63889.78142695,1901.91656231,190
2026-01-03T07:00:00Z,63889.78142695,63926.85294814,63806.02334419,63843.06776016,356.17688959,35
2026-01-03T07:01:00Z,63843.06776016,63862.30534732,63725.02822976,63744.23603633,634.34249791,63
2026-01-03T07:02:00Z,63744.23603633,63787.42772034,63659.00280415,63702.16598242,787.39229564,78
2026-01-03T07:03:00Z,63702.16598242,63738.43822999,63552.56524189,63588.77292304,1087.90990252,108
2026-01-03T07:04:00Z,63588.77292304,63599.91816294,63471.47004622,63482.59667655,530.45615203,53
2026-01-03T07:05:00Z,63482.59667655,63502.75323160,63389.71737055,63409.85082785,1023.20709191,102
2026-01-03T07:06:00Z,63409.85082785,63445.66809894,63304.94220333,63340.72042587,1153.42577557,115
2026-01-03T07:07:00Z,63340.72042587,63346.61224748,63281.95715803,63287.84406119,466.11758838,46
2026-01-03T07:08:00Z,63287.84406119,63301.74568887,63263.38353407,63277.28284189,170.41904631,17
2026-01-03T07:09:00Z,63277.28284189,63310.32863403,63214.89214981,63247.92260892,347.97232864,34
2026-01-03T07:10:00Z,63247.92260892,63248.39109722,63204.42539233,63204.89356191,636.12604649,63
2026-01-03T07:11:00Z,63204.89356191,63210.62564834,63163.98141243,63169.71030807,1154.32932910,115
2026-01-03T07:12:00Z,63169.71030807,63185.86271997,63109.32184684,63125.46294475,204.53375307,20
2026-01-03T07:13:00Z,63125.46294475,63171.80844168,63055.95388344,63102.28236164,860.62253161,86
2026-01-03T07:14:00Z,63102.28236164,63149.59708766,63011.47459336,63058.75668339,1066.47685938,106
2026-01-03T07:15:00Z,63058.75668339,63075.92473185,63010.95137269,63028.11107774,616.03959553,61
2026-01-03T07:16:00Z,63028.11107774,63060.70291844,62996.05151279,63028.64308288,40.74878177,4
2026-01-03T07:17:00Z,63028.64308288,63054.36262140,62966.31002052,62992.01461239,510.26204637,51
2026-01-03T07:18:00Z,62992.01461239,62993.87666814,62950.56108485,62952.42197024,613.41839933,61
2026-01-03T07:19:00Z,62952.42197024,62975.39563950,62927.64790509,62950.62091708,142.02844530,14
2026-01-03T07:20:00Z,62950.62091708,62956.60129499,62903.29349606,62909.26994559,134.04235997,13
2026-01-03T07:21:00Z,62909.26994559,62934.43909439,62839.11152721,62864.26266921,242.43245409,24
2026-01-03T07:22:00Z,62864.26266921,62879.14038095,62824.80470908,62839.67660218,161.35675479,16
2026-01-03T07:23:00Z,62839.67660218,62859.23252973,62804.38187876,62823.93290681,250.08353940,25
2026-01-03T07:24:00Z,62823.93290681,62836.51651665,62775.88040022,62788.45690423,93.45753105,9
2026-01-03T07:25:00Z,62788.45690423,62802.89502643,62773.97645803,62788.41457050,73.18127414,7
2026-01-03T07:26:00Z,62788.41457050,62798.14059796,62753.23962349,62762.96170825,798.33636545,79
2026-01-03T07:27:00Z,62762.96170825,62796.06985170,62712.54260064,62745.64160755,148.59556839,14
2026-01-03T07:28:00Z,62745.64160755,62781.11901188,62692.78697855,62728.25455197,308.85919363,30
2026-01-03T07:29:00Z,62728.25455197,62732.49191262,62702.01927653,62706.25515109,529.66449599,52
2026-01-03T07:30:00Z,62706.25515109,62712.06288582,62673.66375089,62679.46900473,383.41417501,38
2026-01-03T07:31:00Z,62679.46900473,62713.39851365,62622.32262496,62656.23955937,222.03294247,22
2026-01-03T07:32:00Z,62656.23955937,62675.10673661,62619.50611487,62638.36791057,415.20114883,41
2026-01-03T07:33:00Z,62638.36791057,62652.87453223,62608.05189351,62622.55485298,474.51626024,47
2026-01-03T07:34:00Z,62622.55485298,62646.25296896,62605.16879874,62628.86516277,196.81017494,19
2026-01-03T07:35:00Z,62628.86516277,62652.82127330,62600.78630529,62624.74083823,58.12148842,5
2026-01-03T07:36:00Z,62624.74083823,62652.70471425,62623.23013630,62651.19337420,319.66407829,31
2026-01-03T07:37:00Z,62651.19337420,62675.84930746,62632.02428979,62656.67854478,61.35006777,6
2026-01-03T07:38:00Z,62656.67854478,62688.24417026,62610.95702563,62642.51551595,421.77438873,42
2026-01-03T07:39:00Z,62642.51551595,62689.07150723,62627.25394331,62673.80231219,303.66018708,30
2026-01-03T07:40:00Z,62673.80231219,62678.72905954,62639.99405568,62644.91853250,280.72176677,28
2026-01-03T07:41:00Z,62644.91853250,62658.08614554,62582.05642542,62595.21359076,786.65701147,78
2026-01-03T07:42:00Z,62595.21359076,62605.02340351,62591.13318080,62600.94262009,140.97689969,14
2026-01-03T07:43:00Z,62600.94262009,62635.93520583,62577.66832081,62612.65655144,562.77052504,56
2026-01-03T07:44:00Z,62612.65655144,62673.81590013,62595.42095909,62656.56822006,605.90840667,60
2026-01-03T07:45:00Z,62656.56822006,62661.68905217,62587.42255708,62592.53815610,997.87456195,99
2026-01-03T07:46:00Z,62592.53815610,62599.36471509,62570.69256593,62577.51748672,334.56859289,33
2026-01-03T07:47:00Z,62577.51748672,62589.57425506,62552.57105018,62564.62533460,162.03192489,16
2026-01-03T07:48:00Z,62564.62533460,62575.83932093,62482.50690068,62493.70817593,428.53365456,42
2026-01-03T07:49:00Z,62493.70817593,62495.05929390,62473.85662010,62475.20733809,232.03051909,23
2026-01-03T07:50:00Z,62475.20733809,62487.10610772,62442.67646121,62454.57130059,626.67894157,62
2026-01-03T07:51:00Z,62454.57130059,62499.77210530,62384.54606512,62429.72889042,436.59023894,43
2026-01-03T07:52:00Z,62429.72889042,62477.82491581,62401.68610603,62449.77312776,479.98830785,47
2026-01-03T07:53:00Z,62449.77312776,62490.15779714,62429.50210817,62469.88025083,309.78909587,30
2026-01-03T07:54:00Z,62469.88025083,62526.38763494,62456.32243972,62512.82050452,992.28831428,99
2026-01-03T07:55:00Z,62512.82050452,62527.88919417,62497.87032386,62512.93898517,75.66040335,7
2026-01-03T07:56:00Z,62512.93898517,62522.94499764,62449.61433203,62459.61180879,400.74656530,40
2026-01-03T07:57:00Z,62459.61180879,62492.68920186,62391.48017360,62424.53899280,198.86030878,19
2026-01-03T07:58:00Z,62424.53899280,62450.66381032,62412.18779386,62438.30988669,219.05161152,21
2026-01-03T07:59:00Z,62438.30988669,62444.75667384,62422.84509332,62429.29094926,399.15374880,39
2026-01-03T08:00:00Z,62429.29094926,62474.08846211,62416.63111591,62461.42211298,405.04312577,40
2026-01-03T08:01:00Z,62461.42211298,62537.60094497,62422.67390559,62498.82953173,219.25260894,21
2026-01-03T08:02:00Z,62498.82953173,62504.75391012,62464.69567308,62470.61737719,36.91117502,3
2026-01-03T08:03:00Z,62470.61737719,62501.09562866,62385.05268228,62415.50404498,2271.41422734,227
2026-01-03T08:04:00Z,62415.50404498,62488.90988831,62375.46098293,62448.84543587,454.10579619,45
2026-01-03T08:05:00Z,62448.84543587,62479.02197688,62393.44720302,62423.61155050,270.51728729,27
2026-01-03T08:06:00Z,62423.61155050,62432.42363580,62367.53780240,62376.34321502,780.12205167,78
2026-01-03T08:07:00Z,62376.34321502,62378.79073704,62356.38774947,62358.83458449,212.93390051,21
2026-01-03T08:08:00Z,62358.83458449,62448.13182914,62313.68111427,62402.94641794,224.09156426,22
2026-01-03T08:09:00Z,62402.94641794,62427.12934927,62400.12973187,62424.31169884,286.31201548,28
2026-01-03T08:10:00Z,62424.31169884,62450.05027337,62391.06837214,62416.80385107,497.85573187,49
2026-01-03T08:11:00Z,62416.80385107,62425.32328124,62380.84451602,62389.36020034,58.76081143,5
2026-01-03T08:12:00Z,62389.36020034,62417.26454456,62388.83982526,62416.74394108,679.73047701,67
2026-01-03T08:13:00Z,62416.74394108,62452.10221323,62359.27944969,62394.62519185,304.41281162,30
2026-01-03T08:14:00Z,62394.62519185,62413.77705029,62394.13407934,62413.28579090,296.41902197,29
2026-01-03T08:15:00Z,62413.28579090,62436.31473143,62411.70751142,62434.73590954,334.34789319,33
2026-01-03T08:16:00Z,62434.73590954,62517.85338181,62406.42848352,62489.52111661,332.24573584,33
2026-01-03T08:17:00Z,62489.52111661,62490.97201593,62489.41406498,62490.86496200,41.13058196,4
2026-01-03T08:18:00Z,62490.86496200,62537.70825987,62463.73475187,62510.56949508,188.48124310,18
2026-01-03T08:19:00Z,62510.56949508,62536.10736839,62441.44892732,62466.96898822,693.77353691,69
2026-01-03T08:20:00Z,62466.96898822,62469.25063045,62432.04549323,62434.32594315,302.96247142,30
2026-01-03T08:21:00Z,62434.32594315,62446.74264252,62340.49937874,62352.89988441,1647.08676874,164
2026-01-03T08:22:00Z,62352.89988441,62384.61324284,62325.52722184,62357.23867557,43.65607669,4
2026-01-03T08:23:00Z,62357.23867557,62380.17008741,62336.73458567,62359.66519963,158.51199065,15
2026-01-03T08:24:00Z,62359.66519963,62450.93565305,62317.29350734,62408.53075795,324.16522631,32
2026-01-03T08:25:00Z,62408.53075795,62443.15050128,62396.31484151,62430.93020036,270.02771039,27
2026-01-03T08:26:00Z,62430.93020036,62448.09150444,62429.73578038,62446.89677899,140.43903215,14
2026-01-03T08:27:00Z,62446.89677899,62516.94706420,62395.66708093,62465.70193891,13.55402680,1
2026-01-03T08:28:00Z,62465.70193891,62509.12106623,62465.05114140,62508.46982314,84.88059750,8
2026-01-03T08:29:00Z,62508.46982314,62520.68434975,62507.44240041,62519.65674315,32.66713595,3
2026-01-03T08:30:00Z,62519.65674315,62549.08332275,62508.01901675,62537.44228567,193.13151946,19
2026-01-03T08:31:00Z,62537.44228567,62571.79581485,62481.36683680,62515.70842698,884.63680312,88
2026-01-03T08:32:00Z,62515.70842698,62539.37312432,62454.49253740,62478.14301474,240.16661288,24
2026-01-03T08:33:00Z,62478.14301474,62504.73588727,62461.80198842,62488.39218030,99.40536790,9
2026-01-03T08:34:00Z,62488.39218030,62536.14782001,62418.17233393,62465.91079265,201.25227450,20
2026-01-03T08:35:00Z,62465.91079265,62513.53020551,62449.06881901,62496.67993593,207.56823320,20
2026-01-03T08:36:00Z,62496.67993593,62505.47702285,62469.40209149,62478.19657667,83.45370241,8
2026-01-03T08:37:00Z,62478.19657667,62562.91580484,62473.21535173,62557.92822310,1835.89471405,183
2026-01-03T08:38:00Z,62557.92822310,62578.19682980,62475.70805791,62495.95658596,508.33615055,50
2026-01-03T08:39:00Z,62495.95658596,62534.32584315,62468.05731898,62506.42190428,340.38855073,34
2026-01-03T08:40:00Z,62506.42190428,62506.98038557,62454.81164160,62455.36966674,675.87454219,67
2026-01-03T08:41:00Z,62455.36966674,62500.24704377,62421.84147159,62466.71275925,69.88875241,6
2026-01-03T08:42:00Z,62466.71275925,62503.87084127,62451.42213055,62488.57486116,748.14330249,74
2026-01-03T08:43:00Z,62488.57486116,62510.01173963,62436.52383099,62457.95020359,470.55994488,47
2026-01-03T08:44:00Z,62457.95020359,62559.07361583,62434.58830957,62535.68264662,162.44836627,16
2026-01-03T08:45:00Z,62535.68264662,62560.82988997,62530.68036778,62555.82599984,345.57515478,34
2026-01-03T08:46:00Z,62555.82599984,62584.03309238,62503.72214534,62531.91845772,267.03454275,26
2026-01-03T08:47:00Z,62531.91845772,62552.29321131,62489.17135889,62509.53882053,771.12404144,77
2026-01-03T08:48:00Z,62509.53882053,62522.95882531,62411.42548444,62424.82730273,208.32172872,20
2026-01-03T08:49:00Z,62424.82730273,62437.24732071,62384.95020046,62397.36475449,150.15136250,15
2026-01-03T08:50:00Z,62397.36475449,62474.93328895,62303.57623521,62381.12458090,205.84171451,20
2026-01-03T08:51:00Z,62381.12458090,62482.15335855,62338.18170853,62439.17052762,653.17476230,65
2026-01-03T08:52:00Z,62439.17052762,62440.31911000,62386.99981072,62388.14745451,1690.62672367,169
2026-01-03T08:53:00Z,62388.14745451,62485.65603388,62325.87810277,62423.35154508,360.21481520,36
2026-01-03T08:54:00Z,62423.35154508,62429.79909337,62414.65044718,62421.09776269,268.61056980,26
2026-01-03T08:55:00Z,62421.09776269,62466.20035465,62415.36234079,62460.46131592,82.77690833,8
2026-01-03T08:56:00Z,62460.46131592,62469.16177962,62407.23743050,62415.93169142,560.47099265,56
2026-01-03T08:57:00Z,62415.93169142,62427.13125300,62408.71479039,62419.91389152,86.92913577,8
2026-01-03T08:58:00Z,62419.91389152,62460.47425421,62397.31990659,62437.87376839,293.83295753,29
2026-01-03T08:59:00Z,62437.87376839,62473.85263300,62415.63588319,62451.60985554,548.05112542,54
2026-01-03T09:00:00Z,62451.60985554,62514.84620368,62429.51712680,62492.73892522,210.59164876,21
2026-01-03T09:01:00Z,62492.73892522,62499.06463291,62488.31006280,62494.63563608,234.31661918,23
2026-01-03T09:02:00Z,62494.63563608,62502.57458323,62471.82065533,62479.75771249,351.18716539,35
2026-01-03T09:03:00Z,62479.75771249,62490.38777247,62424.36907888,62434.99152252,428.05570231,42
2026-01-03T09:04:00Z,62434.99152252,62441.53034170,62419.50284418,62426.04072595,80.98112053,8
2026-01-03T09:05:00Z,62426.04072595,62436.90724966,62400.09409999,62410.95799825,63.24771131,6
2026-01-03T09:06:00Z,62410.95799825,62445.56943686,62380.95323424,62415.56245921,213.84904437,21
2026-01-03T09:07:00Z,62415.56245921,62434.57549004,62367.14466678,62386.14873760,878.17168540,87
2026-01-03T09:08:00Z,62386.14873760,62404.18412711,62359.01944990,62377.05220966,142.72794369,14
2026-01-03T09:09:00Z,62377.05220966,62405.79663348,62362.07439577,62390.81551478,151.19318007,15
2026-01-03T09:10:00Z,62390.81551478,62452.23902426,62280.63750110,62342.01296467,969.66038867,96
2026-01-03T09:11:00Z,62342.01296467,62426.62550637,62287.88278627,62372.46888378,226.82011380,22
2026-01-03T09:12:00Z,62372.46888378,62428.79012533,62290.14085988,62346.43859654,79.32332173,7
2026-01-03T09:13:00Z,62346.43859654,62378.20144724,62263.61213632,62295.34895903,365.95479325,36
2026-01-03T09:14:00Z,62295.34895903,62307.70078270,62267.08448725,62279.43315516,82.60609471,8
2026-01-03T09:15:00Z,62279.43315516,62349.73621557,62237.89318115,62308.17706955,131.09310006,13
2026-01-03T09:16:00Z,62308.17706955,62363.78816610,62291.12938989,62346.72993828,637.73050267,63
2026-01-03T09:17:00Z,62346.72993828,62366.26690518,62326.72159695,62346.25841609,396.07608335,39
2026-01-03T09:18:00Z,62346.25841609,62377.30846637,62327.22464081,62358.27102374,92.16017695,9
2026-01-03T09:19:00Z,62358.27102374,62391.17205832,62333.49328190,62366.39109001,252.73820685,25
2026-01-03T09:20:00Z,62366.39109001,62404.43396547,62299.33643275,62337.36160052,294.06459615,29
2026-01-03T09:21:00Z,62337.36160052,62390.09218569,62314.03351327,62366.75309946,210.20330449,21
2026-01-03T09:22:00Z,62366.75309946,62386.79704742,62357.88315403,62377.92551302,873.83412528,87
2026-01-03T09:23:00Z,62377.92551302,62404.84983282,62372.12074145,62399.04309609,377.60487534,37
2026-01-03T09:24:00Z,62399.04309609,62469.25642556,62341.82328294,62412.02470829,273.22398428,27
2026-01-03T09:25:00Z,62412.02470829,62430.26131619,62382.14636683,62400.37957205,259.02729835,25
2026-01-03T09:26:00Z,62400.37957205,62424.17012227,62378.05098531,62401.84101258,272.47263581,27
2026-01-03T09:27:00Z,62401.84101258,62447.06691519,62351.54051520,62396.76273732,158.89549448,15
2026-01-03T09:28:00Z,62396.76273732,62483.40747556,62375.92815156,62462.55092281,517.09488933,51
2026-01-03T09:29:00Z,62462.55092281,62466.92402338,62434.47877561,62438.85021686,278.16988201,27
2026-01-03T09:30:00Z,62438.85021686,62463.72982612,62421.24631475,62446.12387329,18.02560846,1
2026-01-03T09:31:00Z,62446.12387329,62504.88450479,62367.72555765,62426.46769305,442.42811817,44
2026-01-03T09:32:00Z,62426.46769305,62443.56986454,62354.62753641,62371.71470794,871.13127163,87
2026-01-03T09:33:00Z,62371.71470794,62373.22096378,62355.50857039,62357.01447124,513.73891133,51
2026-01-03T09:34:00Z,62357.01447124,62358.99268451,62330.83969826,62332.81714390,807.47740691,80
2026-01-03T09:35:00Z,62332.81714390,62368.05485651,62317.24760115,62352.48040226,166.15996313,16
2026-01-03T09:36:00Z,62352.48040226,62404.30856763,62336.58992240,62388.40893141,169.33153751,16
2026-01-03T09:37:00Z,62388.40893141,62481.22838120,62346.60208332,62439.38737215,60.79956207,6
2026-01-03T09:38:00Z,62439.38737215,62490.80688973,62414.94195526,62466.35091644,411.98067719,41
2026-01-03T09:39:00Z,62466.35091644,62522.30402347,62434.86127751,62490.80205858,602.26030410,60
2026-01-03T09:40:00Z,62490.80205858,62511.66886214,62480.45740334,62501.32246536,313.13863026,31
2026-01-03T09:41:00Z,62501.32246536,62523.91531542,62476.82730961,62499.41947179,98.18850483,9
2026-01-03T09:42:00Z,62499.41947179,62550.78249321,62436.07540244,62487.42856955,439.93888904,43
2026-01-03T09:43:00Z,62487.42856955,62524.61426227,62462.69794622,62499.87871155,285.94146665,28
2026-01-03T09:44:00Z,62499.87871155,62588.67961386,62455.15954532,62543.92892934,641.58973232,64
2026-01-03T09:45:00Z,62543.92892934,62568.03571341,62497.40903293,62521.50717481,338.70678886,33
2026-01-03T09:46:00Z,62521.50717481,62537.37246083,62461.04586627,62476.89983285,1040.27927049,104
2026-01-03T09:47:00Z,62476.89983285,62486.89342478,62452.08848998,62462.07971134,206.73622644,20
2026-01-03T09:48:00Z,62462.07971134,62481.76234785,62430.40208022,62450.08093575,236.45947459,23
2026-01-03T09:49:00Z,62450.08093575,62468.43399706,62417.54933382,62435.89822706,45.99529238,4
2026-01-03T09:50:00Z,62435.89822706,62439.27192390,62423.83831141,62427.21153887,493.64069765,49
2026-01-03T09:51:00Z,62427.21153887,62469.51238087,62414.03396162,62456.32865738,472.89810044,47
2026-01-03T09:52:00Z,62456.32865738,62459.45824510,62403.41517295,62406.54226596,645.78739547,64
2026-01-03T09:53:00Z,62406.54226596,62434.36410566,62394.98045305,62422.79928087,591.80768519,59
2026-01-03T09:54:00Z,62422.79928087,62443.48317475,62410.26808012,62430.95033770,206.57565117,20
2026-01-03T09:55:00Z,62430.95033770,62458.41855977,62415.67038697,62443.13562670,553.50551393,55
2026-01-03T09:56:00Z,62443.13562670,62450.31205017,62432.42987385,62439.60589166,345.47919567,34
2026-01-03T09:57:00Z,62439.60589166,62474.45019868,62389.09489521,62423.93045458,323.10521106,32
2026-01-03T09:58:00Z,62423.93045458,62451.75999802,62393.57404255,62421.40245898,105.55046805,10
2026-01-03T09:59:00Z,62421.40245898,62450.99411155,62361.31039088,62390.88757749,288.43221873,28
2026-01-03T10:00:00Z,62390.88757749,62443.77975068,62349.83411127,62402.71849966,149.61159815,14
2026-01-03T10:01:00Z,62402.71849966,62404.78443485,62385.76326213,62387.82870437,545.52594705,54
2026-01-03T10:02:00Z,62387.82870437,62404.67081609,62343.62683996,62360.46156369,250.14823876,25
2026-01-03T10:03:00Z,62360.46156369,62369.18717787,62346.30888111,62355.03373583,180.08164431,18
2026-01-03T10:04:00Z,62355.03373583,62386.08014478,62342.65556901,62373.69827284,292.96988520,29
2026-01-03T10:05:00Z,62373.69827284,62421.36076468,62326.31205624,62373.97433835,45.40393711,4
2026-01-03T10:06:00Z,62373.97433835,62421.17217372,62343.60172205,62390.79136848,459.65783033,45
2026-01-03T10:07:00Z,62390.79136848,62426.91307894,62381.73275362,62417.85053532,38.69108886,3
2026-01-03T10:08:00Z,62417.85053532,62448.34827438,62391.64765489,62422.14359173,100.65470727,10
2026-01-03T10:09:00Z,62422.14359173,62445.86213038,62373.42180517,62397.13083973,506.18373880,50
2026-01-03T10:10:00Z,62397.13083973,62410.65702323,62389.29344735,62402.81891640,342.95191076,34
2026-01-03T10:11:00Z,62402.81891640,62419.58230691,62366.18132218,62382.93937241,677.54122888,67
2026-01-03T10:12:00Z,62382.93937241,62428.28663937,62351.12918507,62396.46955275,380.26966831,38
2026-01-03T10:13:00Z,62396.46955275,62405.11299875,62365.17683578,62373.81714387,75.87528385,7
2026-01-03T10:14:00Z,62373.81714387,62386.94072160,62368.09286714,62381.21576587,251.24557207,25
2026-01-03T10:15:00Z,62381.21576587,62402.08591230,62349.20478429,62370.07120221,68.22275426,6
2026-01-03T10:16:00Z,62370.07120221,62409.54393816,62346.48742315,62385.95415335,191.98908344,19
2026-01-03T10:17:00Z,62385.95415335,62403.87653351,62371.85063113,62389.77214816,49.05292031,4
2026-01-03T10:18:00Z,62389.77214816,62407.18963437,62372.00103209,62389.41841955,381.89340442,38
2026-01-03T10:19:00Z,62389.41841955,62402.16807969,62375.99132232,62388.74084400,218.83732772,21
2026-01-03T10:20:00Z,62388.74084400,62409.90921319,62371.12036113,62392.28772857,204.85725546,20
2026-01-03T10:21:00Z,62392.28772857,62425.93425852,62305.81666936,62339.43469705,567.19537073,56
2026-01-03T10:22:00Z,62339.43469705,62340.98454571,62335.19637215,62336.74615397,393.44235234,39
2026-01-03T10:23:00Z,62336.74615397,62419.79836391,62286.59573929,62369.62150075,778.93501873,77
2026-01-03T10:24:00Z,62369.62150075,62411.44101191,62351.37850818,62393.19112527,551.81671263,55
2026-01-03T10:25:00Z,62393.19112527,62402.13736545,62364.07487059,62373.01821828,472.13399092,47
2026-01-03T10:26:00Z,62373.01821828,62407.18756384,62348.61720671,62382.78273229,339.32011140,33
2026-01-03T10:27:00Z,62382.78273229,62460.48912108,62372.86472670,62450.56033977,436.52261528,43
2026-01-03T10:28:00Z,62450.56033977,62499.33934613,62446.82851306,62495.60482772,352.38973954,35
2026-01-03T10:29:00Z,62495.60482772,62544.15511684,62421.44008034,62469.97045516,274.74357303,27
2026-01-03T10:30:00Z,62469.97045516,62475.21458039,62393.09047316,62398.32858432,430.57428339,43
2026-01-03T10:31:00Z,62398.32858432,62417.73693444,62389.97166291,62409.37853313,703.03450556,70
2026-01-03T10:32:00Z,62409.37853313,62438.78102218,62401.24063884,62430.64035545,538.91806993,53
2026-01-03T10:33:00Z,62430.64035545,62502.95847596,62376.77567148,62449.07788423,28.45719138,2
2026-01-03T10:34:00Z,62449.07788423,62459.09094572,62399.94972480,62409.95651359,700.09354709,70
2026-01-03T10:35:00Z,62409.95651359,62428.45883128,62386.41574404,62404.91656757,62.93310434,6
2026-01-03T10:36:00Z,62404.91656757,62425.63433909,62371.61570595,62392.32929862,119.54600899,11
2026-01-03T10:37:00Z,62392.32929862,62398.85283759,62353.29912802,62359.81926784,164.25169355,16
2026-01-03T10:38:00Z,62359.81926784,62409.52540750,62324.84111156,62374.53899481,415.27110263,41
2026-01-03T10:39:00Z,62374.53899481,62413.69691183,62360.39772424,62399.54997089,200.42301475,20
2026-01-03T10:40:00Z,62399.54997089,62425.55518512,62349.75394308,62375.74923829,46.64393134,4
2026-01-03T10:41:00Z,62375.74923829,62429.59115312,62272.98294000,62326.78258748,767.61053426,76
2026-01-03T10:42:00Z,62326.78258748,62405.59928755,62296.92812157,62375.72138001,218.37823494,21
2026-01-03T10:43:00Z,62375.72138001,62403.83102893,62363.19449915,62391.30101922,408.01429806,40
2026-01-03T10:44:00Z,62391.30101922,62426.46206686,62366.23859137,62401.39558405,153.19383172,15
2026-01-03T10:45:00Z,62401.39558405,62463.63685108,62336.48976638,62398.72837304,116.32752958,11
2026-01-03T10:46:00Z,62398.72837304,62428.44401249,62398.27992102,62427.99535013,290.30957431,29
2026-01-03T10:47:00Z,62427.99535013,62441.70742070,62426.12950512,62439.84122164,243.82990080,24
2026-01-03T10:48:00Z,62439.84122164,62446.66282712,62413.48389006,62420.30336101,462.40242181,46
2026-01-03T10:49:00Z,62420.30336101,62428.83618710,62400.11749959,62408.64873249,1080.23472243,108
2026-01-03T10:50:00Z,62408.64873249,62477.87410695,62347.71702994,62416.93431489,134.44711629,13
2026-01-03T10:51:00Z,62416.93431489,62439.99044124,62382.24015602,62405.29198181,93.68699015,9
2026-01-03T10:52:00Z,62405.29198181,62413.31869032,62380.47130428,62388.49585243,381.71408965,38
2026-01-03T10:53:00Z,62388.49585243,62419.98057855,62329.83331956,62361.30432332,343.95937751,34
2026-01-03T10:54:00Z,62361.30432332,62388.55522297,62333.66604762,62360.91677792,423.72994249,42
2026-01-03T10:55:00Z,62360.91677792,62375.68678060,62330.12724648,62344.89345409,93.58246035,9
2026-01-03T10:56:00Z,62344.89345409,62391.36730252,62301.44392176,62347.91566395,528.59859929,52
2026-01-03T10:57:00Z,62347.91566395,62392.49394760,62331.04273756,62375.61352546,241.38281221,24
2026-01-03T10:58:00Z,62375.61352546,62400.99201491,62320.09447085,62345.46069215,458.67402358,45
2026-01-03T10:59:00Z,62345.46069215,62366.19554798,62326.40129255,62347.13563634,352.97770303,35
2026-01-03T11:00:00Z,62347.13563634,62409.05842063,62299.71209137,62361.62385539,79.90660739,7
2026-01-03T11:01:00Z,62361.62385539,62479.48985704,62196.94150416,62314.71885346,161.70747653,16
2026-01-03T11:02:00Z,62314.71885346,62408.99648374,62285.54452826,62379.79169293,528.92176233,52
2026-01-03T11:03:00Z,62379.79169293,62388.51886605,62315.76624612,62324.48568171,592.08804414,59
2026-01-03T11:04:00Z,62324.48568171,62356.71274780,62303.85482888,62336.07805762,268.44838542,26
2026-01-03T11:05:00Z,62336.07805762,62401.23823622,62281.12592246,62346.27711013,300.26367963,30
2026-01-03T11:06:00Z,62346.27711013,62476.02716849,62315.13718359,62444.83801400,538.60642645,53
2026-01-03T11:07:00Z,62444.83801400,62453.33560517,62409.10647418,62417.60035881,358.48254995,35
2026-01-03T11:08:00Z,62417.60035881,62465.73638732,62375.16075466,62423.29291263,83.46913520,8
2026-01-03T11:09:00Z,62423.29291263,62429.68435649,62402.37741359,62408.76737020,313.78635589,31
2026-01-03T11:10:00Z,62408.76737020,62440.01747761,62364.60975398,62395.85339495,166.15296060,16
2026-01-03T11:11:00Z,62395.85339495,62485.90437768,62373.38218334,62463.40883669,200.08551231,20
2026-01-03T11:12:00Z,62463.40883669,62562.53484426,62440.22443275,62539.32226370,251.96183115,25
2026-01-03T11:13:00Z,62539.32226370,62563.92024034,62502.51089552,62527.10406650,429.52435167,42
2026-01-03T11:14:00Z,62527.10406650,62600.34548666,62499.61268435,62572.83399837,654.91226722,65
2026-01-03T11:15:00Z,62572.83399837,62589.82148392,62571.00349229,62587.99053446,213.52480662,21
2026-01-03T11:16:00Z,62587.99053446,62676.13023733,62545.53093482,62633.63966938,280.33515929,28
2026-01-03T11:17:00Z,62633.63966938,62649.17660524,62604.52477407,62620.05834093,244.93026132,24
2026-01-03T11:18:00Z,62620.05834093,62643.35328678,62600.27701859,62623.57085485,71.25727864,7
2026-01-03T11:19:00Z,62623.57085485,62658.85955597,62605.06202001,62640.34576319,358.99505291,35
2026-01-03T11:20:00Z,62640.34576319,62700.23781161,62613.22231686,62673.10018253,438.23799921,43
2026-01-03T11:21:00Z,62673.10018253,62683.22419772,62629.72005461,62639.83869684,99.80504669,9
2026-01-03T11:22:00Z,62639.83869684,62697.04026328,62610.16058132,62667.34911361,125.65301933,12
2026-01-03T11:23:00Z,62667.34911361,62729.81999761,62581.50377432,62643.95133389,96.81035143,9
2026-01-03T11:24:00Z,62643.95133389,62662.16584418,62625.64509152,62643.85957513,139.11439968,13
2026-01-03T11:25:00Z,62643.85957513,62717.89625679,62589.64690530,62663.66644588,244.76999526,24
2026-01-03T11:26:00Z,62663.66644588,62688.49349697,62610.09393158,62634.90958934,651.69897641,65
2026-01-03T11:27:00Z,62634.90958934,62656.21321151,62622.95983909,62644.26167703,599.46272208,59
2026-01-03T11:28:00Z,62644.26167703,62742.90689116,62612.36876771,62710.98001478,600.39102163,60
2026-01-03T11:29:00Z,62710.98001478,62818.25013672,62618.97138386,62726.21914716,534.49740700,53
2026-01-03T11:30:00Z,62726.21914716,62822.87751149,62671.02284251,62767.64475414,243.85771449,24
2026-01-03T11:31:00Z,62767.64475414,62785.46056478,62722.43003939,62740.23807098,284.03576994,28
2026-01-03T11:32:00Z,62740.23807098,62800.37503933,62717.97829031,62778.10182487,463.79261468,46
2026-01-03T11:33:00Z,62778.10182487,62799.60503877,62754.74683485,62776.24941425,367.24418984,36
2026-01-03T11:34:00Z,62776.24941425,62811.13383874,62740.35256757,62775.23642915,90.23000670,9
2026-01-03T11:35:00Z,62775.23642915,62793.00580256,62722.14878967,62739.90816293,1268.67021708,126
2026-01-03T11:36:00Z,62739.90816293,62777.43073094,62729.59459677,62767.11269273,294.86207267,29
2026-01-03T11:37:00Z,62767.11269273,62827.61610801,62717.56169540,62778.05647120,214.35784298,21
2026-01-03T11:38:00Z,62778.05647120,62789.45400670,62736.57169856,62747.96377064,104.54486371,10
2026-01-03T11:39:00Z,62747.96377064,62794.01658617,62721.59235546,62767.63690285,427.83727942,42
2026-01-03T11:40:00Z,62767.63690285,62835.35496136,62723.18438488,62790.88597821,142.78941299,14
2026-01-03T11:41:00Z,62790.88597821,62801.03686481,62784.00172469,62794.15225318,184.78156810,18
2026-01-03T11:42:00Z,62794.15225318,62865.22957340,62790.56296597,62861.63642883,132.57804545,13
2026-01-03T11:43:00Z,62861.63642883,62919.06130170,62820.31469952,62877.72899404,123.89959090,12
2026-01-03T11:44:00Z,62877.72899404,62892.90799670,62833.99361026,62849.16571760,198.48578220,19
2026-01-03T11:45:00Z,62849.16571760,62857.36709043,62832.40517063,62840.60542640,683.21860540,68
2026-01-03T11:46:00Z,62840.60542640,62864.61186206,62817.34422570,62841.35038561,131.33573573,13
2026-01-03T11:47:00Z,62841.35038561,62976.31518327,62801.15334780,62936.05756517,56.93068481,5
2026-01-03T11:48:00Z,62936.05756517,62992.27496507,62925.51428368,62981.72403337,394.60489388,39
2026-01-03T11:49:00Z,62981.72403337,63039.61911708,62933.48155447,62991.36925017,156.40445043,15
2026-01-03T11:50:00Z,62991.36925017,63001.18508844,62935.97129071,62945.78002489,139.44233725,13
2026-01-03T11:51:00Z,62945.78002489,63043.25349557,62930.56346701,63028.01705765,1183.85851705,118
2026-01-03T11:52:00Z,63028.01705765,63052.68601964,63024.42967151,63049.09743366,669.19917052,66
2026-01-03T11:53:00Z,63049.09743366,63105.14480922,62989.55011260,63045.59437411,69.87802960,6
2026-01-03T11:54:00Z,63045.59437411,63077.56673831,63023.03894284,63055.00793920,442.71734136,44
2026-01-03T11:55:00Z,63055.00793920,63079.95050264,62997.48065206,63022.41032092,538.35191206,53
2026-01-03T11:56:00Z,63022.41032092,63066.16118824,63021.30421141,63065.05433029,588.66719528,58
2026-01-03T11:57:00Z,63065.05433029,63118.16506515,62967.89949285,63020.97310436,499.63588851,49
2026-01-03T11:58:00Z,63020.97310436,63038.18375625,62975.62547370,62992.82843945,78.77694286,7
2026-01-03T11:59:00Z,62992.82843945,63044.90612503,62900.03726706,62952.08126597,260.35272248,26
2026-01-03T12:00:00Z,62952.08126597,62959.07632391,62927.69020029,62934.68332502,173.34571053,17
2026-01-03T12:01:00Z,62934.68332502,62987.19899475,62915.38682375,62967.89231123,192.89963092,19
2026-01-03T12:02:00Z,62967.89231123,63001.32875994,62920.55784401,62953.98690885,366.98947328,36
2026-01-03T12:03:00Z,62953.98690885,62974.81575703,62855.15453123,62875.95756275,714.61078401,71
2026-01-03T12:04:00Z,62875.95756275,62931.06793390,62736.46562485,62791.50197122,442.07853424,44
2026-01-03T12:05:00Z,62791.50197122,62829.62111868,62779.95375176,62818.06801336,917.25694582,91
2026-01-03T12:06:00Z,62818.06801336,62850.78169335,62805.64544501,62838.35511313,28.46850918,2
2026-01-03T12:07:00Z,62838.35511313,62930.53034349,62619.02293424,62711.01136884,572.29904965,57
2026-01-03T12:08:00Z,62711.01136884,62733.81980435,62710.37187394,62733.18008338,182.55926082,18
2026-01-03T12:09:00Z,62733.18008338,62786.14975709,62717.51184461,62770.47220424,518.02913616,51
2026-01-03T12:10:00Z,62770.47220424,62809.77652755,62727.48492382,62766.78693956,267.29987977,26
2026-01-03T12:11:00Z,62766.78693956,62783.64458351,62709.25123986,62726.09795573,817.15709835,81
2026-01-03T12:12:00Z,62726.09795573,62830.83455697,62660.87152060,62765.56707943,633.75473427,63
2026-01-03T12:13:00Z,62765.56707943,62908.72286798,62710.60929842,62853.68792801,744.76251885,74
2026-01-03T12:14:00Z,62853.68792801,62861.11356177,62791.08684093,62798.50595541,107.72357506,10
2026-01-03T12:15:00Z,62798.50595541,62816.14494349,62683.62591873,62701.23758585,912.20191714,91
2026-01-03T12:16:00Z,62701.23758585,62719.13075325,62695.53376422,62713.42582288,153.02668290,15
2026-01-03T12:17:00Z,62713.42582288,62780.24502693,62679.47742829,62746.27884816,1277.88079430,127
2026-01-03T12:18:00Z,62746.27884816,62783.99975097,62729.29173105,62767.00702219,397.49078907,39
2026-01-03T12:19:00Z,62767.00702219,62785.20223500,62659.99891276,62678.16837258,464.53980824,46
2026-01-03T12:20:00Z,62678.16837258,62734.62366270,62631.16242178,62687.61063061,253.11243160,25
2026-01-03T12:21:00Z,62687.61063061,62706.90339662,62636.01718848,62655.30001056,197.34297905,19
2026-01-03T12:22:00Z,62655.30001056,62661.47989310,62651.18332213,62657.36306911,69.41767667,6
2026-01-03T12:23:00Z,62657.36306911,62677.25480516,62641.55368054,62661.44438680,194.57045885,19
2026-01-03T12:24:00Z,62661.44438680,62677.29927154,62606.33156104,62622.17651005,149.64938106,14
2026-01-03T12:25:00Z,62622.17651005,62626.78403605,62580.61157282,62585.21637942,696.53964332,69
2026-01-03T12:26:00Z,62585.21637942,62591.30315928,62562.28197729,62568.36711846,38.46690928,3
2026-01-03T12:27:00Z,62568.36711846,62643.13625456,62516.73919163,62591.48924864,673.90595535,67
2026-01-03T12:28:00Z,62591.48924864,62605.90899323,62477.33434471,62491.73110715,1629.94876772,162
2026-01-03T12:29:00Z,62491.73110715,62560.42183209,62419.69635072,62488.38339587,103.34819841,10
2026-01-03T12:30:00Z,62488.38339587,62496.23429831,62453.49610034,62461.34360556,167.21476092,16
2026-01-03T12:31:00Z,62461.34360556,62597.70733142,62447.46040599,62583.79691432,893.12593594,89
2026-01-03T12:32:00Z,62583.79691432,62599.96011027,62576.96963215,62593.13180975,89.13253036,8
2026-01-03T12:33:00Z,62593.13180975,62620.40782195,62536.45497922,62563.71817393,310.15757012,31
2026-01-03T12:34:00Z,62563.71817393,62664.56006393,62560.86529397,62661.70271591,1113.48762555,111
2026-01-03T12:35:00Z,62661.70271591,62693.82763560,62655.68356279,62687.80597505,197.92865962,19
2026-01-03T12:36:00Z,62687.80597505,62701.40964618,62667.58704640,62681.18928166,13.62826748,1
2026-01-03T12:37:00Z,62681.18928166,62725.62132907,62602.97601939,62647.38410373,254.67853461,25
2026-01-03T12:38:00Z,62647.38410373,62772.24496376,62556.95026732,62681.76150229,158.85396386,15
2026-01-03T12:39:00Z,62681.76150229,62699.08557319,62662.43461179,62679.75812900,361.76117323,36
2026-01-03T12:40:00Z,62679.75812900,62706.84183004,62619.99808161,62647.06765721,395.53777117,39
2026-01-03T12:41:00Z,62647.06765721,62667.65257202,62597.58414192,62618.15955795,1096.05362794,109
2026-01-03T12:42:00Z,62618.15955795,62679.63557217,62502.82874427,62564.25183403,576.05300875,57
2026-01-03T12:43:00Z,62564.25183403,62611.19888947,62525.07089901,62572.01309395,649.54882702,64
2026-01-03T12:44:00Z,62572.01309395,62612.73087047,62440.26689660,62480.92539920,1821.19695030,182
2026-01-03T12:45:00Z,62480.92539920,62553.27785112,62417.56085059,62489.90419674,234.17589666,23
2026-01-03T12:46:00Z,62489.90419674,62525.88633849,62441.66398467,62477.63906407,459.18378736,45
2026-01-03T12:47:00Z,62477.63906407,62600.85849257,62433.89187387,62557.05569441,1351.77272082,135
2026-01-03T12:48:00Z,62557.05569441,62624.27383351,62524.97845077,62592.17857999,360.80146325,36
2026-01-03T12:49:00Z,62592.17857999,62607.66120779,62589.33773519,62604.81978925,63.83125968,6
2026-01-03T12:50:00Z,62604.81978925,62668.64235195,62543.01639879,62606.83697013,225.23636366,22
2026-01-03T12:51:00Z,62606.83697013,62727.17846951,62555.63911886,62675.92412100,326.89044554,32
2026-01-03T12:52:00Z,62675.92412100,62740.04838640,62572.01742982,62636.10095181,322.77083668,32
2026-01-03T12:53:00Z,62636.10095181,62719.23928120,62582.23285500,62665.34603312,220.60019743,22
2026-01-03T12:54:00Z,62665.34603312,62678.15897724,62654.88211297,62667.69466491,159.74154218,15
2026-01-03T12:55:00Z,62667.69466491,62803.87173435,62589.66265092,62725.76740984,282.83016187,28
2026-01-03T12:56:00Z,62725.76740984,62833.19670893,62563.65085313,62670.98632964,405.75156417,40
2026-01-03T12:57:00Z,62670.98632964,62724.12304226,62594.15316820,62647.26977232,79.80507933,7
2026-01-03T12:58:00Z,62647.26977232,62691.26175703,62643.57215096,62687.56175752,105.14021752,10
2026-01-03T12:59:00Z,62687.56175752,62731.23043902,62512.88872627,62556.46608542,517.65127096,51
2026-01-03T13:00:00Z,62556.46608542,62604.07060568,62394.93691529,62442.45467459,1300.77850039,130
2026-01-03T13:01:00Z,62442.45467459,62560.88837993,62410.56125094,62528.95077709,363.82785190,36
2026-01-03T13:02:00Z,62528.95077709,62553.65454721,62462.75934776,62487.44672058,111.38756808,11
2026-01-03T13:03:00Z,62487.44672058,62598.87535284,62456.27025482,62567.65886734,662.57240030,66
2026-01-03T13:04:00Z,62567.65886734,62628.28024801,62547.37320203,62607.98150930,512.94374853,51
2026-01-03T13:05:00Z,62607.98150930,62639.51808695,62593.34625264,62624.87888035,177.85205209,17
2026-01-03T13:06:00Z,62624.87888035,62634.43196543,62595.07854826,62604.62854425,382.97920868,38
2026-01-03T13:07:00Z,62604.62854425,62708.07794871,62595.97557762,62699.41188149,624.09802923,62
2026-01-03T13:08:00Z,62699.41188149,62800.45384782,62582.87326670,62683.89021941,315.61535673,31
2026-01-03T13:09:00Z,62683.89021941,62734.35692359,62621.73800105,62672.19528966,152.31123954,15
2026-01-03T13:10:00Z,62672.19528966,62703.52301405,62661.55067367,62692.87488571,277.31536363,27
2026-01-03T13:11:00Z,62692.87488571,62740.93354944,62677.91172264,62725.96248921,193.20784201,19
2026-01-03T13:12:00Z,62725.96248921,62767.32699957,62689.98653655,62731.34795812,120.84267372,12
2026-01-03T13:13:00Z,62731.34795812,62775.92576947,62665.10267468,62709.66507787,349.76803067,34
2026-01-03T13:14:00Z,62709.66507787,62715.37035056,62692.76851272,62698.47276715,143.65905132,14
2026-01-03T13:15:00Z,62698.47276715,62742.10407948,62658.02563090,62701.65489043,172.16250715,17
2026-01-03T13:16:00Z,62701.65489043,62747.98009551,62690.23827018,62736.55712032,511.72063361,51
2026-01-03T13:17:00Z,62736.55712032,62846.66593953,62705.65819706,62815.72802312,370.87389799,37
2026-01-03T13:18:00Z,62815.72802312,62919.72956769,62641.52711068,62745.41223615,534.76898309,53
2026-01-03T13:19:00Z,62745.41223615,62757.51260455,62675.62740039,62687.71664227,805.95492924,80
2026-01-03T13:20:00Z,62687.71664227,62721.42698326,62667.65643612,62701.36241044,193.66896262,19
2026-01-03T13:21:00Z,62701.36241044,62753.08657459,62689.78439705,62741.50114945,36.90744664,3
2026-01-03T13:22:00Z,62741.50114945,62769.70541449,62733.10120672,62761.30282067,86.26124820,8
2026-01-03T13:23:00Z,62761.30282067,62845.51376187,62698.41554977,62782.60514589,272.13230971,27
2026-01-03T13:24:00Z,62782.60514589,62820.95170232,62709.29213881,62747.61732526,153.30822327,15
2026-01-03T13:25:00Z,62747.61732526,62793.18417617,62740.54233819,62786.10484951,39.69025247,3
2026-01-03T13:26:00Z,62786.10484951,62821.35955817,62716.47019622,62751.70558954,231.10996571,23
2026-01-03T13:27:00Z,62751.70558954,62769.56977355,62676.88085393,62694.72881777,347.75735247,34
2026-01-03T13:28:00Z,62694.72881777,62743.96515259,62660.00135700,62709.22965961,121.68029261,12
2026-01-03T13:29:00Z,62709.22965961,62806.92473978,62695.08753723,62792.76377887,768.90084896,76
2026-01-03T13:30:00Z,62792.76377887,62829.02956963,62715.25358542,62751.49554181,318.29725815,31
2026-01-03T13:31:00Z,62751.49554181,62787.26249348,62682.01918688,62717.76691398,68.90238622,6
2026-01-03T13:32:00Z,62717.76691398,62755.64402633,62659.47074677,62697.33551999,79.27053059,7
2026-01-03T13:33:00Z,62697.33551999,62753.93975555,62681.63956917,62738.23356612,213.37202046,21
2026-01-03T13:34:00Z,62738.23356612,62744.54722995,62721.62790492,62727.94053291,362.72126707,36
2026-01-03T13:35:00Z,62727.94053291,62787.90203283,62626.08606242,62686.00747862,955.16555056,95
2026-01-03T13:36:00Z,62686.00747862,62766.13182226,62564.36074020,62644.43194260,516.98765651,51
2026-01-03T13:37:00Z,62644.43194260,62743.05490333,62514.42916948,62613.00265015,663.18559016,66
2026-01-03T13:38:00Z,62613.00265015,62646.72562670,62560.64543385,62594.35836871,223.95579744,22
2026-01-03T13:39:00Z,62594.35836871,62651.42035255,62513.51896964,62570.55925784,683.03596418,68
2026-01-03T13:40:00Z,62570.55925784,62575.95374665,62485.85671988,62491.24437060,265.75232563,26
2026-01-03T13:41:00Z,62491.24437060,62517.47539901,62369.24343636,62395.43424797,928.38119935,92
2026-01-03T13:42:00Z,62395.43424797,62402.11393219,62370.32884765,62377.00655910,270.67839799,27
2026-01-03T13:43:00Z,62377.00655910,62404.96767526,62241.83068432,62269.74371884,169.72203277,16
2026-01-03T13:44:00Z,62269.74371884,62277.33133292,62254.77012737,62262.35684135,58.32446911,5
2026-01-03T13:45:00Z,62262.35684135,62281.43536546,62232.13335171,62251.20845972,216.48684781,21
2026-01-03T13:46:00Z,62251.20845972,62257.70440337,62221.01005524,62227.50352527,359.03954402,35
2026-01-03T13:47:00Z,62227.50352527,62276.06405219,62100.70923545,62149.20866335,601.98402776,60
2026-01-03T13:48:00Z,62149.20866335,62154.42297516,62146.43368967,62151.64789256,83.03536240,8
2026-01-03T13:49:00Z,62151.64789256,62209.38058236,62081.17857797,62138.89942571,462.45190372,46
2026-01-03T13:50:00Z,62138.89942571,62169.62237668,62121.76721486,62152.48641979,399.71049669,39
2026-01-03T13:51:00Z,62152.48641979,62227.88060758,62099.75179164,62175.12676973,708.96659336,70
2026-01-03T13:52:00Z,62175.12676973,62188.31757622,62110.38522426,62123.56509164,227.78869548,22
2026-01-03T13:53:00Z,62123.56509164,62216.45747933,62020.47966266,62113.35678603,125.13171494,12
2026-01-03T13:54:00Z,62113.35678603,62253.12280781,62025.99590194,62165.68832073,456.62016038,45
2026-01-03T13:55:00Z,62165.68832073,62183.69614387,62145.83213378,62163.83942134,130.62322874,13
2026-01-03T13:56:00Z,62163.83942134,62176.31321582,62097.89462960,62110.35769243,287.38390434,28
2026-01-03T13:57:00Z,62110.35769243,62240.21600217,62035.22754953,62165.01973877,367.47270586,36
2026-01-03T13:58:00Z,62165.01973877,62179.24990338,62082.87724064,62097.09185591,244.00083565,24
2026-01-03T13:59:00Z,62097.09185591,62162.94143631,62014.45276417,62080.28452158,1049.89101745,104
2026-01-03T14:00:00Z,62080.28452158,62084.40716751,62020.69824393,62024.81720637,376.91053030,37
2026-01-03T14:01:00Z,62024.81720637,62095.94683377,61972.96549228,62044.07901712,59.29868482,5
2026-01-03T14:02:00Z,62044.07901712,62169.80715871,61999.48699451,62125.15686422,782.65088633,78
2026-01-03T14:03:00Z,62125.15686422,62192.18324871,62085.51902950,62152.52795037,516.18172426,51
2026-01-03T14:04:00Z,62152.52795037,62166.83436550,62122.83818457,62137.14105792,334.02695669,33
2026-01-03T14:05:00Z,62137.14105792,62188.43070157,62053.06428722,62104.32684515,139.73829191,13
2026-01-03T14:06:00Z,62104.32684515,62136.44428743,62076.79050005,62108.90591202,193.26404513,19
2026-01-03T14:07:00Z,62108.90591202,62146.56827107,62064.04327100,62101.70126121,279.86601805,27
2026-01-03T14:08:00Z,62101.70126121,62125.86933861,62049.86391305,62074.02121823,511.98052293,51
2026-01-03T14:09:00Z,62074.02121823,62169.93587244,61949.71712532,62045.58784526,133.44299660,13
2026-01-03T14:10:00Z,62045.58784526,62123.85559412,61964.28035310,62042.54426262,260.88847723,26
2026-01-03T14:11:00Z,62042.54426262,62074.48326102,62039.10254912,62071.03996677,159.00700763,15
2026-01-03T14:12:00Z,62071.03996677,62083.90719346,62010.26670022,62023.12399400,2369.79611065,236
2026-01-03T14:13:00Z,62023.12399400,62038.29612523,62021.64831101,62036.82011637,107.97925916,10
2026-01-03T14:14:00Z,62036.82011637,62044.06488898,62015.99836421,62023.24155109,179.64774656,17
2026-01-03T14:15:00Z,62023.24155109,62051.76379428,61950.71596545,61979.21796378,566.36674882,56
2026-01-03T14:16:00Z,61979.21796378,61997.24450609,61917.23951436,61935.25326962,375.13329422,37
2026-01-03T14:17:00Z,61935.25326962,62010.68890653,61910.18692688,61985.60218665,535.83007283,53
2026-01-03T14:18:00Z,61985.60218665,62053.49515063,61908.01034009,61975.89266922,475.74584687,47
2026-01-03T14:19:00Z,61975.89266922,61980.20360019,61892.52258922,61896.82802059,335.18025360,33
2026-01-03T14:20:00Z,61896.82802059,61937.42415428,61811.37118164,61851.93787333,307.34113956,30
2026-01-03T14:21:00Z,61851.93787333,61889.11272411,61843.37591061,61880.54680115,107.66064652,10
2026-01-03T14:22:00Z,61880.54680115,61975.69950710,61873.87206492,61969.01522823,1597.79934072,159
2026-01-03T14:23:00Z,61969.01522823,62003.88503047,61933.21231861,61968.08159549,180.65376585,18
2026-01-03T14:24:00Z,61968.08159549,61973.44358504,61963.45316695,61968.81510171,109.98085010,10
2026-01-03T14:25:00Z,61968.81510171,61977.30557286,61960.64145565,61969.13188502,238.84017869,23
2026-01-03T14:26:00Z,61969.13188502,62005.32103312,61947.42079155,61983.60486899,345.76686593,34
2026-01-03T14:27:00Z,61983.60486899,62081.50197940,61957.46707440,62055.33393745,304.72622712,30
2026-01-03T14:28:00Z,62055.33393745,62120.71485808,61985.38547260,62050.76157583,123.10317819,12
2026-01-03T14:29:00Z,62050.76157583,62085.96434341,61982.97073235,62018.15500150,701.38780485,70
2026-01-03T14:30:00Z,62018.15500150,62094.74937082,61898.50484445,61975.04597277,217.16639268,21
2026-01-03T14:31:00Z,61975.04597277,62028.18648007,61969.65193351,62022.78828553,170.78576360,17
2026-01-03T14:32:00Z,62022.78828553,62095.37578540,61985.25699759,62057.82329704,360.01132516,36
2026-01-03T14:33:00Z,62057.82329704,62147.04333596,62000.64898725,62089.83952939,243.01709822,24
2026-01-03T14:34:00Z,62089.83952939,62109.76509054,62066.78412016,62086.70867657,533.18943419,53
2026-01-03T14:35:00Z,62086.70867657,62101.89354869,62007.92602686,62023.09534073,645.00553589,64
2026-01-03T14:36:00Z,62023.09534073,62055.74092252,62012.72319241,62045.36505003,221.68785969,22
2026-01-03T14:37:00Z,62045.36505003,62085.76589691,61998.20870655,62038.60515172,181.08087735,18
2026-01-03T14:38:00Z,62038.60515172,62069.46189089,62034.22658345,62065.08145397,221.03087189,22
2026-01-03T14:39:00Z,62065.08145397,62165.03770742,61959.12926279,62059.07584417,180.60447518,18
2026-01-03T14:40:00Z,62059.07584417,62132.15456026,62052.77844443,62125.85038463,190.98108548,19
2026-01-03T14:41:00Z,62125.85038463,62192.80584722,62099.18269392,62166.12087029,106.45269763,10
2026-01-03T14:42:00Z,62166.12087029,62184.91855593,62105.35116002,62124.13615039,103.37241462,10
2026-01-03T14:43:00Z,62124.13615039,62161.94094357,62045.92057850,62083.70076528,452.91513724,45
2026-01-03T14:44:00Z,62083.70076528,62116.83908146,62072.49189639,62105.62625405,165.25691156,16
2026-01-03T14:45:00Z,62105.62625405,62201.83918064,62037.28826037,62133.47054847,345.09700803,34
2026-01-03T14:46:00Z,62133.47054847,62134.04765776,62129.29107000,62129.86814583,21.62755365,2
2026-01-03T14:47:00Z,62129.86814583,62186.65534974,62120.97330047,62177.75364884,451.63005547,45
2026-01-03T14:48:00Z,62177.75364884,62180.66648153,62108.04037877,62110.95008193,589.50308065,58
2026-01-03T14:49:00Z,62110.95008193,62132.85872718,62044.95989249,62066.85298319,419.32603489,41
2026-01-03T14:50:00Z,62066.85298319,62123.66961804,62052.72265143,62109.52957039,501.55476665,50
2026-01-03T14:51:00Z,62109.52957039,62177.74778687,62000.51404958,62068.68740692,278.58628083,27
2026-01-03T14:52:00Z,62068.68740692,62105.97013117,62037.36437271,62074.64409091,95.34688382,9
2026-01-03T14:53:00Z,62074.64409091,62098.65528240,62021.40307397,62045.40295465,121.52095188,12
2026-01-03T14:54:00Z,62045.40295465,62105.40062771,61940.02752443,61999.98127489,608.81715689,60
2026-01-03T14:55:00Z,61999.98127489,62099.50434227,61958.08768639,62057.57183963,204.02535330,20
2026-01-03T14:56:00Z,62057.57183963,62083.52393801,62001.85994051,62027.79958832,288.83553156,28
2026-01-03T14:57:00Z,62027.79958832,62063.41944428,62004.29835066,62039.91361684,33.15185449,3
2026-01-03T14:58:00Z,62039.91361684,62154.84582888,61993.39078771,62108.27173899,942.74759567,94
2026-01-03T14:59:00Z,62108.27173899,62140.98135384,62104.27847902,62136.98624767,61.24772151,6
2026-01-03T15:00:00Z,62136.98624767,62209.83840103,62111.96652192,62184.79942311,840.60032343,84
2026-01-03T15:01:00Z,62184.79942311,62211.08056458,62125.46299074,62151.73015617,391.71895114,39
2026-01-03T15:02:00Z,62151.73015617,62205.36775988,62060.54216006,62114.14732939,442.64548299,44
2026-01-03T15:03:00Z,62114.14732939,62131.61118976,62084.33608355,62101.79647138,191.26441460,19
2026-01-03T15:04:00Z,62101.79647138,62129.86216877,62027.56908358,62055.61390966,411.69180430,41
2026-01-03T15:05:00Z,62055.61390966,62084.09474510,62007.93835315,62036.41037500,329.50458623,32
2026-01-03T15:06:00Z,62036.41037500,62046.01970397,61938.25373092,61947.84934194,791.28265686,79
2026-01-03T15:07:00Z,61947.84934194,61988.03369169,61890.62710243,61930.80039286,413.10829717,41
2026-01-03T15:08:00Z,61930.80039286,61934.23060474,61915.06070518,61918.49023523,306.06908081,30
2026-01-03T15:09:00Z,61918.49023523,61935.49996819,61841.58285641,61858.57613027,213.59030990,21
2026-01-03T15:10:00Z,61858.57613027,61942.25981993,61824.70367258,61908.36010158,437.75383643,43
2026-01-03T15:11:00Z,61908.36010158,61952.51933172,61871.97476524,61916.12942912,97.81693984,9
2026-01-03T15:12:00Z,61916.12942912,61920.55966398,61872.44019339,61876.86761899,731.95384687,73
2026-01-03T15:13:00Z,61876.86761899,61924.48323568,61845.55952218,61893.16689186,25.05321741,2
2026-01-03T15:14:00Z,61893.16689186,61950.85553087,61807.50221597,61865.16475508,366.18757117,36
2026-01-03T15:15:00Z,61865.16475508,61932.71685666,61743.47364914,61810.96657039,186.29553527,18
2026-01-03T15:16:00Z,61810.96657039,61818.08000262,61791.64194351,61798.75397027,86.81704544,8
2026-01-03T15:17:00Z,61798.75397027,61881.05223871,61748.50799288,61830.78022212,211.01888015,21
2026-01-03T15:18:00Z,61830.78022212,61929.75126941,61786.82827608,61885.76024123,204.24858023,20
2026-01-03T15:19:00Z,61885.76024123,61905.68365808,61855.82429027,61875.74448266,228.70522941,22
2026-01-03T15:20:00Z,61875.74448266,62261.91465620,61871.09837718,62257.23990511,401.67020743,40
2026-01-03T15:21:00Z,62257.23990511,62339.11869950,62229.03265084,62310.88713897,672.31973391,67
2026-01-03T15:22:00Z,62310.88713897,62336.49979441,62223.36830789,62248.95550657,965.64592147,96
2026-01-03T15:23:00Z,62248.95550657,62361.49438502,62122.21917138,62234.73233599,1053.44256836,105
2026-01-03T15:24:00Z,62234.73233599,62336.10867648,62144.55023598,62245.91037877,238.64347101,23
2026-01-03T15:25:00Z,62245.91037877,62274.78076517,62126.94715472,62155.77573561,542.64730499,54
2026-01-03T15:26:00Z,62155.77573561,62168.63096244,62127.68558581,62140.53766105,559.38377708,55
2026-01-03T15:27:00Z,62140.53766105,62183.55187278,62034.00074067,62076.97095098,788.86100691,78
2026-01-03T15:28:00Z,62076.97095098,62091.45452215,62069.45213178,62083.93485948,138.13985146,13
2026-01-03T15:29:00Z,62083.93485948,62129.31573353,61929.12251451,61974.42334002,964.09734257,96
2026-01-03T15:30:00Z,61974.42334002,62016.71924943,61927.12111940,61969.41360980,251.64582838,25
2026-01-03T15:31:00Z,61969.41360980,62001.83345165,61937.45975196,61969.87935365,239.72374429,23
2026-01-03T15:32:00Z,61969.87935365,62041.50126587,61940.55758613,62012.15949302,41.63615185,4
2026-01-03T15:33:00Z,62012.15949302,62126.62859973,61957.66673967,62072.08318886,883.17309517,88
2026-01-03T15:34:00Z,62072.08318886,62123.99619157,61949.86810775,62001.72226523,814.48055396,81
2026-01-03T15:35:00Z,62001.72226523,62056.47459560,61968.88675678,62023.62748636,128.67883532,12
2026-01-03T15:36:00Z,62023.62748636,62067.64879820,61950.55871095,61994.55939169,231.61692809,23
2026-01-03T15:37:00Z,61994.55939169,62047.19818732,61990.54440050,62043.18004727,555.37952332,55
2026-01-03T15:38:00Z,62043.18004727,62135.18269334,62028.91968873,62120.90447017,283.45148209,28
2026-01-03T15:39:00Z,62120.90447017,62200.63465832,62066.34319789,62146.05129938,555.09967493,55
2026-01-03T15:40:00Z,62146.05129938,62180.97353187,62100.45461832,62135.37084905,150.31768325,15
2026-01-03T15:41:00Z,62135.37084905,62159.43915443,62126.22146004,62150.28756894,591.98424189,59
2026-01-03T15:42:00Z,62150.28756894,62177.43934690,62104.77930071,62131.92305571,229.73912190,22
2026-01-03T15:43:00Z,62131.92305571,62207.54331517,62114.98628269,62190.59054976,395.62623098,39
2026-01-03T15:44:00Z,62190.59054976,62216.52570595,62175.02019932,62200.95276118,165.55363212,16
2026-01-03T15:45:00Z,62200.95276118,62217.27997617,62176.14381121,62192.46879923,284.17582476,28
2026-01-03T15:46:00Z,62192.46879923,62254.86566264,62181.50840692,62243.89620710,911.99738391,91
2026-01-03T15:47:00Z,62243.89620710,62276.89930657,62155.28688471,62188.26048488,587.38989223,58
2026-01-03T15:48:00Z,62188.26048488,62277.39464986,62099.64660565,62188.78003031,596.94699645,59
2026-01-03T15:49:00Z,62188.78003031,62230.49535236,62165.62770361,62207.33611739,384.72710447,38
2026-01-03T15:50:00Z,62207.33611739,62258.22917619,62189.85066741,62240.73433853,1100.39013871,110
2026-01-03T15:51:00Z,62240.73433853,62297.31820008,62059.06821039,62115.53825456,313.23065681,31
2026-01-03T15:52:00Z,62115.53825456,62208.52489519,62029.48211715,62122.45916941,276.20991256,27
2026-01-03T15:53:00Z,62122.45916941,62180.30404965,62105.06124922,62162.89480512,592.65754977,59
2026-01-03T15:54:00Z,62162.89480512,62188.36080070,62124.61456893,62150.07531281,26.43002893,2
2026-01-03T15:55:00Z,62150.07531281,62165.71511796,62114.64346843,62130.27829174,233.49117212,23
2026-01-03T15:56:00Z,62130.27829174,62242.82526411,62108.50195185,62221.01712073,586.32125291,58
2026-01-03T15:57:00Z,62221.01712073,62246.40078535,62219.47039163,62244.85346372,200.90682725,20
2026-01-03T15:58:00Z,62244.85346372,62324.16663680,62157.25151790,62236.55411584,296.21933811,29
2026-01-03T15:59:00Z,62236.55411584,62271.71151639,62231.73558358,62266.89063539,509.37314074,50
2026-01-03T16:00:00Z,62266.89063539,62272.04588294,62265.28550608,62270.44066212,531.99541808,53
2026-01-03T16:01:00Z,62270.44066212,62317.85249611,62245.08670853,62292.48956512,500.27248508,50
2026-01-03T16:02:00Z,62292.48956512,62361.94757002,62215.46490064,62284.91445907,339.18672373,33
2026-01-03T16:03:00Z,62284.91445907,62299.65043966,62258.50701683,62273.24023541,157.01544917,15
2026-01-03T16:04:00Z,62273.24023541,62282.28653601,62245.43890244,62254.48247814,155.00138879,15
2026-01-03T16:05:00Z,62254.48247814,62283.93061850,62214.51144895,62243.95460933,219.65555356,21
2026-01-03T16:06:00Z,62243.95460933,62276.65988121,62235.26334671,62267.96526593,317.03571159,31
2026-01-03T16:07:00Z,62267.96526593,62330.84467246,62260.62745385,62323.50031598,241.79465757,24
2026-01-03T16:08:00Z,62323.50031598,62364.82982916,62251.39486337,62292.70395410,199.56944244,19
2026-01-03T16:09:00Z,62292.70395410,62318.59569682,62238.01105765,62263.89082429,814.50190737,81
2026-01-03T16:10:00Z,62263.89082429,62354.42602907,62238.53355969,62329.04223126,1723.15814881,172
2026-01-03T16:11:00Z,62329.04223126,62340.45717207,62308.46246233,62319.87572439,202.96458569,20
2026-01-03T16:12:00Z,62319.87572439,62331.72346550,62258.03976602,62269.87800198,481.63978434,48
2026-01-03T16:13:00Z,62269.87800198,62286.54666675,62139.76810389,62156.40639410,1026.19888676,102
2026-01-03T16:14:00Z,62156.40639410,62185.22821260,62144.13418993,62172.95274151,460.19837717,46
2026-01-03T16:15:00Z,62172.95274151,62189.39503389,62121.08869883,62137.52162108,110.36313359,11
2026-01-03T16:16:00Z,62137.52162108,62222.52098756,62081.22061260,62166.19399988,520.23818971,52
2026-01-03T16:17:00Z,62166.19399988,62265.94159087,62109.50254971,62209.21091213,29.90212029,2
2026-01-03T16:18:00Z,62209.21091213,62249.67890159,62147.98850821,62188.44298784,290.77805416,29
2026-01-03T16:19:00Z,62188.44298784,62287.43852039,62139.91584618,62238.87202773,825.10907745,82
2026-01-03T16:20:00Z,62238.87202773,62339.41277844,62121.66953271,62222.18332447,100.44699543,10
2026-01-03T16:21:00Z,62222.18332447,62236.35882724,62152.39176585,62166.55459524,563.17894876,56
2026-01-03T16:22:00Z,62166.55459524,62200.32163184,62137.73792911,62171.50267208,152.76710017,15
2026-01-03T16:23:00Z,62171.50267208,62269.38135870,62114.59122347,62212.43244321,304.37550072,30
2026-01-03T16:24:00Z,62212.43244321,62348.36642613,62152.10395264,62287.96469062,411.23668108,41
2026-01-03T16:25:00Z,62287.96469062,62322.28415960,62261.52322531,62295.83935147,120.57549023,12
2026-01-03T16:26:00Z,62295.83935147,62298.87208308,62272.29030150,62275.32203428,188.84371450,18
2026-01-03T16:27:00Z,62275.32203428,62286.46988523,62219.28063751,62230.42045067,725.40014944,72
2026-01-03T16:28:00Z,62230.42045067,62271.00058552,62125.97540235,62166.51386404,1255.13301369,125
2026-01-03T16:29:00Z,62166.51386404,62207.22903049,62156.17671151,62196.88682749,174.13174602,17
2026-01-03T16:30:00Z,62196.88682749,62222.92818143,62174.74384579,62200.78381235,624.96134820,62
2026-01-03T16:31:00Z,62200.78381235,62266.69850324,62175.59388920,62241.49209415,1015.59714247,101
2026-01-03T16:32:00Z,62241.49209415,62259.18358811,62102.75955839,62120.41663792,1414.63103273,141
2026-01-03T16:33:00Z,62120.41663792,62166.55285530,62012.89142093,62058.98201142,936.52924384,93
2026-01-03T16:34:00Z,62058.98201142,62155.22374236,62009.27521878,62105.47970691,578.88867602,57
2026-01-03T16:35:00Z,62105.47970691,62206.19963869,62091.75472784,62192.45543845,267.13967639,26
2026-01-03T16:36:00Z,62192.45543845,62229.19219920,62187.74777004,62224.48210653,409.21655125,40
2026-01-03T16:37:00Z,62224.48210653,62247.56365144,62205.55866151,62228.63894226,164.44602787,16
2026-01-03T16:38:00Z,62228.63894226,62267.96712901,62169.99792468,62209.31389809,22.16021846,2
2026-01-03T16:39:00Z,62209.31389809,62322.54959147,62131.12242649,62244.31412775,150.07626643,15
2026-01-03T16:40:00Z,62244.31412775,62261.25557312,62224.91622020,62241.85699679,192.04402112,19
2026-01-03T16:41:00Z,62241.85699679,62294.49255950,62125.40792339,62177.98947577,598.65828285,59
2026-01-03T16:42:00Z,62177.98947577,62328.02381947,62112.56898552,62262.51439645,407.77166252,40
2026-01-03T16:43:00Z,62262.51439645,62268.41459963,62167.84854285,62173.74033350,207.10541853,20
2026-01-03T16:44:00Z,62173.74033350,62217.89868553,62145.05767074,62189.20888664,177.98229109,17
2026-01-03T16:45:00Z,62189.20888664,62197.82523763,62115.07728353,62123.68455608,198.62296044,19
2026-01-03T16:46:00Z,62123.68455608,62141.01402909,62116.04169443,62133.36997588,102.71656709,10
2026-01-03T16:47:00Z,62133.36997588,62156.60863051,62118.12864235,62141.36533572,271.37750084,27
2026-01-03T16:48:00Z,62141.36533572,62145.20242797,62101.14502443,62104.97986996,813.63828757,81
2026-01-03T16:49:00Z,62104.97986996,62127.50547214,62025.33124227,62047.83611828,551.93049775,55
2026-01-03T16:50:00Z,62047.83611828,62126.87559960,62002.40181647,62081.41670853,138.83767967,13
2026-01-03T16:51:00Z,62081.41670853,62108.74069223,62006.67874217,62033.98184830,396.38094080,39
2026-01-03T16:52:00Z,62033.98184830,62067.83429155,61977.13470734,62010.97459535,229.33037801,22
2026-01-03T16:53:00Z,62010.97459535,62140.66768280,61979.44426931,62109.08746993,364.83205333,36
2026-01-03T16:54:00Z,62109.08746993,62129.92619796,62064.69453633,62085.52535885,406.06090677,40
2026-01-03T16:55:00Z,62085.52535885,62122.60229110,62029.04249370,62066.10782997,131.27755803,13
2026-01-03T16:56:00Z,62066.10782997,62187.95499469,62009.29571053,62131.08339996,120.51672405,12
2026-01-03T16:57:00Z,62131.08339996,62150.17914126,62101.17848420,62120.27090232,156.85873241,15
2026-01-03T16:58:00Z,62120.27090232,62181.86226511,62115.68064630,62177.26779742,881.61740498,88
2026-01-03T16:59:00Z,62177.26779742,62229.04028235,62071.55164066,62123.27917146,567.11410034,56
2026-01-03T17:00:00Z,62123.27917146,62211.77661673,62122.59362067,62211.09009693,203.69783246,20
2026-01-03T17:01:00Z,62211.09009693,62248.64086511,62094.15111847,62131.65393879,416.80822579,41
2026-01-03T17:02:00Z,62131.65393879,62200.65404787,62092.80727003,62161.78853801,143.00518555,14
2026-01-03T17:03:00Z,62161.78853801,62176.80430502,62124.34496850,62139.35531656,385.26194338,38
2026-01-03T17:04:00Z,62139.35531656,62264.01578233,62095.34607699,62219.94946321,294.10210758,29
2026-01-03T17:05:00Z,62219.94946321,62313.32215645,62187.56026279,62280.90122700,128.19259678,12
2026-01-03T17:06:00Z,62280.90122700,62287.27993914,62261.13585284,62267.51319380,688.51024523,68
2026-01-03T17:07:00Z,62267.51319380,62359.36533990,62220.99510220,62312.81340594,104.63956236,10
2026-01-03T17:08:00Z,62312.81340594,62342.11883612,62274.76238573,62304.06370096,225.46467402,22
2026-01-03T17:09:00Z,62304.06370096,62363.44040604,62257.32098528,62316.68821899,138.42020787,13
2026-01-03T17:10:00Z,62316.68821899,62400.38725585,62269.31454261,62352.98598559,606.82029846,60
2026-01-03T17:11:00Z,62352.98598559,62368.15067026,62243.88459868,62259.02643173,241.52310118,24
2026-01-03T17:12:00Z,62259.02643173,62286.92076945,62206.44022695,62234.32349686,106.74575059,10
2026-01-03T17:13:00Z,62234.32349686,62238.05636424,62141.45125267,62145.17877307,574.52142948,57
2026-01-03T17:14:00Z,62145.17877307,62218.60055260,62130.04534452,62203.45293328,741.67133945,74
2026-01-03T17:15:00Z,62203.45293328,62210.14911816,62108.49187298,62115.17855514,81.97899036,8
2026-01-03T17:16:00Z,62115.17855514,62146.56603605,62058.80717918,62090.18202908,516.32825118,51
2026-01-03T17:17:00Z,62090.18202908,62095.30010706,62080.08274551,62085.20041286,193.67681037,19
2026-01-03T17:18:00Z,62085.20041286,62096.87038863,62022.90264513,62034.56310275,163.74284823,16
2026-01-03T17:19:00Z,62034.56310275,62067.01026690,61994.00670185,62026.44962225,260.14351842,26
2026-01-03T17:20:00Z,62026.44962225,62104.43319921,61982.08802687,62060.04757442,450.00491979,45
2026-01-03T17:21:00Z,62060.04757442,62081.83815421,61998.53478695,62020.31141454,627.66654412,62
2026-01-03T17:22:00Z,62020.31141454,62045.51201306,61930.68651423,61955.86092469,290.01050190,29
2026-01-03T17:23:00Z,61955.86092469,61971.76551307,61864.82768227,61880.71297954,564.92195218,56
2026-01-03T17:24:00Z,61880.71297954,61926.05280730,61836.37242380,61881.71153604,70.70966535,7
2026-01-03T17:25:00Z,61881.71153604,61916.30094806,61842.85997952,61877.44700783,391.83673350,39
2026-01-03T17:26:00Z,61877.44700783,61945.90849512,61819.24481749,61887.69666391,202.68523699,20
2026-01-03T17:27:00Z,61887.69666391,61945.29557031,61861.53993687,61919.12555990,793.96692936,79
2026-01-03T17:28:00Z,61919.12555990,61997.36723487,61876.54460041,61954.76176884,375.89252313,37
2026-01-03T17:29:00Z,61954.76176884,62049.25141311,61901.42157758,61995.87582456,371.97122613,37
2026-01-03T17:30:00Z,61995.87582456,62002.08375483,61964.37210164,61970.57749868,133.73507683,13
2026-01-03T17:31:00Z,61970.57749868,62024.31767441,61934.53740532,61988.26729324,220.38010473,22
2026-01-03T17:32:00Z,61988.26729324,61991.75016581,61976.34058585,61979.82298397,149.06335664,14
2026-01-03T17:33:00Z,61979.82298397,62004.10870818,61925.91736260,61950.19147622,317.51392615,31
2026-01-03T17:34:00Z,61950.19147622,62017.83864189,61909.54475095,61977.17421272,372.04552318,37
2026-01-03T17:35:00Z,61977.17421272,61987.12090316,61950.29496108,61960.23893358,776.90268297,77
2026-01-03T17:36:00Z,61960.23893358,61963.89930362,61883.45580215,61887.11185213,988.29820300,98
2026-01-03T17:37:00Z,61887.11185213,61924.46760135,61861.09319535,61898.44418022,378.31891083,37
2026-01-03T17:38:00Z,61898.44418022,61926.89170378,61843.37044804,61871.80572901,1113.03388471,111
2026-01-03T17:39:00Z,61871.80572901,61887.46972925,61838.69181907,61854.35140043,152.27299233,15
2026-01-03T17:40:00Z,61854.35140043,61903.49266912,61826.53646631,61875.66814919,313.96509618,31
2026-01-03T17:41:00Z,61875.66814919,61915.19315845,61814.94021218,61854.45166876,1141.28205386,114
2026-01-03T17:42:00Z,61854.45166876,61878.33193841,61841.33294294,61865.21093066,151.97592864,15
2026-01-03T17:43:00Z,61865.21093066,61903.19323464,61814.91641694,61852.89115716,141.89776652,14
2026-01-03T17:44:00Z,61852.89115716,61943.40672701,61804.03106671,61894.51375719,196.20574655,19
2026-01-03T17:45:00Z,61894.51375719,61969.09090673,61854.47019566,61929.02501763,307.84206613,30
2026-01-03T17:46:00Z,61929.02501763,61959.04406269,61882.24633314,61912.25725031,142.34295749,14
2026-01-03T17:47:00Z,61912.25725031,61915.16709769,61885.38556556,61888.29428670,84.97196927,8
2026-01-03T17:48:00Z,61888.29428670,61904.29996300,61837.98407277,61853.98087486,500.86831893,50
2026-01-03T17:49:00Z,61853.98087486,61892.88954368,61809.36552018,61848.27059700,246.61836743,24
2026-01-03T17:50:00Z,61848.27059700,61927.21034646,61822.24124614,61901.15873720,879.22713486,87
2026-01-03T17:51:00Z,61901.15873720,61908.69238454,61885.94354315,61893.47625550,213.22510416,21
2026-01-03T17:52:00Z,61893.47625550,61941.73255737,61836.27858638,61884.52791153,94.50828631,9
2026-01-03T17:53:00Z,61884.52791153,61911.65419758,61828.75822517,61855.87195025,269.07546534,26
2026-01-03T17:54:00Z,61855.87195025,61871.66140966,61823.08877851,61838.87389897,129.66177359,12
2026-01-03T17:55:00Z,61838.87389897,61851.67530208,61834.60525566,61847.40606981,311.88996333,31
2026-01-03T17:56:00Z,61847.40606981,61886.72484686,61809.08855925,61848.40671635,53.09480806,5
2026-01-03T17:57:00Z,61848.40671635,61898.45541624,61744.15988951,61794.16469591,288.01361014,28
2026-01-03T17:58:00Z,61794.16469591,61807.11728097,61791.40944463,61804.36157504,188.24717991,18
2026-01-03T17:59:00Z,61804.36157504,61829.44936286,61772.81581978,61797.90098510,180.32160344,18
2026-01-03T18:00:00Z,61797.90098510,61853.70264303,61756.56442119,61812.35640990,305.66251131,30
2026-01-03T18:01:00Z,61812.35640990,61851.66935571,61798.13608711,61837.44326154,298.47291365,29
2026-01-03T18:02:00Z,61837.44326154,61911.33167709,61833.11723157,61907.00078101,202.47684250,20
2026-01-03T18:03:00Z,61907.00078101,61979.54956303,61853.49258849,61926.02492734,598.82731354,59
2026-01-03T18:04:00Z,61926.02492734,62026.21517655,61864.70079661,61964.85259555,302.54561182,30
2026-01-03T18:05:00Z,61964.85259555,62013.74895548,61922.84052717,61971.73222273,457.34668100,45
2026-01-03T18:06:00Z,61971.73222273,62061.07382717,61940.05852332,62029.37066880,136.04195855,13
2026-01-03T18:07:00Z,62029.37066880,62074.14197148,61998.41467199,62043.17908352,83.60903063,8
2026-01-03T18:08:00Z,62043.17908352,62068.90830569,62025.30114669,62051.02810715,140.60939017,14
2026-01-03T18:09:00Z,62051.02810715,62191.48674726,62023.77687765,62164.18582178,734.17820121,73
2026-01-03T18:10:00Z,62164.18582178,62216.84827964,62149.19907459,62201.85245165,634.97599252,63
2026-01-03T18:11:00Z,62201.85245165,62210.54181013,62127.13148143,62135.81161426,153.50710227,15
2026-01-03T18:12:00Z,62135.81161426,62169.42977508,62120.30332200,62153.91696396,243.33641657,24
2026-01-03T18:13:00Z,62153.91696396,62208.32831888,62106.49992245,62160.90594549,433.46171988,43
2026-01-03T18:14:00Z,62160.90594549,62174.50217870,62098.65521048,62112.24079934,208.28442797,20
2026-01-03T18:15:00Z,62112.24079934,62197.86052109,62090.93860857,62176.53627936,636.91190293,63
2026-01-03T18:16:00Z,62176.53627936,62204.73482839,62155.67929458,62183.87538172,199.68781374,19
2026-01-03T18:17:00Z,62183.87538172,62196.72450626,62169.54719317,62182.39601202,214.75698092,21
2026-01-03T18:18:00Z,62182.39601202,62190.01755238,62147.21726494,62154.83542726,330.03341284,33
2026-01-03T18:19:00Z,62154.83542726,62257.11214196,62112.37440196,62214.61028152,309.64590877,30
2026-01-03T18:20:00Z,62214.61028152,62255.20902294,62182.93580449,62223.53000474,180.33893229,18
2026-01-03T18:21:00Z,62223.53000474,62290.06912364,62135.20743526,62201.72323496,224.45361399,22
2026-01-03T18:22:00Z,62201.72323496,62225.21090173,62145.33418703,62168.80942538,139.80084450,13
2026-01-03T18:23:00Z,62168.80942538,62236.70149457,62160.06173586,62227.94548409,368.42211943,36
2026-01-03T18:24:00Z,62227.94548409,62297.18864379,62179.42909980,62248.65611234,338.09318275,33
2026-01-03T18:25:00Z,62248.65611234,62363.98404781,62228.17608337,62343.47282381,564.14569395,56
2026-01-03T18:26:00Z,62343.47282381,62350.95412794,62276.51571693,62283.98988302,586.42412666,58
2026-01-03T18:27:00Z,62283.98988302,62342.13220895,62194.06310198,62252.17572929,68.59737655,6
2026-01-03T18:28:00Z,62252.17572929,62271.61150661,62216.03586925,62235.46642976,65.97823759,6
2026-01-03T18:29:00Z,62235.46642976,62264.02732058,62198.87280175,62227.43000452,240.75323332,24
2026-01-03T18:30:00Z,62227.43000452,62241.62177910,62197.96459227,62212.15288270,90.47059282,9
2026-01-03T18:31:00Z,62212.15288270,62316.01576792,62190.00186749,62293.83566905,88.18448733,8
2026-01-03T18:32:00Z,62293.83566905,62301.20067348,62277.16019769,62284.52410121,425.33763883,42
2026-01-03T18:33:00Z,62284.52410121,62328.54023404,62227.15546208,62271.16215209,322.85541896,32
2026-01-03T18:34:00Z,62271.16215209,62300.51429532,62212.20543746,62241.54361969,241.44996486,24
2026-01-03T18:35:00Z,62241.54361969,62277.74363215,62221.86711530,62258.06190581,537.38779856,53
2026-01-03T18:36:00Z,62258.06190581,62273.09251216,62221.32775657,62236.35312189,154.07536749,15
2026-01-03T18:37:00Z,62236.35312189,62242.81044595,62216.90542784,62223.36140395,192.24574203,19
2026-01-03T18:38:00Z,62223.36140395,62274.69688013,62116.51653865,62167.80618070,69.75962282,6
2026-01-03T18:39:00Z,62167.80618070,62217.42055446,62155.54857548,62205.15558507,277.29646172,27
2026-01-03T18:40:00Z,62205.15558507,62214.03534541,62202.96579117,62211.84531602,238.58425027,23
2026-01-03T18:41:00Z,62211.84531602,62233.25953806,62147.89699738,62169.29657352,112.72979583,11
2026-01-03T18:42:00Z,62169.29657352,62316.65251729,62168.19606280,62315.54941763,1617.51947016,161
2026-01-03T18:43:00Z,62315.54941763,62381.59161830,62204.80039922,62270.79516920,299.32299857,29
2026-01-03T18:44:00Z,62270.79516920,62333.13627606,62255.05726916,62317.38660082,444.31006991,44
2026-01-03T18:45:00Z,62317.38660082,62360.29986596,62307.95379928,62350.86199735,359.29879453,35
2026-01-03T18:46:00Z,62350.86199735,62397.44832489,62329.30222576,62375.87990258,186.04308339,18
2026-01-03T18:47:00Z,62375.87990258,62403.45468562,62317.07719063,62344.63816250,91.30327335,9
2026-01-03T18:48:00Z,62344.63816250,62401.59075497,62326.03052476,62382.97167605,1271.55805183,127
2026-01-03T18:49:00Z,62382.97167605,62470.12487376,62346.98333101,62434.10702905,504.95911728,50
2026-01-03T18:50:00Z,62434.10702905,62489.96434520,62411.33195340,62467.17720602,166.71708427,16
2026-01-03T18:51:00Z,62467.17720602,62554.56857290,62339.33627039,62426.67096919,729.47090264,72
2026-01-03T18:52:00Z,62426.67096919,62437.67658647,62373.41808103,62384.41624893,494.40406402,49
2026-01-03T18:53:00Z,62384.41624893,62446.78115004,62340.47832887,62402.83026082,307.48866327,30
2026-01-03T18:54:00Z,62402.83026082,62449.58478833,62336.03980296,62382.77930755,590.92237698,59
2026-01-03T18:55:00Z,62382.77930755,62403.59233620,62362.33865325,62383.15155993,219.48337364,21
2026-01-03T18:56:00Z,62383.15155993,62403.01021916,62348.64660989,62368.50060523,32.83518191,3
2026-01-03T18:57:00Z,62368.50060523,62409.70534321,62331.56934200,62372.77155095,253.27214339,25
2026-01-03T18:58:00Z,62372.77155095,62403.57070161,62352.82249817,62383.61817968,406.17508679,40
2026-01-03T18:59:00Z,62383.61817968,62385.04883324,62379.23279109,62380.66337688,358.25004155,35
2026-01-03T19:00:00Z,62380.66337688,62461.36453026,62342.06737858,62422.74249688,325.56647936,32
2026-01-03T19:01:00Z,62422.74249688,62433.58870608,62400.02907303,62410.87321990,720.63522269,72
2026-01-03T19:02:00Z,62410.87321990,62479.59055032,62324.02441004,62392.72175484,453.99922657,45
2026-01-03T19:03:00Z,62392.72175484,62454.05457095,62378.80382331,62440.12606495,558.05431258,55
2026-01-03T19:04:00Z,62440.12606495,62467.75568931,62403.37761366,62431.00320117,272.88708759,27
2026-01-03T19:05:00Z,62431.00320117,62435.50328842,62409.99570411,62414.49460140,191.25301403,19
2026-01-03T19:06:00Z,62414.49460140,62441.01527369,62406.98657714,62433.50496261,558.75797544,55
2026-01-03T19:07:00Z,62433.50496261,62444.62883328,62408.88149784,62420.00296284,271.21337774,27
2026-01-03T19:08:00Z,62420.00296284,62452.08665988,62405.61177203,62437.69139093,168.93808018,16
2026-01-03T19:09:00Z,62437.69139093,62515.07554139,62401.77361071,62479.13392103,498.36573093,49
2026-01-03T19:10:00Z,62479.13392103,62510.09400800,62407.79905758,62438.73912785,191.59475830,19
2026-01-03T19:11:00Z,62438.73912785,62486.89124880,62415.96609283,62464.10896075,270.06614883,27
2026-01-03T19:12:00Z,62464.10896075,62482.12769324,62365.76828598,62383.76384168,112.08297691,11
2026-01-03T19:13:00Z,62383.76384168,62396.73192165,62328.32522287,62341.28447240,439.93969257,43
2026-01-03T19:14:00Z,62341.28447240,62389.31335047,62320.91378995,62368.93363336,485.47152655,48
2026-01-03T19:15:00Z,62368.93363336,62401.04393284,62366.34750668,62398.45658199,323.12224670,32
2026-01-03T19:16:00Z,62398.45658199,62401.75963232,62371.52571260,62374.82751213,12.97050292,1
2026-01-03T19:17:00Z,62374.82751213,62405.02630602,62368.50162599,62398.69799901,108.44088272,10
2026-01-03T19:18:00Z,62398.69799901,62458.94838789,62323.90682467,62384.14315982,157.16832212,15
2026-01-03T19:19:00Z,62384.14315982,62407.06333825,62341.99009012,62364.90319972,334.78060998,33
2026-01-03T19:20:00Z,62364.90319972,62385.00437427,62354.73598611,62374.83554141,346.59634632,34
2026-01-03T19:21:00Z,62374.83554141,62404.67648295,62325.95427428,62355.78610232,521.83852066,52
2026-01-03T19:22:00Z,62355.78610232,62403.22146805,62347.57160643,62395.00180604,1052.41029903,105
2026-01-03T19:23:00Z,62395.00180604,62418.99910588,62353.80104655,62377.79172734,73.81620572,7
2026-01-03T19:24:00Z,62377.79172734,62413.21950365,62338.63705299,62374.06271138,230.58841809,23
2026-01-03T19:25:00Z,62374.06271138,62441.53966639,62360.98970975,62428.45526461,587.06971516,58
2026-01-03T19:26:00Z,62428.45526461,62458.80106892,62415.10784139,62445.45001217,30.84442414,3
2026-01-03T19:27:00Z,62445.45001217,62455.27162820,62406.65644316,62416.47350169,165.08656361,16
2026-01-03T19:28:00Z,62416.47350169,62447.75818052,62393.96746148,62425.24897606,21.46356402,2
2026-01-03T19:29:00Z,62425.24897606,62443.05792073,62416.16796747,62433.97564266,256.24559371,25
2026-01-03T19:30:00Z,62433.97564266,62439.16684108,62429.91504727,62435.10617216,33.48507633,3
2026-01-03T19:31:00Z,62435.10617216,62459.38024827,62395.86040690,62420.12865993,182.52221456,18
2026-01-03T19:32:00Z,62420.12865993,62440.27086880,62413.12679101,62433.26752605,203.14615161,20
2026-01-03T19:33:00Z,62433.26752605,62437.82087888,62387.13970679,62391.69002730,1272.40997218,127
2026-01-03T19:34:00Z,62391.69002730,62403.92636158,62351.32288139,62363.55369753,397.28896608,39
2026-01-03T19:35:00Z,62363.55369753,62382.30840792,62362.10385053,62380.85815861,127.62199962,12
2026-01-03T19:36:00Z,62380.85815861,62445.54903874,62379.29902342,62443.98832568,535.88405957,53
2026-01-03T19:37:00Z,62443.98832568,62459.85006127,62437.99664065,62453.85742927,248.13213424,24
2026-01-03T19:38:00Z,62453.85742927,62467.43069750,62436.83008358,62450.40260095,27.65985028,2
2026-01-03T19:39:00Z,62450.40260095,62493.02946132,62449.73982552,62492.36624053,190.43567154,19
2026-01-03T19:40:00Z,62492.36624053,62500.74224922,62456.93414533,62465.30652714,129.84162618,12
2026-01-03T19:41:00Z,62465.30652714,62471.06734000,62436.17141686,62441.93007384,114.79607120,11
2026-01-03T19:42:00Z,62441.93007384,62458.58939281,62441.30912759,62457.96828706,177.96410416,17
2026-01-03T19:43:00Z,62457.96828706,62488.59491009,62390.50494995,62421.11350103,521.55348496,52
2026-01-03T19:44:00Z,62421.11350103,62440.22249429,62372.03470129,62391.13451708,152.23299460,15
2026-01-03T19:45:00Z,62391.13451708,62439.58204421,62379.97363208,62428.41449035,294.62216955,29
2026-01-03T19:46:00Z,62428.41449035,62506.79416747,62407.09397319,62485.45417015,1750.89318192,175
2026-01-03T19:47:00Z,62485.45417015,62523.95079702,62431.69369882,62470.18091600,60.07497732,6
2026-01-03T19:48:00Z,62470.18091600,62519.01953591,62432.64421280,62481.47604576,74.52228066,7
2026-01-03T19:49:00Z,62481.47604576,62495.46987171,62469.26156054,62483.25503872,47.75032561,4
2026-01-03T19:50:00Z,62483.25503872,62509.09625555,62474.32157302,62500.16037283,661.40033978,66
2026-01-03T19:51:00Z,62500.16037283,62531.11920107,62492.54915910,62523.50514444,45.04941072,4
2026-01-03T19:52:00Z,62523.50514444,62526.04155714,62500.12508478,62502.66065188,210.98369956,21
2026-01-03T19:53:00Z,62502.66065188,62504.18340614,62447.07646708,62448.59790421,180.73402602,18
2026-01-03T19:54:00Z,62448.59790421,62475.80789790,62384.99461105,62412.18874061,416.31100647,41
2026-01-03T19:55:00Z,62412.18874061,62423.67173407,62393.89043933,62405.37217863,163.57958117,16
2026-01-03T19:56:00Z,62405.37217863,62450.81474499,62393.53841944,62438.97461386,626.29676214,62
2026-01-03T19:57:00Z,62438.97461386,62468.18322667,62398.43856165,62427.64187307,383.96370401,38
2026-01-03T19:58:00Z,62427.64187307,62430.67160073,62380.48282831,62383.51041418,251.97179835,25
2026-01-03T19:59:00Z,62383.51041418,62431.11871398,62376.04337856,62423.64687419,1967.19263824,196
2026-01-03T20:00:00Z,62423.64687419,62438.30357406,62404.26308709,62418.91867681,650.48226789,65
2026-01-03T20:01:00Z,62418.91867681,62534.97026139,62368.72140528,62484.72007241,389.76501593,38
2026-01-03T20:02:00Z,62484.72007241,62497.98340438,62474.93010775,62488.19289561,264.00643479,26
2026-01-03T20:03:00Z,62488.19289561,62505.07408856,62401.43011615,62418.29242549,503.77025387,50
2026-01-03T20:04:00Z,62418.29242549,62430.49547681,62406.27699707,62418.48001228,167.84109611,16
2026-01-03T20:05:00Z,62418.48001228,62481.26997432,62380.88665491,62443.66145068,548.26429057,54
2026-01-03T20:06:00Z,62443.66145068,62465.40404826,62422.67527469,62444.41761814,217.54233871,21
2026-01-03T20:07:00Z,62444.41761814,62446.83451576,62403.71540865,62406.13082438,1098.31677301,109
2026-01-03T20:08:00Z,62406.13082438,62417.11380360,62370.53382340,62381.51246999,607.27591050,60
2026-01-03T20:09:00Z,62381.51246999,62399.84796000,62352.91167885,62371.24415074,459.37569921,45
2026-01-03T20:10:00Z,62371.24415074,62421.65998685,62357.71788275,62408.12572046,171.96606829,17
2026-01-03T20:11:00Z,62408.12572046,62408.32329680,62374.20781728,62374.40528688,287.69176950,28
2026-01-03T20:12:00Z,62374.40528688,62421.86786531,62346.01142646,62393.46532845,131.80390995,13
2026-01-03T20:13:00Z,62393.46532845,62421.59856978,62356.58285618,62384.71215070,203.79551038,20
2026-01-03T20:14:00Z,62384.71215070,62422.76815334,62316.15862731,62354.19601445,207.13148564,20
2026-01-03T20:15:00Z,62354.19601445,62363.49056846,62338.73250582,62348.02614015,682.42216256,68
2026-01-03T20:16:00Z,62348.02614015,62386.68946722,62300.53146160,62339.18930877,69.11459510,6
2026-01-03T20:17:00Z,62339.18930877,62346.79752059,62296.07333282,62303.67721055,88.66417152,8
2026-01-03T20:18:00Z,62303.67721055,62338.04416552,62245.73369103,62280.08763389,580.40010590,58
2026-01-03T20:19:00Z,62280.08763389,62325.21471717,62225.64093728,62270.76126284,725.05450053,72
2026-01-03T20:20:00Z,62270.76126284,62303.44606824,62250.51059303,62283.19135612,247.00712505,24
2026-01-03T20:21:00Z,62283.19135612,62306.65210398,62263.92396700,62287.38341804,66.30231178,6
2026-01-03T20:22:00Z,62287.38341804,62368.72073356,62266.40118230,62347.71817334,580.33443109,58
2026-01-03T20:23:00Z,62347.71817334,62367.19319379,62318.88961247,62338.36171032,347.85402201,34
2026-01-03T20:24:00Z,62338.36171032,62363.03552317,62302.98635310,62327.65592854,242.63645337,24
2026-01-03T20:25:00Z,62327.65592854,62346.69920992,62314.90459353,62333.94658793,236.36443699,23
2026-01-03T20:26:00Z,62333.94658793,62371.50444577,62245.19378317,62282.72077609,181.09029798,18
2026-01-03T20:27:00Z,62282.72077609,62300.53668552,62269.01381247,62286.82881782,210.54072412,21
2026-01-03T20:28:00Z,62286.82881782,62335.83268904,62273.69462299,62322.69093210,1182.08655281,118
2026-01-03T20:29:00Z,62322.69093210,62356.61629401,62313.27104294,62347.19270147,288.68199135,28
2026-01-03T20:30:00Z,62347.19270147,62365.65142297,62331.23639973,62349.69448096,144.96033438,14
2026-01-03T20:31:00Z,62349.69448096,62380.14940550,62290.63964888,62321.08059687,156.87012652,15
2026-01-03T20:32:00Z,62321.08059687,62351.76220857,62313.11018477,62343.78889224,267.59445340,26
2026-01-03T20:33:00Z,62343.78889224,62380.15986090,62334.65839733,62371.02537710,459.33294505,45
2026-01-03T20:34:00Z,62371.02537710,62387.77706532,62327.40979047,62344.15426161,397.56009466,39
2026-01-03T20:35:00Z,62344.15426161,62358.50107608,62276.29668192,62290.63117951,188.74588499,18
2026-01-03T20:36:00Z,62290.63117951,62305.27076165,62255.38571459,62270.02045279,121.94823479,12
2026-01-03T20:37:00Z,62270.02045279,62301.53978710,62225.98329763,62257.49629256,207.97053089,20
2026-01-03T20:38:00Z,62257.49629256,62280.32675608,62210.38529159,62233.20684791,243.30140658,24
2026-01-03T20:39:00Z,62233.20684791,62244.83737249,62226.64021752,62238.27020783,277.77666351,27
2026-01-03T20:40:00Z,62238.27020783,62249.80066648,62225.56824915,62237.09849073,341.86444606,34
2026-01-03T20:41:00Z,62237.09849073,62257.08700762,62227.29053067,62247.27744346,86.40104941,8
2026-01-03T20:42:00Z,62247.27744346,62306.05294123,62210.23345906,62268.99603188,621.43298442,62
2026-01-03T20:43:00Z,62268.99603188,62298.56887692,62244.95212754,62274.52283852,179.86200060,17
2026-01-03T20:44:00Z,62274.52283852,62314.04906187,62264.45766686,62303.97912932,1461.79553592,146
2026-01-03T20:45:00Z,62303.97912932,62347.87937457,62284.70633039,62328.59895986,653.67327693,65
2026-01-03T20:46:00Z,62328.59895986,62359.08299885,62296.10669727,62326.58975358,379.13636787,37
2026-01-03T20:47:00Z,62326.58975358,62343.97893222,62318.84133938,62336.22931963,180.97577950,18
2026-01-03T20:48:00Z,62336.22931963,62349.31358331,62317.16890769,62330.25191672,260.76953579,26
2026-01-03T20:49:00Z,62330.25191672,62331.86263114,62300.16623527,62301.77621383,385.28053927,38
2026-01-03T20:50:00Z,62301.77621383,62334.81100908,62270.32883602,62303.36283042,247.64663496,24
2026-01-03T20:51:00Z,62303.36283042,62309.16448333,62296.75313585,62302.55471350,243.19625471,24
2026-01-03T20:52:00Z,62302.55471350,62308.36300002,62254.75619480,62260.56056633,143.33364951,14
2026-01-03T20:53:00Z,62260.56056633,62299.86196961,62256.03337449,62295.33224940,922.39648112,92
2026-01-03T20:54:00Z,62295.33224940,62334.57206425,62269.35896979,62308.59325563,414.05274033,41
2026-01-03T20:55:00Z,62308.59325563,62325.92969459,62257.33499268,62274.66199077,169.59449642,16
2026-01-03T20:56:00Z,62274.66199077,62330.10870339,62251.56587282,62307.00059185,629.28926690,62
2026-01-03T20:57:00Z,62307.00059185,62339.98386601,62297.51746650,62330.49716448,365.35754007,36
2026-01-03T20:58:00Z,62330.49716448,62355.79378188,62297.80246150,62323.09607520,49.89241852,4
2026-01-03T20:59:00Z,62323.09607520,62335.37625313,62274.67336621,62286.94642120,314.10977283,31
2026-01-03T21:00:00Z,62286.94642120,62308.17214772,62224.68030732,62245.89204361,225.25040309,22
2026-01-03T21:01:00Z,62245.89204361,62267.30744040,62217.27324130,62238.68615894,118.39548166,11
2026-01-03T21:02:00Z,62238.68615894,62254.85115871,62234.69168844,62250.85590715,241.37611774,24
2026-01-03T21:03:00Z,62250.85590715,62277.73834560,62234.20971842,62261.08942037,175.51945945,17
2026-01-03T21:04:00Z,62261.08942037,62273.23069689,62234.43664369,62246.57508983,196.98900444,19
2026-01-03T21:05:00Z,62246.57508983,62303.56655648,62216.97349372,62273.95194121,134.82834509,13
2026-01-03T21:06:00Z,62273.95194121,62290.26596054,62257.61226359,62273.92627620,188.92654488,18
2026-01-03T21:07:00Z,62273.92627620,62317.44222833,62260.48402561,62303.99348753,644.34488166,64
2026-01-03T21:08:00Z,62303.99348753,62353.12942068,62275.89267195,62325.01912197,399.93574470,39
2026-01-03T21:09:00Z,62325.01912197,62355.72095492,62311.66750068,62342.36561756,766.34147905,76
2026-01-03T21:10:00Z,62342.36561756,62386.20857986,62322.68358271,62366.51891960,451.63496105,45
2026-01-03T21:11:00Z,62366.51891960,62383.15038759,62310.41195296,62327.03289109,402.28258377,40
2026-01-03T21:12:00Z,62327.03289109,62366.15092635,62315.96911500,62355.08217118,237.62880377,23
2026-01-03T21:13:00Z,62355.08217118,62364.27335376,62289.31012333,62298.49296462,160.85652514,16
2026-01-03T21:14:00Z,62298.49296462,62312.93494380,62292.61241602,62307.05358713,227.17975708,22
2026-01-03T21:15:00Z,62307.05358713,62344.48637307,62287.80413403,62325.23130405,329.10477848,32
2026-01-03T21:16:00Z,62325.23130405,62343.51325141,62306.42943996,62324.71123476,157.25553221,15
2026-01-03T21:17:00Z,62324.71123476,62341.33587815,62291.84935037,62308.46966144,159.92291245,15
2026-01-03T21:18:00Z,62308.46966144,62362.48493442,62293.07273997,62347.07847241,200.44906326,20
2026-01-03T21:19:00Z,62347.07847241,62354.43411904,62291.35429289,62298.70423238,2154.47475770,215
2026-01-03T21:20:00Z,62298.70423238,62347.70010957,62237.60818748,62286.59454080,283.94580078,28
2026-01-03T21:21:00Z,62286.59454080,62292.33095179,62217.12514303,62222.85568386,306.95086588,30
2026-01-03T21:22:00Z,62222.85568386,62233.24389101,62214.01343016,62224.40141765,63.61380758,6
2026-01-03T21:23:00Z,62224.40141765,62239.07199841,62213.65069070,62228.32059432,579.96794882,57
2026-01-03T21:24:00Z,62228.32059432,62243.77344867,62220.35589182,62235.80778788,114.51641843,11
2026-01-03T21:25:00Z,62235.80778788,62281.53807247,62206.35358511,62252.07617040,417.75564522,41
2026-01-03T21:26:00Z,62252.07617040,62315.23055613,62233.86927287,62297.01051663,737.98132476,73
2026-01-03T21:27:00Z,62297.01051663,62309.43050431,62271.38692328,62283.80427808,507.98008622,50
2026-01-03T21:28:00Z,62283.80427808,62319.63831722,62227.03670417,62262.85869259,189.91738627,18
2026-01-03T21:29:00Z,62262.85869259,62294.51183938,62254.58785043,62286.23789159,85.18723903,8
2026-01-03T21:30:00Z,62286.23789159,62315.11524681,62268.88275693,62297.75690255,108.16101023,10
2026-01-03T21:31:00Z,62297.75690255,62413.39644128,62252.65492213,62368.24343042,74.92207942,7
2026-01-03T21:32:00Z,62368.24343042,62399.86106029,62358.29497638,62389.90915031,253.26673979,25
2026-01-03T21:33:00Z,62389.90915031,62396.47558605,62375.84688162,62382.41252835,229.84809782,22
2026-01-03T21:34:00Z,62382.41252835,62386.35709029,62338.20605335,62342.14806928,996.27156370,99
2026-01-03T21:35:00Z,62342.14806928,62345.42896648,62262.36813614,62265.64500718,82.71541417,8
2026-01-03T21:36:00Z,62265.64500718,62347.21699656,62201.56862789,62283.12263138,182.95514711,18
2026-01-03T21:37:00Z,62283.12263138,62330.49251815,62278.28042704,62325.64700775,1215.91435339,121
2026-01-03T21:38:00Z,62325.64700775,62334.31754025,62285.42023764,62294.08637953,341.69487726,34
2026-01-03T21:39:00Z,62294.08637953,62321.63485393,62283.84284937,62311.38847864,395.23249034,39
2026-01-03T21:40:00Z,62311.38847864,62327.32934353,62297.85335620,62313.79369864,28.46771950,2
2026-01-03T21:41:00Z,62313.79369864,62341.25159834,62306.16537584,62333.62084835,749.23941047,74
2026-01-03T21:42:00Z,62333.62084835,62350.42728269,62330.35689441,62347.16261967,481.82018782,48
2026-01-03T21:43:00Z,62347.16261967,62376.44604562,62315.65163427,62344.93401349,143.19727129,14
2026-01-03T21:44:00Z,62344.93401349,62349.52329186,62327.36431660,62331.95263940,111.07259415,11
2026-01-03T21:45:00Z,62331.95263940,62366.06017688,62315.74898927,62349.85187371,67.83602428,6
2026-01-03T21:46:00Z,62349.85187371,62368.30057903,62301.83469676,62320.27465046,382.59967347,38
2026-01-03T21:47:00Z,62320.27465046,62345.18607873,62292.51159156,62317.42187948,333.42938891,33
2026-01-03T21:48:00Z,62317.42187948,62348.68861617,62305.47782757,62336.74086149,191.35124317,19
2026-01-03T21:49:00Z,62336.74086149,62357.28240526,62275.51737933,62296.04551295,1262.34520094,126
2026-01-03T21:50:00Z,62296.04551295,62334.31221096,62241.11665302,62279.37310964,756.30103716,75
2026-01-03T21:51:00Z,62279.37310964,62320.78743925,62224.12229705,62265.52741961,650.78268673,65
2026-01-03T21:52:00Z,62265.52741961,62340.86955883,62264.06112716,62339.40152672,521.59113977,52
2026-01-03T21:53:00Z,62339.40152672,62415.31083239,62294.65932649,62370.54627896,761.83079711,76
2026-01-03T21:54:00Z,62370.54627896,62382.55252817,62347.41983750,62359.42394567,241.14923612,24
2026-01-03T21:55:00Z,62359.42394567,62402.81425228,62332.73467438,62376.11783616,97.20394133,9
2026-01-03T21:56:00Z,62376.11783616,62382.10425309,62373.40969717,62379.39597177,162.98718121,16
2026-01-03T21:57:00Z,62379.39597177,62407.68430393,62286.95495115,62315.21417761,934.43151871,93
2026-01-03T21:58:00Z,62315.21417761,62395.14341373,62260.91686413,62340.82378574,111.11351768,11
2026-01-03T21:59:00Z,62340.82378574,62406.95339126,62254.13236961,62320.24014050,532.06275189,53
2026-01-03T22:00:00Z,62320.24014050,62356.49073808,62223.19322534,62259.40843817,370.82295072,37
2026-01-03T22:01:00Z,62259.40843817,62314.74057224,62214.46975175,62269.79438926,413.91109105,41
2026-01-03T22:02:00Z,62269.79438926,62313.84813781,62187.15491471,62231.18134585,563.40220786,56
2026-01-03T22:03:00Z,62231.18134585,62334.22276328,62178.96014093,62281.95894840,332.06293553,33
2026-01-03T22:04:00Z,62281.95894840,62317.40702770,62206.38101738,62241.80624357,540.06891389,54
2026-01-03T22:05:00Z,62241.80624357,62263.93857754,62186.18880834,62208.30923123,411.39026111,41
2026-01-03T22:06:00Z,62208.30923123,62235.17044118,62088.22339575,62115.04433443,818.67981731,81
2026-01-03T22:07:00Z,62115.04433443,62117.69993197,61999.53025109,62002.18102340,692.40516938,69
2026-01-03T22:08:00Z,62002.18102340,62065.47120796,61996.08854123,62059.37310596,213.39273323,21
2026-01-03T22:09:00Z,62059.37310596,62116.80010830,61983.68012080,62041.09020495,702.31962911,70
2026-01-03T22:10:00Z,62041.09020495,62117.11475016,61990.17108965,62066.17504692,236.28556725,23
2026-01-03T22:11:00Z,62066.17504692,62101.65534070,61956.61603986,61992.05396213,302.55144149,30
2026-01-03T22:12:00Z,61992.05396213,62016.51990405,61912.52836609,61936.97256944,25.77982218,2
2026-01-03T22:13:00Z,61936.97256944,61985.52722618,61910.01730026,61958.56256093,214.29106984,21
2026-01-03T22:14:00Z,61958.56256093,62011.24387823,61936.72459507,61989.39504513,156.57872499,15
2026-01-03T22:15:00Z,61989.39504513,62045.28523836,61940.78448394,61996.66897313,34.11632253,3
2026-01-03T22:16:00Z,61996.66897313,62049.49802796,61937.04867341,61989.87193629,160.95301300,16
2026-01-03T22:17:00Z,61989.87193629,62035.69043128,61957.71219838,62003.52361100,83.94173509,8
2026-01-03T22:18:00Z,62003.52361100,62026.74663345,61993.53151744,62016.75240802,241.79765468,24
2026-01-03T22:19:00Z,62016.75240802,62037.89451945,61961.82858480,61982.95917578,244.36853699,24
2026-01-03T22:20:00Z,61982.95917578,61987.08431101,61978.31194995,61982.43705042,211.67865384,21
2026-01-03T22:21:00Z,61982.43705042,62022.49770553,61973.96165605,62014.01799282,766.00141277,76
2026-01-03T22:22:00Z,62014.01799282,62041.36265133,62006.17970712,62033.52190042,394.53540452,39
2026-01-03T22:23:00Z,62033.52190042,62142.53348673,61974.47270634,62083.43677908,73.50248502,7
2026-01-03T22:24:00Z,62083.43677908,62117.65171525,62082.00284627,62116.21702531,199.27388189,19
2026-01-03T22:25:00Z,62116.21702531,62129.97865361,62029.07800872,62042.82337692,449.11071022,44
2026-01-03T22:26:00Z,62042.82337692,62057.62735502,61987.16323408,62001.95746121,220.05636443,22
2026-01-03T22:27:00Z,62001.95746121,62073.65572622,61966.09823964,62037.77578890,99.37908485,9
2026-01-03T22:28:00Z,62037.77578890,62085.25500733,61999.43487178,62046.90844599,78.38881231,7
2026-01-03T22:29:00Z,62046.90844599,62151.62591598,61976.88075703,62081.55911941,244.71880492,24
2026-01-03T22:30:00Z,62081.55911941,62133.74778331,62016.21715101,62068.39474833,176.55106550,17
2026-01-03T22:31:00Z,62068.39474833,62094.69864778,62006.79035984,62033.07929300,501.72638000,50
2026-01-03T22:32:00Z,62033.07929300,62047.91816787,61987.66080819,62002.49236639,229.63924136,22
2026-01-03T22:33:00Z,62002.49236639,62058.16606364,61925.66488762,61981.31957326,320.77042618,32
2026-01-03T22:34:00Z,61981.31957326,62026.02660786,61961.00223162,62005.70127396,32.13174085,3
2026-01-03T22:35:00Z,62005.70127396,62009.75482516,61986.08291632,61990.13544992,41.13566781,4
2026-01-03T22:36:00Z,61990.13544992,62002.94978611,61956.31480469,61969.12479764,270.97267417,27
2026-01-03T22:37:00Z,61969.12479764,62019.23380872,61950.40934392,62000.50887662,332.12272664,33
2026-01-03T22:38:00Z,62000.50887662,62015.37992384,61945.76651870,61960.62800034,927.35041320,92
2026-01-03T22:39:00Z,61960.62800034,62011.04092221,61855.63300422,61906.00148040,153.91484602,15
2026-01-03T22:40:00Z,61906.00148040,61926.69563865,61893.68849570,61914.38098728,15.84333044,1
2026-01-03T22:41:00Z,61914.38098728,61942.35558601,61893.41362435,61921.38585087,210.23823023,21
2026-01-03T22:42:00Z,61921.38585087,61967.02546157,61917.64387181,61963.28095073,259.50092467,25
2026-01-03T22:43:00Z,61963.28095073,62006.85351253,61847.13676916,61890.65826270,1166.34555740,116
2026-01-03T22:44:00Z,61890.65826270,62033.73974302,61871.90070403,62014.94451619,653.50061631,65
2026-01-03T22:45:00Z,62014.94451619,62049.62349449,61993.22298522,62027.89742660,284.91854788,28
2026-01-03T22:46:00Z,62027.89742660,62056.80896569,61961.76171315,61990.65589376,320.91134939,32
2026-01-03T22:47:00Z,61990.65589376,62005.10518002,61980.18613786,61994.63475212,303.99736502,30
2026-01-03T22:48:00Z,61994.63475212,61995.37708151,61971.71171671,61972.45378050,92.38269682,9
2026-01-03T22:49:00Z,61972.45378050,61988.34650903,61970.32630634,61986.21856234,168.56515649,16
2026-01-03T22:50:00Z,61986.21856234,62021.31452781,61933.05029159,61968.13601891,529.47913133,52
2026-01-03T22:51:00Z,61968.13601891,61999.97607052,61942.58493555,61974.42239512,397.38909706,39
2026-01-03T22:52:00Z,61974.42239512,62010.75349507,61947.21185188,61983.53894911,127.20110311,12
2026-01-03T22:53:00Z,61983.53894911,61998.11013881,61941.26452622,61955.82920187,110.01155889,11
2026-01-03T22:54:00Z,61955.82920187,61978.43938749,61912.58355824,61935.18621039,400.09738833,40
2026-01-03T22:55:00Z,61935.18621039,61960.83536392,61932.95029150,61958.59859981,194.05416254,19
2026-01-03T22:56:00Z,61958.59859981,62138.87724333,61890.91611510,62071.07189476,138.57962182,13
2026-01-03T22:57:00Z,62071.07189476,62221.53419616,62018.24729787,62168.62657692,684.68562489,68
2026-01-03T22:58:00Z,62168.62657692,62263.59730452,62066.28642532,62161.24587793,128.33098712,12
2026-01-03T22:59:00Z,62161.24587793,62226.74686298,62138.05269780,62203.53790313,371.22751749,37
2026-01-03T23:00:00Z,62203.53790313,62359.22699745,62167.50472200,62323.12454233,673.46773276,67
2026-01-03T23:01:00Z,62323.12454233,62403.95340155,62311.26007432,62392.07580727,736.05640269,73
2026-01-03T23:02:00Z,62392.07580727,62459.96445883,62364.69208866,62432.56297051,632.41260490,63
2026-01-03T23:03:00Z,62432.56297051,62481.98096077,62319.96449751,62369.33243815,320.39779731,32
2026-01-03T23:04:00Z,62369.33243815,62371.57178779,62332.01452924,62334.25261935,631.53606555,63
2026-01-03T23:05:00Z,62334.25261935,62377.32242669,62272.71978582,62315.77682733,408.31601239,40
2026-01-03T23:06:00Z,62315.77682733,62340.74725706,62305.93249022,62330.90053079,345.32958451,34
2026-01-03T23:07:00Z,62330.90053079,62337.97274946,62311.05624862,62318.12701797,152.66479390,15
2026-01-03T23:08:00Z,62318.12701797,62346.22029647,62263.88871553,62291.97020243,34.64274406,3
2026-01-03T23:09:00Z,62291.97020243,62324.47581457,62181.36395191,62213.82878778,230.22104994,23
2026-01-03T23:10:00Z,62213.82878778,62264.10000810,62133.89619352,62184.14342690,378.98525821,37
2026-01-03T23:11:00Z,62184.14342690,62191.54682873,62122.62019713,62130.01715490,644.84622651,64
2026-01-03T23:12:00Z,62130.01715490,62163.71871097,62088.18396768,62121.88111046,260.11779322,26
2026-01-03T23:13:00Z,62121.88111046,62223.73904267,62045.30747366,62147.13427793,556.30455185,55
2026-01-03T23:14:00Z,62147.13427793,62170.40071010,62111.84734413,62135.10927442,107.24508769,10
2026-01-03T23:15:00Z,62135.10927442,62186.12898668,62022.01641638,62072.98511792,182.64794658,18
2026-01-03T23:16:00Z,62072.98511792,62073.57767647,62050.89433071,62051.48668404,139.86002449,13
2026-01-03T23:17:00Z,62051.48668404,62124.38599237,62020.06292950,62092.94124464,260.93606987,26
2026-01-03T23:18:00Z,62092.94124464,62130.97378751,62087.19200013,62125.22155413,468.54944114,46
2026-01-03T23:19:00Z,62125.22155413,62202.88999793,62076.93585203,62154.58147636,708.86898801,70
2026-01-03T23:20:00Z,62154.58147636,62216.78580622,62110.54611252,62172.73757912,846.40977605,84
2026-01-03T23:21:00Z,62172.73757912,62204.70390413,62141.24514215,62173.21122725,113.68516711,11
2026-01-03T23:22:00Z,62173.21122725,62212.10209252,62086.48100557,62125.34192742,346.54715121,34
2026-01-03T23:23:00Z,62125.34192742,62135.11908655,62115.93434056,62125.71144374,38.04102887,3
2026-01-03T23:24:00Z,62125.71144374,62194.57953080,62060.73715438,62129.60117336,172.56122694,17
2026-01-03T23:25:00Z,62129.60117336,62148.66536736,62052.36442253,62071.41076106,393.30055323,39
2026-01-03T23:26:00Z,62071.41076106,62123.35972110,62066.69062199,62118.63599085,19.39307486,1
2026-01-03T23:27:00Z,62118.63599085,62159.39572906,62107.85795137,62148.61248844,628.73262298,62
2026-01-03T23:28:00Z,62148.61248844,62224.63872561,62128.84007580,62204.84842166,1179.88923980,117
2026-01-03T23:29:00Z,62204.84842166,62214.27037904,62171.62125509,62181.03960623,315.64648856,31
2026-01-03T23:30:00Z,62181.03960623,62254.90322788,62176.42647065,62250.28495507,386.04736663,38
2026-01-03T23:31:00Z,62250.28495507,62361.37599929,62209.61023160,62320.65529541,76.87253109,7
2026-01-03T23:32:00Z,62320.65529541,62330.98048776,62262.25129286,62272.56851828,165.02330443,16
2026-01-03T23:33:00Z,62272.56851828,62291.78128064,62234.78676515,62253.99379671,305.58748739,30
2026-01-03T23:34:00Z,62253.99379671,62303.39089180,62244.69250094,62294.08360626,234.49425844,23
2026-01-03T23:35:00Z,62294.08360626,62311.97895607,62228.95478566,62246.83656271,184.99468684,18
2026-01-03T23:36:00Z,62246.83656271,62256.47386610,62245.38251725,62255.01962950,193.09467068,19
2026-01-03T23:37:00Z,62255.01962950,62282.55269357,62238.65122880,62266.18135817,108.31812040,10
2026-01-03T23:38:00Z,62266.18135817,62294.43456302,62257.03059422,62285.28099215,112.55682188,11
2026-01-03T23:39:00Z,62285.28099215,62336.46905153,62264.85145599,62316.02942990,376.38241877,37
2026-01-03T23:40:00Z,62316.02942990,62349.37413225,62291.15869406,62324.50001574,684.86952712,68
2026-01-03T23:41:00Z,62324.50001574,62351.52339885,62321.65886467,62348.68114545,711.51704904,71
2026-01-03T23:42:00Z,62348.68114545,62375.23629344,62323.73720671,62350.29171037,316.78073187,31
2026-01-03T23:43:00Z,62350.29171037,62365.42297608,62306.26873037,62321.39298290,825.25730931,82
2026-01-03T23:44:00Z,62321.39298290,62414.92335886,62236.89857188,62330.41671360,85.56759944,8
2026-01-03T23:45:00Z,62330.41671360,62360.93489083,62290.82105908,62321.33478963,94.84637479,9
2026-01-03T23:46:00Z,62321.33478963,62346.76452332,62313.72663492,62339.15419323,218.87834817,21
2026-01-03T23:47:00Z,62339.15419323,62350.03120127,62336.50203789,62347.37869602,89.16287443,8
2026-01-03T23:48:00Z,62347.37869602,62401.79861236,62319.16009780,62373.56816071,645.95088705,64
2026-01-03T23:49:00Z,62373.56816071,62456.22408305,62371.60879698,62454.26218445,264.34308642,26
2026-01-03T23:50:00Z,62454.26218445,62490.94563511,62407.48119210,62444.15870833,95.70278667,9
2026-01-03T23:51:00Z,62444.15870833,62519.82283985,62364.57612782,62440.23550557,56.12649978,5
2026-01-03T23:52:00Z,62440.23550557,62499.08255933,62438.68704755,62497.53268039,159.07039180,15
2026-01-03T23:53:00Z,62497.53268039,62508.56969128,62398.32585825,62409.34729568,327.31973360,32
2026-01-03T23:54:00Z,62409.34729568,62435.14296833,62393.27734561,62419.07051460,167.68308736,16
2026-01-03T23:55:00Z,62419.07051460,62438.16389031,62394.51461661,62413.60632087,133.41728484,13
2026-01-03T23:56:00Z,62413.60632087,62419.49703052,62353.60906055,62359.49466304,148.40732229,14
2026-01-03T23:57:00Z,62359.49466304,62404.52165544,62335.73404769,62380.75294013,334.80650078,33
2026-01-03T23:58:00Z,62380.75294013,62391.75751837,62367.43954635,62378.44371723,50.16148679,5
2026-01-03T23:59:00Z,62378.44371723,62380.92846409,62365.59052645,62368.07486029,70.17950128,7
2026-01-04T00:00:00Z,62368.07486029,62412.67381921,62307.30213930,62351.88952421,417.98056721,41
2026-01-04T00:01:00Z,62351.88952421,62379.32813456,62343.87492165,62371.31103561,109.49611398,10
2026-01-04T00:02:00Z,62371.31103561,62421.21899884,62329.48388572,62379.38643347,611.40679951,61
2026-01-04T00:03:00Z,62379.38643347,62423.77858710,62363.18616438,62407.57099833,296.48408189,29
2026-01-04T00:04:00Z,62407.57099833,62456.11854150,62356.15400852,62404.69931778,323.28693858,32
2026-01-04T00:05:00Z,62404.69931778,62423.57484322,62342.98982504,62361.85239058,186.29676742,18
2026-01-04T00:06:00Z,62361.85239058,62364.82961149,62345.49932884,62348.47591114,47.64699857,4
2026-01-04T00:07:00Z,62348.47591114,62383.48415159,62342.76796029,62377.77351857,478.06290402,47
2026-01-04T00:08:00Z,62377.77351857,62384.04502509,62367.26802862,62373.53910941,147.10452645,14
2026-01-04T00:09:00Z,62373.53910941,62382.79300433,62361.16013324,62370.41356445,235.42216464,23
2026-01-04T00:10:00Z,62370.41356445,62383.05557622,62338.11301242,62350.75103875,411.56639621,41
2026-01-04T00:11:00Z,62350.75103875,62355.62998775,62324.61836203,62329.49564780,246.76010909,24
2026-01-04T00:12:00Z,62329.49564780,62390.79712113,62304.67764449,62365.96459682,202.89276644,20
2026-01-04T00:13:00Z,62365.96459682,62392.50017035,62334.59034704,62361.12386092,75.42287289,7
2026-01-04T00:14:00Z,62361.12386092,62386.97908851,62327.03330442,62352.88511619,228.88360640,22
2026-01-04T00:15:00Z,62352.88511619,62382.11062679,62314.16638120,62343.38744013,273.48835532,27
2026-01-04T00:16:00Z,62343.38744013,62361.52159611,62316.18287885,62334.31439570,215.49719001,21
2026-01-04T00:17:00Z,62334.31439570,62364.82583258,62332.13685383,62362.64730095,380.21418376,38
2026-01-04T00:18:00Z,62362.64730095,62372.58201068,62318.96824234,62328.89757556,779.42901584,77
2026-01-04T00:19:00Z,62328.89757556,62373.00783786,62265.02271908,62309.11898405,617.17682663,61
2026-01-04T00:20:00Z,62309.11898405,62377.76108165,62234.24707361,62302.88230065,43.25534446,4
2026-01-04T00:21:00Z,62302.88230065,62422.89375163,62276.79964494,62396.77178976,897.39589512,89
2026-01-04T00:22:00Z,62396.77178976,62416.37402206,62371.74918079,62391.34970972,29.21372693,2
2026-01-04T00:23:00Z,62391.34970972,62443.00851582,62350.85081886,62402.50238564,199.77710933,19
2026-01-04T00:24:00Z,62402.50238564,62448.49258308,62351.13603430,62397.12226663,120.78817240,12
2026-01-04T00:25:00Z,62397.12226663,62430.17384408,62367.87917745,62400.92897085,207.16850082,20
2026-01-04T00:26:00Z,62400.92897085,62411.83091739,62358.46529082,62369.36172231,376.01078585,37
2026-01-04T00:27:00Z,62369.36172231,62453.92605382,62350.56443347,62435.10894964,629.24997323,62
2026-01-04T00:28:00Z,62435.10894964,62444.59042191,62427.14221070,62436.62348971,244.13928140,24
2026-01-04T00:29:00Z,62436.62348971,62567.29312219,62430.88536812,62561.54352005,566.29087903,56
2026-01-04T00:30:00Z,62561.54352005,62613.67339471,62448.46569964,62500.54474661,842.85655492,84
2026-01-04T00:31:00Z,62500.54474661,62552.46805865,62426.91136595,62478.81662702,94.90018205,9
2026-01-04T00:32:00Z,62478.81662702,62523.98106515,62329.34364645,62374.43262789,2317.03295098,231
2026-01-04T00:33:00Z,62374.43262789,62444.06305722,62330.69115604,62400.30344288,594.90239228,59
2026-01-04T00:34:00Z,62400.30344288,62415.42924070,62329.39311042,62344.50538283,1031.99070857,103
2026-01-04T00:35:00Z,62344.50538283,62357.01929303,62310.51616290,62323.02576167,148.49504451,14
2026-01-04T00:36:00Z,62323.02576167,62372.13810005,62175.88347158,62224.91849861,248.01287573,24
2026-01-04T00:37:00Z,62224.91849861,62285.14582237,62128.11418229,62188.30606898,967.24896127,96
2026-01-04T00:38:00Z,62188.30606898,62246.49039385,62171.82397261,62229.99724784,551.80947576,55
2026-01-04T00:39:00Z,62229.99724784,62252.08283026,62164.35677831,62186.42689749,114.84655909,11
2026-01-04T00:40:00Z,62186.42689749,62223.54618233,62139.45474106,62176.56814118,360.20540347,36
2026-01-04T00:41:00Z,62176.56814118,62224.50032251,62120.09960971,62168.02520526,201.56743237,20
2026-01-04T00:42:00Z,62168.02520526,62178.90827716,62073.10429990,62083.97265765,426.19280412,42
2026-01-04T00:43:00Z,62083.97265765,62106.17943022,62029.92514455,62052.12052396,305.33782170,30
2026-01-04T00:44:00Z,62052.12052396,62087.73164358,61957.70131843,61993.27866927,296.18708874,29
2026-01-04T00:45:00Z,61993.27866927,62048.52179128,61955.33397790,62010.56651841,349.52011975,34
2026-01-04T00:46:00Z,62010.56651841,62031.40684059,61991.84840414,62012.68808592,77.71258643,7
2026-01-04T00:47:00Z,62012.68808592,62024.47561122,61989.37348452,62001.15881831,279.71032804,27
2026-01-04T00:48:00Z,62001.15881831,62073.64684182,61976.05780298,62048.52664975,832.03603580,83
2026-01-04T00:49:00Z,62048.52664975,62078.87090889,61988.28763057,62018.61726280,117.61396315,11
2026-01-04T00:50:00Z,62018.61726280,62071.94970136,62004.61421314,62057.93777361,246.36380836,24
2026-01-04T00:51:00Z,62057.93777361,62137.10946326,62018.71139727,62097.85785373,214.56345377,21
2026-01-04T00:52:00Z,62097.85785373,62134.37695902,62055.94017977,62092.45610835,218.76267937,21
2026-01-04T00:53:00Z,62092.45610835,62174.91989058,62089.20185873,62171.66148983,149.78429046,14
2026-01-04T00:54:00Z,62171.66148983,62224.09350030,62085.66215246,62138.06583028,576.68176818,57
2026-01-04T00:55:00Z,62138.06583028,62176.21653081,62099.70154717,62137.85211649,433.25389216,43
2026-01-04T00:56:00Z,62137.85211649,62231.77956155,62102.04877837,62195.94275207,1512.35706857,151
2026-01-04T00:57:00Z,62195.94275207,62253.18394287,62145.08067451,62202.31665292,44.83984790,4
2026-01-04T00:58:00Z,62202.31665292,62287.35899834,62193.00601999,62278.03703135,874.96894206,87
2026-01-04T00:59:00Z,62278.03703135,62322.91129261,62253.50519923,62298.37145059,318.28024173,31
2026-01-04T01:00:00Z,62298.37145059,62342.73314874,62215.94266538,62260.27723724,403.36000010,40
2026-01-04T01:01:00Z,62260.27723724,62316.75915360,62217.97611038,62274.44839852,15.30577862,1
2026-01-04T01:02:00Z,62274.44839852,62283.42899843,62217.35064136,62226.32430130,1624.93443006,162
2026-01-04T01:03:00Z,62226.32430130,62357.06109949,62223.20898031,62353.93938953,798.54152035,79
2026-01-04T01:04:00Z,62353.93938953,62355.99228170,62274.54853362,62276.59887949,262.26237784,26
2026-01-04T01:05:00Z,62276.59887949,62306.30677642,62259.40188499,62289.10632812,83.47017448,8
2026-01-04T01:06:00Z,62289.10632812,62362.38406776,62233.96958171,62307.23127760,23.67961558,2
2026-01-04T01:07:00Z,62307.23127760,62326.24550686,62275.10531259,62294.11553934,99.57447999,9
2026-01-04T01:08:00Z,62294.11553934,62348.40972360,62209.52073673,62263.78848860,213.26800477,21
2026-01-04T01:09:00Z,62263.78848860,62331.73151529,62139.54129968,62207.42281945,96.24778216,9
2026-01-04T01:10:00Z,62207.42281945,62340.14202912,62139.86079558,62272.50931633,1130.95384502,113
2026-01-04T01:11:00Z,62272.50931633,62298.48814401,62252.42804781,62278.40497429,196.72294585,19
2026-01-04T01:12:00Z,62278.40497429,62292.27534100,62187.71440925,62201.56766310,577.95294003,57
2026-01-04T01:13:00Z,62201.56766310,62221.00692611,62150.89897078,62170.32847090,830.04016737,83
2026-01-04T01:14:00Z,62170.32847090,62173.91960021,62115.62032747,62119.20850394,514.21962695,51
2026-01-04T01:15:00Z,62119.20850394,62155.29113551,62068.21323217,62104.28719653,444.77576347,44
2026-01-04T01:16:00Z,62104.28719653,62151.81389799,62041.07007169,62088.58475650,169.18865132,16
2026-01-04T01:17:00Z,62088.58475650,62109.96570668,62035.89145517,62057.26161885,154.04412635,15
2026-01-04T01:18:00Z,62057.26161885,62083.21567504,62026.05515080,62052.00700937,177.68302961,17
2026-01-04T01:19:00Z,62052.00700937,62062.66328121,62033.44508832,62044.10000229,409.26398891,40
2026-01-04T01:20:00Z,62044.10000229,62096.30242370,61998.90300526,62051.10032718,387.59083246,38
2026-01-04T01:21:00Z,62051.10032718,62079.53355516,61988.10567711,62016.52306100,161.66593921,16
2026-01-04T01:22:00Z,62016.52306100,62084.64716984,61970.47287106,62038.58060114,538.30914158,53
2026-01-04T01:23:00Z,62038.58060114,62143.38021310,62014.71020552,62119.47869056,520.79062005,52
2026-01-04T01:24:00Z,62119.47869056,62214.05999940,62062.52106342,62157.06790654,846.97758782,84
2026-01-04T01:25:00Z,62157.06790654,62157.28899767,62095.43156564,62095.65243832,462.62259621,46
2026-01-04T01:26:00Z,62095.65243832,62188.97504901,62094.42855186,62187.74934735,74.67619052,7
2026-01-04T01:27:00Z,62187.74934735,62231.17606759,62176.89378025,62220.31481583,145.89495516,14
2026-01-04T01:28:00Z,62220.31481583,62232.60840075,62144.95172427,62157.23284536,1097.20734270,109
2026-01-04T01:29:00Z,62157.23284536,62216.09680217,62076.21921468,62135.06217549,238.73082757,23
2026-01-04T01:30:00Z,62135.06217549,62152.93493508,62106.34186341,62124.21150187,234.68264163,23
2026-01-04T01:31:00Z,62124.21150187,62184.52340125,62003.52235459,62063.77558111,68.70780407,6
2026-01-04T01:32:00Z,62063.77558111,62135.85123342,62043.25393224,62115.31254364,551.95295831,55
2026-01-04T01:33:00Z,62115.31254364,62179.24577467,62076.61483895,62140.53235810,367.30900178,36
2026-01-04T01:34:00Z,62140.53235810,62203.49770929,62115.25256653,62178.20259285,552.94307694,55
2026-01-04T01:35:00Z,62178.20259285,62202.15779463,62060.30035509,62084.21934824,1010.19501760,101
2026-01-04T01:36:00Z,62084.21934824,62117.59560557,61950.27645891,61983.59862290,752.76842685,75
2026-01-04T01:37:00Z,61983.59862290,61987.95812444,61938.57533683,61942.93197815,309.02306407,30
2026-01-04T01:38:00Z,61942.93197815,61976.97281262,61929.94438084,61963.98080199,138.45549358,13
2026-01-04T01:39:00Z,61963.98080199,62130.80994195,61846.80238556,62013.53780959,476.57923002,47
2026-01-04T01:40:00Z,62013.53780959,62060.78234298,61987.33233876,62034.56798529,79.73403638,7
2026-01-04T01:41:00Z,62034.56798529,62107.83689601,62013.66685010,62086.91812263,381.04670574,38
2026-01-04T01:42:00Z,62086.91812263,62152.50103225,62063.74644139,62129.31352847,493.59405854,49
2026-01-04T01:43:00Z,62129.31352847,62157.31265084,62118.06722983,62146.06332025,122.96985038,12
2026-01-04T01:44:00Z,62146.06332025,62205.22850901,62077.52417299,62136.68042892,72.13301346,7
2026-01-04T01:45:00Z,62136.68042892,62139.52441263,62120.47296913,62123.31634117,86.97960946,8
2026-01-04T01:46:00Z,62123.31634117,62154.55680007,62078.72881055,62109.96255412,299.99982197,29
2026-01-04T01:47:00Z,62109.96255412,62179.72565845,62040.72487793,62110.48739718,135.09821743,13
2026-01-04T01:48:00Z,62110.48739718,62230.48309745,62089.23075087,62209.19267032,97.79206828,9
2026-01-04T01:49:00Z,62209.19267032,62211.41465438,62189.13763298,62191.35898006,267.23736667,26
2026-01-04T01:50:00Z,62191.35898006,62222.66671236,62164.48904153,62195.79485730,61.45775048,6
2026-01-04T01:51:00Z,62195.79485730,62256.89675167,62118.29540324,62179.38117261,406.00245632,40
2026-01-04T01:52:00Z,62179.38117261,62207.43115780,62069.10320766,62097.11608193,696.61481478,69
2026-01-04T01:53:00Z,62097.11608193,62196.68524852,62053.25901922,62152.78886604,586.90372996,58
2026-01-04T01:54:00Z,62152.78886604,62258.44238591,62108.31262757,62213.92240058,77.23478758,7
2026-01-04T01:55:00Z,62213.92240058,62297.67147765,62154.68169112,62238.40745329,74.70090549,7
2026-01-04T01:56:00Z,62238.40745329,62260.60847174,62159.49649458,62181.67727685,1064.31332736,106
2026-01-04T01:57:00Z,62181.67727685,62188.43820688,62124.30052083,62131.05594686,510.71716996,51
2026-01-04T01:58:00Z,62131.05594686,62241.60777700,62121.47027544,62232.00653078,619.62926415,61
2026-01-04T01:59:00Z,62232.00653078,62276.57545171,62188.35490838,62232.92318634,786.62102714,78
2026-01-04T02:00:00Z,62232.92318634,62273.41072276,62200.66558754,62241.14886030,484.89036398,48
2026-01-04T02:01:00Z,62241.14886030,62243.33420558,62186.62156276,62188.80507020,181.50460843,18
2026-01-04T02:02:00Z,62188.80507020,62244.29872611,62096.92546965,62152.38662787,380.39398938,38
2026-01-04T02:03:00Z,62152.38662787,62186.65379178,62084.15647104,62118.40489943,220.74856708,22
2026-01-04T02:04:00Z,62118.40489943,62259.53591428,62041.74742259,62182.79897167,1771.34666415,177
2026-01-04T02:05:00Z,62182.79897167,62256.81395682,62113.79202521,62187.80145888,247.87356129,24
2026-01-04T02:06:00Z,62187.80145888,62254.79374462,62047.97127240,62114.88500833,374.50123831,37
2026-01-04T02:07:00Z,62114.88500833,62161.53432242,62035.94109096,62082.56613303,481.30110927,48
2026-01-04T02:08:00Z,62082.56613303,62109.67834863,62012.24271988,62039.33605637,755.28116239,75
2026-01-04T02:09:00Z,62039.33605637,62115.30506924,62013.18052884,62089.12854940,272.38261422,27
2026-01-04T02:10:00Z,62089.12854940,62168.49194286,62080.09435375,62159.44751553,789.96872629,78
2026-01-04T02:11:00Z,62159.44751553,62163.40560939,62108.64665042,62112.60176131,388.70350570,38
2026-01-04T02:12:00Z,62112.60176131,62202.31014935,62044.45511855,62134.13987613,396.44530336,39
2026-01-04T02:13:00Z,62134.13987613,62241.39077541,62066.68878154,62173.89652211,656.28288864,65
2026-01-04T02:14:00Z,62173.89652211,62198.85526699,62143.18459884,62168.14103327,289.43799767,28
2026-01-04T02:15:00Z,62168.14103327,62204.54828280,62082.61728040,62118.99574920,120.45720376,12
2026-01-04T02:16:00Z,62118.99574920,62145.67592502,62052.13122727,62078.79413646,410.37552693,41
2026-01-04T02:17:00Z,62078.79413646,62165.58001664,62058.35424991,62145.11829239,484.20783396,48
2026-01-04T02:18:00Z,62145.11829239,62204.48052947,62106.73235885,62166.08164724,79.26806693,7
2026-01-04T02:19:00Z,62166.08164724,62196.68818637,62163.47947321,62194.08484018,1318.00886345,131
2026-01-04T02:20:00Z,62194.08484018,62233.36568754,62155.63084094,62194.91117739,362.10301146,36
2026-01-04T02:21:00Z,62194.91117739,62338.43654670,62057.23283909,62200.74529366,135.67310308,13
2026-01-04T02:22:00Z,62200.74529366,62230.67139673,62137.91501488,62167.82527943,693.34224465,69
2026-01-04T02:23:00Z,62167.82527943,62261.73720520,62122.26219358,62216.13871022,234.96771515,23
2026-01-04T02:24:00Z,62216.13871022,62262.40336488,62176.91124138,62223.17146188,27.58387546,2
2026-01-04T02:25:00Z,62223.17146188,62291.56129276,62174.94255453,62243.31677087,180.35673259,18
2026-01-04T02:26:00Z,62243.31677087,62335.59764966,62193.69561127,62285.94250828,492.75371552,49
2026-01-04T02:27:00Z,62285.94250828,62365.78523704,62285.01595093,62364.85750577,736.18653919,73
2026-01-04T02:28:00Z,62364.85750577,62432.23399870,62275.15238185,62342.50472574,260.76821325,26
2026-01-04T02:29:00Z,62342.50472574,62372.15623122,62230.57401518,62260.18636819,1482.02110927,148
2026-01-04T02:30:00Z,62260.18636819,62310.39888050,62235.76429195,62285.96669171,48.25314201,4
2026-01-04T02:31:00Z,62285.96669171,62296.76383794,62276.04609278,62286.84309943,134.68904253,13
2026-01-04T02:32:00Z,62286.84309943,62302.81622755,62244.26925456,62260.23555933,524.11833580,52
2026-01-04T02:33:00Z,62260.23555933,62368.39876917,62238.03701800,62346.16958854,331.08276691,33
2026-01-04T02:34:00Z,62346.16958854,62396.35224253,62343.89304030,62394.07394507,220.06426229,22
2026-01-04T02:35:00Z,62394.07394507,62422.52776809,62359.28241575,62387.73334724,102.60254287,10
2026-01-04T02:36:00Z,62387.73334724,62450.24144181,62279.22547994,62341.68743976,733.65334134,73
2026-01-04T02:37:00Z,62341.68743976,62422.36711444,62333.51457432,62414.18474475,494.24520765,49
2026-01-04T02:38:00Z,62414.18474475,62437.05525990,62379.90464585,62402.77097864,292.97786564,29
2026-01-04T02:39:00Z,62402.77097864,62422.86074550,62302.91618949,62322.98026875,882.51921178,88
2026-01-04T02:40:00Z,62322.98026875,62477.69037122,62248.31903661,62402.93335745,399.88886676,39
2026-01-04T02:41:00Z,62402.93335745,62464.64444762,62395.99798304,62457.70298619,423.91116276,42
2026-01-04T02:42:00Z,62457.70298619,62461.71372335,62444.12114785,62448.13127036,681.73804875,68
2026-01-04T02:43:00Z,62448.13127036,62464.93949604,62428.61481329,62445.42230984,281.91048259,28
2026-01-04T02:44:00Z,62445.42230984,62490.79160264,62419.24932285,62464.61057320,371.75127275,37
2026-01-04T02:45:00Z,62464.61057320,62568.26820009,62390.75549820,62494.37792963,281.09289604,28
2026-01-04T02:46:00Z,62494.37792963,62561.03286828,62418.91551470,62485.56104949,48.32741619,4
2026-01-04T02:47:00Z,62485.56104949,62532.81692711,62424.77748428,62472.02312359,319.35539937,31
2026-01-04T02:48:00Z,62472.02312359,62611.68950360,62443.93511624,62583.55135210,612.23157034,61
2026-01-04T02:49:00Z,62583.55135210,62803.07348225,62534.03786347,62753.42559621,191.85611822,19
2026-01-04T02:50:00Z,62753.42559621,62836.81975288,62486.34142983,62569.49115271,397.79229870,39
2026-01-04T02:51:00Z,62569.49115271,62581.98318270,62477.03950912,62489.51557194,148.43472225,14
2026-01-04T02:52:00Z,62489.51557194,62599.79091449,62465.04613983,62575.28789595,131.38900453,13
2026-01-04T02:53:00Z,62575.28789595,62602.67896692,62550.34789553,62577.73798999,263.49263458,26
2026-01-04T02:54:00Z,62577.73798999,62659.09239961,62240.58351892,62321.60494188,372.98651749,37
2026-01-04T02:55:00Z,62321.60494188,62321.91754176,62312.76397225,62313.07652936,328.58275850,32
2026-01-04T02:56:00Z,62313.07652936,62365.75242654,62292.92149799,62345.58687976,249.52933492,24
2026-01-04T02:57:00Z,62345.58687976,62382.25130578,62332.61103696,62369.27053375,431.94149032,43
2026-01-04T02:58:00Z,62369.27053375,62383.41712493,62340.85923199,62355.00258691,155.42257439,15
2026-01-04T02:59:00Z,62355.00258691,62355.15752233,62341.93583426,62342.09073760,796.72342953,79
2026-01-04T03:00:00Z,62342.09073760,62392.37763365,62327.51671712,62377.79526634,514.03014212,51
2026-01-04T03:01:00Z,62377.79526634,62389.94510392,62369.95502668,62382.10432265,491.13163983,49
2026-01-04T03:02:00Z,62382.10432265,62392.61299547,62351.35899837,62361.86426162,533.03533440,53
2026-01-04T03:03:00Z,62361.86426162,62385.60534209,62355.28687044,62379.02614083,284.14002182,28
2026-01-04T03:04:00Z,62379.02614083,62390.12624942,62378.70660160,62389.80665496,58.57174058,5
2026-01-04T03:05:00Z,62389.80665496,62434.31073288,62368.46869219,62412.96484977,258.57290826,25
2026-01-04T03:06:00Z,62412.96484977,62482.57282453,62365.65124343,62435.24233022,435.90270773,43
2026-01-04T03:07:00Z,62435.24233022,62498.69425326,62418.33437673,62481.77369871,1849.50500390,184
2026-01-04T03:08:00Z,62481.77369871,62504.24984856,62451.96707364,62474.44058560,845.78334927,84
2026-01-04T03:09:00Z,62474.44058560,62492.24899248,62464.24364217,62482.05080693,396.68418981,39
2026-01-04T03:10:00Z,62482.05080693,62497.46582556,62432.51613079,62447.92272965,427.67836334,42
2026-01-04T03:11:00Z,62447.92272965,62487.81875884,62412.09380570,62451.98750277,132.40518620,13
2026-01-04T03:12:00Z,62451.98750277,62472.12017388,62408.27930284,62428.40437145,456.48003489,45
2026-01-04T03:13:00Z,62428.40437145,62430.17956108,62426.30911639,62428.08429693,293.58915900,29
2026-01-04T03:14:00Z,62428.08429693,62461.56051300,62367.01555399,62400.47696600,64.49671395,6
2026-01-04T03:15:00Z,62400.47696600,62472.30462894,62352.16385943,62423.97333048,968.57503008,96
2026-01-04T03:16:00Z,62423.97333048,62464.76928840,62415.98161454,62456.77337330,140.74528437,14
2026-01-04T03:17:00Z,62456.77337330,62486.83193946,62438.68388094,62468.73898148,352.20272268,35
2026-01-04T03:18:00Z,62468.73898148,62495.06828732,62458.59531989,62484.92199793,866.10935810,86
2026-01-04T03:19:00Z,62484.92199793,62537.57186378,62433.21427403,62485.86336087,123.10539589,12
2026-01-04T03:20:00Z,62485.86336087,62515.94988121,62477.31801008,62507.40158493,348.15156891,34
2026-01-04T03:21:00Z,62507.40158493,62515.98891156,62456.06007863,62464.64153083,288.33106375,28
2026-01-04T03:22:00Z,62464.64153083,62509.11301112,62459.55510983,62504.02338331,126.88651375,12
2026-01-04T03:23:00Z,62504.02338331,62538.86076649,62399.63434829,62434.43294439,281.41276391,28
2026-01-04T03:24:00Z,62434.43294439,62440.48205346,62382.50131354,62388.54597674,1002.54394942,100
2026-01-04T03:25:00Z,62388.54597674,62400.83124788,62378.30240753,62390.58734350,357.33417946,35
2026-01-04T03:26:00Z,62390.58734350,62393.84304046,62368.26882009,62371.52352225,416.52981503,41
2026-01-04T03:27:00Z,62371.52352225,62388.90410620,62365.13394998,62382.51340809,324.69648062,32
2026-01-04T03:28:00Z,62382.51340809,62408.81740531,62326.91966280,62353.21130459,210.47070862,21
2026-01-04T03:29:00Z,62353.21130459,62396.02788603,62325.99013346,62368.79990947,555.68643060,55
2026-01-04T03:30:00Z,62368.79990947,62420.17564669,62361.58640253,62412.95703259,1179.01400985,117
2026-01-04T03:31:00Z,62412.95703259,62447.41327627,62380.55079246,62415.00597228,364.64081325,36
2026-01-04T03:32:00Z,62415.00597228,62436.41116055,62390.15520061,62411.55920681,206.47715622,20
2026-01-04T03:33:00Z,62411.55920681,62455.86370465,62399.34863395,62443.64685397,200.01897319,20
2026-01-04T03:34:00Z,62443.64685397,62454.62243063,62409.98432847,62420.95591680,226.25438680,22
2026-01-04T03:35:00Z,62420.95591680,62473.31522385,62333.75037963,62386.08043279,641.22489944,64
2026-01-04T03:36:00Z,62386.08043279,62410.30028216,62332.45587611,62356.66430540,492.17486152,49
2026-01-04T03:37:00Z,62356.66430540,62376.17418130,62324.30253745,62343.80839105,457.83740212,45
2026-01-04T03:38:00Z,62343.80839105,62369.77758343,62324.95036406,62350.91740608,175.15717072,17
2026-01-04T03:39:00Z,62350.91740608,62392.05392639,62341.09059108,62382.22217760,451.08471432,45
2026-01-04T03:40:00Z,62382.22217760,62403.82712112,62380.71618728,62402.32064560,511.05903101,51
2026-01-04T03:41:00Z,62402.32064560,62420.04381387,62360.14240211,62377.85862282,86.85477217,8
2026-01-04T03:42:00Z,62377.85862282,62407.00658736,62359.46744743,62388.61224144,114.80509139,11
2026-01-04T03:43:00Z,62388.61224144,62478.38086769,62330.14115530,62419.88047673,267.96698181,26
2026-01-04T03:44:00Z,62419.88047673,62487.27950156,62403.94417004,62471.33005936,673.36728510,67
2026-01-04T03:45:00Z,62471.33005936,62501.92116039,62422.48856111,62453.07072086,424.95970710,42
2026-01-04T03:46:00Z,62453.07072086,62487.06731545,62421.58197502,62455.57730579,138.82935667,13
2026-01-04T03:47:00Z,62455.57730579,62479.45371762,62433.55191005,62457.42766933,175.70464776,17
2026-01-04T03:48:00Z,62457.42766933,62459.96446722,62455.76147394,62458.29824860,167.16287784,16
2026-01-04T03:49:00Z,62458.29824860,62461.73953335,62399.88815870,62403.32641464,77.69310697,7
2026-01-04T03:50:00Z,62403.32641464,62412.02359888,62384.30685340,62393.00259880,132.88363973,13
2026-01-04T03:51:00Z,62393.00259880,62420.72000769,62379.96740878,62407.68175089,272.55353488,27
2026-01-04T03:52:00Z,62407.68175089,62415.72359896,62392.56015334,62400.60108900,217.23025756,21
2026-01-04T03:53:00Z,62400.60108900,62418.53479530,62369.26637410,62387.19622790,49.09160588,4
2026-01-04T03:54:00Z,62387.19622790,62400.89292826,62365.58116953,62379.27613108,399.85462851,39
2026-01-04T03:55:00Z,62379.27613108,62394.39294214,62328.28849304,62343.39660916,96.79727582,9
2026-01-04T03:56:00Z,62343.39660916,62360.79665270,62315.16758727,62332.56460760,106.99157610,10
2026-01-04T03:57:00Z,62332.56460760,62357.95077200,62320.49968753,62345.88327401,387.36337905,38
2026-01-04T03:58:00Z,62345.88327401,62350.92694169,62332.36518918,62337.40817123,170.46346458,17
2026-01-04T03:59:00Z,62337.40817123,62379.33454956,62310.38014831,62352.30006986,251.61459723,25
2026-01-04T04:00:00Z,62352.30006986,62357.46417341,62311.58979480,62316.75095412,334.77150059,33
2026-01-04T04:01:00Z,62316.75095412,62385.62568353,62307.55173751,62376.41765891,266.64037944,26
2026-01-04T04:02:00Z,62376.41765891,62397.91265299,62350.86880690,62372.36240353,86.06243852,8
2026-01-04T04:03:00Z,62372.36240353,62439.06348674,62325.60836662,62392.29450881,583.65103465,58
2026-01-04T04:04:00Z,62392.29450881,62416.32168895,62370.67011880,62394.69646646,74.51053642,7
2026-01-04T04:05:00Z,62394.69646646,62418.92591466,62342.78603909,62367.00473389,410.45696485,41
2026-01-04T04:06:00Z,62367.00473389,62409.22989504,62348.48290255,62390.70102634,1336.20091018,133
2026-01-04T04:07:00Z,62390.70102634,62417.47597902,62338.73341244,62365.49754905,82.29909438,8
2026-01-04T04:08:00Z,62365.49754905,62407.38663366,62295.30021575,62337.17027377,316.66458283,31
2026-01-04T04:09:00Z,62337.17027377,62342.86382498,62326.82585954,62332.51898594,143.57364065,14
2026-01-04T04:10:00Z,62332.51898594,62337.43037061,62331.46043985,62336.37175910,359.58497106,35
2026-01-04T04:11:00Z,62336.37175910,62384.52085176,62311.01583729,62359.15566239,323.31955519,32
2026-01-04T04:12:00Z,62359.15566239,62422.49101674,62326.26129189,62389.58059713,622.49503900,62
2026-01-04T04:13:00Z,62389.58059713,62418.66730337,62383.20904667,62412.29343336,404.74790388,40
2026-01-04T04:14:00Z,62412.29343336,62473.94813219,62355.07049143,62416.72113072,430.76789610,43
2026-01-04T04:15:00Z,62416.72113072,62464.71231371,62367.31846418,62415.30856107,498.38492062,49
2026-01-04T04:16:00Z,62415.30856107,62476.16086158,62370.90633838,62431.74694463,468.96327473,46
2026-01-04T04:17:00Z,62431.74694463,62458.24387896,62390.69647727,62417.18723225,554.19268422,55
2026-01-04T04:18:00Z,62417.18723225,62445.85939316,62412.25764239,62440.92792831,706.59488668,70
2026-01-04T04:19:00Z,62440.92792831,62444.08182321,62430.09717875,62433.25068587,16.60465050,1
2026-01-04T04:20:00Z,62433.25068587,62468.42487839,62376.15674944,62411.31858566,544.80364375,54
2026-01-04T04:21:00Z,62411.31858566,62426.79044105,62406.92080848,62422.39188359,66.51441416,6
2026-01-04T04:22:00Z,62422.39188359,62435.26842091,62413.65403788,62426.52999595,57.47570061,5
2026-01-04T04:23:00Z,62426.52999595,62471.81817265,62405.24090536,62450.52090053,657.08883600,65
2026-01-04T04:24:00Z,62450.52090053,62465.53000293,62422.27323642,62437.27915635,581.35700775,58
2026-01-04T04:25:00Z,62437.27915635,62444.31081445,62426.95611658,62433.98740396,418.08819680,41
2026-01-04T04:26:00Z,62433.98740396,62463.61781258,62386.02388392,62415.64558774,37.44397939,3
2026-01-04T04:27:00Z,62415.64558774,62422.04265580,62373.73043214,62380.12385953,530.05655866,53
2026-01-04T04:28:00Z,62380.12385953,62387.81486915,62322.94247681,62330.62738389,766.59534006,76
2026-01-04T04:29:00Z,62330.62738389,62350.14720780,62298.23757447,62317.75336668,222.47428323,22
2026-01-04T04:30:00Z,62317.75336668,62318.10553986,62291.08444896,62291.43647342,625.58719743,62
2026-01-04T04:31:00Z,62291.43647342,62334.23184723,62261.24061055,62304.02987969,78.96959578,7
2026-01-04T04:32:00Z,62304.02987969,62330.84802230,62303.16494570,62329.98272802,84.33408000,8
2026-01-04T04:33:00Z,62329.98272802,62363.43521835,62245.19905687,62278.62398297,610.85709650,61
2026-01-04T04:34:00Z,62278.62398297,62310.13687307,62276.72224330,62308.23422923,571.75113588,57
2026-01-04T04:35:00Z,62308.23422923,62335.82409365,62221.97362926,62249.53750299,876.58449886,87
2026-01-04T04:36:00Z,62249.53750299,62253.10376775,62234.82429410,62238.38992021,27.72645264,2
2026-01-04T04:37:00Z,62238.38992021,62270.10161309,62155.65514634,62187.34082869,738.38225393,73
2026-01-04T04:38:00Z,62187.34082869,62192.57696953,62181.74268059,62186.97879094,48.80914243,4
2026-01-04T04:39:00Z,62186.97879094,62195.38861527,62172.06373775,62180.47268222,93.83323869,9
2026-01-04T04:40:00Z,62180.47268222,62237.49756458,62179.12774718,62236.15142524,458.79503278,45
2026-01-04T04:41:00Z,62236.15142524,62287.04356540,62179.75557476,62230.64321071,247.39867949,24
2026-01-04T04:42:00Z,62230.64321071,62294.80433691,62205.94721012,62270.09268094,516.00120348,51
2026-01-04T04:43:00Z,62270.09268094,62295.23820241,62214.47256814,62239.60577858,140.60781820,14
2026-01-04T04:44:00Z,62239.60577858,62281.42530609,62200.96538573,62242.78294076,528.54000355,52
2026-01-04T04:45:00Z,62242.78294076,62252.08800451,62150.22920088,62159.52181740,1654.80013098,165
2026-01-04T04:46:00Z,62159.52181740,62184.68038876,62146.83691398,62171.99294035,543.03877872,54
2026-01-04T04:47:00Z,62171.99294035,62190.37033632,62168.18071254,62186.55721546,221.63339924,22
2026-01-04T04:48:00Z,62186.55721546,62188.51729531,62180.57699781,62182.53695094,194.50940537,19
2026-01-04T04:49:00Z,62182.53695094,62283.63869515,62151.38639517,62252.45311463,215.60289861,21
2026-01-04T04:50:00Z,62252.45311463,62260.06440116,62251.73921072,62259.35041815,379.13265490,37
2026-01-04T04:51:00Z,62259.35041815,62444.80111683,62069.22645110,62254.66318802,278.49653041,27
2026-01-04T04:52:00Z,62254.66318802,62271.24385983,62131.28568130,62147.83790167,1102.95605431,110
2026-01-04T04:53:00Z,62147.83790167,62200.79271619,62116.48994092,62169.43386224,120.81168333,12
2026-01-04T04:54:00Z,62169.43386224,62214.91300695,61866.64457426,61911.93534968,683.50062908,68
2026-01-04T04:55:00Z,61911.93534968,62023.46715474,61573.25904948,61684.38092461,1318.74850744,131
2026-01-04T04:56:00Z,61684.38092461,61756.44826586,61517.30468785,61589.26089810,393.37417302,39
2026-01-04T04:57:00Z,61589.26089810,61637.23313706,61567.37472388,61615.33769627,55.98158668,5
2026-01-04T04:58:00Z,61615.33769627,61673.47454958,61489.68442164,61547.75750999,276.00800094,27
2026-01-04T04:59:00Z,61547.75750999,61642.09996197,61244.22229427,61338.24359635,723.97907130,72
2026-01-04T05:00:00Z,61338.24359635,61591.10158905,60970.08761071,61222.46833673,215.00417918,21
2026-01-04T05:01:00Z,61222.46833673,61321.07595918,61202.08676217,61300.66835105,215.35723593,21
2026-01-04T05:02:00Z,61300.66835105,61312.06801717,61296.71822572,61308.11741183,209.30350031,20
2026-01-04T05:03:00Z,61308.11741183,61394.36141032,61170.00920575,61256.18014249,96.98958580,9
2026-01-04T05:04:00Z,61256.18014249,61416.73266583,61117.83405207,61278.33653556,8.97813263,1
2026-01-04T05:05:00Z,61278.33653556,61321.29614090,61135.04527892,61177.93449671,330.14846517,33
2026-01-04T05:06:00Z,61177.93449671,61194.28177863,61145.56670261,61161.90970257,34.76731569,3
2026-01-04T05:07:00Z,61161.90970257,61237.00983516,61138.98062635,61214.06120780,484.68427643,48
2026-01-04T05:08:00Z,61214.06120780,61243.85663279,61169.87724845,61199.66566654,11.00055550,1
2026-01-04T05:09:00Z,61199.66566654,61206.42621878,61177.56666476,61184.32552242,747.65107975,74
2026-01-04T05:10:00Z,61184.32552242,61218.01990906,61127.67532737,61161.35706522,530.91690355,53
2026-01-04T05:11:00Z,61161.35706522,61190.48111086,61093.45632895,61122.56190096,209.53146380,20
2026-01-04T05:12:00Z,61122.56190096,61161.18508071,61071.67030088,61110.28572334,134.20358809,13
2026-01-04T05:13:00Z,61110.28572334,61122.76704576,61032.60083356,61045.06883592,488.04135262,48
2026-01-04T05:14:00Z,61045.06883592,61117.90842946,60995.66664780,61068.48728939,632.89076399,63
2026-01-04T05:15:00Z,61068.48728939,61095.16232091,61026.93981902,61053.60835134,174.87227947,17
2026-01-04T05:16:00Z,61053.60835134,61090.29183683,61035.60725425,61072.28523303,100.03709205,10
2026-01-04T05:17:00Z,61072.28523303,61094.72584657,61052.54363282,61074.98337419,316.34132383,31
2026-01-04T05:18:00Z,61074.98337419,61081.18564821,61034.32208079,61040.52085509,166.98586686,16
2026-01-04T05:19:00Z,61040.52085509,61172.29214582,61015.71874965,61147.44659411,1085.44292934,108
2026-01-04T05:20:00Z,61147.44659411,61176.84810159,61138.21334606,61167.61180860,450.91991689,45
2026-01-04T05:21:00Z,61167.61180860,61215.98958362,61150.58105378,61198.95010335,521.58999166,52
2026-01-04T05:22:00Z,61198.95010335,61227.27945795,61194.06706869,61222.39455267,110.21094993,11
2026-01-04T05:23:00Z,61222.39455267,61299.69689689,61206.92593765,61284.21266274,366.51247201,36
2026-01-04T05:24:00Z,61284.21266274,61363.79237620,61263.09769101,61342.65726786,787.33837611,78
2026-01-04T05:25:00Z,61342.65726786,61416.28956215,61341.84299813,61415.47432583,1291.60003808,129
2026-01-04T05:26:00Z,61415.47432583,61495.16241323,61366.81973583,61446.48325733,101.03537595,10
2026-01-04T05:27:00Z,61446.48325733,61501.34717707,61422.79513609,61477.64704194,749.94305881,74
2026-01-04T05:28:00Z,61477.64704194,61584.33804146,61460.05717877,61566.72269214,1232.07336511,123
2026-01-04T05:29:00Z,61566.72269214,61571.42715231,61563.99817894,61568.70255150,267.57624559,26
2026-01-04T05:30:00Z,61568.70255150,61583.93265036,61538.57021592,61553.79662754,614.85225759,61
2026-01-04T05:31:00Z,61553.79662754,61604.10284583,61546.99650314,61597.29791565,375.99719278,37
2026-01-04T05:32:00Z,61597.29791565,61676.33746628,61550.95944565,61629.97441437,812.15043612,81
2026-01-04T05:33:00Z,61629.97441437,61670.00909925,61623.86336372,61663.89468516,1236.04965675,123
2026-01-04T05:34:00Z,61663.89468516,61683.71245182,61662.62929716,61682.44668312,881.63520555,88
2026-01-04T05:35:00Z,61682.44668312,61730.32208387,61663.58261950,61711.44915056,1003.37745234,100
2026-01-04T05:36:00Z,61711.44915056,61747.98750572,61694.72214743,61731.25513414,337.98267310,33
2026-01-04T05:37:00Z,61731.25513414,61757.99292043,61729.54773690,61756.28483090,804.56533251,80
2026-01-04T05:38:00Z,61756.28483090,61772.93584016,61721.95535173,61738.60159316,547.47566898,54
2026-01-04T05:39:00Z,61738.60159316,61767.65587950,61721.36367431,61750.41466234,60.84895008,6
2026-01-04T05:40:00Z,61750.41466234,61826.58698615,61727.27115276,61803.42360928,672.93135963,67
2026-01-04T05:41:00Z,61803.42360928,61813.07060555,61791.21393516,61800.86053135,304.07372432,30
2026-01-04T05:42:00Z,61800.86053135,61857.22572311,61793.35916624,61849.71842765,904.68202981,90
2026-01-04T05:43:00Z,61849.71842765,61914.09041086,61826.06726506,61890.42368269,158.13788985,15
2026-01-04T05:44:00Z,61890.42368269,61951.34009603,61869.20858909,61930.11139809,274.24623095,27
2026-01-04T05:45:00Z,61930.11139809,61960.58815177,61929.54435137,61960.02083120,263.28040136,26
2026-01-04T05:46:00Z,61960.02083120,61989.25359887,61934.14521725,61963.37658350,154.31223892,15
2026-01-04T05:47:00Z,61963.37658350,62011.29737622,61926.22000947,61974.13435125,778.91135813,77
2026-01-04T05:48:00Z,61974.13435125,61994.31827698,61934.60755219,61954.78517623,144.09874024,14
2026-01-04T05:49:00Z,61954.78517623,62046.12937157,61923.97774488,62015.29185287,609.68210218,60
2026-01-04T05:50:00Z,62015.29185287,62016.55950554,62013.25647872,62014.52411569,264.97158875,26
2026-01-04T05:51:00Z,62014.52411569,62083.38740184,61966.30883778,62035.15608291,267.60060773,26
2026-01-04T05:52:00Z,62035.15608291,62078.93036541,61976.15962916,62019.92316275,218.33096166,21
2026-01-04T05:53:00Z,62019.92316275,62032.04425204,61970.06980186,61982.18351537,1003.04849683,100
2026-01-04T05:54:00Z,61982.18351537,61992.27348797,61960.18210830,61970.27014155,367.16363641,36
2026-01-04T05:55:00Z,61970.27014155,61994.41032239,61899.61470241,61923.73675642,748.70684622,74
2026-01-04T05:56:00Z,61923.73675642,61932.96333315,61916.87365304,61926.09996785,458.83655580,45
2026-01-04T05:57:00Z,61926.09996785,61947.33886146,61877.87162868,61899.10126250,522.39391151,52
2026-01-04T05:58:00Z,61899.10126250,61915.29967323,61896.71795919,61912.91583802,169.01138546,16
2026-01-04T05:59:00Z,61912.91583802,61979.45505847,61871.45372085,61937.97615879,494.38294983,49
2026-01-04T06:00:00Z,61937.97615879,61980.26541964,61913.21322780,61955.49548438,231.06298138,23
2026-01-04T06:01:00Z,61955.49548438,61970.39968397,61891.53742685,61906.42982306,591.68271452,59
2026-01-04T06:02:00Z,61906.42982306,61965.56624544,61873.71721229,61932.83967917,532.49725719,53
2026-01-04T06:03:00Z,61932.83967917,61980.23730053,61931.18395195,61978.58035046,302.41909878,30
2026-01-04T06:04:00Z,61978.58035046,62018.81936649,61917.32401163,61957.54937350,823.15001405,82
2026-01-04T06:05:00Z,61957.54937350,61990.38241204,61902.70190150,61935.52326779,461.67766461,46
2026-01-04T06:06:00Z,61935.52326779,61974.14440101,61918.56852875,61957.18373246,89.19458951,8
2026-01-04T06:07:00Z,61957.18373246,62030.19817770,61938.07498259,62011.07280744,405.91833592,40
2026-01-04T06:08:00Z,62011.07280744,62018.60178343,62007.13142595,62014.66017392,114.75184709,11
2026-01-04T06:09:00Z,62014.66017392,62039.95800791,62010.34524521,62035.64161932,328.26054870,32
2026-01-04T06:10:00Z,62035.64161932,62119.61078824,62002.97966530,62086.92183503,1565.42744162,156
2026-01-04T06:11:00Z,62086.92183503,62117.91141766,62028.27300682,62059.24877694,104.04064234,10
2026-01-04T06:12:00Z,62059.24877694,62113.07285315,62018.08710489,62071.90278815,89.34151927,8
2026-01-04T06:13:00Z,62071.90278815,62084.28808812,62051.49568872,62063.87938777,578.54325129,57
2026-01-04T06:14:00Z,62063.87938777,62082.96096156,62044.51972167,62063.60120994,350.92390566,35
2026-01-04T06:15:00Z,62063.60120994,62067.84694676,62041.51418282,62045.75869905,329.65219292,32
2026-01-04T06:16:00Z,62045.75869905,62102.13110140,62003.72639472,62060.08908908,204.05427479,20
2026-01-04T06:17:00Z,62060.08908908,62106.67470092,62038.21484647,62084.79175139,378.03478093,37
2026-01-04T06:18:00Z,62084.79175139,62092.59274980,62078.36719320,62086.16804919,36.41444257,3
2026-01-04T06:19:00Z,62086.16804919,62183.99363326,62039.53636437,62137.32352658,481.08591381,48
2026-01-04T06:20:00Z,62137.32352658,62159.52644803,62120.56950694,62142.77095961,153.06348092,15
2026-01-04T06:21:00Z,62142.77095961,62145.93266936,62111.00636388,62114.16661830,280.11227386,28
2026-01-04T06:22:00Z,62114.16661830,62162.71961966,62094.76883299,62143.31273224,61.14523799,6
2026-01-04T06:23:00Z,62143.31273224,62186.53154394,62140.36714393,62183.58404678,215.96805861,21
2026-01-04T06:24:00Z,62183.58404678,62212.43136012,62137.92547656,62166.76498744,578.60942543,57
2026-01-04T06:25:00Z,62166.76498744,62182.33703482,62141.87560416,62157.44531707,119.04782427,11
2026-01-04T06:26:00Z,62157.44531707,62221.42044148,62130.42855704,62194.38762447,425.29752906,42
2026-01-04T06:27:00Z,62194.38762447,62199.98951249,62189.00560375,62194.60747275,92.73061719,9
2026-01-04T06:28:00Z,62194.60747275,62220.45975386,62181.86247014,62207.71206585,401.95688429,40
2026-01-04T06:29:00Z,62207.71206585,62227.76072030,62202.43356295,62222.48096422,91.27535970,9
2026-01-04T06:30:00Z,62222.48096422,62245.90660593,62200.77047148,62224.19551495,396.49036109,39
2026-01-04T06:31:00Z,62224.19551495,62265.00018584,62218.46073322,62259.26217225,747.12113164,74
2026-01-04T06:32:00Z,62259.26217225,62262.73360511,62202.47619888,62205.94465888,893.15048614,89
2026-01-04T06:33:00Z,62205.94465888,62237.35982306,62193.76233262,62225.17373100,156.76903655,15
2026-01-04T06:34:00Z,62225.17373100,62272.61731897,62192.52159950,62239.95742985,247.19929316,24
2026-01-04T06:35:00Z,62239.95742985,62379.68608320,62202.28164132,62341.94855626,369.11496598,36
2026-01-04T06:36:00Z,62341.94855626,62400.15181540,62322.28070747,62380.47181317,210.48020154,21
2026-01-04T06:37:00Z,62380.47181317,62449.63588656,62269.39290577,62338.51045469,292.09730774,29
2026-01-04T06:38:00Z,62338.51045469,62394.42707136,62303.47422471,62359.37911253,101.16410794,10
2026-01-04T06:39:00Z,62359.37911253,62444.99697963,62299.94686782,62385.53980220,237.82538076,23
2026-01-04T06:40:00Z,62385.53980220,62401.92423083,62372.13569476,62388.51948318,313.29673536,31
2026-01-04T06:41:00Z,62388.51948318,62399.13655923,62345.80211406,62356.41372646,112.97091649,11
2026-01-04T06:42:00Z,62356.41372646,62389.73550762,62292.62383661,62325.92932764,171.40125910,17
2026-01-04T06:43:00Z,62325.92932764,62349.56413102,62309.92403388,62333.55687850,645.28995511,64
2026-01-04T06:44:00Z,62333.55687850,62356.54106371,62309.41633292,62332.40009159,147.81203372,14
2026-01-04T06:45:00Z,62332.40009159,62362.14395206,62284.49829865,62314.23349036,446.06286162,44
2026-01-04T06:46:00Z,62314.23349036,62409.17095950,62303.30205885,62398.22479388,700.21267457,70
2026-01-04T06:47:00Z,62398.22479388,62440.99167091,62310.25609924,62352.99197433,363.08793888,36
2026-01-04T06:48:00Z,62352.99197433,62385.05119838,62344.84434546,62376.90044541,173.71179857,17
2026-01-04T06:49:00Z,62376.90044541,62399.12681539,62345.68878744,62367.91195461,245.71912910,24
2026-01-04T06:50:00Z,62367.91195461,62460.81140444,62336.44111229,62429.30958088,192.86512751,19
2026-01-04T06:51:00Z,62429.30958088,62441.42769319,62363.36333668,62375.47099842,364.70739409,36
2026-01-04T06:52:00Z,62375.47099842,62377.77111628,62366.93896314,62369.23885119,478.84266671,47
2026-01-04T06:53:00Z,62369.23885119,62402.73151239,62261.07862305,62294.53116576,790.49966673,79
2026-01-04T06:54:00Z,62294.53116576,62317.16500065,62266.61660309,62289.24851860,149.50756700,14
2026-01-04T06:55:00Z,62289.24851860,62310.25590811,62287.65471603,62308.66160882,576.23459955,57
2026-01-04T06:56:00Z,62308.66160882,62339.99725895,62298.41415105,62329.74633353,535.83911784,53
2026-01-04T06:57:00Z,62329.74633353,62345.95900560,62255.05265477,62271.25011131,700.55033669,70
2026-01-04T06:58:00Z,62271.25011131,62300.68385720,62247.47654471,62276.90813051,250.42256550,25
2026-01-04T06:59:00Z,62276.90813051,62305.49783246,62249.51823838,62278.10741288,30.29943109,3
2026-01-04T07:00:00Z,62278.10741288,62294.50429221,62244.17908561,62260.57134796,426.70004197,42
2026-01-04T07:01:00Z,62260.57134796,62277.49633175,62203.61377573,62220.52787405,2201.93621634,220
2026-01-04T07:02:00Z,62220.52787405,62228.13707498,62166.69727998,62174.30082762,1186.96387492,118
2026-01-04T07:03:00Z,62174.30082762,62248.88613582,62137.57376437,62212.13672248,755.41977826,75
2026-01-04T07:04:00Z,62212.13672248,62263.91116455,62189.90060279,62241.66449091,86.39214526,8
2026-01-04T07:05:00Z,62241.66449091,62267.39327505,62210.03462872,62235.76097253,162.34242719,16
2026-01-04T07:06:00Z,62235.76097253,62271.90902879,62196.71567839,62232.86205089,43.67677746,4
2026-01-04T07:07:00Z,62232.86205089,62286.23282535,62201.06530386,62254.42506109,160.85678715,16
2026-01-04T07:08:00Z,62254.42506109,62282.70566287,62168.67055591,62196.92503689,831.16361995,83
2026-01-04T07:09:00Z,62196.92503689,62200.33533433,62177.62445578,62181.03388190,50.40134370,5
2026-01-04T07:10:00Z,62181.03388190,62184.45799752,62173.84179432,62177.26570244,541.40503232,54
2026-01-04T07:11:00Z,62177.26570244,62195.76093718,62172.65946045,62191.15366634,421.88460840,42
2026-01-04T07:12:00Z,62191.15366634,62227.61779768,62186.13603158,62222.59762599,1002.05777023,100
2026-01-04T07:13:00Z,62222.59762599,62224.48973601,62222.38646127,62224.27856559,127.38875082,12
2026-01-04T07:14:00Z,62224.27856559,62261.65460373,62217.94658998,62255.31946939,1093.34672171,109
2026-01-04T07:15:00Z,62255.31946939,62314.80861239,62222.45227364,62281.92736921,193.62587378,19
2026-01-04T07:16:00Z,62281.92736921,62296.48206445,62262.37511318,62276.92864026,39.60294504,3
2026-01-04T07:17:00Z,62276.92864026,62310.30740465,62274.14582658,62307.52322386,347.19089260,34
2026-01-04T07:18:00Z,62307.52322386,62366.88027782,62264.38737838,62323.73321008,276.55217977,27
2026-01-04T07:19:00Z,62323.73321008,62354.98445456,62281.32126014,62312.56690545,152.19787794,15
2026-01-04T07:20:00Z,62312.56690545,62323.05130282,62303.52165124,62314.00583973,125.37749193,12
2026-01-04T07:21:00Z,62314.00583973,62351.92382826,62250.00525372,62287.90736135,109.28171146,10
2026-01-04T07:22:00Z,62287.90736135,62304.25237859,62286.44840586,62302.79307443,475.80373939,47
2026-01-04T07:23:00Z,62302.79307443,62312.15122852,62247.76425695,62257.11555007,318.64155641,31
2026-01-04T07:24:00Z,62257.11555007,62259.31678347,62242.52199994,62244.72279516,366.37585377,36
2026-01-04T07:25:00Z,62244.72279516,62268.94791834,62188.80085327,62213.01363551,606.67812332,60
2026-01-04T07:26:00Z,62213.01363551,62233.19538954,62169.61301097,62189.78723041,490.87139306,49
2026-01-04T07:27:00Z,62189.78723041,62190.49350847,62172.02282557,62172.72890990,587.35117098,58
2026-01-04T07:28:00Z,62172.72890990,62233.93597749,62134.57560269,62195.76853164,195.13536503,19
2026-01-04T07:29:00Z,62195.76853164,62237.70566808,62175.53237715,62217.46245521,416.22896217,41
2026-01-04T07:30:00Z,62217.46245521,62244.73020496,62190.74039073,62218.00790621,254.96664978,25
2026-01-04T07:31:00Z,62218.00790621,62254.78016211,62138.15488894,62174.90166808,283.14116777,28
2026-01-04T07:32:00Z,62174.90166808,62210.49847858,62155.90134581,62191.49308607,22.38257830,2
2026-01-04T07:33:00Z,62191.49308607,62213.78158544,62177.81873858,62200.10534433,113.76001702,11
2026-01-04T07:34:00Z,62200.10534433,62237.73484933,62197.30879902,62234.93673798,505.90354603,50
2026-01-04T07:35:00Z,62234.93673798,62249.38852701,62194.33116875,62208.77688311,268.48489416,26
2026-01-04T07:36:00Z,62208.77688311,62232.93914628,62166.99989540,62191.15531424,398.52691677,39
2026-01-04T07:37:00Z,62191.15531424,62221.12245440,62177.66626401,62207.62983090,358.37774077,35
2026-01-04T07:38:00Z,62207.62983090,62239.60397186,62203.08405272,62235.05618952,159.89712539,15
2026-01-04T07:39:00Z,62235.05618952,62293.61020507,62220.81969534,62279.36357542,951.58035325,95
2026-01-04T07:40:00Z,62279.36357542,62310.06171007,62263.15521906,62293.84958369,294.29940409,29
2026-01-04T07:41:00Z,62293.84958369,62335.77289982,62252.43475146,62294.35772977,226.13100847,22
2026-01-04T07:42:00Z,62294.35772977,62323.66594757,62268.54601460,62297.85278422,427.60471988,42
2026-01-04T07:43:00Z,62297.85278422,62303.28230642,62289.17569458,62294.60493371,224.40586031,22
2026-01-04T07:44:00Z,62294.60493371,62346.73940481,62270.03390405,62322.15750752,585.37431800,58
2026-01-04T07:45:00Z,62322.15750752,62339.35749255,62299.42538225,62316.62384008,174.28589373,17
2026-01-04T07:46:00Z,62316.62384008,62329.25581645,62272.73284750,62285.35848619,288.46093656,28
2026-01-04T07:47:00Z,62285.35848619,62348.40459249,62173.49135274,62236.48799164,1953.21822451,195
2026-01-04T07:48:00Z,62236.48799164,62238.88045893,62217.28601391,62219.67783500,389.53540625,38
2026-01-04T07:49:00Z,62219.67783500,62322.64492577,62167.22080151,62270.14534343,912.58207850,91
2026-01-04T07:50:00Z,62270.14534343,62296.34864312,62236.31894950,62262.51904004,86.08651173,8
2026-01-04T07:51:00Z,62262.51904004,62267.08225653,62227.27151753,62231.83248500,521.03298210,52
2026-01-04T07:52:00Z,62231.83248500,62241.20827848,62226.43869031,62235.81413869,227.90321560,22
2026-01-04T07:53:00Z,62235.81413869,62247.06808909,62211.75805103,62223.00968604,238.77721088,23
2026-01-04T07:54:00Z,62223.00968604,62256.37683692,62171.78023198,62205.13779904,108.88205905,10
2026-01-04T07:55:00Z,62205.13779904,62283.77760423,62184.08165499,62262.70197499,238.96375046,23
2026-01-04T07:56:00Z,62262.70197499,62265.07290449,62231.99045255,62234.36030282,394.65876785,39
2026-01-04T07:57:00Z,62234.36030282,62268.17399158,62171.75192234,62205.54995763,969.96120791,96
2026-01-04T07:58:00Z,62205.54995763,62212.10523828,62193.74093224,62200.29565920,14.71764365,1
2026-01-04T07:59:00Z,62200.29565920,62228.17030813,62183.13099834,62211.00269259,263.86725522,26
2026-01-04T08:00:00Z,62211.00269259,62246.68527675,62194.02739836,62229.70487933,241.91765967,24
2026-01-04T08:01:00Z,62229.70487933,62264.06640177,62220.53006941,62254.88787901,425.29167698,42
2026-01-04T08:02:00Z,62254.88787901,62265.53790429,62242.19593171,62252.84560762,143.36507261,14
2026-01-04T08:03:00Z,62252.84560762,62304.91885419,62234.23968072,62286.30292768,800.68774363,80
2026-01-04T08:04:00Z,62286.30292768,62355.42441333,62282.27125350,62351.38852628,555.16309516,55
2026-01-04T08:05:00Z,62351.38852628,62357.02622088,62340.97489418,62346.61215692,148.46819636,14
2026-01-04T08:06:00Z,62346.61215692,62364.84154117,62296.57226701,62314.79234754,299.37674979,29
2026-01-04T08:07:00Z,62314.79234754,62325.12428574,62300.65425413,62310.98556115,342.58086416,34
2026-01-04T08:08:00Z,62310.98556115,62325.48606207,62281.41097771,62295.90796991,124.78516963,12
2026-01-04T08:09:00Z,62295.90796991,62340.17636722,62268.08873713,62312.34979208,371.62417856,37
2026-01-04T08:10:00Z,62312.34979208,62347.49205049,62252.92831042,62288.05686835,278.63842534,27
2026-01-04T08:11:00Z,62288.05686835,62301.58842595,62276.88854588,62290.41967982,61.73470697,6
2026-01-04T08:12:00Z,62290.41967982,62294.11653693,62221.80574395,62225.49874809,1053.48328087,105
2026-01-04T08:13:00Z,62225.49874809,62300.23093567,62188.46233385,62263.17209838,1013.70554427,101
2026-01-04T08:14:00Z,62263.17209838,62276.92503078,62194.99755443,62208.73846332,977.84457610,97
2026-01-04T08:15:00Z,62208.73846332,62287.36875013,62167.06230550,62245.66785182,507.01163650,50
2026-01-04T08:16:00Z,62245.66785182,62278.70029811,62229.71009723,62262.73816725,99.82013374,9
2026-01-04T08:17:00Z,62262.73816725,62263.35421648,62262.45900082,62263.07504854,347.26837695,34
2026-01-04T08:18:00Z,62263.07504854,62320.21251972,62233.18646541,62290.31086239,266.15382504,26
2026-01-04T08:19:00Z,62290.31086239,62307.75953155,62289.73133471,62307.17984693,141.16622443,14
2026-01-04T08:20:00Z,62307.17984693,62367.17890168,62270.91357689,62330.89882588,682.66218623,68
2026-01-04T08:21:00Z,62330.89882588,62382.54798150,62252.89379294,62304.52109122,496.71196486,49
2026-01-04T08:22:00Z,62304.52109122,62342.80162002,62281.66049462,62319.93536766,485.79778657,48
2026-01-04T08:23:00Z,62319.93536766,62356.00379811,62307.85321571,62343.91699677,298.22396293,29
2026-01-04T08:24:00Z,62343.91699677,62418.54366297,62333.05451313,62407.67007132,198.84683803,19
2026-01-04T08:25:00Z,62407.67007132,62425.03851178,62335.06049989,62352.41356212,283.00581125,28
2026-01-04T08:26:00Z,62352.41356212,62413.86449790,62282.56669977,62344.00935284,343.78118685,34
2026-01-04T08:27:00Z,62344.00935284,62379.42139260,62239.30054222,62274.67319833,378.27356271,37
2026-01-04T08:28:00Z,62274.67319833,62323.26077194,62210.19167038,62258.76683362,22.73691922,2
2026-01-04T08:29:00Z,62258.76683362,62276.80923734,62235.10526840,62253.14604322,137.12618708,13
2026-01-04T08:30:00Z,62253.14604322,62270.87314863,62202.62556843,62220.34333299,73.93329505,7
2026-01-04T08:31:00Z,62220.34333299,62275.52307142,62190.39137147,62245.55897145,726.09136312,72
2026-01-04T08:32:00Z,62245.55897145,62264.15856638,62211.89499623,62230.49008842,80.14288110,8
2026-01-04T08:33:00Z,62230.49008842,62242.00628700,62205.38597406,62216.89965764,395.50696280,39
2026-01-04T08:34:00Z,62216.89965764,62270.14053108,62204.03478206,62257.26730850,612.64351388,61
2026-01-04T08:35:00Z,62257.26730850,62299.81236256,62247.73678535,62290.27678622,441.06875692,44
2026-01-04T08:36:00Z,62290.27678622,62319.78850926,62284.55810541,62314.06764428,156.80020664,15
2026-01-04T08:37:00Z,62314.06764428,62319.92086794,62295.35075116,62301.20276641,163.11833142,16
2026-01-04T08:38:00Z,62301.20276641,62317.69730227,62290.51622249,62307.00976227,46.50252711,4
2026-01-04T08:39:00Z,62307.00976227,62315.98038608,62286.67417187,62295.64315918,190.88396239,19
2026-01-04T08:40:00Z,62295.64315918,62327.47607244,62262.70401150,62294.53635918,41.28324895,4
2026-01-04T08:41:00Z,62294.53635918,62340.52384854,62263.67217730,62309.65217743,157.59551107,15
2026-01-04T08:42:00Z,62309.65217743,62342.39701690,62283.68248494,62316.42450181,19.94696661,1
2026-01-04T08:43:00Z,62316.42450181,62353.28671290,62300.00249780,62336.85932377,1036.65536355,103
2026-01-04T08:44:00Z,62336.85932377,62360.23351451,62332.76226127,62356.13518511,22.17949009,2
2026-01-04T08:45:00Z,62356.13518511,62384.14915811,62319.31714166,62347.32715760,95.11135010,9
2026-01-04T08:46:00Z,62347.32715760,62387.79277792,62324.50119524,62364.96035987,109.45327958,10
2026-01-04T08:47:00Z,62364.96035987,62384.81101649,62336.24693598,62356.09477070,68.39517525,6
2026-01-04T08:48:00Z,62356.09477070,62418.15664740,62334.14783458,62396.19559734,76.33776761,7
2026-01-04T08:49:00Z,62396.19559734,62410.52690641,62340.93800727,62355.25991414,783.75003923,78
2026-01-04T08:50:00Z,62355.25991414,62406.47294196,62330.79786526,62382.00040275,227.91305831,22
2026-01-04T08:51:00Z,62382.00040275,62413.41713328,62368.39399023,62399.80683692,380.95669884,38
2026-01-04T08:52:00Z,62399.80683692,62413.82544899,62362.23080229,62376.24412081,270.05108404,27
2026-01-04T08:53:00Z,62376.24412081,62461.53875201,62349.06147535,62434.33079323,322.35090098,32
2026-01-04T08:54:00Z,62434.33079323,62448.29560285,62362.61450211,62376.56639145,870.15534065,87
2026-01-04T08:55:00Z,62376.56639145,62407.07584605,62350.10931203,62380.61704855,280.18169747,28
2026-01-04T08:56:00Z,62380.61704855,62398.11628242,62355.91178791,62373.40899975,202.44505644,20
2026-01-04T08:57:00Z,62373.40899975,62402.54338450,62334.27267120,62363.40238190,331.73770914,33
2026-01-04T08:58:00Z,62363.40238190,62377.74099538,62355.78105613,62370.11884880,163.91048329,16
2026-01-04T08:59:00Z,62370.11884880,62412.78962648,62359.95197878,62402.61745891,869.33445876,86
2026-01-04T09:00:00Z,62402.61745891,62434.08647070,62323.19333307,62354.63814938,683.72392593,68
2026-01-04T09:01:00Z,62354.63814938,62409.93660115,62325.92833213,62381.21454738,878.59087988,87
2026-01-04T09:02:00Z,62381.21454738,62399.29344171,62371.32475537,62389.40235162,421.75123073,42
2026-01-04T09:03:00Z,62389.40235162,62402.51308684,62378.03196213,62391.14238023,116.12620784,11
2026-01-04T09:04:00Z,62391.14238023,62400.68147911,62306.64846684,62316.17610398,1066.56944767,106
2026-01-04T09:05:00Z,62316.17610398,62408.62182424,62271.06180445,62363.47328353,436.13087117,43
2026-01-04T09:06:00Z,62363.47328353,62369.05149283,62353.91496404,62359.49281730,70.72697172,7
2026-01-04T09:07:00Z,62359.49281730,62359.64099599,62347.18069743,62347.32884721,281.76955415,28
2026-01-04T09:08:00Z,62347.32884721,62404.27730190,62332.37165317,62389.31003652,893.72538706,89
2026-01-04T09:09:00Z,62389.31003652,62419.03938483,62316.05966353,62345.76826361,603.45954983,60
2026-01-04T09:10:00Z,62345.76826361,62372.48858797,62291.53633152,62318.24485983,905.49389445,90
2026-01-04T09:11:00Z,62318.24485983,62335.31780540,62310.47094556,62327.54273126,205.99036945,20
2026-01-04T09:12:00Z,62327.54273126,62357.17248539,62274.45426926,62304.07286610,242.72506702,24
2026-01-04T09:13:00Z,62304.07286610,62318.33469899,62257.40970450,62271.66411880,326.78584860,32
2026-01-04T09:14:00Z,62271.66411880,62281.71590712,62211.99670231,62222.04048046,213.29342431,21
2026-01-04T09:15:00Z,62222.04048046,62294.28949524,62123.64003511,62195.85864891,195.20688391,19
2026-01-04T09:16:00Z,62195.85864891,62275.74862621,62078.17232079,62158.01368660,224.58404708,22
2026-01-04T09:17:00Z,62158.01368660,62208.26984160,62126.34647115,62176.59316059,470.80084750,47
2026-01-04T09:18:00Z,62176.59316059,62197.53867862,62113.89565859,62134.82710683,218.07190487,21
2026-01-04T09:19:00Z,62134.82710683,62182.57198184,62042.71419885,62090.42495491,139.46898587,13
2026-01-04T09:20:00Z,62090.42495491,62139.20238418,62083.27270531,62132.04534030,180.33688987,18
2026-01-04T09:21:00Z,62132.04534030,62227.87434582,62098.97114809,62194.76676568,590.28678698,59
2026-01-04T09:22:00Z,62194.76676568,62231.87316512,62093.57681291,62130.64495624,394.66967843,39
2026-01-04T09:23:00Z,62130.64495624,62175.68898550,62048.09697181,62093.11379139,257.48696143,25
2026-01-04T09:24:00Z,62093.11379139,62107.94344667,62039.29191953,62054.11226011,115.39738761,11
2026-01-04T09:25:00Z,62054.11226011,62083.73415828,62053.74148996,62083.36321336,129.48688820,12
2026-01-04T09:26:00Z,62083.36321336,62112.54922218,62079.97201027,62109.15661018,480.64763503,48
2026-01-04T09:27:00Z,62109.15661018,62129.44870992,62083.39329416,62103.68360578,205.56119187,20
2026-01-04T09:28:00Z,62103.68360578,62113.16179422,61990.24422555,61999.70654514,683.38074100,68
2026-01-04T09:29:00Z,61999.70654514,62007.58241831,61857.94865942,61865.80752329,2397.57240118,239
2026-01-04T09:30:00Z,61865.80752329,61911.28509238,61847.80440331,61893.27397958,41.35740423,4
2026-01-04T09:31:00Z,61893.27397958,61913.07899361,61873.66503286,61893.46998479,191.56688804,19
2026-01-04T09:32:00Z,61893.46998479,61919.11984174,61828.11209019,61853.74548454,237.76242982,23
2026-01-04T09:33:00Z,61853.74548454,61913.23776213,61827.52278223,61887.00096127,303.57207317,30
2026-01-04T09:34:00Z,61887.00096127,61945.79125483,61848.94863671,61907.72618700,456.00219736,45
2026-01-04T09:35:00Z,61907.72618700,61964.16240153,61851.15027581,61907.58636287,104.15605249,10
2026-01-04T09:36:00Z,61907.58636287,61936.12865749,61906.41898191,61934.96076033,197.67624869,19
2026-01-04T09:37:00Z,61934.96076033,61953.79302353,61837.38657027,61856.19488351,107.39440553,10
2026-01-04T09:38:00Z,61856.19488351,61906.80278387,61802.07462379,61852.67964816,137.03353866,13
2026-01-04T09:39:00Z,61852.67964816,61860.10884008,61772.57354150,61779.99400307,464.51098088,46
2026-01-04T09:40:00Z,61779.99400307,61810.49367489,61763.27938447,61793.77532774,568.90394969,56
2026-01-04T09:41:00Z,61793.77532774,61829.37352176,61693.79237790,61729.35345973,703.85998763,70
2026-01-04T09:42:00Z,61729.35345973,61785.08460834,61606.11441860,61661.78456394,735.55673848,73
2026-01-04T09:43:00Z,61661.78456394,61735.60563567,61543.28766288,61617.05518490,597.20826726,59
2026-01-04T09:44:00Z,61617.05518490,61699.30944915,61571.61435178,61653.84148718,49.71873314,4
2026-01-04T09:45:00Z,61653.84148718,61700.33100641,61519.04141554,61565.46429475,703.17549032,70
2026-01-04T09:46:00Z,61565.46429475,61597.11372703,61517.53008929,61549.17114562,309.16436605,30
2026-01-04T09:47:00Z,61549.17114562,61586.38891323,61426.43941013,61463.60543757,271.13283228,27
2026-01-04T09:48:00Z,61463.60543757,61566.50835300,61407.56072762,61510.42095500,340.74664393,34
2026-01-04T09:49:00Z,61510.42095500,61582.17046181,61456.66830598,61528.40209945,332.92453930,33
2026-01-04T09:50:00Z,61528.40209945,61603.44765386,61433.94359967,61508.96544740,39.17198637,3
2026-01-04T09:51:00Z,61508.96544740,61512.96146067,61505.20740876,61509.20340750,61.48683036,6
2026-01-04T09:52:00Z,61509.20340750,61584.42352054,61494.29027173,61569.49576667,831.33035262,83
2026-01-04T09:53:00Z,61569.49576667,61576.23842553,61531.31081972,61538.05003487,110.43136559,11
2026-01-04T09:54:00Z,61538.05003487,61596.99188712,61501.17584044,61560.10447745,491.60525820,49
2026-01-04T09:55:00Z,61560.10447745,61627.81361206,61480.74147456,61548.43777712,316.93636193,31
2026-01-04T09:56:00Z,61548.43777712,61594.85554265,61443.12973843,61489.50305737,1437.17207144,143
2026-01-04T09:57:00Z,61489.50305737,61525.48551037,61452.00353727,61487.98510200,180.92209292,18
2026-01-04T09:58:00Z,61487.98510200,61527.98928986,61456.06923628,61496.06922800,221.44653169,22
2026-01-04T09:59:00Z,61496.06922800,61512.97328148,61491.73906009,61508.64222826,232.93453449,23
2026-01-04T10:00:00Z,61508.64222826,61548.89782900,61506.24996461,61546.50409278,274.62465162,27
2026-01-04T10:01:00Z,61546.50409278,61559.15762340,61481.06298892,61493.70566455,773.78892801,77
2026-01-04T10:02:00Z,61493.70566455,61527.19187789,61477.82737775,61511.30904573,197.69378786,19
2026-01-04T10:03:00Z,61511.30904573,61534.79328735,61395.68672799,61419.13577902,676.02847480,67
2026-01-04T10:04:00Z,61419.13577902,61446.80229791,61316.27178024,61343.90441083,104.34117666,10
2026-01-04T10:05:00Z,61343.90441083,61372.79313841,61341.23295695,61370.12054285,349.33211197,34
2026-01-04T10:06:00Z,61370.12054285,61417.04650778,61220.44560632,61267.29294529,1333.07190980,133
2026-01-04T10:07:00Z,61267.29294529,61305.31839855,61265.78519059,61303.80974519,277.12225610,27
2026-01-04T10:08:00Z,61303.80974519,61321.02525426,61295.21300600,61312.42730662,49.37229334,4
2026-01-04T10:09:00Z,61312.42730662,61400.89260276,61266.66365777,61355.09710514,149.58096608,14
2026-01-04T10:10:00Z,61355.09710514,61382.28000384,61330.39529300,61357.57719322,257.55258282,25
2026-01-04T10:11:00Z,61357.57719322,61437.95494170,61325.62993069,61405.98247583,548.60657608,54
2026-01-04T10:12:00Z,61405.98247583,61435.40241460,61370.48525898,61399.90228471,150.31964308,15
2026-01-04T10:13:00Z,61399.90228471,61487.85502460,61360.78334998,61448.70499683,688.40277187,68
2026-01-04T10:14:00Z,61448.70499683,61478.32083561,61410.25251934,61439.86409716,196.78196643,19
2026-01-04T10:15:00Z,61439.86409716,61460.02278132,61382.81148026,61402.95805539,602.47402978,60
2026-01-04T10:16:00Z,61402.95805539,61510.42286907,61359.44417928,61466.86370552,270.30555003,27
2026-01-04T10:17:00Z,61466.86370552,61493.15739097,61420.91519077,61447.20046487,174.34139977,17
2026-01-04T10:18:00Z,61447.20046487,61463.26830580,61438.03848162,61454.10529301,543.54735147,54
2026-01-04T10:19:00Z,61454.10529301,61481.08733190,61427.56622890,61454.54807658,54.45020463,5
2026-01-04T10:20:00Z,61454.54807658,61491.16658354,61366.49455348,61403.08239394,244.04360418,24
2026-01-04T10:21:00Z,61403.08239394,61431.87422470,61363.69626077,61392.48312155,222.09563060,22
2026-01-04T10:22:00Z,61392.48312155,61435.11022990,61348.75028288,61391.37662295,309.64441100,30
2026-01-04T10:23:00Z,61391.37662295,61435.69902326,61273.00247987,61317.27137882,236.56200152,23
2026-01-04T10:24:00Z,61317.27137882,61388.35976447,61307.50968476,61378.58830876,332.74630860,33
2026-01-04T10:25:00Z,61378.58830876,61381.92047440,61364.34372369,61367.67529687,195.42602305,19
2026-01-04T10:26:00Z,61367.67529687,61495.34330709,61291.13788911,61418.74220897,985.26789616,98
2026-01-04T10:27:00Z,61418.74220897,61457.13184528,61375.95278981,61414.33967433,292.38104967,29
2026-01-04T10:28:00Z,61414.33967433,61468.37244334,61342.19502146,61396.21184147,243.78134965,24
2026-01-04T10:29:00Z,61396.21184147,61461.99003033,61356.55507148,61422.31639899,316.86462377,31
2026-01-04T10:30:00Z,61422.31639899,61436.69771906,61374.49033751,61388.86382505,276.00470986,27
2026-01-04T10:31:00Z,61388.86382505,61480.14117513,61333.51332482,61424.75831109,103.44954520,10
2026-01-04T10:32:00Z,61424.75831109,61459.07134709,61345.51933624,61379.80726172,343.08742905,34
2026-01-04T10:33:00Z,61379.80726172,61424.09715546,61376.42939778,61420.71704016,60.72125069,6
2026-01-04T10:34:00Z,61420.71704016,61479.81170053,61409.18685371,61468.27258673,397.84302427,39
2026-01-04T10:35:00Z,61468.27258673,61526.19992954,61429.94387637,61487.85900601,705.22189854,70
2026-01-04T10:36:00Z,61487.85900601,61519.59110896,61482.78070497,61514.51060674,740.12681234,74
2026-01-04T10:37:00Z,61514.51060674,61520.24956720,61457.48371380,61463.21788893,522.34392842,52
2026-01-04T10:38:00Z,61463.21788893,61588.19628355,61379.32789857,61504.25028884,123.65974418,12
2026-01-04T10:39:00Z,61504.25028884,61554.60275883,61453.13983157,61503.49168049,131.57846023,13
2026-01-04T10:40:00Z,61503.49168049,61531.50776610,61437.40505515,61465.40379095,192.10046353,19
2026-01-04T10:41:00Z,61465.40379095,61488.97325408,61435.88754271,61459.45472462,283.93538466,28
2026-01-04T10:42:00Z,61459.45472462,61497.77181212,61457.10294758,61495.41865890,422.78647640,42
2026-01-04T10:43:00Z,61495.41865890,61565.04209328,61465.25560546,61534.85969430,38.85648554,3
2026-01-04T10:44:00Z,61534.85969430,61549.75011663,61512.38685014,61527.27543720,297.49119614,29
2026-01-04T10:45:00Z,61527.27543720,61535.57923263,61490.59451097,61498.89447607,271.72260522,27
2026-01-04T10:46:00Z,61498.89447607,61510.32242749,61457.19439985,61468.61672495,305.79859342,30
2026-01-04T10:47:00Z,61468.61672495,61482.99869848,61370.52670146,61384.88908502,2424.11145523,242
2026-01-04T10:48:00Z,61384.88908502,61412.48530354,61316.97820055,61344.55628705,906.81876322,90
2026-01-04T10:49:00Z,61344.55628705,61483.92226100,61286.57822773,61425.86735285,323.07591878,32
2026-01-04T10:50:00Z,61425.86735285,61485.68228996,61354.75422735,61414.55815186,116.89049532,11
2026-01-04T10:51:00Z,61414.55815186,61452.10054761,61378.39957735,61415.94115885,107.66521544,10
2026-01-04T10:52:00Z,61415.94115885,61452.23483513,61415.35941512,61451.65275314,233.89743758,23
2026-01-04T10:53:00Z,61451.65275314,61462.07687405,61385.82056676,61396.23528714,213.18841795,21
2026-01-04T10:54:00Z,61396.23528714,61430.33790991,61295.19966796,61329.26509204,896.48936668,89
2026-01-04T10:55:00Z,61329.26509204,61362.48095290,61317.08797902,61350.29966340,126.54497368,12
2026-01-04T10:56:00Z,61350.29966340,61369.41065353,61246.17194246,61265.25644112,936.45278702,93
2026-01-04T10:57:00Z,61265.25644112,61270.02020346,61227.81652111,61232.57774248,112.98303980,11
2026-01-04T10:58:00Z,61232.57774248,61266.27648281,61167.19635641,61200.87765092,136.01223677,13
2026-01-04T10:59:00Z,61200.87765092,61227.55905273,61134.46871458,61161.13278905,501.96357979,50
2026-01-04T11:00:00Z,61161.13278905,61216.87768396,61116.78040588,61172.51704523,149.61519537,14
2026-01-04T11:01:00Z,61172.51704523,61192.03262828,61110.86136644,61130.36350144,167.78941708,16
2026-01-04T11:02:00Z,61130.36350144,61180.47885223,61109.04443542,61159.14974708,151.24281765,15
2026-01-04T11:03:00Z,61159.14974708,61212.43174540,61140.90316284,61194.17471160,79.15530700,7
2026-01-04T11:04:00Z,61194.17471160,61269.20013060,61172.80335487,61247.81004235,264.47715321,26
2026-01-04T11:05:00Z,61247.81004235,61305.34096112,61197.84019824,61255.36495323,71.14500513,7
2026-01-04T11:06:00Z,61255.36495323,61277.15013853,61245.40521560,61267.18847847,448.61733043,44
2026-01-04T11:07:00Z,61267.18847847,61324.97870928,61150.01842055,61207.75258851,66.49532908,6
2026-01-04T11:08:00Z,61207.75258851,61298.67172704,61188.57743833,61279.47410796,953.40463543,95
2026-01-04T11:09:00Z,61279.47410796,61328.73304996,61251.00422850,61300.25351658,245.77331534,24
2026-01-04T11:10:00Z,61300.25351658,61330.77051854,61254.75139548,61285.26093371,211.36169191,21
2026-01-04T11:11:00Z,61285.26093371,61310.60831325,61225.85274046,61251.18602674,967.54598477,96
2026-01-04T11:12:00Z,61251.18602674,61258.06479779,61179.70025861,61186.57177320,204.14988279,20
2026-01-04T11:13:00Z,61186.57177320,61261.09096960,61178.52534087,61253.03579683,1030.14124640,103
2026-01-04T11:14:00Z,61253.03579683,61363.83012487,61206.22773346,61316.97320211,269.28467891,26
2026-01-04T11:15:00Z,61316.97320211,61355.59709625,61306.97357118,61345.59279801,177.70677099,17
2026-01-04T11:16:00Z,61345.59279801,61424.63271903,61320.26393908,61399.28169259,481.80934754,48
2026-01-04T11:17:00Z,61399.28169259,61409.14182664,61321.49889892,61331.34812349,128.54078422,12
2026-01-04T11:18:00Z,61331.34812349,61405.46603174,61253.12558614,61327.23852802,112.67736425,11
2026-01-04T11:19:00Z,61327.23852802,61358.23627750,61299.07505659,61330.07150507,233.08252286,23
2026-01-04T11:20:00Z,61330.07150507,61379.47129529,61305.84595407,61355.23580432,243.60150431,24
2026-01-04T11:21:00Z,61355.23580432,61446.29665771,61314.11660277,61405.14400856,113.48021246,11
2026-01-04T11:22:00Z,61405.14400856,61457.71789314,61364.25110589,61416.81721668,265.04814028,26
2026-01-04T11:23:00Z,61416.81721668,61480.60026455,61389.70753297,61453.47440018,958.72256580,95
2026-01-04T11:24:00Z,61453.47440018,61484.56475404,61408.49724557,61439.58057031,105.69209625,10
2026-01-04T11:25:00Z,61439.58057031,61450.05181082,61390.44670881,61400.91135887,137.65461573,13
2026-01-04T11:26:00Z,61400.91135887,61415.02384939,61332.70124906,61346.80130282,662.74157214,66
2026-01-04T11:27:00Z,61346.80130282,61359.47650995,61312.70595326,61325.37673374,304.53299378,30
2026-01-04T11:28:00Z,61325.37673374,61365.90669805,61313.74875499,61354.27324020,481.85060892,48
2026-01-04T11:29:00Z,61354.27324020,61387.27851154,61302.97860215,61335.97402951,377.81278518,37
2026-01-04T11:30:00Z,61335.97402951,61361.59893782,61221.82201255,61247.40992061,305.25860892,30
2026-01-04T11:31:00Z,61247.40992061,61280.05402651,61222.87656247,61255.51742082,576.25159593,57
2026-01-04T11:32:00Z,61255.51742082,61300.72463302,61253.70628998,61298.91221914,882.33608060,88
2026-01-04T11:33:00Z,61298.91221914,61416.16072863,61248.63797216,61365.83159779,930.29863403,93
2026-01-04T11:34:00Z,61365.83159779,61414.45707005,61282.44502162,61331.04292780,438.93996862,43
2026-01-04T11:35:00Z,61331.04292780,61393.04523800,61249.11317171,61311.09531597,305.12043822,30
2026-01-04T11:36:00Z,61311.09531597,61371.35496024,61214.92466282,61275.14897720,173.63415555,17
2026-01-04T11:37:00Z,61275.14897720,61391.27457520,61225.88180334,61341.95368822,631.14388034,63
2026-01-04T11:38:00Z,61341.95368822,61365.84927491,61312.32916641,61336.22252053,72.24647682,7
2026-01-04T11:39:00Z,61336.22252053,61388.80010417,61335.45405802,61388.03099257,99.24492634,9
2026-01-04T11:40:00Z,61388.03099257,61500.64556966,61328.08786547,61440.65106102,327.40258084,32
2026-01-04T11:41:00Z,61440.65106102,61537.55120047,61357.10871236,61453.99071356,44.41255335,4
2026-01-04T11:42:00Z,61453.99071356,61460.90286866,61430.29585765,61437.20612487,519.01189704,51
2026-01-04T11:43:00Z,61437.20612487,61483.01950945,61366.91627018,61412.71138917,387.27528436,38
2026-01-04T11:44:00Z,61412.71138917,61422.18035119,61319.90673744,61329.36284831,393.86185142,39
2026-01-04T11:45:00Z,61329.36284831,61400.41037488,61273.21561532,61344.24951310,187.99690195,18
2026-01-04T11:46:00Z,61344.24951310,61444.02428064,61228.01827584,61327.76623377,33.24859713,3
2026-01-04T11:47:00Z,61327.76623377,61370.81323479,61254.71298950,61297.73891384,71.89303939,7
2026-01-04T11:48:00Z,61297.73891384,61383.68225238,61235.88905815,61321.80811070,129.10019154,12
2026-01-04T11:49:00Z,61321.80811070,61368.02540127,61299.79883076,61346.00743584,518.56061581,51
2026-01-04T11:50:00Z,61346.00743584,61445.34464903,61320.78396762,61420.09072019,173.94323287,17
2026-01-04T11:51:00Z,61420.09072019,61449.86511402,61409.09675090,61438.86778371,42.74797827,4
2026-01-04T11:52:00Z,61438.86778371,61481.78772109,61405.43257446,61448.34735303,309.80806566,30
2026-01-04T11:53:00Z,61448.34735303,61496.07401386,61335.14778941,61382.82355821,376.04937895,37
2026-01-04T11:54:00Z,61382.82355821,61411.20268825,61370.75466535,61399.13058915,90.60319387,9
2026-01-04T11:55:00Z,61399.13058915,61406.05891267,61346.95225386,61353.87547076,722.96321011,72
2026-01-04T11:56:00Z,61353.87547076,61354.54299681,61296.11531273,61296.78221761,567.91660752,56
2026-01-04T11:57:00Z,61296.78221761,61405.40288865,61280.91743428,61389.51410453,736.62930891,73
2026-01-04T11:58:00Z,61389.51410453,61504.82400225,61347.51855162,61462.77833049,441.44372334,44
2026-01-04T11:59:00Z,61462.77833049,61512.01792939,61414.41967765,61463.65858397,291.73662856,29
2026-01-04T12:00:00Z,61463.65858397,61468.42091280,61449.37650527,61454.13809644,106.84414287,10
2026-01-04T12:01:00Z,61454.13809644,61469.50799629,61404.77365402,61420.13504959,144.83051326,14
2026-01-04T12:02:00Z,61420.13504959,61446.18036082,61367.78454478,61393.81869652,373.95335567,37
2026-01-04T12:03:00Z,61393.81869652,61417.84648429,61352.19286725,61376.21376495,156.75072483,15
2026-01-04T12:04:00Z,61376.21376495,61438.02436805,61348.33699463,61410.13219214,225.25335211,22
2026-01-04T12:05:00Z,61410.13219214,61500.05874823,61357.75673764,61447.65129445,991.14037869,99
2026-01-04T12:06:00Z,61447.65129445,61497.24570017,61348.66262910,61398.21713650,609.97583086,60
2026-01-04T12:07:00Z,61398.21713650,61427.11686944,61301.54177086,61330.40958723,373.63523775,37
2026-01-04T12:08:00Z,61330.40958723,61411.48962621,61327.34137618,61408.41751261,1350.91415200,135
2026-01-04T12:09:00Z,61408.41751261,61418.55872258,61362.22383062,61372.35908576,23.88270344,2
2026-01-04T12:10:00Z,61372.35908576,61438.10035728,61345.57032048,61411.29459681,110.89963676,11
2026-01-04T12:11:00Z,61411.29459681,61459.76665542,61322.40848569,61370.84862022,73.02493317,7
2026-01-04T12:12:00Z,61370.84862022,61392.97030689,61348.38637005,61370.50793393,46.22272350,4
2026-01-04T12:13:00Z,61370.50793393,61462.31036211,61334.65478931,61426.42455055,180.11188255,18
2026-01-04T12:14:00Z,61426.42455055,61455.34983043,61409.10969615,61438.03170421,71.92384956,7
2026-01-04T12:15:00Z,61438.03170421,61542.82285392,61408.46641403,61513.22138087,327.86712242,32
2026-01-04T12:16:00Z,61513.22138087,61564.79315689,61477.22783172,61528.79049770,135.83282544,13
2026-01-04T12:17:00Z,61528.79049770,61574.65260805,61504.67518955,61550.52877990,281.35535642,28
2026-01-04T12:18:00Z,61550.52877990,61597.91077992,61542.11108722,61589.48775918,351.55046420,35
2026-01-04T12:19:00Z,61589.48775918,61748.98672997,61584.82429929,61744.31154707,487.28563269,48
2026-01-04T12:20:00Z,61744.31154707,61765.66406414,61687.49999094,61708.84024128,698.79268905,69
2026-01-04T12:21:00Z,61708.84024128,61759.05686490,61656.01705895,61706.23155971,160.21312799,16
2026-01-04T12:22:00Z,61706.23155971,61741.29696029,61608.54136171,61643.57115466,572.74520576,57
2026-01-04T12:23:00Z,61643.57115466,61693.59538852,61606.66200823,61656.67839411,228.57307926,22
2026-01-04T12:24:00Z,61656.67839411,61726.21182242,61630.89731036,61700.41245173,177.03712263,17
2026-01-04T12:25:00Z,61700.41245173,61716.12332735,61668.28176598,61683.98845953,51.12843927,5
2026-01-04T12:26:00Z,61683.98845953,61895.09746428,61631.45214869,61842.42621186,295.95837121,29
2026-01-04T12:27:00Z,61842.42621186,62031.94355851,61618.27108961,61807.68196182,275.03607607,27
2026-01-04T12:28:00Z,61807.68196182,61976.49489293,61718.78245575,61887.48061050,133.66172539,13
2026-01-04T12:29:00Z,61887.48061050,62165.65315096,61581.15763267,61859.20307093,453.12271419,45
2026-01-04T12:30:00Z,61859.20307093,61875.04127594,61724.84132588,61740.64917678,190.51049760,19
2026-01-04T12:31:00Z,61740.64917678,61931.46151362,61543.78924094,61734.58282946,111.75500579,11
2026-01-04T12:32:00Z,61734.58282946,61785.83708716,61705.89300128,61757.13677751,203.01023393,20
2026-01-04T12:33:00Z,61757.13677751,61795.27642782,61725.37646665,61763.51283789,327.06493063,32
2026-01-04T12:34:00Z,61763.51283789,61794.75053700,61752.00529403,61783.23931778,502.64433332,50
2026-01-04T12:35:00Z,61783.23931778,61822.48439872,61781.52989653,61820.77393897,391.19280551,39
2026-01-04T12:36:00Z,61820.77393897,61866.31320459,61794.20862923,61839.73974496,1393.14425012,139
2026-01-04T12:37:00Z,61839.73974496,61859.52472765,61836.46680836,61856.25091719,331.51286773,33
2026-01-04T12:38:00Z,61856.25091719,61918.34150001,61789.21975831,61851.30537685,302.28544569,30
2026-01-04T12:39:00Z,61851.30537685,61887.85000957,61809.53480242,61846.07634558,217.55951181,21
2026-01-04T12:40:00Z,61846.07634558,61859.67977700,61817.98942805,61831.58967304,517.33993106,51
2026-01-04T12:41:00Z,61831.58967304,61850.76237655,61805.50875487,61824.67931562,120.93411569,12
2026-01-04T12:42:00Z,61824.67931562,61851.04287866,61809.00707796,61835.36793149,138.69833526,13
2026-01-04T12:43:00Z,61835.36793149,61858.50537780,61831.25822485,61854.39440661,125.21502905,12
2026-01-04T12:44:00Z,61854.39440661,61874.90279892,61845.06718303,61865.57388955,351.04450673,35
2026-01-04T12:45:00Z,61865.57388955,61933.33027129,61861.51342477,61929.26562618,1345.24804200,134
2026-01-04T12:46:00Z,61929.26562618,61948.53304913,61898.66930659,61917.93320380,161.25795553,16
2026-01-04T12:47:00Z,61917.93320380,61928.94884053,61876.98784389,61887.99815497,496.38908861,49
2026-01-04T12:48:00Z,61887.99815497,61905.43743607,61878.62727098,61896.06533058,397.86715458,39
2026-01-04T12:49:00Z,61896.06533058,61936.41750045,61836.00678154,61876.34609576,598.31101636,59
2026-01-04T12:50:00Z,61876.34609576,61901.89966855,61868.08533585,61893.63660029,110.38678008,11
2026-01-04T12:51:00Z,61893.63660029,61961.71131055,61868.76522548,61936.82258187,178.59358361,17
2026-01-04T12:52:00Z,61936.82258187,61992.16851681,61914.26756653,61969.60156462,94.68272698,9
2026-01-04T12:53:00Z,61969.60156462,62042.73741236,61916.24608321,61989.36491482,574.54014450,57
2026-01-04T12:54:00Z,61989.36491482,62014.98530139,61985.60995481,62011.22901698,161.62763985,16
2026-01-04T12:55:00Z,62011.22901698,62072.41621037,61982.67380300,62043.84597679,219.71970529,21
2026-01-04T12:56:00Z,62043.84597679,62062.82756557,62042.54058910,62061.52180599,484.07020275,48
2026-01-04T12:57:00Z,62061.52180599,62093.50439129,62008.43002475,62040.40172611,215.78446561,21
2026-01-04T12:58:00Z,62040.40172611,62088.28694270,62020.79236542,62068.66864758,1097.76281089,109
2026-01-04T12:59:00Z,62068.66864758,62078.47105536,62059.40696800,62069.20929511,114.50968116,11
2026-01-04T13:00:00Z,62069.20929511,62071.13125205,62036.03318590,62037.95417504,544.14061204,54
2026-01-04T13:01:00Z,62037.95417504,62136.13090116,62017.28940465,62115.44032022,428.11949296,42
2026-01-04T13:02:00Z,62115.44032022,62129.39522106,62096.74241186,62110.69624690,149.30202759,14
2026-01-04T13:03:00Z,62110.69624690,62130.58364781,62078.37803774,62098.26145712,56.55721797,5
2026-01-04T13:04:00Z,62098.26145712,62129.49763856,62096.89473420,62128.13025826,325.84543939,32
2026-01-04T13:05:00Z,62128.13025826,62146.51701519,62116.04358230,62134.42911383,61.67692926,6
2026-01-04T13:06:00Z,62134.42911383,62149.50483851,62125.81600295,62140.89083190,106.86667575,10
2026-01-04T13:07:00Z,62140.89083190,62260.31117901,61951.26074959,62070.54591011,562.16822152,56
2026-01-04T13:08:00Z,62070.54591011,62147.75012861,61953.61102961,62030.76576901,134.54996009,13
2026-01-04T13:09:00Z,62030.76576901,62079.14553738,61983.16496674,62031.54413780,119.50280938,11
2026-01-04T13:10:00Z,62031.54413780,62072.08560508,62026.73775338,62067.27645202,163.37926059,16
2026-01-04T13:11:00Z,62067.27645202,62358.35695436,61861.17412964,62151.97338500,110.22489895,11
2026-01-04T13:12:00Z,62151.97338500,62269.51076271,62122.72493178,62240.22078064,677.34927527,67
2026-01-04T13:13:00Z,62240.22078064,63555.20892207,62176.54099901,63490.25019896,3412.82341660,341
2026-01-04T13:14:00Z,63490.25019896,63508.16994617,63487.01727943,63504.93627883,101.08018214,10
2026-01-04T13:15:00Z,63504.93627883,63596.97426443,63449.90292020,63541.90886536,428.73628839,42
2026-01-04T13:16:00Z,63541.90886536,63588.42792300,63344.04829537,63390.45647465,197.90349086,19
2026-01-04T13:17:00Z,63390.45647465,63443.29722177,63241.42367092,63294.18416778,324.82200591,32
2026-01-04T13:18:00Z,63294.18416778,63424.27280841,63018.41662215,63148.20523203,679.67522372,67
2026-01-04T13:19:00Z,63148.20523203,63380.89821685,62881.54440575,63114.11176053,303.12794743,30
2026-01-04T13:20:00Z,63114.11176053,63116.52708842,62977.81346018,62980.22366427,414.65308689,41
2026-01-04T13:21:00Z,62980.22366427,63004.07630766,62817.87976673,62841.67993914,682.46323058,68
2026-01-04T13:22:00Z,62841.67993914,62968.58499681,62723.76597148,62850.65419018,7.20187711,1
2026-01-04T13:23:00Z,62850.65419018,63199.47139795,62826.06542964,63174.75584067,668.40458217,66
2026-01-04T13:24:00Z,63174.75584067,63239.84492162,63090.23415313,63155.30319198,87.85670195,8
2026-01-04T13:25:00Z,63155.30319198,63192.96499926,63090.70092098,63128.34665310,413.43782315,41
2026-01-04T13:26:00Z,63128.34665310,63547.15567086,62854.59095858,63272.77366945,183.40124047,18
2026-01-04T13:27:00Z,63272.77366945,63286.24391767,63145.83343413,63159.27952038,22.58312215,2
2026-01-04T13:28:00Z,63159.27952038,63180.12726635,63093.40882239,63114.24170218,51.06921883,5
2026-01-04T13:29:00Z,63114.24170218,63134.48069890,63112.14791376,63132.38630854,278.60325672,27
2026-01-04T13:30:00Z,63132.38630854,63137.15330574,63105.12410656,63109.88940506,176.50492931,17
2026-01-04T13:31:00Z,63109.88940506,63199.59130161,63045.94143021,63135.61725726,139.54655633,13
2026-01-04T13:32:00Z,63135.61725726,63155.38159048,63124.60686855,63144.36967542,13.93032086,1
2026-01-04T13:33:00Z,63144.36967542,63154.86086869,63095.09956553,63105.58431476,55.53900095,5
2026-01-04T13:34:00Z,63105.58431476,63124.98657937,63054.87488243,63074.26751846,117.96526479,11
2026-01-04T13:35:00Z,63074.26751846,63140.63928818,63005.20520215,63071.57413768,125.62938931,12
2026-01-04T13:36:00Z,63071.57413768,63073.56517825,63049.61665445,63051.60706470,225.97559482,22
2026-01-04T13:37:00Z,63051.60706470,63144.17301233,62989.80575611,63082.34157868,150.35566139,15
2026-01-04T13:38:00Z,63082.34157868,63177.21427177,63074.91238743,63169.77478353,438.30435455,43
2026-01-04T13:39:00Z,63169.77478353,63264.62301953,63086.22567907,63181.05899044,447.98848361,44
2026-01-04T13:40:00Z,63181.05899044,63244.48715138,63143.60979204,63207.02256364,252.11765664,25
2026-01-04T13:41:00Z,63207.02256364,63247.64113839,63162.18887610,63202.80474035,275.26444984,27
2026-01-04T13:42:00Z,63202.80474035,63258.51268448,63198.79291570,63254.49757860,326.84771731,32
2026-01-04T13:43:00Z,63254.49757860,63327.75878268,63211.60623875,63284.84686372,172.60535206,17
2026-01-04T13:44:00Z,63284.84686372,63315.89235796,63250.03857821,63281.08222563,203.69551363,20
2026-01-04T13:45:00Z,63281.08222563,63380.67393998,63239.12664695,63338.68017365,450.59772287,45
2026-01-04T13:46:00Z,63338.68017365,63369.86455068,63269.64421015,63300.80994202,84.31525526,8
2026-01-04T13:47:00Z,63300.80994202,63333.20227500,63253.11009359,63285.49458939,194.67863509,19
2026-01-04T13:48:00Z,63285.49458939,63320.20124862,63255.25223421,63289.95676110,249.61959869,24
2026-01-04T13:49:00Z,63289.95676110,63328.44389242,63198.76599802,63237.22106033,396.81260238,39
2026-01-04T13:50:00Z,63237.22106033,63252.85124636,63196.05064903,63211.67452078,193.97237585,19
2026-01-04T13:51:00Z,63211.67452078,63262.96225508,63129.83364989,63181.09657432,913.67804720,91
2026-01-04T13:52:00Z,63181.09657432,63206.63317264,63104.78939016,63130.30545967,965.28505201,96
2026-01-04T13:53:00Z,63130.30545967,63132.70880887,63100.74863962,63103.15095506,273.80556515,27
2026-01-04T13:54:00Z,63103.15095506,63195.06744629,63065.45631152,63157.34043269,77.50746149,7
2026-01-04T13:55:00Z,63157.34043269,63175.28941611,63147.43978889,63165.38751084,229.48678255,22
2026-01-04T13:56:00Z,63165.38751084,63201.73762224,63078.56203645,63114.88308381,147.86722229,14
2026-01-04T13:57:00Z,63114.88308381,63134.24110388,63060.88567229,63080.23306482,351.20309649,35
2026-01-04T13:58:00Z,63080.23306482,63093.76350831,63041.81452558,63055.33962954,81.37261117,8
2026-01-04T13:59:00Z,63055.33962954,63055.41209213,62963.18321672,62963.25557349,2557.45232991,255
2026-01-04T14:00:00Z,62963.25557349,63009.58226777,62953.94492611,63000.26614748,512.59754943,51
2026-01-04T14:01:00Z,63000.26614748,63036.28944504,62872.13894073,62908.10954352,244.83652245,24
2026-01-04T14:02:00Z,62908.10954352,62948.11079166,62886.32440063,62926.31934269,435.10323339,43
2026-01-04T14:03:00Z,62926.31934269,62986.38671481,62884.54045017,62944.59568801,372.04438280,37
2026-01-04T14:04:00Z,62944.59568801,63018.02768937,62900.02758920,62973.43916784,596.45022322,59
2026-01-04T14:05:00Z,62973.43916784,63027.37590913,62953.55301623,63007.47900820,104.86685187,10
2026-01-04T14:06:00Z,63007.47900820,63070.36456978,62961.05042444,63023.92386823,284.16348071,28
2026-01-04T14:07:00Z,63023.92386823,63065.80569307,62975.55752492,63017.43503769,171.43901663,17
2026-01-04T14:08:00Z,63017.43503769,63039.90484561,62964.65510264,62987.11409919,409.32656703,40
2026-01-04T14:09:00Z,62987.11409919,63047.64404309,62955.56160642,63016.07704175,105.54125617,10
2026-01-04T14:10:00Z,63016.07704175,63035.75928788,63002.34711225,63022.02806177,124.11793942,12
2026-01-04T14:11:00Z,63022.02806177,63047.53609223,62987.08292483,63012.58713409,62.07426042,6
2026-01-04T14:12:00Z,63012.58713409,63076.66648008,62912.38830840,62976.43088604,25.29197707,2
2026-01-04T14:13:00Z,62976.43088604,63050.65271979,62945.88337415,63020.08403339,575.83816379,57
2026-01-04T14:14:00Z,63020.08403339,63092.68176399,62978.54949330,63051.12676462,841.82511581,84
2026-01-04T14:15:00Z,63051.12676462,63053.34455514,63013.93259084,63016.14915104,907.46135415,90
2026-01-04T14:16:00Z,63016.14915104,63057.57170133,62953.90898587,62995.31784307,222.05952310,22
2026-01-04T14:17:00Z,62995.31784307,63043.86076053,62879.95257834,62928.44396414,718.81036440,71
2026-01-04T14:18:00Z,62928.44396414,62987.96474593,62920.62699710,62980.14135704,74.83851788,7
2026-01-04T14:19:00Z,62980.14135704,63033.43345531,62968.82096531,63022.10552071,206.09043692,20
2026-01-04T14:20:00Z,63022.10552071,63062.21998161,62957.46369299,62997.56253193,36.88815372,3
2026-01-04T14:21:00Z,62997.56253193,63013.27503594,62922.85406213,62938.55184802,253.42488865,25
2026-01-04T14:22:00Z,62938.55184802,62974.93446940,62936.93062883,62973.31235482,125.78435836,12
2026-01-04T14:23:00Z,62973.31235482,63016.50833500,62961.08615416,63004.27612277,60.87106245,6
2026-01-04T14:24:00Z,63004.27612277,63065.41732591,62985.70917461,63046.83783510,554.58699278,55
2026-01-04T14:25:00Z,63046.83783510,63095.83519985,63014.69950844,63063.68828363,592.93798606,59
2026-01-04T14:26:00Z,63063.68828363,63149.14441794,63002.25022065,63087.68297880,45.30365547,4
2026-01-04T14:27:00Z,63087.68297880,63103.60457095,63085.46166874,63101.38277852,282.28510023,28
2026-01-04T14:28:00Z,63101.38277852,63137.80693677,63088.08260069,63124.50188601,325.18771709,32
2026-01-04T14:29:00Z,63124.50188601,63197.15086431,63083.45422623,63156.08266864,797.46686600,79
2026-01-04T14:30:00Z,63156.08266864,63176.04573632,63112.69473280,63132.65039375,253.47234455,25
2026-01-04T14:31:00Z,63132.65039375,63151.76858583,63131.86252943,63150.98049276,336.28999253,33
2026-01-04T14:32:00Z,63150.98049276,63198.82231226,63138.70089608,63186.53580191,54.84963137,5
2026-01-04T14:33:00Z,63186.53580191,63246.27609552,63111.07621059,63170.80162818,264.02608233,26
2026-01-04T14:34:00Z,63170.80162818,63204.47557526,63075.61186081,63109.25299866,871.31460920,87
2026-01-04T14:35:00Z,63109.25299866,63119.91799911,63100.51447312,63111.17920685,71.46962975,7
2026-01-04T14:36:00Z,63111.17920685,63167.21345333,63010.34738402,63066.34182092,532.24713226,53
2026-01-04T14:37:00Z,63066.34182092,63117.32782445,63015.95130897,63066.93683708,141.76062936,14
2026-01-04T14:38:00Z,63066.93683708,63165.50570192,63023.11554404,63121.64639461,165.25671708,16
2026-01-04T14:39:00Z,63121.64639461,63228.44383001,63065.05555736,63171.80802106,389.36168240,38
2026-01-04T14:40:00Z,63171.80802106,63198.35714799,63082.22438942,63108.74701380,772.13030584,77
2026-01-04T14:41:00Z,63108.74701380,63131.03984830,63051.11972131,63073.40006969,649.78188070,64
2026-01-04T14:42:00Z,63073.40006969,63093.18974157,63057.87030789,63077.65893116,211.82879053,21
2026-01-04T14:43:00Z,63077.65893116,63102.78436689,63024.00133283,63049.11539895,313.78543938,31
2026-01-04T14:44:00Z,63049.11539895,63087.34287623,63028.36301755,63066.58474487,100.29340049,10
2026-01-04T14:45:00Z,63066.58474487,63076.58010791,63023.39516787,63033.38526917,215.28911089,21
2026-01-04T14:46:00Z,63033.38526917,63079.25409081,63029.43447907,63075.30067355,139.53450479,13
2026-01-04T14:47:00Z,63075.30067355,63101.82232599,63046.98376599,63073.50466325,253.96960447,25
2026-01-04T14:48:00Z,63073.50466325,63155.07081267,62986.44967353,63068.00871564,274.39538309,27
2026-01-04T14:49:00Z,63068.00871564,63081.83280095,63050.86628098,63064.68963877,85.32165585,8
2026-01-04T14:50:00Z,63064.68963877,63092.21921373,63038.04240153,63065.57160383,508.60739776,50
2026-01-04T14:51:00Z,63065.57160383,63134.76716015,63007.04668290,63076.23234604,129.08354553,12
2026-01-04T14:52:00Z,63076.23234604,63157.36191700,62986.72479041,63067.84357161,120.91807018,12
2026-01-04T14:53:00Z,63067.84357161,63191.65040649,63027.18998798,63150.94325673,666.99193223,66
2026-01-04T14:54:00Z,63150.94325673,63204.04138417,63071.71170338,63124.78783901,944.67522141,94
2026-01-04T14:55:00Z,63124.78783901,63194.50053274,63097.83179584,63167.52623908,151.31026699,15
2026-01-04T14:56:00Z,63167.52623908,63204.62774189,63134.98909895,63172.08825190,87.05154717,8
2026-01-04T14:57:00Z,63172.08825190,63241.97539197,63146.53831532,63216.40753047,156.10975210,15
2026-01-04T14:58:00Z,63216.40753047,63242.61950619,63168.20999011,63194.41284598,196.15112040,19
2026-01-04T14:59:00Z,63194.41284598,63217.18687941,63181.15930529,63203.93134243,255.17658763,25
2026-01-04T15:00:00Z,63203.93134243,63227.94305633,63129.36437291,63153.35687314,221.95409862,22
2026-01-04T15:01:00Z,63153.35687314,63166.18471172,63147.53166162,63160.35885435,460.21398750,46
2026-01-04T15:02:00Z,63160.35885435,63221.82279426,63144.55967360,63206.01219360,757.85782386,75
2026-01-04T15:03:00Z,63206.01219360,63234.40081399,63114.34236526,63142.70255049,192.68967264,19
2026-01-04T15:04:00Z,63142.70255049,63208.31223440,63131.16636497,63196.76617145,810.86083596,81
2026-01-04T15:05:00Z,63196.76617145,63229.89428751,63150.91851733,63184.03996224,143.91607383,14
2026-01-04T15:06:00Z,63184.03996224,63213.33660182,63105.08649518,63134.36009962,276.73182751,27
2026-01-04T15:07:00Z,63134.36009962,63144.55439619,63119.00207541,63129.19553806,286.23216947,28
2026-01-04T15:08:00Z,63129.19553806,63161.84366040,63108.99043767,63141.63457878,265.01220965,26
2026-01-04T15:09:00Z,63141.63457878,63198.08334792,63061.73476019,63118.16254528,229.04225976,22
2026-01-04T15:10:00Z,63118.16254528,63230.55906417,63050.15156302,63162.50030716,552.06616155,55
2026-01-04T15:11:00Z,63162.50030716,63210.02304018,63113.83976727,63161.36164358,87.14246463,8
2026-01-04T15:12:00Z,63161.36164358,63181.12383226,63109.97876217,63129.73105414,428.49988694,42
2026-01-04T15:13:00Z,63129.73105414,63157.52516783,63091.59703713,63119.38659647,51.40413979,5
2026-01-04T15:14:00Z,63119.38659647,63127.18125804,63054.47945924,63062.26706707,264.83117581,26
2026-01-04T15:15:00Z,63062.26706707,63065.45129350,63051.08276238,63054.26658484,118.04830130,11
2026-01-04T15:16:00Z,63054.26658484,63112.65874434,63022.73010490,63081.10883929,321.19701405,32
2026-01-04T15:17:00Z,63081.10883929,63147.77678401,63064.82113482,63131.47607459,488.53440062,48
2026-01-04T15:18:00Z,63131.47607459,63189.20394238,63108.46801323,63166.18323211,1008.97936759,100
2026-01-04T15:19:00Z,63166.18323211,63166.40725587,63162.18450213,63162.40851249,42.74876272,4
2026-01-04T15:20:00Z,63162.40851249,63219.38054161,63065.32983190,63122.26565244,589.04012828,58
2026-01-04T15:21:00Z,63122.26565244,63177.58138495,62983.90118021,63039.14407104,895.79526176,89
2026-01-04T15:22:00Z,63039.14407104,63088.43716430,63030.55085785,63079.83840383,787.97860927,78
2026-01-04T15:23:00Z,63079.83840383,63103.83245756,63017.94375952,63041.92339129,538.75991889,53
2026-01-04T15:24:00Z,63041.92339129,63102.62235164,62962.81875049,63023.49997212,197.32262241,19
2026-01-04T15:25:00Z,63023.49997212,63038.23067921,63021.38053818,63036.11082117,108.86017616,10
2026-01-04T15:26:00Z,63036.11082117,63091.75912487,63016.78519420,63072.42236549,354.21973644,35
2026-01-04T15:27:00Z,63072.42236549,63073.99368631,63056.07429401,63057.64524668,170.87463640,17
2026-01-04T15:28:00Z,63057.64524668,63111.15726121,62990.87399369,63044.37474660,367.98608008,36
2026-01-04T15:29:00Z,63044.37474660,63135.43791475,62989.23417557,63080.26595215,322.20905054,32
2026-01-04T15:30:00Z,63080.26595215,63110.29851376,63042.65129755,63072.68024760,231.30226286,23
2026-01-04T15:31:00Z,63072.68024760,63084.60658159,63046.85906224,63058.78276836,150.13460578,15
2026-01-04T15:32:00Z,63058.78276836,63074.78289416,63035.72982249,63051.72815829,145.26767231,14
2026-01-04T15:33:00Z,63051.72815829,63135.44116657,63029.38815795,63113.07942873,99.95315871,9
2026-01-04T15:34:00Z,63113.07942873,63124.40266321,63073.74522122,63085.06342930,290.15595942,29
2026-01-04T15:35:00Z,63085.06342930,63122.19252435,63040.73329624,63077.85815058,151.92018238,15
2026-01-04T15:36:00Z,63077.85815058,63105.34705445,63022.90341080,63050.38034002,266.07779670,26
2026-01-04T15:37:00Z,63050.38034002,63139.43172634,63006.34880317,63095.36877160,70.59939263,7
2026-01-04T15:38:00Z,63095.36877160,63151.47050088,63070.58007205,63126.66950400,223.19148681,22
2026-01-04T15:39:00Z,63126.66950400,63219.04501123,63108.39195061,63200.74600989,65.84241287,6
2026-01-04T15:40:00Z,63200.74600989,63207.22310184,63182.60170986,63189.07760598,156.99909430,15
2026-01-04T15:41:00Z,63189.07760598,63261.34029554,63180.26740491,63252.52124878,273.53865222,27
2026-01-04T15:42:00Z,63252.52124878,63279.41065250,63210.76857246,63237.65165494,203.89351697,20
2026-01-04T15:43:00Z,63237.65165494,63302.15899169,63155.99603180,63220.48585811,589.46951584,58
2026-01-04T15:44:00Z,63220.48585811,63295.42787460,63220.37476449,63295.31664949,568.09853017,56
2026-01-04T15:45:00Z,63295.31664949,63349.03175502,63292.66518435,63346.37815090,650.52987864,65
2026-01-04T15:46:00Z,63346.37815090,63410.99172643,63244.14810862,63308.72327602,127.94000356,12
2026-01-04T15:47:00Z,63308.72327602,63390.16089573,63245.56971489,63326.98911353,284.31138484,28
2026-01-04T15:48:00Z,63326.98911353,63360.59617241,63250.98079790,63284.56534286,305.90067430,30
2026-01-04T15:49:00Z,63284.56534286,63411.53943465,63256.47680956,63383.40703097,102.39742958,10
2026-01-04T15:50:00Z,63383.40703097,63403.43069031,63349.79780792,63369.81717405,92.12779952,9
2026-01-04T15:51:00Z,63369.81717405,63472.86412544,63327.00888457,63430.01517033,595.98044625,59
2026-01-04T15:52:00Z,63430.01517033,63471.45630992,63418.52036098,63459.95607467,218.29918360,21
2026-01-04T15:53:00Z,63459.95607467,63492.78997523,63416.13956189,63448.96777715,139.56185884,13
2026-01-04T15:54:00Z,63448.96777715,63505.62022466,63422.81502816,63479.45490932,209.05717911,20
2026-01-04T15:55:00Z,63479.45490932,63522.52569464,63477.15995474,63520.22926596,126.68521923,12
2026-01-04T15:56:00Z,63520.22926596,63539.44695211,63429.55322240,63448.74928270,126.69104733,12
2026-01-04T15:57:00Z,63448.74928270,63510.03072967,63361.73455240,63422.99112107,446.97728399,44
2026-01-04T15:58:00Z,63422.99112107,63487.58446887,63417.82377599,63482.41228249,957.83066454,95
2026-01-04T15:59:00Z,63482.41228249,63516.97865112,63455.48897034,63490.05209887,59.03622166,5
2026-01-04T16:00:00Z,63490.05209887,63501.25046068,63465.48712084,63476.68312464,513.92233337,51
2026-01-04T16:01:00Z,63476.68312464,63508.14092070,63457.88079403,63489.33484255,418.10207031,41
2026-01-04T16:02:00Z,63489.33484255,63518.40271755,63462.43905375,63491.50600899,286.47567503,28
2026-01-04T16:03:00Z,63491.50600899,63506.00971432,63491.13547183,63505.63909469,357.79586649,35
2026-01-04T16:04:00Z,63505.63909469,63581.64427218,63460.98631220,63536.96946035,251.52715049,25
2026-01-04T16:05:00Z,63536.96946035,63627.71357551,63454.32311779,63545.05671338,146.14712003,14
2026-01-04T16:06:00Z,63545.05671338,63637.89417059,63499.34630680,63592.14988807,674.92410275,67
2026-01-04T16:07:00Z,63592.14988807,63619.00162267,63554.75566276,63581.60294392,354.82606353,35
2026-01-04T16:08:00Z,63581.60294392,63628.90982799,63580.60727400,63627.91343286,195.68519389,19
2026-01-04T16:09:00Z,63627.91343286,63653.34710154,63596.25271655,63621.68389513,124.31019084,12
2026-01-04T16:10:00Z,63621.68389513,63627.03137162,63572.05050033,63577.39425423,415.93294426,41
2026-01-04T16:11:00Z,63577.39425423,63626.72880438,63496.26245752,63545.57231460,886.82928520,88
2026-01-04T16:12:00Z,63545.57231460,63575.83833225,63525.65855333,63555.92132783,181.35999145,18
2026-01-04T16:13:00Z,63555.92132783,63609.04639152,63470.49503750,63523.59307868,477.24897887,47
2026-01-04T16:14:00Z,63523.59307868,63557.96780795,63449.58495284,63483.93822355,1118.58220855,111
2026-01-04T16:15:00Z,63483.93822355,63535.73021849,63446.98139811,63498.76476186,409.78775847,40
2026-01-04T16:16:00Z,63498.76476186,63528.46084397,63483.38400251,63513.07661799,465.88625532,46
2026-01-04T16:17:00Z,63513.07661799,63541.41178961,63483.93278638,63512.26759707,171.00368580,17
2026-01-04T16:18:00Z,63512.26759707,63539.15138081,63465.94517120,63492.82072337,409.02439175,40
2026-01-04T16:19:00Z,63492.82072337,63502.08396640,63469.60378368,63478.86499064,570.05266660,57
2026-01-04T16:20:00Z,63478.86499064,63536.80990496,63391.38797509,63449.30590722,346.99020781,34
2026-01-04T16:21:00Z,63449.30590722,63511.11750463,63444.94681957,63506.75447016,297.08349940,29
2026-01-04T16:22:00Z,63506.75447016,63522.89228920,63439.64825353,63455.77311761,242.72723423,24
2026-01-04T16:23:00Z,63455.77311761,63531.23937613,63432.86958382,63508.31687736,843.60786514,84
2026-01-04T16:24:00Z,63508.31687736,63550.96934905,63499.74374731,63542.39161918,294.41036715,29
2026-01-04T16:25:00Z,63542.39161918,63550.31418433,63534.33534896,63542.25789743,152.91218129,15
2026-01-04T16:26:00Z,63542.25789743,63584.71404908,63514.15663849,63556.60644457,128.21297817,12
2026-01-04T16:27:00Z,63556.60644457,63581.08905940,63523.95082080,63548.43028610,727.34230239,72
2026-01-04T16:28:00Z,63548.43028610,63623.45909312,63470.28772072,63545.31284713,249.33977547,24
2026-01-04T16:29:00Z,63545.31284713,63576.92712837,63498.51222667,63530.11894884,234.51160060,23
2026-01-04T16:30:00Z,63530.11894884,63689.58549479,63480.10905360,63639.48950480,1297.43049342,129
2026-01-04T16:31:00Z,63639.48950480,63641.22507150,63618.75050286,63620.48555129,84.80171458,8
2026-01-04T16:32:00Z,63620.48555129,63645.27220935,63566.12955106,63590.90468437,15.99932429,1
2026-01-04T16:33:00Z,63590.90468437,63592.67773330,63570.32406027,63572.09658479,411.09380357,41
2026-01-04T16:34:00Z,63572.09658479,63604.91602043,63498.53239742,63531.33078749,62.17021212,6
2026-01-04T16:35:00Z,63531.33078749,63557.04372864,63500.19709464,63525.90784097,102.43071477,10
2026-01-04T16:36:00Z,63525.90784097,63596.57248344,63505.50644750,63576.15495307,178.99538529,17
2026-01-04T16:37:00Z,63576.15495307,63610.48881616,63515.93473552,63550.25461131,208.63088987,20
2026-01-04T16:38:00Z,63550.25461131,63580.83827952,63528.97510874,63559.55566253,134.77400308,13
2026-01-04T16:39:00Z,63559.55566253,63671.96837924,63542.89118286,63655.27880222,477.42904014,47
2026-01-04T16:40:00Z,63655.27880222,63667.21730527,63604.44659723,63616.37780442,86.60560891,8
2026-01-04T16:41:00Z,63616.37780442,63649.45363767,63523.26112465,63556.30572483,298.33140723,29
2026-01-04T16:42:00Z,63556.30572483,63560.67235796,63526.47367598,63530.83855938,293.40657453,29
2026-01-04T16:43:00Z,63530.83855938,63561.85096506,63491.45517116,63522.46348857,472.47318560,47
2026-01-04T16:44:00Z,63522.46348857,63575.97649953,63496.87608030,63550.37784710,470.85497233,47
2026-01-04T16:45:00Z,63550.37784710,63569.70748406,63490.48049887,63509.79779291,492.68657986,49
2026-01-04T16:46:00Z,63509.79779291,63581.29512800,63503.89291145,63575.38414859,774.12688673,77
2026-01-04T16:47:00Z,63575.38414859,63616.89123345,63542.48609830,63583.98873059,207.45478931,20
2026-01-04T16:48:00Z,63583.98873059,63653.20841171,63583.47975584,63652.69888696,1148.83142355,114
2026-01-04T16:49:00Z,63652.69888696,63734.60399733,63580.44395745,63662.33812590,132.28707412,13
2026-01-04T16:50:00Z,63662.33812590,63757.59948246,63622.07620760,63717.30280290,376.77476602,37
2026-01-04T16:51:00Z,63717.30280290,63730.88895571,63695.79530316,63709.37976657,305.43130572,30
2026-01-04T16:52:00Z,63709.37976657,63771.62680878,63692.92934445,63755.16456455,369.46346004,36
2026-01-04T16:53:00Z,63755.16456455,63760.98660370,63749.69004300,63755.51205231,28.12278629,2
2026-01-04T16:54:00Z,63755.51205231,63779.03928987,63716.06863501,63739.58999696,223.56009003,22
2026-01-04T16:55:00Z,63739.58999696,63773.32262388,63733.06283230,63766.79267356,471.71684102,47
2026-01-04T16:56:00Z,63766.79267356,63766.89576189,63764.40935841,63764.51244306,324.02817439,32
2026-01-04T16:57:00Z,63764.51244306,63800.20434460,63695.63491084,63731.30822648,847.21453887,84
2026-01-04T16:58:00Z,63731.30822648,63745.21370768,63706.44532877,63720.34841867,270.34811637,27
2026-01-04T16:59:00Z,63720.34841867,63722.50832840,63692.56297305,63694.72201413,366.82461143,36
2026-01-04T17:00:00Z,63694.72201413,63714.20271091,63668.74349214,63688.22220100,201.20359562,20
2026-01-04T17:01:00Z,63688.22220100,63766.32090029,63641.27979269,63719.35554466,142.79329768,14
2026-01-04T17:02:00Z,63719.35554466,63737.50735923,63668.40286003,63686.54532791,402.36833323,40
2026-01-04T17:03:00Z,63686.54532791,63741.03768549,63665.34244952,63719.82372787,424.06334538,42
2026-01-04T17:04:00Z,63719.82372787,63720.99868123,63642.99532052,63644.16887885,941.33176726,94
2026-01-04T17:05:00Z,63644.16887885,63685.21894079,63610.59630023,63651.64241984,132.50604771,13
2026-01-04T17:06:00Z,63651.64241984,63660.84703461,63643.28984742,63652.49435040,84.26819014,8
2026-01-04T17:07:00Z,63652.49435040,63770.28547218,63600.26388226,63718.00125194,610.82843541,61
2026-01-04T17:08:00Z,63718.00125194,63780.24213449,63703.34009615,63765.57003340,423.39966866,42
2026-01-04T17:09:00Z,63765.57003340,63844.48786429,63737.19366003,63816.08900943,389.92717273,38
2026-01-04T17:10:00Z,63816.08900943,63875.50036822,63794.36404767,63853.76258121,972.41802030,97
2026-01-04T17:11:00Z,63853.76258121,63896.26807982,63801.46969502,63843.96867412,215.64294312,21
2026-01-04T17:12:00Z,63843.96867412,63876.93988654,63795.19223153,63828.15527737,269.65824503,26
2026-01-04T17:13:00Z,63828.15527737,63833.80685245,63807.08065354,63812.73086288,173.62671091,17
2026-01-04T17:14:00Z,63812.73086288,63841.02109176,63731.27406689,63759.54071487,990.00686864,99
2026-01-04T17:15:00Z,63759.54071487,63810.64697872,63752.72885358,63803.83038566,91.31687161,9
2026-01-04T17:16:00Z,63803.83038566,63908.24155559,63779.34551332,63883.72602310,265.03897565,26
2026-01-04T17:17:00Z,63883.72602310,63894.21326689,63799.48639656,63809.96153107,1471.86986157,147
2026-01-04T17:18:00Z,63809.96153107,63825.46496354,63752.18905198,63767.68221216,1449.79641988,144
2026-01-04T17:19:00Z,63767.68221216,63833.07165298,63693.19061132,63758.57070891,250.62836229,25
2026-01-04T17:20:00Z,63758.57070891,63763.17664215,63694.37617115,63698.97779939,45.71654819,4
2026-01-04T17:21:00Z,63698.97779939,63827.80171832,63622.04583564,63750.80715805,290.61208436,29
2026-01-04T17:22:00Z,63750.80715805,63794.92556911,63728.27694839,63772.38773265,473.60974433,47
2026-01-04T17:23:00Z,63772.38773265,63818.97796746,63712.27515740,63758.85550596,350.69183310,35
2026-01-04T17:24:00Z,63758.85550596,63778.75427663,63688.22984688,63708.11278103,120.56995841,12
2026-01-04T17:25:00Z,63708.11278103,63744.54740837,63691.76433620,63728.19381046,157.48972020,15
2026-01-04T17:26:00Z,63728.19381046,63770.58701752,63698.46441339,63740.85171551,355.55580011,35
2026-01-04T17:27:00Z,63740.85171551,63812.67572498,63689.76016819,63761.56757285,412.00045327,41
2026-01-04T17:28:00Z,63761.56757285,63841.39706374,63683.18658759,63763.01430005,329.15462948,32
2026-01-04T17:29:00Z,63763.01430005,63796.70991777,63729.03782443,63762.73329365,80.33871165,8
2026-01-04T17:30:00Z,63762.73329365,63821.07502356,63741.32167488,63799.65100777,461.12260697,46
2026-01-04T17:31:00Z,63799.65100777,63817.63010915,63685.52446012,63703.47645898,697.44198528,69
2026-01-04T17:32:00Z,63703.47645898,63751.43000856,63692.19795077,63740.14500830,82.74110239,8
2026-01-04T17:33:00Z,63740.14500830,63849.03988400,63685.47906266,63794.32746945,198.42629648,19
2026-01-04T17:34:00Z,63794.32746945,63812.59277445,63789.54630854,63807.81060303,549.45162047,54
2026-01-04T17:35:00Z,63807.81060303,63857.43170587,63792.11225695,63841.72501598,386.81278202,38
2026-01-04T17:36:00Z,63841.72501598,63943.00823294,63810.10716589,63911.35589790,550.36137715,55
2026-01-04T17:37:00Z,63911.35589790,63989.24066028,63893.59460200,63971.46266040,155.22750086,15
2026-01-04T17:38:00Z,63971.46266040,64001.96789638,63957.45583279,63987.95745716,215.05621777,21
2026-01-04T17:39:00Z,63987.95745716,63994.41011631,63976.01710548,63982.46921118,63.66753873,6
2026-01-04T17:40:00Z,63982.46921118,64027.11670504,63925.96804294,63970.60725943,74.10743156,7
2026-01-04T17:41:00Z,63970.60725943,63988.97532606,63896.13372422,63914.48567649,411.75887535,41
2026-01-04T17:42:00Z,63914.48567649,63945.46437249,63902.26233795,63933.23744776,37.11156707,3
2026-01-04T17:43:00Z,63933.23744776,63990.82835136,63893.85206095,63951.43175614,807.11968421,80
2026-01-04T17:44:00Z,63951.43175614,64040.00066874,63921.52786327,64010.06935673,687.65395734,68
2026-01-04T17:45:00Z,64010.06935673,64018.41152417,63979.21785366,63987.55708717,176.60919507,17
2026-01-04T17:46:00Z,63987.55708717,63997.04395665,63962.10247782,63971.58697956,446.07005074,44
2026-01-04T17:47:00Z,63971.58697956,64037.35762411,63957.80129230,64023.56073666,716.42969593,71
2026-01-04T17:48:00Z,64023.56073666,64043.73713484,63972.21178009,63992.37835144,788.85087737,78
2026-01-04T17:49:00Z,63992.37835144,64010.03513006,63980.19106296,63997.84680012,336.30875711,33
2026-01-04T17:50:00Z,63997.84680012,64009.94921814,63940.59418702,63952.68806522,382.62506029,38
2026-01-04T17:51:00Z,63952.68806522,63994.36030773,63839.02227771,63880.64757788,613.77465520,61
2026-01-04T17:52:00Z,63880.64757788,63883.11236694,63799.48067403,63801.94242631,257.50939542,25
2026-01-04T17:53:00Z,63801.94242631,63829.95086491,63730.26139792,63758.25065625,970.01190836,97
2026-01-04T17:54:00Z,63758.25065625,63818.59744336,63688.05424387,63748.39169953,309.25268994,30
2026-01-04T17:55:00Z,63748.39169953,63754.56488683,63723.98501356,63730.15643500,769.99392081,76
2026-01-04T17:56:00Z,63730.15643500,63772.55676399,63645.09497591,63687.46690312,464.08954476,46
2026-01-04T17:57:00Z,63687.46690312,63758.11510715,63669.76554894,63740.39904097,150.04125129,15
2026-01-04T17:58:00Z,63740.39904097,63841.24359506,63697.50043955,63798.30602105,373.92160576,37
2026-01-04T17:59:00Z,63798.30602105,63821.34712569,63767.76871279,63790.80710916,247.83810966,24
2026-01-04T18:00:00Z,63790.80710916,63835.96131729,63763.32241577,63808.46901415,89.85167969,8
2026-01-04T18:01:00Z,63808.46901415,63813.04494921,63798.74221276,63803.31777841,204.82296341,20
2026-01-04T18:02:00Z,63803.31777841,63848.68108821,63755.19237681,63800.55372141,102.53925807,10
2026-01-04T18:03:00Z,63800.55372141,63844.88104708,63674.26408452,63718.53442486,503.11791172,50
2026-01-04T18:04:00Z,63718.53442486,63763.01744906,63684.63775567,63729.11515119,467.92836790,46
2026-01-04T18:05:00Z,63729.11515119,63769.25160022,63701.15398006,63741.28508953,114.22264966,11
2026-01-04T18:06:00Z,63741.28508953,63792.82731727,63618.38991243,63669.87439634,38.77433823,3
2026-01-04T18:07:00Z,63669.87439634,63697.30137926,63668.56081975,63695.98726393,104.62982428,10
2026-01-04T18:08:00Z,63695.98726393,63753.15106143,63655.20688969,63712.36020466,404.79787607,40
2026-01-04T18:09:00Z,63712.36020466,63739.42405762,63652.23552950,63679.28533285,62.27372805,6
2026-01-04T18:10:00Z,63679.28533285,63690.67844431,63641.27366498,63652.66201315,659.13232490,65
2026-01-04T18:11:00Z,63652.66201315,63684.01152894,63619.04896643,63650.39736687,338.71741968,33
2026-01-04T18:12:00Z,63650.39736687,63680.16602333,63560.74372019,63590.48435594,266.82835048,26
2026-01-04T18:13:00Z,63590.48435594,63635.84796747,63555.60388564,63600.96175014,80.10670938,8
2026-01-04T18:14:00Z,63600.96175014,63620.58006516,63597.86655596,63617.48406690,15.65277914,1
2026-01-04T18:15:00Z,63617.48406690,63636.53361021,63563.63402177,63582.67314134,129.54220927,12
2026-01-04T18:16:00Z,63582.67314134,63586.52435779,63494.71298379,63498.55910544,265.65187321,26
2026-01-04T18:17:00Z,63498.55910544,63507.19234249,63495.35048436,63503.98344732,205.92859223,20
2026-01-04T18:18:00Z,63503.98344732,63537.13864829,63431.21364895,63464.34815648,258.34233422,25
2026-01-04T18:19:00Z,63464.34815648,63493.11329208,63449.74759773,63478.50947538,696.08721876,69
2026-01-04T18:20:00Z,63478.50947538,63535.29849032,63409.51407158,63466.29215669,557.92430276,55
2026-01-04T18:21:00Z,63466.29215669,63527.39827007,63461.52311984,63522.62500021,201.12557445,20
2026-01-04T18:22:00Z,63522.62500021,63528.11415507,63446.54974945,63452.03280425,342.38566629,34
2026-01-04T18:23:00Z,63452.03280425,63478.89029551,63425.14485337,63452.00233173,216.60021107,21
2026-01-04T18:24:00Z,63452.00233173,63471.83814519,63437.50826046,63457.34285400,227.74832195,22
2026-01-04T18:25:00Z,63457.34285400,63486.43253601,63414.18698688,63443.27021780,201.84913965,20
2026-01-04T18:26:00Z,63443.27021780,63497.44015471,63408.78367082,63462.94291403,184.18561891,18
2026-01-04T18:27:00Z,63462.94291403,63532.23210177,63446.26120267,63515.53656576,941.43120096,94
2026-01-04T18:28:00Z,63515.53656576,63617.81115177,63466.37175082,63568.60525849,603.35255089,60
2026-01-04T18:29:00Z,63568.60525849,63604.91095254,63546.30149531,63582.60227834,409.41869352,40
2026-01-04T18:30:00Z,63582.60227834,63630.87797433,63495.21555444,63543.46153245,62.23669988,6
2026-01-04T18:31:00Z,63543.46153245,63611.68685355,63541.89619358,63610.11987261,374.31685914,37
2026-01-04T18:32:00Z,63610.11987261,63651.28773725,63549.71463343,63590.87003976,200.65066329,20
2026-01-04T18:33:00Z,63590.87003976,63673.08517504,63577.60106062,63659.80181248,817.72579334,81
2026-01-04T18:34:00Z,63659.80181248,63731.79691360,63615.76181631,63687.73759141,455.05300378,45
2026-01-04T18:35:00Z,63687.73759141,63738.51438068,63576.20068876,63626.92899671,193.53034679,19
2026-01-04T18:36:00Z,63626.92899671,63671.03762022,63548.27033308,63592.35498856,611.76239572,61
2026-01-04T18:37:00Z,63592.35498856,63598.15822554,63518.93115121,63524.72821679,782.59871464,78
2026-01-04T18:38:00Z,63524.72821679,63634.08331559,63493.87943002,63603.19642320,857.05660630,85
2026-01-04T18:39:00Z,63603.19642320,63628.55289427,63570.18762098,63595.54104010,92.64184515,9
2026-01-04T18:40:00Z,63595.54104010,63629.06126121,63547.23395142,63580.74637449,149.20322242,14
2026-01-04T18:41:00Z,63580.74637449,63627.14933493,63573.31811851,63619.71652599,282.67472016,28
2026-01-04T18:42:00Z,63619.71652599,63661.60245447,63585.39620696,63627.27805629,74.59607267,7
2026-01-04T18:43:00Z,63627.27805629,63702.63493694,63602.83735205,63678.17468213,176.36969909,17
2026-01-04T18:44:00Z,63678.17468213,63743.92741221,63620.57462116,63686.31998341,324.15348865,32
2026-01-04T18:45:00Z,63686.31998341,63823.68287136,63657.41953433,63794.73322503,353.95754046,35
2026-01-04T18:46:00Z,63794.73322503,63812.20509497,63790.74085465,63808.21188107,88.04860704,8
2026-01-04T18:47:00Z,63808.21188107,63884.16873041,63794.24267796,63870.18595963,311.79563145,31
2026-01-04T18:48:00Z,63870.18595963,63913.42496335,63757.20382185,63800.39557870,1202.68899607,120
2026-01-04T18:49:00Z,63800.39557870,63886.24389724,63751.32832977,63837.14838267,286.08130787,28
2026-01-04T18:50:00Z,63837.14838267,63870.57802240,63739.12273019,63772.51852516,490.22661375,49
2026-01-04T18:51:00Z,63772.51852516,63775.28667423,63723.72908234,63726.49523369,125.08660200,12
2026-01-04T18:52:00Z,63726.49523369,63767.45902629,63706.70484789,63747.66206709,22.36666509,2
2026-01-04T18:53:00Z,63747.66206709,63752.60358309,63735.58125108,63740.52221362,76.35744524,7
2026-01-04T18:54:00Z,63740.52221362,63752.40392469,63699.03812802,63710.91431996,154.32330931,15
2026-01-04T18:55:00Z,63710.91431996,63738.41394233,63663.80946934,63691.30062583,213.28205430,21
2026-01-04T18:56:00Z,63691.30062583,63725.17158669,63673.13234756,63706.99883042,120.36190484,12
2026-01-04T18:57:00Z,63706.99883042,63733.68199563,63670.44737873,63697.12640895,91.86351048,9
2026-01-04T18:58:00Z,63697.12640895,63697.33682824,63629.99392815,63630.20412637,1908.74673657,190
2026-01-04T18:59:00Z,63630.20412637,63658.68393068,63563.04336968,63591.50585330,499.27543964,49
2026-01-04T19:00:00Z,63591.50585330,63614.04433129,63564.01213878,63586.54885988,237.25462018,23
2026-01-04T19:01:00Z,63586.54885988,63694.28076191,63535.90092823,63643.58739795,1056.48314201,105
2026-01-04T19:02:00Z,63643.58739795,63700.54429078,63636.89620594,63693.84781463,134.20454055,13
2026-01-04T19:03:00Z,63693.84781463,63737.29921137,63670.13947215,63713.58352280,187.11937455,18
2026-01-04T19:04:00Z,63713.58352280,63771.38446239,63692.56303169,63750.35184062,822.90887426,82
2026-01-04T19:05:00Z,63750.35184062,63806.10786216,63678.64819026,63734.39025181,361.55141526,36
2026-01-04T19:06:00Z,63734.39025181,63754.60608917,63708.15022517,63728.36415112,349.94220689,34
2026-01-04T19:07:00Z,63728.36415112,63826.51929519,63657.62697583,63755.75172026,123.20050163,12
2026-01-04T19:08:00Z,63755.75172026,63842.36216750,63709.33556670,63795.91677254,494.98003394,49
2026-01-04T19:09:00Z,63795.91677254,63810.34013827,63769.76557963,63784.18629326,47.91924145,4
2026-01-04T19:10:00Z,63784.18629326,63900.63863465,63736.27493543,63852.67583104,687.20614236,68
2026-01-04T19:11:00Z,63852.67583104,63907.64800428,63828.06936171,63883.02983763,423.66377801,42
2026-01-04T19:12:00Z,63883.02983763,63930.32913237,63825.26014443,63872.55168109,12.98609026,1
2026-01-04T19:13:00Z,63872.55168109,63877.69454393,63764.71073728,63769.84533046,937.51639247,93
2026-01-04T19:14:00Z,63769.84533046,63773.81129610,63737.00087192,63740.96504144,405.25761273,40
2026-01-04T19:15:00Z,63740.96504144,63745.14196728,63713.13601060,63717.31138643,504.97994709,50
2026-01-04T19:16:00Z,63717.31138643,63773.28842145,63612.64229844,63668.57651882,242.10809723,24
2026-01-04T19:17:00Z,63668.57651882,63676.10632651,63666.36812441,63673.89774753,58.30370210,5
2026-01-04T19:18:00Z,63673.89774753,63674.16995224,63652.52107214,63652.79318663,655.07965993,65
2026-01-04T19:19:00Z,63652.79318663,63697.68570430,63572.47170341,63617.33921640,87.93460445,8
2026-01-04T19:20:00Z,63617.33921640,63632.82827850,63588.38398905,63603.86977172,114.78107327,11
2026-01-04T19:21:00Z,63603.86977172,63630.86809945,63547.58352894,63574.56941937,133.68352271,13
2026-01-04T19:22:00Z,63574.56941937,63679.89886721,63521.76123826,63627.04709555,83.90793196,8
2026-01-04T19:23:00Z,63627.04709555,63648.22949681,63615.95822160,63637.13886408,48.53115616,4
2026-01-04T19:24:00Z,63637.13886408,63670.00005472,63500.63062467,63533.43826600,893.42342193,89
2026-01-04T19:25:00Z,63533.43826600,63582.29503394,63507.18626525,63556.03369676,244.44149797,24
2026-01-04T19:26:00Z,63556.03369676,63576.02286548,63515.50067363,63535.48337901,206.42456534,20
2026-01-04T19:27:00Z,63535.48337901,63575.94283457,63508.72169769,63549.17538606,473.09876114,47
2026-01-04T19:28:00Z,63549.17538606,63615.20580256,63510.40246815,63576.41626432,196.57112268,19
2026-01-04T19:29:00Z,63576.41626432,63664.45781921,63571.89764132,63659.93326034,521.98097256,52
2026-01-04T19:30:00Z,63659.93326034,63675.26858909,63589.34016023,63604.66217448,277.73628525,27
2026-01-04T19:31:00Z,63604.66217448,63652.52224457,63574.74526203,63622.59689639,208.77259795,20
2026-01-04T19:32:00Z,63622.59689639,63676.03916083,63546.29888681,63599.72193654,319.45914495,31
2026-01-04T19:33:00Z,63599.72193654,63640.77873683,63564.05130115,63605.10508224,662.38745441,66
2026-01-04T19:34:00Z,63605.10508224,63611.04744538,63570.05299693,63575.99264022,13.53484482,1
2026-01-04T19:35:00Z,63575.99264022,63627.36180006,63559.12766359,63610.48767284,325.32164182,32
2026-01-04T19:36:00Z,63610.48767284,63651.64929791,63593.76376374,63634.91896556,100.72874240,10
2026-01-04T19:37:00Z,63634.91896556,63774.94266082,63557.03673741,63696.98447124,386.68996202,38
2026-01-04T19:38:00Z,63696.98447124,63780.49878122,63675.46226208,63758.95563299,279.37438103,27
2026-01-04T19:39:00Z,63758.95563299,63871.71508189,63718.60554935,63831.31920271,457.85045689,45
2026-01-04T19:40:00Z,63831.31920271,63871.43900006,63784.97681381,63825.09269762,111.25454802,11
2026-01-04T19:41:00Z,63825.09269762,63856.51986683,63773.50240156,63804.91963764,420.65401107,42
2026-01-04T19:42:00Z,63804.91963764,63868.03283193,63662.83081817,63725.86581568,140.99592766,14
2026-01-04T19:43:00Z,63725.86581568,63746.57244054,63681.15854107,63701.85736480,46.59253465,4
2026-01-04T19:44:00Z,63701.85736480,63720.93549714,63645.43864036,63664.50558619,208.38566624,20
2026-01-04T19:45:00Z,63664.50558619,63746.85068714,63514.97962631,63597.23772150,258.33115417,25
2026-01-04T19:46:00Z,63597.23772150,63624.77758599,63551.69172362,63579.22378745,120.24993158,12
2026-01-04T19:47:00Z,63579.22378745,63619.58770807,63576.66863982,63617.03104103,315.17766249,31
2026-01-04T19:48:00Z,63617.03104103,63705.90460062,63612.13783892,63701.00493952,348.23638633,34
2026-01-04T19:49:00Z,63701.00493952,63760.84316482,63651.47857762,63711.30879186,444.19799647,44
2026-01-04T19:50:00Z,63711.30879186,63778.40042529,63594.43759967,63661.47675712,643.91021731,64
2026-01-04T19:51:00Z,63661.47675712,63672.99620334,63625.55357708,63637.06860668,211.42432586,21
2026-01-04T19:52:00Z,63637.06860668,63689.04751210,63630.89937527,63682.87384016,131.68591382,13
2026-01-04T19:53:00Z,63682.87384016,63693.79934316,63661.56519159,63672.48891294,80.55013610,8
2026-01-04T19:54:00Z,63672.48891294,63794.24826785,63659.36196265,63781.09892612,259.63641365,25
2026-01-04T19:55:00Z,63781.09892612,63844.22604221,63732.46324929,63795.57932348,243.80774750,24
2026-01-04T19:56:00Z,63795.57932348,63823.75836542,63793.68833435,63821.86659709,742.66058266,74
2026-01-04T19:57:00Z,63821.86659709,63874.55777527,63799.92008736,63852.60069696,93.16375892,9
2026-01-04T19:58:00Z,63852.60069696,63862.93996423,63814.01169173,63824.34638395,982.90839041,98
2026-01-04T19:59:00Z,63824.34638395,63904.75169416,63790.91895668,63871.29967553,66.45588727,6
2026-01-04T20:00:00Z,63871.29967553,63999.99766627,63819.31206302,63947.94766664,29.50872960,2
2026-01-04T20:01:00Z,63947.94766664,64026.85261696,63919.39034083,63998.27281739,377.32229330,37
2026-01-04T20:02:00Z,63998.27281739,64092.74027709,63988.39573884,64082.85014542,348.05967483,34
2026-01-04T20:03:00Z,64082.85014542,64148.80576622,64000.37577581,64066.31437759,219.54906093,21
2026-01-04T20:04:00Z,64066.31437759,64154.73131969,64038.25262085,64126.64313828,193.99369570,19
2026-01-04T20:05:00Z,64126.64313828,64155.79631045,64074.41643351,64103.55911125,250.21476799,25
2026-01-04T20:06:00Z,64103.55911125,64114.27862177,63892.65793089,63903.34396108,389.26092213,38
2026-01-04T20:07:00Z,63903.34396108,63935.09028506,63875.81220583,63907.55671481,238.29591400,23
2026-01-04T20:08:00Z,63907.55671481,63940.64463610,63865.78542916,63898.86885234,43.78526722,4
2026-01-04T20:09:00Z,63898.86885234,63968.08446909,63758.25538817,63827.39358250,270.96074538,27
2026-01-04T20:10:00Z,63827.39358250,63906.16730336,63785.14700916,63863.89656913,916.21000921,91
2026-01-04T20:11:00Z,63863.89656913,63893.04591971,63757.97263316,63787.08692557,494.78133603,49
2026-01-04T20:12:00Z,63787.08692557,63799.71789799,63709.03913666,63721.65715283,444.80061491,44
2026-01-04T20:13:00Z,63721.65715283,63826.93185139,63657.73125523,63762.96451403,461.86937296,46
2026-01-04T20:14:00Z,63762.96451403,63807.50250661,63741.65546270,63786.18569495,308.42174509,30
2026-01-04T20:15:00Z,63786.18569495,63793.69758344,63744.96958296,63752.47750175,887.95169122,88
2026-01-04T20:16:00Z,63752.47750175,63794.93851572,63691.44020023,63733.88883361,379.40452485,37
2026-01-04T20:17:00Z,63733.88883361,63761.19856299,63699.34839121,63726.65502093,204.30157459,20
2026-01-04T20:18:00Z,63726.65502093,63855.70243268,63674.36376139,63803.34824210,180.79584787,18
2026-01-04T20:19:00Z,63803.34824210,63831.64452535,63718.99507843,63747.26648986,304.97184124,30
2026-01-04T20:20:00Z,63747.26648986,63796.95175204,63728.01572697,63777.69180113,38.80428612,3
2026-01-04T20:21:00Z,63777.69180113,63819.74083458,63727.72990670,63769.77371970,59.69960562,5
2026-01-04T20:22:00Z,63769.77371970,63805.37500457,63739.75018421,63775.34884426,190.85248299,19
2026-01-04T20:23:00Z,63775.34884426,63849.89494166,63753.73459857,63828.26276280,348.76449231,34
2026-01-04T20:24:00Z,63828.26276280,63859.52202496,63791.78852785,63823.04523477,369.39223673,36
2026-01-04T20:25:00Z,63823.04523477,63876.06028761,63802.87420717,63855.87888306,170.47310395,17
2026-01-04T20:26:00Z,63855.87888306,63889.88479582,63849.51126745,63883.51442444,893.12903887,89
2026-01-04T20:27:00Z,63883.51442444,63968.80784769,63845.13418586,63930.39944131,480.34666236,48
2026-01-04T20:28:00Z,63930.39944131,63996.40238038,63916.76183823,63982.75360913,262.54352261,26
2026-01-04T20:29:00Z,63982.75360913,64008.46154965,63965.02591137,63990.73164142,438.30157665,43
2026-01-04T20:30:00Z,63990.73164142,64007.30728700,63918.71893488,63935.28021678,426.03885938,42
2026-01-04T20:31:00Z,63935.28021678,63938.19087000,63855.93654373,63858.84371718,336.51469063,33
2026-01-04T20:32:00Z,63858.84371718,63863.35604695,63835.93062891,63840.44165837,211.39984814,21
2026-01-04T20:33:00Z,63840.44165837,63888.54774724,63747.54981929,63795.62213503,610.87418137,61
2026-01-04T20:34:00Z,63795.62213503,63882.20932917,63750.87698051,63837.43484793,140.73355772,14
2026-01-04T20:35:00Z,63837.43484793,63843.87898774,63767.99228746,63774.43006718,688.88709143,68
2026-01-04T20:36:00Z,63774.43006718,63781.74443866,63697.55283749,63704.85922979,803.79358467,80
2026-01-04T20:37:00Z,63704.85922979,63735.72487999,63592.84101783,63623.66732973,1483.71670740,148
2026-01-04T20:38:00Z,63623.66732973,63658.48431395,63578.90032053,63613.71185678,194.61754608,19
2026-01-04T20:39:00Z,63613.71185678,63625.62167321,63569.09406681,63580.99775847,411.58806995,41
2026-01-04T20:40:00Z,63580.99775847,63584.74935573,63506.83555697,63510.58299940,518.98461185,51
2026-01-04T20:41:00Z,63510.58299940,63528.28335316,63475.39971348,63493.09519341,443.18033950,44
2026-01-04T20:42:00Z,63493.09519341,63517.29060566,63414.42056372,63438.59520758,664.94242150,66
2026-01-04T20:43:00Z,63438.59520758,63456.10590213,63387.26246095,63404.76381716,254.75481766,25
2026-01-04T20:44:00Z,63404.76381716,63419.11987912,63371.48685636,63385.83863329,347.46454460,34
2026-01-04T20:45:00Z,63385.83863329,63393.98720291,63375.91872481,63384.06706668,252.48346438,25
2026-01-04T20:46:00Z,63384.06706668,63393.27071901,63360.06593716,63369.26744052,175.32170947,17
2026-01-04T20:47:00Z,63369.26744052,63380.44382821,63353.42053212,63364.59609593,229.68904422,22
2026-01-04T20:48:00Z,63364.59609593,63392.00396067,63256.16932350,63283.54212898,789.18961462,78
2026-01-04T20:49:00Z,63283.54212898,63340.23785896,63195.27097725,63251.93839344,242.92482222,24
2026-01-04T20:50:00Z,63251.93839344,63277.30178907,63153.51130257,63178.84538863,1509.96352197,150
2026-01-04T20:51:00Z,63178.84538863,63186.14555414,63129.18588370,63136.48115413,736.84985014,73
2026-01-04T20:52:00Z,63136.48115413,63160.86097230,63075.76929134,63100.13507466,583.01611940,58
2026-01-04T20:53:00Z,63100.13507466,63110.91612799,63093.94398091,63104.72458394,262.24228757,26
2026-01-04T20:54:00Z,63104.72458394,63110.12328009,63093.84525421,63099.24348144,164.80180410,16
2026-01-04T20:55:00Z,63099.24348144,63113.99700980,63071.07894267,63085.82933460,122.10889825,12
2026-01-04T20:56:00Z,63085.82933460,63101.45300944,63070.66789017,63086.29145395,192.26074964,19
2026-01-04T20:57:00Z,63086.29145395,63111.52465173,63056.54769649,63081.77908942,295.49359442,29
2026-01-04T20:58:00Z,63081.77908942,63086.02400485,63033.76755883,63038.00952891,278.60436327,27
2026-01-04T20:59:00Z,63038.00952891,63041.50530665,63024.85969148,63028.35493382,456.03209798,45
2026-01-04T21:00:00Z,63028.35493382,63047.28023942,63002.15092562,63021.07404501,47.49044843,4
2026-01-04T21:01:00Z,63021.07404501,63039.88246485,63019.15274218,63037.96064720,111.87026964,11
2026-01-04T21:02:00Z,63037.96064720,63041.67552657,62975.54546774,62979.25688765,881.86928984,88
2026-01-04T21:03:00Z,62979.25688765,62982.49262015,62908.11485176,62911.34709521,414.90076985,41
2026-01-04T21:04:00Z,62911.34709521,62945.13645266,62872.62314701,62906.40985270,141.12842558,14
2026-01-04T21:05:00Z,62906.40985270,62924.29489850,62855.68154701,62873.55725242,303.58546628,30
2026-01-04T21:06:00Z,62873.55725242,62907.72967460,62846.51367170,62880.68302889,466.48067412,46
2026-01-04T21:07:00Z,62880.68302889,62897.20646663,62870.40073025,62886.92314760,832.08900557,83
2026-01-04T21:08:00Z,62886.92314760,62933.37014056,62866.74729162,62913.18585878,1237.83681673,123
2026-01-04T21:09:00Z,62913.18585878,62940.84021583,62889.23545313,62916.88840066,225.03321594,22
2026-01-04T21:10:00Z,62916.88840066,62970.08382464,62890.65627794,62943.84046471,470.93595265,47
2026-01-04T21:11:00Z,62943.84046471,62944.41095806,62868.36500111,62868.93481555,1447.10608512,144
2026-01-04T21:12:00Z,62868.93481555,62869.36370668,62788.21678576,62788.64512916,486.10787371,48
2026-01-04T21:13:00Z,62788.64512916,62803.25570365,62739.19826638,62753.80073277,328.49772408,32
2026-01-04T21:14:00Z,62753.80073277,62796.07453791,62744.50079217,62786.76971139,673.89125875,67
2026-01-04T21:15:00Z,62786.76971139,62849.05730964,62770.26427179,62832.53983794,514.75582140,51
2026-01-04T21:16:00Z,62832.53983794,62903.97855478,62781.38388767,62852.80610446,270.61132575,27
2026-01-04T21:17:00Z,62852.80610446,62882.24878567,62790.17833398,62819.60546272,565.79553771,56
2026-01-04T21:18:00Z,62819.60546272,62830.98451509,62802.69347725,62814.07152721,161.89031324,16
2026-01-04T21:19:00Z,62814.07152721,62842.36310789,62779.50674257,62807.79549652,92.46484150,9
2026-01-04T21:20:00Z,62807.79549652,62827.84835867,62744.32108881,62764.36008318,140.42676297,14
2026-01-04T21:21:00Z,62764.36008318,62858.54115287,62723.55949338,62817.70588511,244.53422635,24
2026-01-04T21:22:00Z,62817.70588511,62862.93951955,62752.65911289,62797.87847006,543.71479088,54
2026-01-04T21:23:00Z,62797.87847006,62806.45198260,62738.17964901,62746.74618069,464.20797959,46
2026-01-04T21:24:00Z,62746.74618069,62770.41215089,62729.54258687,62753.20678574,126.81861885,12
2026-01-04T21:25:00Z,62753.20678574,62762.43223082,62690.21148789,62699.42902702,799.02310464,79
2026-01-04T21:26:00Z,62699.42902702,62713.58742717,62697.75608425,62711.91415128,35.06021253,3
2026-01-04T21:27:00Z,62711.91415128,62721.53208053,62642.38765918,62651.99639904,157.08171378,15
2026-01-04T21:28:00Z,62651.99639904,62738.09534533,62625.77780248,62711.85170054,965.20399746,96
2026-01-04T21:29:00Z,62711.85170054,62716.39389602,62706.94629524,62711.48846441,135.71538351,13
2026-01-04T21:30:00Z,62711.48846441,62718.69099692,62674.24540864,62681.44449054,521.42096176,52
2026-01-04T21:31:00Z,62681.44449054,62690.20160417,62668.77319572,62677.52976242,341.80016465,34
2026-01-04T21:32:00Z,62677.52976242,62707.32653411,62658.93266778,62688.72611738,146.11346275,14
2026-01-04T21:33:00Z,62688.72611738,62720.26248520,62671.47670189,62703.00913960,353.81826517,35
2026-01-04T21:34:00Z,62703.00913960,62726.29190148,62696.49323688,62719.77425658,457.01361754,45
2026-01-04T21:35:00Z,62719.77425658,62767.91662579,62662.36005443,62710.49530131,38.79399138,3
2026-01-04T21:36:00Z,62710.49530131,62733.96629884,62690.75876346,62714.22858604,175.05304631,17
2026-01-04T21:37:00Z,62714.22858604,62808.42489966,62676.58823354,62770.75062329,285.46549103,28
2026-01-04T21:38:00Z,62770.75062329,62771.19346889,62739.54372994,62739.98635850,137.51509265,13
2026-01-04T21:39:00Z,62739.98635850,62759.91466268,62684.74673042,62704.66381498,433.59002193,43
2026-01-04T21:40:00Z,62704.66381498,62707.48632670,62702.43166129,62705.25415199,199.13174483,19
2026-01-04T21:41:00Z,62705.25415199,62730.49033151,62701.13319023,62726.36798216,242.44731672,24
2026-01-04T21:42:00Z,62726.36798216,62764.31287585,62682.11720684,62720.05828362,238.24100420,23
2026-01-04T21:43:00Z,62720.05828362,62735.81403946,62695.03743931,62710.79086710,537.91130798,53
2026-01-04T21:44:00Z,62710.79086710,62726.07471576,62664.19734836,62679.47356438,421.61785222,42
2026-01-04T21:45:00Z,62679.47356438,62720.83473473,62650.99403527,62692.34935528,215.96150548,21
2026-01-04T21:46:00Z,62692.34935528,62707.32598844,62654.39975098,62669.37089479,411.61021388,41
2026-01-04T21:47:00Z,62669.37089479,62707.71186316,62604.77258673,62643.09748109,414.44791803,41
2026-01-04T21:48:00Z,62643.09748109,62647.52391632,62589.24703457,62593.66997720,1315.43123317,131
2026-01-04T21:49:00Z,62593.66997720,62604.67736631,62582.28461292,62593.29193554,290.21544627,29
2026-01-04T21:50:00Z,62593.29193554,62635.29629396,62590.60572886,62632.60840000,136.93787067,13
2026-01-04T21:51:00Z,62632.60840000,62646.03144684,62604.05597524,62617.47577895,562.36738017,56
2026-01-04T21:52:00Z,62617.47577895,62655.36926684,62376.83775782,62414.60847887,430.50721057,43
2026-01-04T21:53:00Z,62414.60847887,62692.42989997,62300.36877885,62577.89133747,705.45719121,70
2026-01-04T21:54:00Z,62577.89133747,62656.22023195,62544.09445527,62622.39931202,33.02445606,3
2026-01-04T21:55:00Z,62622.39931202,62640.79247902,62584.07007934,62602.45738909,188.24447362,18
2026-01-04T21:56:00Z,62602.45738909,62808.54852381,62597.72791144,62803.80383488,467.91609566,46
2026-01-04T21:57:00Z,62803.80383488,62894.42145494,62656.95148586,62747.48784938,339.63433036,33
2026-01-04T21:58:00Z,62747.48784938,62792.80288314,62700.25253728,62745.56618325,65.38267155,6
2026-01-04T21:59:00Z,62745.56618325,62964.27500587,62679.31510734,62897.86312439,596.18088636,59
2026-01-04T22:00:00Z,62897.86312439,62940.08083886,62605.41617801,62647.46582315,1504.77405517,150
2026-01-04T22:01:00Z,62647.46582315,62652.97485216,62451.16643984,62456.65868985,118.56215858,11
2026-01-04T22:02:00Z,62456.65868985,62608.25508978,62254.37470873,62405.84777912,81.49467846,8
2026-01-04T22:03:00Z,62405.84777912,62441.17567983,62184.42715422,62219.64964832,404.03270283,40
2026-01-04T22:04:00Z,62219.64964832,62422.30799990,61904.73812634,62107.02965841,307.79802891,30
2026-01-04T22:05:00Z,62107.02965841,62185.20535600,62089.74959504,62167.90835433,252.20186323,25
2026-01-04T22:06:00Z,62167.90835433,62375.66550693,62062.99728668,62270.58117439,535.08812095,53
2026-01-04T22:07:00Z,62270.58117439,62309.46540951,62254.79843354,62293.67681497,74.48906455,7
2026-01-04T22:08:00Z,62293.67681497,62360.08048112,62094.95126637,62161.21372984,496.92822787,49
2026-01-04T22:09:00Z,62161.21372984,62212.37469337,61878.58608658,61929.55638761,342.67971624,34
2026-01-04T22:10:00Z,61929.55638761,61933.09214187,61795.47615304,61799.00445368,429.20476173,42
2026-01-04T22:11:00Z,61799.00445368,61988.36170816,61777.41081659,61966.70947205,160.24298850,16
2026-01-04T22:12:00Z,61966.70947205,62059.41546382,61653.32428668,61745.69963421,816.07234054,81
2026-01-04T22:13:00Z,61745.69963421,61923.50397386,61297.91889502,61474.94355924,151.82095750,15
2026-01-04T22:14:00Z,61474.94355924,61512.98707637,61351.29787716,61389.28838694,247.25303940,24
2026-01-04T22:15:00Z,61389.28838694,61498.74561435,61309.13429209,61418.55330919,398.07700565,39
2026-01-04T22:16:00Z,61418.55330919,61459.44846746,61254.02419343,61294.83697596,200.70874373,20
2026-01-04T22:17:00Z,61294.83697596,61566.71274019,61158.46841634,61430.04337381,635.39132886,63
2026-01-04T22:18:00Z,61430.04337381,61457.24014645,61254.88874236,61282.01998096,328.80599087,32
2026-01-04T22:19:00Z,61282.01998096,61324.97757042,61256.72425389,61299.67455597,96.21311893,9
2026-01-04T22:20:00Z,61299.67455597,61362.86090065,61277.74103124,61340.91262060,489.86389891,48
2026-01-04T22:21:00Z,61340.91262060,61490.70344378,61259.86004157,61409.56015759,43.17388315,4
2026-01-04T22:22:00Z,61409.56015759,61659.73919606,61223.07936931,61473.06556259,216.07138272,21
2026-01-04T22:23:00Z,61473.06556259,61689.38865424,61231.22746110,61447.46044861,61.80667511,6
2026-01-04T22:24:00Z,61447.46044861,61463.39133186,61302.46181324,61318.35922568,30.29395180,3
2026-01-04T22:25:00Z,61318.35922568,61515.89843704,61245.49400159,61442.88523744,42.75986675,4
2026-01-04T22:26:00Z,61442.88523744,61494.76992350,61279.23613704,61331.02636526,135.22295846,13
2026-01-04T22:27:00Z,61331.02636526,61566.01926133,61126.99318222,61361.88342447,116.40581410,11
2026-01-04T22:28:00Z,61361.88342447,61438.26100079,61250.23357382,61326.56719178,536.54446095,53
2026-01-04T22:29:00Z,61326.56719178,61373.13053718,61245.93392550,61292.47138301,59.23439830,5
2026-01-04T22:30:00Z,61292.47138301,61512.65731063,60948.84497094,61168.58585450,195.82947408,19
2026-01-04T22:31:00Z,61168.58585450,61246.96450690,61062.49094236,61140.83403484,288.04892958,28
2026-01-04T22:32:00Z,61140.83403484,61405.88500991,61128.42056763,61393.42025994,1157.49222162,115
2026-01-04T22:33:00Z,61393.42025994,61541.90615235,61287.41458268,61435.82725256,308.91456312,30
2026-01-04T22:34:00Z,61435.82725256,61637.59394424,61129.88517304,61331.30860603,120.94488658,12
2026-01-04T22:35:00Z,61331.30860603,61375.95731370,61219.20048208,61263.80004405,504.92590573,50
2026-01-04T22:36:00Z,61263.80004405,61335.13560987,61261.90239718,61333.23581222,319.74242648,31
2026-01-04T22:37:00Z,61333.23581222,61470.56429999,61280.89933984,61418.15536461,391.21394549,39
2026-01-04T22:38:00Z,61418.15536461,61711.13796577,61295.30677316,61587.94975160,788.05346762,78
2026-01-04T22:39:00Z,61587.94975160,61745.06264586,61388.90878069,61545.91444148,128.69384868,12
2026-01-04T22:40:00Z,61545.91444148,61710.42771846,61164.05273946,61327.98348328,399.05499137,39
2026-01-04T22:41:00Z,61327.98348328,61545.58096939,61205.20807135,61422.61610789,334.03746221,33
2026-01-04T22:42:00Z,61422.61610789,61439.87889384,61329.44513004,61346.68657603,174.89317489,17
2026-01-04T22:43:00Z,61346.68657603,61569.74108128,61262.89521430,61485.75976419,766.70433452,76
2026-01-04T22:44:00Z,61485.75976419,61593.50480806,61311.96168703,61419.59077917,177.25163690,17
2026-01-04T22:45:00Z,61419.59077917,61547.47903563,61209.90069614,61337.61826893,545.77636462,54
2026-01-04T22:46:00Z,61337.61826893,61378.73773725,61213.23952242,61254.30313800,484.02491862,48
2026-01-04T22:47:00Z,61254.30313800,61494.41808349,61145.52863239,61385.41075886,301.66090493,30
2026-01-04T22:48:00Z,61385.41075886,61692.42360320,61298.60439086,61605.30627643,60.27384140,6
2026-01-04T22:49:00Z,61605.30627643,61824.57647430,61494.18216863,61713.25764302,241.83095858,24
2026-01-04T22:50:00Z,61713.25764302,61757.69124697,61576.44393771,61620.81097997,223.13938043,22
2026-01-04T22:51:00Z,61620.81097997,61766.19035590,61493.93914891,61639.28049773,155.99130104,15
2026-01-04T22:52:00Z,61639.28049773,61896.40818653,61531.29948977,61788.16635714,136.86079807,13
2026-01-04T22:53:00Z,61788.16635714,61805.58350837,61670.02955451,61687.41830638,791.95958021,79
2026-01-04T22:54:00Z,61687.41830638,61864.12854338,61653.44248031,61830.07414618,537.60437352,53
2026-01-04T22:55:00Z,61830.07414618,62191.99581609,61765.14788606,62126.75801544,273.69104257,27
2026-01-04T22:56:00Z,62126.75801544,62197.77874011,61911.65170179,61982.50752531,883.44235413,88
2026-01-04T22:57:00Z,61982.50752531,62097.17521118,61903.90297495,62018.52498445,316.16770014,31
2026-01-04T22:58:00Z,62018.52498445,62088.13290590,61913.77579216,61983.34422768,264.77201948,26
2026-01-04T22:59:00Z,61983.34422768,62077.07928208,61958.67044195,62052.37801599,221.60993673,22
2026-01-04T23:00:00Z,62052.37801599,62208.94871663,61832.50247757,61988.91304324,206.75856755,20
2026-01-04T23:01:00Z,61988.91304324,61990.69342085,61904.92582481,61906.70384129,98.11852955,9
2026-01-04T23:02:00Z,61906.70384129,61929.38886887,61749.96705903,61772.60294681,217.02848806,21
2026-01-04T23:03:00Z,61772.60294681,61816.00447862,61737.96073830,61781.35736062,444.01236105,44
2026-01-04T23:04:00Z,61781.35736062,61973.16325659,61672.00646299,61863.66667429,273.42080283,27
2026-01-04T23:05:00Z,61863.66667429,61978.52956294,61812.05555637,61926.86571984,126.88138070,12
2026-01-04T23:06:00Z,61926.86571984,61995.69897824,61886.11972987,61954.93451986,336.47651822,33
2026-01-04T23:07:00Z,61954.93451986,62211.86120996,61774.01161559,62030.71700310,310.25915519,31
2026-01-04T23:08:00Z,62030.71700310,62384.11388319,61582.75268049,61935.60771084,31.73451978,3
2026-01-04T23:09:00Z,61935.60771084,61964.74174274,61840.64061557,61869.74366553,193.27179199,19
2026-01-04T23:10:00Z,61869.74366553,62003.94208297,61824.59627878,61958.72976158,356.58915482,35
2026-01-04T23:11:00Z,61958.72976158,62239.46638072,61558.16098800,61838.35217314,593.77816591,59
2026-01-04T23:12:00Z,61838.35217314,61957.83608205,61793.12677649,61912.55641623,335.48253736,33
2026-01-04T23:13:00Z,61912.55641623,61917.11982736,61862.94757821,61867.50766892,130.87757173,13
2026-01-04T23:14:00Z,61867.50766892,62020.88873747,61808.78151981,61962.07282481,186.58361996,18
2026-01-04T23:15:00Z,61962.07282481,62040.12074058,61743.71590939,61821.58686795,622.35308549,62
2026-01-04T23:16:00Z,61821.58686795,62049.46232109,61638.48716373,61866.23039418,246.07726405,24
2026-01-04T23:17:00Z,61866.23039418,62106.97919356,61816.63357715,62057.22925687,715.08581168,71
2026-01-04T23:18:00Z,62057.22925687,62093.97529712,61903.32038609,61939.99700943,393.63641811,39
2026-01-04T23:19:00Z,61939.99700943,62101.80755789,61843.58148022,62005.29039329,538.57991164,53
2026-01-04T23:20:00Z,62005.29039329,62184.96382998,61832.04646065,62011.70198325,216.56735806,21
2026-01-04T23:21:00Z,62011.70198325,62224.19037852,61884.24909108,62096.56307103,323.01541483,32
2026-01-04T23:22:00Z,62096.56307103,62228.00095849,62003.43039410,62134.81091729,213.78910460,21
2026-01-04T23:23:00Z,62134.81091729,62201.22798820,62039.95389251,62106.34053089,564.27923913,56
2026-01-04T23:24:00Z,62106.34053089,62248.21688023,61955.97188541,62097.82879044,362.14076970,36
2026-01-04T23:25:00Z,62097.82879044,62118.34907047,62092.17600598,62112.69493274,78.63314866,7
2026-01-04T23:26:00Z,62112.69493274,62208.11840621,61974.06622958,62069.42322491,234.86494297,23
2026-01-04T23:27:00Z,62069.42322491,62128.00620011,62022.05341425,62080.62783839,432.86472557,43
2026-01-04T23:28:00Z,62080.62783839,62127.96771055,62034.51035973,62081.84932449,175.08602246,17
2026-01-04T23:29:00Z,62081.84932449,62139.64836354,62065.68731720,62123.47551954,412.68527439,41
2026-01-04T23:30:00Z,62123.47551954,62141.23548805,62090.32464816,62108.08021543,409.31215784,40
2026-01-04T23:31:00Z,62108.08021543,62128.68300361,62085.71692833,62106.31913231,276.75969055,27
2026-01-04T23:32:00Z,62106.31913231,62184.83831610,62081.21923368,62159.71683711,870.61913658,87
2026-01-04T23:33:00Z,62159.71683711,62173.53255927,62147.45735725,62161.27277254,128.85710425,12
2026-01-04T23:34:00Z,62161.27277254,62191.54429686,62124.32337989,62154.59165061,449.32375347,44
2026-01-04T23:35:00Z,62154.59165061,62174.10215209,62103.88405675,62123.38476229,68.06866968,6
2026-01-04T23:36:00Z,62123.38476229,62167.12502091,62012.04137232,62055.73399893,1330.65403741,133
2026-01-04T23:37:00Z,62055.73399893,62067.88062871,62029.04423095,62041.18801354,300.13772461,30
2026-01-04T23:38:00Z,62041.18801354,62042.45700287,61987.46182364,61988.72973998,113.73212271,11
2026-01-04T23:39:00Z,61988.72973998,62001.16754462,61968.39210901,61980.82832826,266.94024793,26
2026-01-04T23:40:00Z,61980.82832826,62002.11486141,61946.42985588,61967.71188435,376.61601577,37
2026-01-04T23:41:00Z,61967.71188435,62012.77206687,61909.18070881,61954.23108868,489.25550012,48
2026-01-04T23:42:00Z,61954.23108868,61962.18305311,61910.42138160,61918.36874301,361.26087759,36
2026-01-04T23:43:00Z,61918.36874301,61971.41805307,61791.05644944,61844.04207924,593.04604784,59
2026-01-04T23:44:00Z,61844.04207924,61896.40567458,61733.86231010,61786.17691077,675.07005206,67
2026-01-04T23:45:00Z,61786.17691077,61813.90321326,61733.80925646,61761.52449627,48.50424525,4
2026-01-04T23:46:00Z,61761.52449627,61833.49663968,61738.08382864,61810.03755964,528.55336726,52
2026-01-04T23:47:00Z,61810.03755964,61912.45591080,61794.08333751,61896.47937657,115.15414871,11
2026-01-04T23:48:00Z,61896.47937657,61920.58727622,61891.82123187,61915.92766790,4.69819961,1
2026-01-04T23:49:00Z,61915.92766790,61974.40581164,61914.32034674,61972.79701417,348.00400297,34
2026-01-04T23:50:00Z,61972.79701417,62015.77567221,61964.36921584,62007.34317589,449.89905691,44
2026-01-04T23:51:00Z,62007.34317589,62025.03953666,61991.49936796,62009.19525550,333.48756255,33
2026-01-04T23:52:00Z,62009.19525550,62037.70964503,61929.74011745,61958.23107154,639.15556916,63
2026-01-04T23:53:00Z,61958.23107154,61977.35410932,61943.16861488,61962.29066575,169.65239786,16
2026-01-04T23:54:00Z,61962.29066575,62037.21067294,61923.52184076,61998.41924288,370.52451628,37
2026-01-04T23:55:00Z,61998.41924288,62015.22808400,61939.63888408,61956.43634291,492.55014707,49
2026-01-04T23:56:00Z,61956.43634291,62014.93831240,61922.03594795,61980.52454282,347.01197788,34
2026-01-04T23:57:00Z,61980.52454282,61987.58766136,61958.80742080,61965.86886923,179.19943578,17
2026-01-04T23:58:00Z,61965.86886923,61982.39495763,61930.96645410,61947.48764029,797.67123140,79
2026-01-04T23:59:00Z,61947.48764029,61969.93612222,61883.16098334,61905.59428399,722.01213146,72
2026-01-05T00:00:00Z,61905.59428399,61908.21137843,61840.92904103,61843.54351224,254.22367796,25
2026-01-05T00:01:00Z,61843.54351224,61851.54588380,61798.82009597,61806.81771531,224.14737420,22
2026-01-05T00:02:00Z,61806.81771531,61851.30381377,61762.39904712,61806.88509716,254.49016246,25
2026-01-05T00:03:00Z,61806.88509716,61827.22390708,61777.24376205,61797.57950978,40.42639379,4
2026-01-05T00:04:00Z,61797.57950978,61848.48557919,61738.40089891,61789.30014815,445.92815086,44
2026-01-05T00:05:00Z,61789.30014815,61829.12343112,61687.99032810,61727.77395736,492.46978081,49
2026-01-05T00:06:00Z,61727.77395736,61818.82584058,61709.53371376,61800.56408786,104.86591638,10
2026-01-05T00:07:00Z,61800.56408786,61860.73964954,61757.05855617,61817.22239095,551.26304279,55
2026-01-05T00:08:00Z,61817.22239095,61870.11586437,61796.53569629,61849.41839554,207.47337537,20
2026-01-05T00:09:00Z,61849.41839554,61900.77213416,61812.10856288,61863.45383481,150.81018148,15
2026-01-05T00:10:00Z,61863.45383481,61889.05126439,61792.33377224,61817.91235799,1313.59840400,131
2026-01-05T00:11:00Z,61817.91235799,61966.34408219,61762.09418595,61910.44236066,1046.29135867,104
2026-01-05T00:12:00Z,61910.44236066,61978.92471139,61892.19084623,61960.65839303,740.57857333,74
2026-01-05T00:13:00Z,61960.65839303,61983.31385806,61885.54530608,61908.18158335,274.97440339,27
2026-01-05T00:14:00Z,61908.18158335,61954.85614725,61755.06756655,61801.66182179,341.94520176,34
2026-01-05T00:15:00Z,61801.66182179,61822.18810868,61718.37721267,61738.88264861,1001.89426903,100
2026-01-05T00:16:00Z,61738.88264861,61752.85453209,61686.82518418,61700.78844671,216.52913880,21
2026-01-05T00:17:00Z,61700.78844671,61710.61715461,61642.03926595,61651.86017975,234.97708846,23
2026-01-05T00:18:00Z,61651.86017975,61670.10187069,61615.24810069,61633.48435455,687.11839129,68
2026-01-05T00:19:00Z,61633.48435455,61666.79347988,61594.58402327,61627.89012526,225.59637631,22
2026-01-05T00:20:00Z,61627.89012526,61661.57556998,61591.42443454,61625.10835876,10.80100129,1
2026-01-05T00:21:00Z,61625.10835876,61670.11911420,61601.35521896,61646.35778389,380.89900800,38
2026-01-05T00:22:00Z,61646.35778389,61685.24395917,61546.41668819,61585.26432606,415.62183934,41
2026-01-05T00:23:00Z,61585.26432606,61646.64960143,61568.59860882,61629.97178580,465.06097736,46
2026-01-05T00:24:00Z,61629.97178580,61700.40834330,61600.76968594,61671.18671458,493.26536298,49
2026-01-05T00:25:00Z,61671.18671458,61679.62649254,61552.43089988,61560.85557889,625.79650968,62
2026-01-05T00:26:00Z,61560.85557889,61620.14569969,61462.05524750,61521.30727877,391.72948872,39
2026-01-05T00:27:00Z,61521.30727877,61541.01210154,61427.49576158,61447.17684091,990.64037326,99
2026-01-05T00:28:00Z,61447.17684091,61535.53698886,61399.87524151,61488.20380719,771.17797786,77
2026-01-05T00:29:00Z,61488.20380719,61516.24053516,61452.70135922,61480.73468150,284.60142179,28
2026-01-05T00:30:00Z,61480.73468150,61519.78770716,61464.89157089,61503.93861708,1293.69191111,129
2026-01-05T00:31:00Z,61503.93861708,61511.33555793,61485.52612907,61492.92174494,135.16716616,13
2026-01-05T00:32:00Z,61492.92174494,61522.96250669,61450.23317910,61480.26775907,250.85224366,25
2026-01-05T00:33:00Z,61480.26775907,61523.51952892,61474.75299135,61518.00137650,180.74825830,18
2026-01-05T00:34:00Z,61518.00137650,61540.28159925,61516.09399398,61538.37358509,321.60086369,32
2026-01-05T00:35:00Z,61538.37358509,61582.05866168,61509.05155979,61552.72979588,153.98512128,15
2026-01-05T00:36:00Z,61552.72979588,61566.44802467,61534.74411550,61548.46139299,257.19951831,25
2026-01-05T00:37:00Z,61548.46139299,61570.89345958,61536.29017351,61558.72021142,485.05211230,48
2026-01-05T00:38:00Z,61558.72021142,61559.76193800,61476.71945461,61477.75981114,170.58034462,17
2026-01-05T00:39:00Z,61477.75981114,61493.28199216,61472.87955291,61488.40088921,95.33388709,9
2026-01-05T00:40:00Z,61488.40088921,61494.74116076,61428.98645932,61435.32125765,162.17083977,16
2026-01-05T00:41:00Z,61435.32125765,61449.99942851,61364.90941677,61379.57426852,298.74257773,29
2026-01-05T00:42:00Z,61379.57426852,61471.98398669,61369.59121064,61461.98752474,237.75207285,23
2026-01-05T00:43:00Z,61461.98752474,61502.25643430,61428.51420632,61468.77941690,574.49941303,57
2026-01-05T00:44:00Z,61468.77941690,61545.49920348,61425.36464202,61502.06092221,242.26222910,24
2026-01-05T00:45:00Z,61502.06092221,61657.42424822,61464.99382077,61620.28589296,2362.04373567,236
2026-01-05T00:46:00Z,61620.28589296,61637.16049585,61616.07584151,61632.94957919,199.30983217,19
2026-01-05T00:47:00Z,61632.94957919,61642.66597415,61615.06612989,61624.78123712,169.76566555,16
2026-01-05T00:48:00Z,61624.78123712,61730.36576526,61585.94830539,61691.49079641,1544.02113261,154
2026-01-05T00:49:00Z,61691.49079641,61751.87179605,61645.46750185,61705.83779829,778.63828042,77
2026-01-05T00:50:00Z,61705.83779829,61745.42362107,61629.24909278,61668.81116205,266.37122159,26
2026-01-05T00:51:00Z,61668.81116205,61729.28918361,61629.94471316,61690.40912272,339.67387282,33
2026-01-05T00:52:00Z,61690.40912272,61774.08976148,61663.16815706,61746.82388445,934.49735090,93
2026-01-05T00:53:00Z,61746.82388445,61768.98221049,61693.53295683,61715.68010669,106.40400164,10
2026-01-05T00:54:00Z,61715.68010669,61748.39187301,61650.84798419,61683.54271642,749.41981018,74
2026-01-05T00:55:00Z,61683.54271642,61734.25423291,61617.18842963,61667.88707524,1123.16119151,112
2026-01-05T00:56:00Z,61667.88707524,61693.58603199,61618.70256061,61644.39172610,41.24565505,4
2026-01-05T00:57:00Z,61644.39172610,61653.14175669,61612.42754681,61621.17428183,723.09605314,72
2026-01-05T00:58:00Z,61621.17428183,61716.39047963,61585.28979145,61680.47145812,380.56680583,38
2026-01-05T00:59:00Z,61680.47145812,61691.05832448,61634.97973464,61645.56060889,764.64403325,76
2026-01-05T01:00:00Z,61645.56060889,61652.96883291,61635.48832539,61642.89622922,74.34164793,7
2026-01-05T01:01:00Z,61642.89622922,61726.78993443,61603.75305031,61687.61835701,86.67458656,8
2026-01-05T01:02:00Z,61687.61835701,61710.76631892,61651.76340927,61674.90660116,496.35435482,49
2026-01-05T01:03:00Z,61674.90660116,61713.21140089,61655.02541589,61693.32427859,94.53937911,9
2026-01-05T01:04:00Z,61693.32427859,61730.05703147,61646.07234332,61682.79882926,323.83645423,32
2026-01-05T01:05:00Z,61682.79882926,61684.28950121,61649.85323243,61651.34314420,269.42418587,26
2026-01-05T01:06:00Z,61651.34314420,61675.66074216,61626.97066543,61651.28824174,134.06093311,13
2026-01-05T01:07:00Z,61651.28824174,61664.26209723,61587.18360493,61600.14669823,471.69553584,47
2026-01-05T01:08:00Z,61600.14669823,61601.58022230,61595.28848003,61596.72192439,96.54447550,9
2026-01-05T01:09:00Z,61596.72192439,61617.61981128,61528.23515638,61549.11689234,203.94314592,20
2026-01-05T01:10:00Z,61549.11689234,61573.06492265,61466.27870769,61490.20381562,642.29393495,64
2026-01-05T01:11:00Z,61490.20381562,61518.78101137,61459.87820030,61488.45458311,89.11507684,8
2026-01-05T01:12:00Z,61488.45458311,61496.56782909,61475.66640163,61483.77903069,143.67387371,14
2026-01-05T01:13:00Z,61483.77903069,61494.63974819,61455.39243018,61466.25005131,72.56114474,7
2026-01-05T01:14:00Z,61466.25005131,61510.89574767,61413.47105144,61458.11083592,165.30399437,16
2026-01-05T01:15:00Z,61458.11083592,61498.13909901,61415.88913735,61455.91597091,170.03765459,17
2026-01-05T01:16:00Z,61455.91597091,61471.11126765,61435.12427566,61450.31818832,223.00004969,22
2026-01-05T01:17:00Z,61450.31818832,61465.58926998,61448.84009912,61464.11084902,402.04783888,40
2026-01-05T01:18:00Z,61464.11084902,61508.09056435,61455.21008709,61499.18472329,350.00844253,35
2026-01-05T01:19:00Z,61499.18472329,61594.74855960,61451.83980465,61547.36654836,388.69268010,38
2026-01-05T01:20:00Z,61547.36654836,61614.85227526,61544.75669888,61612.23967490,251.40016662,25
2026-01-05T01:21:00Z,61612.23967490,61678.31006120,61603.84208345,61669.90461017,697.43617022,69
2026-01-05T01:22:00Z,61669.90461017,61718.06058722,61664.24932337,61712.40140336,276.31791293,27
2026-01-05T01:23:00Z,61712.40140336,61791.88602765,61711.53249746,61791.01601486,399.84773443,39
2026-01-05T01:24:00Z,61791.01601486,61799.86012958,61755.11816156,61763.95840353,359.44033546,35
2026-01-05T01:25:00Z,61763.95840353,61777.83305033,61754.76236024,61768.63631055,166.81551519,16
2026-01-05T01:26:00Z,61768.63631055,61830.92262418,61760.26315513,61822.54216145,192.60439951,19
2026-01-05T01:27:00Z,61822.54216145,61830.24508890,61810.48374484,61818.18612953,310.10806134,31
2026-01-05T01:28:00Z,61818.18612953,61872.31192758,61814.03195966,61868.15439985,905.46227403,90
2026-01-05T01:29:00Z,61868.15439985,61915.36912428,61855.11977669,61902.32730144,231.22148248,23
2026-01-05T01:30:00Z,61902.32730144,61977.95119573,61879.90398220,61955.50861225,444.64187337,44
2026-01-05T01:31:00Z,61955.50861225,61965.62761088,61943.01087644,61953.12948650,76.72128337,7
2026-01-05T01:32:00Z,61953.12948650,62016.40187624,61945.84449552,62009.11030255,194.60175185,19
2026-01-05T01:33:00Z,62009.11030255,62046.02761762,62001.08365462,62037.99723048,466.47374025,46
2026-01-05T01:34:00Z,62037.99723048,62057.54161213,62022.85368934,62042.39699701,112.72318245,11
2026-01-05T01:35:00Z,62042.39699701,62086.05347712,61964.86991677,62008.50254686,98.35595881,9
2026-01-05T01:36:00Z,62008.50254686,62067.45702797,61957.34614929,62016.29420237,209.12692005,20
2026-01-05T01:37:00Z,62016.29420237,62106.17584896,61989.08495196,62078.93911351,1151.17335906,115
2026-01-05T01:38:00Z,62078.93911351,62100.00865676,62059.43778581,62080.50683658,84.72010162,8
2026-01-05T01:39:00Z,62080.50683658,62108.30317184,62058.33067776,62086.12500612,317.27968641,31
2026-01-05T01:40:00Z,62086.12500612,62091.77615231,62075.90492031,62081.55565059,16.64725280,1
2026-01-05T01:41:00Z,62081.55565059,62092.17621052,62056.22519604,62066.84323906,323.62745411,32
2026-01-05T01:42:00Z,62066.84323906,62090.19991739,62039.80992526,62063.16521949,82.22633199,8
2026-01-05T01:43:00Z,62063.16521949,62150.65763744,62060.66657722,62148.15557349,390.92905290,39
2026-01-05T01:44:00Z,62148.15557349,62324.99479034,61816.63665016,61993.03447832,541.58219252,54
2026-01-05T01:45:00Z,61993.03447832,62138.82994658,61930.78598256,62076.49764372,85.59771975,8
2026-01-05T01:46:00Z,62076.49764372,62147.73005628,62047.74201815,62118.95476335,287.32687040,28
2026-01-05T01:47:00Z,62118.95476335,62307.91132650,61834.14925610,62022.81337153,89.00352199,8
2026-01-05T01:48:00Z,62022.81337153,62161.09532486,61777.14698169,61915.18898282,355.10263089,35
2026-01-05T01:49:00Z,61915.18898282,62125.93870450,61888.87663104,62099.54800491,98.74591134,9
2026-01-05T01:50:00Z,62099.54800491,62368.43898980,62019.84908831,62288.49757424,1288.75673281,128
2026-01-05T01:51:00Z,62288.49757424,62442.50884923,62188.17586406,62342.10080580,210.85110228,21
2026-01-05T01:52:00Z,62342.10080580,62432.02044721,62238.97172040,62328.87228153,139.95657127,13
2026-01-05T01:53:00Z,62328.87228153,62360.47218112,62300.49241363,62332.09084772,172.27367231,17
2026-01-05T01:54:00Z,62332.09084772,62434.47216303,62264.99403632,62367.33741078,372.85266912,37
2026-01-05T01:55:00Z,62367.33741078,62397.43028336,62344.87110161,62374.96122790,244.05409499,24
2026-01-05T01:56:00Z,62374.96122790,62430.75336100,62360.58190953,62416.36449792,360.24482731,36
2026-01-05T01:57:00Z,62416.36449792,62474.42105366,62406.43126424,62464.48016262,499.85198450,49
2026-01-05T01:58:00Z,62464.48016262,62480.13964168,62403.37817691,62419.02626095,1683.06798157,168
2026-01-05T01:59:00Z,62419.02626095,62462.59440004,62388.19668461,62431.75853507,299.22829125,29
2026-01-05T02:00:00Z,62431.75853507,62497.32119046,62405.19677847,62470.74284788,167.80572779,16
2026-01-05T02:01:00Z,62470.74284788,62487.54663454,62437.08192701,62453.88117811,378.70193576,37
2026-01-05T02:02:00Z,62453.88117811,62459.10592361,62450.00793501,62455.23259670,145.96650284,14
2026-01-05T02:03:00Z,62455.23259670,62469.94627944,62416.20700561,62430.91495941,244.02268055,24
2026-01-05T02:04:00Z,62430.91495941,62447.56231882,62382.56611295,62399.20501682,529.89954759,52
2026-01-05T02:05:00Z,62399.20501682,62420.16194620,62372.88585469,62393.84098254,718.40272036,71
2026-01-05T02:06:00Z,62393.84098254,62538.26054178,62297.16179765,62441.50749768,409.50056153,40
2026-01-05T02:07:00Z,62441.50749768,62453.36057590,62348.67761118,62360.51531491,1068.24473979,106
2026-01-05T02:08:00Z,62360.51531491,62371.31240298,62250.48754472,62261.26744904,814.41072411,81
2026-01-05T02:09:00Z,62261.26744904,62270.72650297,62196.71936044,62206.17004368,150.73883697,15
2026-01-05T02:10:00Z,62206.17004368,62250.31833894,62182.46016450,62226.60067262,415.87769108,41
2026-01-05T02:11:00Z,62226.60067262,62232.62719825,62194.62572872,62200.64974105,282.75343464,28
2026-01-05T02:12:00Z,62200.64974105,62227.66964321,62125.58014363,62152.57916398,555.69787999,55
2026-01-05T02:13:00Z,62152.57916398,62219.84581814,62133.96111528,62201.21320092,285.69806519,28
2026-01-05T02:14:00Z,62201.21320092,62205.95891019,62105.35995036,62110.09870795,158.09913891,15
2026-01-05T02:15:00Z,62110.09870795,62145.80110255,62108.49319368,62144.19470691,203.66146075,20
2026-01-05T02:16:00Z,62144.19470691,62200.92215036,62139.55775036,62196.28130731,301.13446000,30
2026-01-05T02:17:00Z,62196.28130731,62222.16524350,62059.12647518,62084.96408500,456.07607560,45
2026-01-05T02:18:00Z,62084.96408500,62139.00068411,62081.57643610,62135.61027172,196.44140205,19
2026-01-05T02:19:00Z,62135.61027172,62171.99032872,62102.45632873,62138.83466527,121.48514605,12
2026-01-05T02:20:00Z,62138.83466527,62230.13602903,62005.28923701,62096.52843970,164.70951304,16
2026-01-05T02:21:00Z,62096.52843970,62113.34884369,62090.64494546,62107.46431330,260.27587273,26
2026-01-05T02:22:00Z,62107.46431330,62125.80146249,62103.64261043,62121.97886648,92.57615024,9
2026-01-05T02:23:00Z,62121.97886648,62223.83805662,62043.33500655,62145.16484419,392.36224173,39
2026-01-05T02:24:00Z,62145.16484419,62250.12719507,62116.35950906,62221.28657623,440.59405337,44
2026-01-05T02:25:00Z,62221.28657623,62243.12891536,62213.86597698,62235.70659636,352.35023368,35
2026-01-05T02:26:00Z,62235.70659636,62253.90130040,62198.90017518,62217.08943646,218.98512196,21
2026-01-05T02:27:00Z,62217.08943646,62251.25863527,62148.75869766,62182.90912488,307.87417378,30
2026-01-05T02:28:00Z,62182.90912488,62242.83089244,62181.14762189,62241.06774195,38.88153342,3
2026-01-05T02:29:00Z,62241.06774195,62293.63404959,62187.89634839,62240.46214457,81.36988638,8
2026-01-05T02:30:00Z,62240.46214457,62305.81262687,62134.90307942,62200.21129964,621.42620753,62
2026-01-05T02:31:00Z,62200.21129964,62272.58070182,62131.39955272,62203.76502344,213.22716528,21
2026-01-05T02:32:00Z,62203.76502344,62317.43244441,62106.35637403,62219.99837421,306.04285264,30
2026-01-05T02:33:00Z,62219.99837421,62272.95178957,62173.97314993,62226.92144417,280.64005254,28
2026-01-05T02:34:00Z,62226.92144417,62322.06184294,62173.71331436,62268.81788890,190.16635054,19
2026-01-05T02:35:00Z,62268.81788890,62285.77300396,62235.67839592,62252.62910296,427.35379033,42
2026-01-05T02:36:00Z,62252.62910296,62298.47618044,62217.19633246,62263.03748573,93.35603628,9
2026-01-05T02:37:00Z,62263.03748573,62271.38611037,62250.79410332,62259.14220565,218.78223581,21
2026-01-05T02:38:00Z,62259.14220565,62338.56974821,62148.68277764,62228.07068047,475.98003620,47
2026-01-05T02:39:00Z,62228.07068047,62250.26838739,62225.80200607,62247.99898646,150.39138994,15
2026-01-05T02:40:00Z,62247.99898646,62323.38237331,62213.13008631,62288.49079123,128.43649664,12
2026-01-05T02:41:00Z,62288.49079123,62331.20739270,62273.20549297,62315.91536458,167.28788190,16
2026-01-05T02:42:00Z,62315.91536458,62330.32667550,62302.18434425,62316.59550530,113.18273034,11
2026-01-05T02:43:00Z,62316.59550530,62331.91997833,62312.79129150,62328.11506131,55.75569571,5
2026-01-05T02:44:00Z,62328.11506131,62461.12071311,62190.94748084,62323.94423226,435.89194000,43
2026-01-05T02:45:00Z,62323.94423226,62391.29476995,62224.67768272,62291.99369298,212.39770313,21
2026-01-05T02:46:00Z,62291.99369298,62310.66789500,62182.62086012,62201.26786391,618.41613387,61
2026-01-05T02:47:00Z,62201.26786391,62210.34691630,62143.00933980,62152.08121278,403.11817237,40
2026-01-05T02:48:00Z,62152.08121278,62231.36654965,62122.91798905,62202.17981847,342.99175532,34
2026-01-05T02:49:00Z,62202.17981847,62202.77799255,62130.32940835,62130.92689721,74.74921231,7
2026-01-05T02:50:00Z,62130.92689721,62168.24358252,62085.59951680,62122.91138788,67.27311984,6
2026-01-05T02:51:00Z,62122.91138788,62125.77247819,62105.78916943,62108.64960290,491.94237612,49
2026-01-05T02:52:00Z,62108.64960290,62209.57857579,62078.57042385,62179.46510083,112.26540656,11
2026-01-05T02:53:00Z,62179.46510083,62196.71932938,62117.78127663,62135.02317295,195.32718484,19
2026-01-05T02:54:00Z,62135.02317295,62174.26577972,62006.70152130,62045.88783288,415.06868597,41
2026-01-05T02:55:00Z,62045.88783288,62166.25658218,62017.74820240,62138.07514206,1282.55728907,128
2026-01-05T02:56:00Z,62138.07514206,62167.19439373,62104.75220966,62133.86949048,54.12273391,5
2026-01-05T02:57:00Z,62133.86949048,62168.11160993,62127.74976957,62161.98911945,12.73798946,1
2026-01-05T02:58:00Z,62161.98911945,62200.37765056,62137.17677011,62175.55988437,322.35461480,32
2026-01-05T02:59:00Z,62175.55988437,62205.39013563,62128.38406567,62158.20599098,201.83519712,20
2026-01-05T03:00:00Z,62158.20599098,62201.81378616,62115.63044927,62159.23753788,146.29216222,14
2026-01-05T03:01:00Z,62159.23753788,62161.24132738,62082.00048064,62084.00184481,574.26274429,57
2026-01-05T03:02:00Z,62084.00184481,62156.79285498,62027.44215445,62100.21839105,39.65666706,3
2026-01-05T03:03:00Z,62100.21839105,62114.16529461,62079.77645763,62093.72190216,114.16141482,11
2026-01-05T03:04:00Z,62093.72190216,62120.48116460,62081.80279532,62108.55920968,194.32679043,19
2026-01-05T03:05:00Z,62108.55920968,62155.57384557,62095.72721824,62142.73479326,383.13195013,38
2026-01-05T03:06:00Z,62142.73479326,62190.11896364,62138.56140191,62185.94267054,603.92296467,60
2026-01-05T03:07:00Z,62185.94267054,62282.25046736,62161.19991507,62257.47924867,228.95875535,22
2026-01-05T03:08:00Z,62257.47924867,62318.11521469,62189.87781011,62250.50698547,392.11868117,39
2026-01-05T03:09:00Z,62250.50698547,62299.38907767,62223.24136686,62272.11399522,391.82612313,39
2026-01-05T03:10:00Z,62272.11399522,62324.97187722,62169.28940482,62222.10483799,779.36933194,77
2026-01-05T03:11:00Z,62222.10483799,62238.76415077,62169.28675209,62185.93638115,319.46225608,31
2026-01-05T03:12:00Z,62185.93638115,62269.57458543,62165.74762638,62249.36523839,349.15014919,34
2026-01-05T03:13:00Z,62249.36523839,62250.61501308,62242.07340227,62243.32305566,249.10541558,24
2026-01-05T03:14:00Z,62243.32305566,62280.88580298,62215.79461356,62253.35292496,504.44434284,50
2026-01-05T03:15:00Z,62253.35292496,62285.71496172,62241.03496380,62273.39303526,554.82541172,55
2026-01-05T03:16:00Z,62273.39303526,62295.62164777,62261.98519126,62284.21182188,103.43183706,10
2026-01-05T03:17:00Z,62284.21182188,62363.73529753,62239.17307335,62318.67163053,586.16458536,58
2026-01-05T03:18:00Z,62318.67163053,62407.83634792,62266.38145910,62355.51526184,746.41915104,74
2026-01-05T03:19:00Z,62355.51526184,62371.68532451,62318.83171337,62334.99645509,463.22873664,46
2026-01-05T03:20:00Z,62334.99645509,62340.56989613,62235.24608506,62240.81110488,1900.89522311,190
2026-01-05T03:21:00Z,62240.81110488,62282.95102777,62235.44793723,62277.58469142,294.67494219,29
2026-01-05T03:22:00Z,62277.58469142,62287.96039288,62229.87841625,62240.24789725,828.53666497,82
2026-01-05T03:23:00Z,62240.24789725,62292.40273262,62229.35677776,62281.50439386,322.97247755,32
2026-01-05T03:24:00Z,62281.50439386,62756.68441003,62048.90479250,62523.18222662,733.21502676,73
2026-01-05T03:25:00Z,62523.18222662,62618.98669578,62487.01284864,62582.78283911,249.52792268,24
2026-01-05T03:26:00Z,62582.78283911,62629.72964390,62517.59382249,62564.52693251,90.18257140,9
2026-01-05T03:27:00Z,62564.52693251,62620.58359256,62560.13225647,62616.18528791,557.12289687,55
2026-01-05T03:28:00Z,62616.18528791,62638.69500572,62604.48964919,62626.99734748,139.23967097,13
2026-01-05T03:29:00Z,62626.99734748,62697.55098221,62606.17123136,62676.70833509,974.09619806,97
2026-01-05T03:30:00Z,62676.70833509,62713.26146762,62675.70619132,62712.25875543,832.75839924,83
2026-01-05T03:31:00Z,62712.25875543,62735.65920641,62628.94699560,62652.32508293,806.20101088,80
2026-01-05T03:32:00Z,62652.32508293,62684.17307673,62553.55634460,62585.37030335,1304.03544170,130
2026-01-05T03:33:00Z,62585.37030335,62634.94482105,62529.55058986,62579.12015675,547.18305086,54
2026-01-05T03:34:00Z,62579.12015675,62640.47062641,62529.05906753,62590.40051331,4.00604631,1
2026-01-05T03:35:00Z,62590.40051331,62623.48056940,62589.18324516,62622.26268160,880.46273697,88
2026-01-05T03:36:00Z,62622.26268160,62636.55619587,62515.22111636,62529.49345608,289.70901551,28
2026-01-05T03:37:00Z,62529.49345608,62560.66148234,62483.72823925,62514.88898586,247.31838970,24
2026-01-05T03:38:00Z,62514.88898586,62586.40111864,62460.09222044,62531.58971437,439.23679353,43
2026-01-05T03:39:00Z,62531.58971437,62541.93155919,62487.80798075,62498.14429416,302.96945777,30
2026-01-05T03:40:00Z,62498.14429416,62541.17074971,62428.33991490,62471.34792266,129.33043655,12
2026-01-05T03:41:00Z,62471.34792266,62475.85062923,62458.97774516,62463.47988464,71.35403684,7
2026-01-05T03:42:00Z,62463.47988464,62477.46414340,62394.16049708,62408.13236469,102.56610381,10
2026-01-05T03:43:00Z,62408.13236469,62421.73682901,62397.01381981,62410.61784133,194.69422384,19
2026-01-05T03:44:00Z,62410.61784133,62436.57236143,62396.76718413,62422.71901864,242.67567088,24
2026-01-05T03:45:00Z,62422.71901864,62497.92877072,62415.75273397,62490.95487103,946.37973233,94
2026-01-05T03:46:00Z,62490.95487103,62524.92720822,62451.65625963,62485.62569969,84.22304354,8
2026-01-05T03:47:00Z,62485.62569969,62531.51923318,62399.93216612,62445.79644641,666.10638054,66
2026-01-05T03:48:00Z,62445.79644641,62469.22748992,62442.92510253,62466.35520073,135.36658857,13
2026-01-05T03:49:00Z,62466.35520073,62506.56566814,62388.84423751,62429.03067860,198.48635877,19
2026-01-05T03:50:00Z,62429.03067860,62471.29885785,62423.52985854,62465.79479839,373.72680446,37
2026-01-05T03:51:00Z,62465.79479839,62565.19479268,62426.39425572,62525.75642899,111.05328020,11
2026-01-05T03:52:00Z,62525.75642899,62571.56732166,62476.52559220,62522.33397734,178.05144789,17
2026-01-05T03:53:00Z,62522.33397734,62575.15622546,62501.00804063,62553.81954924,441.22792327,44
2026-01-05T03:54:00Z,62553.81954924,62572.56673882,62526.86171453,62545.60644267,68.34455032,6
2026-01-05T03:55:00Z,62545.60644267,62596.92706912,62495.74379586,62547.06326090,123.56661790,12
2026-01-05T03:56:00Z,62547.06326090,62568.66243170,62515.25053099,62536.84617355,59.19522060,5
2026-01-05T03:57:00Z,62536.84617355,62580.11004387,62448.87617486,62492.10909545,340.29065765,34
2026-01-05T03:58:00Z,62492.10909545,62522.97302577,62412.36447210,62443.20424904,490.35084675,49
2026-01-05T03:59:00Z,62443.20424904,62450.12588908,62421.83185575,62428.75189378,188.36788359,18
2026-01-05T04:00:00Z,62428.75189378,62439.04358658,62405.66379300,62415.95337590,314.21203702,31
2026-01-05T04:01:00Z,62415.95337590,62422.76073934,62409.57625057,62416.38357006,340.97278172,34
2026-01-05T04:02:00Z,62416.38357006,62416.46133807,62407.38588744,62407.46364434,191.58281998,19
2026-01-05T04:03:00Z,62407.46364434,62442.65574475,62328.74283207,62363.91037241,363.21545892,36
2026-01-05T04:04:00Z,62363.91037241,62370.56981976,62318.30857212,62324.96386061,739.35125190,73
2026-01-05T04:05:00Z,62324.96386061,62364.31406124,62253.34555642,62292.67537103,437.91415858,43
2026-01-05T04:06:00Z,62292.67537103,62333.36987907,62287.34918279,62328.04066701,326.22971314,32
2026-01-05T04:07:00Z,62328.04066701,62375.91511061,62299.41971021,62347.28531669,655.06589393,65
2026-01-05T04:08:00Z,62347.28531669,62411.96056918,62287.64506400,62352.31550470,205.14642294,20
2026-01-05T04:09:00Z,62352.31550470,62424.23762821,62279.79641156,62351.71784568,196.98758788,19
2026-01-05T04:10:00Z,62351.71784568,62369.66250906,62336.11522605,62354.05930351,88.25896055,8
2026-01-05T04:11:00Z,62354.05930351,62388.28076397,62311.40717228,62345.62400323,56.40515422,5
2026-01-05T04:12:00Z,62345.62400323,62389.42945459,62271.04670221,62314.83051737,80.59381233,8
2026-01-05T04:13:00Z,62314.83051737,62362.89961827,62267.36060596,62315.42925076,523.29179151,52
2026-01-05T04:14:00Z,62315.42925076,62332.89048259,62310.79732230,62328.25760060,284.10767094,28
2026-01-05T04:15:00Z,62328.25760060,62380.52512956,62265.26665478,62317.52518370,332.59325906,33
2026-01-05T04:16:00Z,62317.52518370,62320.05545502,62286.72014554,62289.24926877,328.90440881,32
2026-01-05T04:17:00Z,62289.24926877,62318.35725045,62265.56897346,62294.67489250,40.56701066,4
2026-01-05T04:18:00Z,62294.67489250,62342.76370310,62241.60172221,62289.68668213,169.83587515,16
2026-01-05T04:19:00Z,62289.68668213,62308.90072550,62281.05243850,62300.26501556,503.87711021,50
2026-01-05T04:20:00Z,62300.26501556,62321.83500883,62288.65789327,62310.22603071,459.67207719,45
2026-01-05T04:21:00Z,62310.22603071,62341.57054932,62254.90042551,62286.23287461,145.27243929,14
2026-01-05T04:22:00Z,62286.23287461,62356.94490642,62229.80306055,62300.50216473,127.47946496,12
2026-01-05T04:23:00Z,62300.50216473,62321.09852155,62220.58071242,62241.15745006,555.09150050,55
2026-01-05T04:24:00Z,62241.15745006,62348.74624655,62166.38869217,62273.93811006,305.53408153,30
2026-01-05T04:25:00Z,62273.93811006,62306.31884648,62215.42823330,62247.79537623,64.18047464,6
2026-01-05T04:26:00Z,62247.79537623,62308.52627340,62191.61387835,62252.34067319,408.72260486,40
2026-01-05T04:27:00Z,62252.34067319,62356.14854605,62243.21365388,62347.00764730,713.86116780,71
2026-01-05T04:28:00Z,62347.00764730,62359.46903516,62346.41319466,62358.87446937,241.13427492,24
2026-01-05T04:29:00Z,62358.87446937,62373.29275339,62277.75274107,62292.15559871,492.96892181,49
2026-01-05T04:30:00Z,62292.15559871,62308.50672965,62256.99967680,62273.34587035,477.63293925,47
2026-01-05T04:31:00Z,62273.34587035,62300.66439100,62191.53588181,62218.83048726,552.49300487,55
2026-01-05T04:32:00Z,62218.83048726,62306.52494487,62140.46007532,62228.14280321,68.28240146,6
2026-01-05T04:33:00Z,62228.14280321,62241.63470628,62227.47385362,62240.96561885,264.91634117,26
2026-01-05T04:34:00Z,62240.96561885,62352.81148219,62182.93529258,62294.73102777,1273.72755440,127
2026-01-05T04:35:00Z,62294.73102777,62387.85217181,62275.14106979,62368.23909759,1459.27293413,145
2026-01-05T04:36:00Z,62368.23909759,62460.46289541,62339.30754177,62431.50199303,159.39739816,15
2026-01-05T04:37:00Z,62431.50199303,62513.24728410,62414.85653279,62496.58447161,495.08950711,49
2026-01-05T04:38:00Z,62496.58447161,62569.73418426,62472.43698845,62545.56777489,671.17940671,67
2026-01-05T04:39:00Z,62545.56777489,62553.56835428,62527.44233649,62535.44162058,1256.49315762,125
2026-01-05T04:40:00Z,62535.44162058,62577.46131270,62505.41005992,62547.42399771,35.58612092,3
2026-01-05T04:41:00Z,62547.42399771,62630.26214979,62525.13866375,62607.95524885,635.96556042,63
2026-01-05T04:42:00Z,62607.95524885,62680.66719217,62582.40450194,62655.09720629,130.90957326,13
2026-01-05T04:43:00Z,62655.09720629,62723.08982120,62521.08347810,62589.00436979,462.12965934,46
2026-01-05T04:44:00Z,62589.00436979,62638.09890601,62575.14145354,62624.22818799,110.84502007,11
2026-01-05T04:45:00Z,62624.22818799,62707.73519214,62595.84930183,62679.33133536,1145.39497246,114
2026-01-05T04:46:00Z,62679.33133536,62704.26284944,62605.67234497,62630.58446935,96.06655627,9
2026-01-05T04:47:00Z,62630.58446935,62638.10208707,62592.23881022,62599.75272717,282.93562952,28
2026-01-05T04:48:00Z,62599.75272717,62666.20161956,62592.62635601,62659.06849588,376.02299032,37
2026-01-05T04:49:00Z,62659.06849588,62741.02314730,62544.21166349,62626.12322429,227.41997762,22
2026-01-05T04:50:00Z,62626.12322429,62663.82417911,62595.43849224,62633.13601103,194.02968057,19
2026-01-05T04:51:00Z,62633.13601103,62642.61245261,62613.14809559,62622.62294653,514.52441865,51
2026-01-05T04:52:00Z,62622.62294653,62649.62550797,62580.78100253,62607.77716254,325.88267621,32
2026-01-05T04:53:00Z,62607.77716254,62672.57924823,62449.30004475,62514.00507177,1249.33453467,124
2026-01-05T04:54:00Z,62514.00507177,62545.03434936,62466.95046869,62497.97178804,204.29759879,20
2026-01-05T04:55:00Z,62497.97178804,62509.18709475,62493.27224161,62504.48705841,1055.22910778,105
2026-01-05T04:56:00Z,62504.48705841,62551.90148704,62418.94728046,62466.33276615,316.27468150,31
2026-01-05T04:57:00Z,62466.33276615,62500.87677291,62461.93624702,62496.47813208,369.75795037,36
2026-01-05T04:58:00Z,62496.47813208,62577.11023397,62466.35991437,62546.96768440,547.38339139,54
2026-01-05T04:59:00Z,62546.96768440,62641.39678890,62519.10137525,62613.50083749,392.36011965,39
2026-01-05T05:00:00Z,62613.50083749,62640.79768650,62563.24788917,62590.53472593,337.22948466,33
2026-01-05T05:01:00Z,62590.53472593,62656.80270738,62576.84364207,62643.10012534,505.32135052,50
2026-01-05T05:02:00Z,62643.10012534,62824.18999138,62589.13014213,62770.11058267,1029.93186383,102
2026-01-05T05:03:00Z,62770.11058267,62796.54520843,62737.23949581,62763.67140981,317.04016438,31
2026-01-05T05:04:00Z,62763.67140981,62781.18536399,62721.90045631,62739.40763977,561.12467208,56
2026-01-05T05:05:00Z,62739.40763977,62776.21900922,62707.52528403,62744.33414996,304.27129775,30
2026-01-05T05:06:00Z,62744.33414996,62807.85377619,62646.71719101,62710.20226360,750.09491419,75
2026-01-05T05:07:00Z,62710.20226360,62816.78130163,62665.96682089,62772.50191307,242.62624940,24
2026-01-05T05:08:00Z,62772.50191307,62785.17993486,62741.17677069,62753.85102560,127.51754597,12
2026-01-05T05:09:00Z,62753.85102560,62824.87396546,62707.48854798,62778.49328216,839.62340695,83
2026-01-05T05:10:00Z,62778.49328216,62864.03119238,62777.10421438,62862.64026273,252.19390086,25
2026-01-05T05:11:00Z,62862.64026273,62927.22997027,62855.81967671,62920.40311699,195.44226201,19
2026-01-05T05:12:00Z,62920.40311699,62996.36526803,62907.34131165,62983.29040775,275.76304443,27
2026-01-05T05:13:00Z,62983.29040775,63019.28786070,62962.86176966,62998.85417450,114.50495955,11
2026-01-05T05:14:00Z,62998.85417450,63010.81832446,62985.70706510,62997.67099036,121.44525525,12
2026-01-05T05:15:00Z,62997.67099036,63000.80452597,62969.10828109,62972.24055178,437.91739657,43
2026-01-05T05:16:00Z,62972.24055178,63002.87956151,62923.75597509,62954.38629788,1013.73889231,101
2026-01-05T05:17:00Z,62954.38629788,63019.14490549,62920.95716154,62985.69914185,253.60989896,25
2026-01-05T05:18:00Z,62985.69914185,63009.84050039,62915.80093878,62939.92475277,548.71237198,54
2026-01-05T05:19:00Z,62939.92475277,62952.97433833,62923.04199033,62936.09078097,132.53184339,13
2026-01-05T05:20:00Z,62936.09078097,63003.27689315,62931.11056033,62998.29175046,1029.46290871,102
2026-01-05T05:21:00Z,62998.29175046,63043.43295476,62915.28921953,62960.40327497,130.16840093,13
2026-01-05T05:22:00Z,62960.40327497,63017.08868428,62906.99844157,62963.68107056,101.18481577,10
2026-01-05T05:23:00Z,62963.68107056,63051.51517898,62907.13255606,62994.93859169,889.80763634,88
2026-01-05T05:24:00Z,62994.93859169,62995.10375150,62913.23725312,62913.40219916,750.64929613,75
2026-01-05T05:25:00Z,62913.40219916,62958.64047419,62859.01755281,62904.24924635,140.53346298,14
2026-01-05T05:26:00Z,62904.24924635,62911.67053507,62865.34261454,62872.76018825,419.69789129,41
2026-01-05T05:27:00Z,62872.76018825,62943.44419114,62789.17948913,62859.84897673,4.68691655,1
2026-01-05T05:28:00Z,62859.84897673,62944.63614034,62826.00811182,62910.76786303,179.97726889,17
2026-01-05T05:29:00Z,62910.76786303,62931.05680814,62875.83243883,62896.11665887,396.34981394,39
2026-01-05T05:30:00Z,62896.11665887,62950.60599420,62858.93557611,62913.41468570,339.92576449,33
2026-01-05T05:31:00Z,62913.41468570,62949.52348959,62905.02749886,62941.13260758,486.64073969,48
2026-01-05T05:32:00Z,62941.13260758,62986.81163323,62824.65671422,62870.28432229,939.41759454,93
2026-01-05T05:33:00Z,62870.28432229,62875.57958028,62801.11090443,62806.40078182,383.13077463,38
2026-01-05T05:34:00Z,62806.40078182,62844.63239602,62767.28441031,62805.51548561,126.54589427,12
2026-01-05T05:35:00Z,62805.51548561,62845.73776356,62712.98780245,62753.17656121,567.94360453,56
2026-01-05T05:36:00Z,62753.17656121,62807.78238764,62750.67496525,62805.27871468,688.59258595,68
2026-01-05T05:37:00Z,62805.27871468,62946.69405879,62735.76570285,62877.10155329,583.70408508,58
2026-01-05T05:38:00Z,62877.10155329,62952.85775287,62794.68703881,62870.43520658,321.54538035,32
2026-01-05T05:39:00Z,62870.43520658,62884.26691679,62866.78836045,62880.61947992,426.73831550,42
2026-01-05T05:40:00Z,62880.61947992,62927.40899003,62856.20113028,62902.98195640,293.35245889,29
2026-01-05T05:41:00Z,62902.98195640,62925.64772159,62858.86826365,62881.52629774,205.83936652,20
2026-01-05T05:42:00Z,62881.52629774,62947.90325837,62814.88575596,62881.26243805,112.03776139,11
2026-01-05T05:43:00Z,62881.26243805,62882.62172879,62812.12423773,62813.48206327,142.54201700,14
2026-01-05T05:44:00Z,62813.48206327,62848.64205091,62766.87780097,62802.03137906,207.54113738,20
2026-01-05T05:45:00Z,62802.03137906,62820.18933664,62710.28504557,62728.42172037,462.80685755,46
2026-01-05T05:46:00Z,62728.42172037,62769.41345245,62683.48804950,62724.47720391,121.35225144,12
2026-01-05T05:47:00Z,62724.47720391,62753.79576452,62658.91303340,62688.21464423,128.31524527,12
2026-01-05T05:48:00Z,62688.21464423,62703.52586446,62591.31017055,62606.60145725,504.88516019,50
2026-01-05T05:49:00Z,62606.60145725,62614.37231684,62564.15438144,62571.92093641,348.28300927,34
2026-01-05T05:50:00Z,62571.92093641,62598.96957244,62540.87138756,62567.91829332,154.41076934,15
2026-01-05T05:51:00Z,62567.91829332,62593.11647031,62552.11240849,62577.30821341,175.41746320,17
2026-01-05T05:52:00Z,62577.30821341,62639.41940502,62554.92534032,62617.02232684,476.73466984,47
2026-01-05T05:53:00Z,62617.02232684,62635.77850161,62524.39483542,62543.12887629,622.06029763,62
2026-01-05T05:54:00Z,62543.12887629,62547.16799235,62507.82788402,62511.86498102,398.10186033,39
2026-01-05T05:55:00Z,62511.86498102,62544.09504598,62486.13145635,62518.35884806,124.75154450,12
2026-01-05T05:56:00Z,62518.35884806,62572.55632405,62495.14537191,62549.33134761,761.10317436,76
2026-01-05T05:57:00Z,62549.33134761,62645.17506944,62498.01500961,62593.82223050,177.70882834,17
2026-01-05T05:58:00Z,62593.82223050,62680.74243724,62592.37654083,62679.29477346,998.32740826,99
2026-01-05T05:59:00Z,62679.29477346,62711.54434375,62625.25478033,62657.49313331,529.69719315,52
2026-01-05T06:00:00Z,62657.49313331,62677.83677998,62586.23569371,62606.56280432,156.62686403,15
2026-01-05T06:01:00Z,62606.56280432,62631.31347012,62547.84392164,62572.58115325,344.70547197,34
2026-01-05T06:02:00Z,62572.58115325,62599.33057751,62557.20665317,62583.95328323,976.01175368,97
2026-01-05T06:03:00Z,62583.95328323,62657.65194907,62575.42476033,62649.11454644,211.07046956,21
2026-01-05T06:04:00Z,62649.11454644,62667.35895473,62628.40080953,62646.64449850,249.45224141,24
2026-01-05T06:05:00Z,62646.64449850,62653.84504953,62624.64607112,62631.84492110,299.29673552,29
2026-01-05T06:06:00Z,62631.84492110,62649.93163894,62515.80405106,62533.86247369,293.53075920,29
2026-01-05T06:07:00Z,62533.86247369,62557.62873212,62488.90769101,62512.66589358,157.30311691,15
2026-01-05T06:08:00Z,62512.66589358,62556.35975170,62493.17862024,62536.86493472,327.73059401,32
2026-01-05T06:09:00Z,62536.86493472,62540.28711633,62510.14241872,62513.56332521,1464.05767212,146
2026-01-05T06:10:00Z,62513.56332521,62523.62672416,62494.23104826,62504.29295487,196.14454958,19
2026-01-05T06:11:00Z,62504.29295487,62510.84020418,62482.42987542,62488.97552025,128.25613062,12
2026-01-05T06:12:00Z,62488.97552025,62524.96980045,62473.22406751,62509.21324644,303.57281027,30
2026-01-05T06:13:00Z,62509.21324644,62530.07257316,62458.41303499,62479.26236711,482.63709440,48
2026-01-05T06:14:00Z,62479.26236711,62499.55056694,62456.78092948,62477.06841689,99.21502200,9
2026-01-05T06:15:00Z,62477.06841689,62527.26132945,62470.29823700,62520.48644467,770.53144500,77
2026-01-05T06:16:00Z,62520.48644467,62559.68661494,62499.42276931,62538.61683130,652.10739047,65
2026-01-05T06:17:00Z,62538.61683130,62566.44753151,62531.11918589,62558.94744870,376.42103876,37
2026-01-05T06:18:00Z,62558.94744870,62600.93993456,62498.75681426,62540.73707647,119.74175629,11
2026-01-05T06:19:00Z,62540.73707647,62614.27362939,62513.88708888,62587.40360693,354.32131629,35
2026-01-05T06:20:00Z,62587.40360693,62592.03847476,62529.17028555,62533.80118389,13.87851922,1
2026-01-05T06:21:00Z,62533.80118389,62582.66303802,62469.88048545,62518.73056389,210.23596341,21
2026-01-05T06:22:00Z,62518.73056389,62593.88157623,62482.10678551,62557.23524163,211.04763252,21
2026-01-05T06:23:00Z,62557.23524163,62573.69957176,62531.10893504,62547.57072158,154.89619751,15
2026-01-05T06:24:00Z,62547.57072158,62590.76429107,62515.13672314,62558.32471615,663.98694713,66
2026-01-05T06:25:00Z,62558.32471615,62570.86188342,62448.32891204,62460.84654394,498.08152836,49
2026-01-05T06:26:00Z,62460.84654394,62502.02228366,62364.41156358,62405.55085100,515.01702957,51
2026-01-05T06:27:00Z,62405.55085100,62503.96214850,62400.68845998,62499.09246910,249.55443018,24
2026-01-05T06:28:00Z,62499.09246910,62517.98477854,62468.92095069,62487.80984961,249.16217266,24
2026-01-05T06:29:00Z,62487.80984961,62572.65554864,62466.94766673,62551.77201135,497.80426357,49
2026-01-05T06:30:00Z,62551.77201135,62613.34626584,62486.28009058,62547.85048483,810.46080369,81
2026-01-05T06:31:00Z,62547.85048483,62605.37119862,62486.71599447,62544.23338187,251.79892416,25
2026-01-05T06:32:00Z,62544.23338187,62613.90563474,62515.29168862,62584.94510257,362.05456937,36
2026-01-05T06:33:00Z,62584.94510257,62667.01557184,62524.66377365,62606.71327599,147.65532720,14
2026-01-05T06:34:00Z,62606.71327599,62625.12234567,62577.29530738,62595.70113902,71.31917577,7
2026-01-05T06:35:00Z,62595.70113902,62699.48514249,62585.59661384,62689.36549752,574.08081452,57
2026-01-05T06:36:00Z,62689.36549752,62736.24936629,62664.96164284,62711.83676394,110.14531492,11
2026-01-05T06:37:00Z,62711.83676394,62803.67449425,62693.66635240,62785.48274419,1213.10168900,121
2026-01-05T06:38:00Z,62785.48274419,62838.71990741,62683.19955500,62736.39509575,391.39253059,39
2026-01-05T06:39:00Z,62736.39509575,62764.67819175,62731.86951861,62760.15090095,84.58748146,8
2026-01-05T06:40:00Z,62760.15090095,62857.37289095,62729.04790897,62826.23714761,69.30584074,6
2026-01-05T06:41:00Z,62826.23714761,62873.52405098,62824.66164142,62871.94739849,111.06022618,11
2026-01-05T06:42:00Z,62871.94739849,62889.20579226,62807.31966163,62824.56504891,1010.41281118,101
2026-01-05T06:43:00Z,62824.56504891,62851.88401647,62817.00142214,62844.31801158,266.77071298,26
2026-01-05T06:44:00Z,62844.31801158,62979.73531528,62783.97982043,62919.32510819,505.50746945,50
2026-01-05T06:45:00Z,62919.32510819,62937.26311807,62860.42403854,62878.35036671,203.95136946,20
2026-01-05T06:46:00Z,62878.35036671,62905.23018848,62859.13931280,62886.01679226,129.43101843,12
2026-01-05T06:47:00Z,62886.01679226,62994.52745502,62809.15327224,62917.62530095,654.74726418,65
2026-01-05T06:48:00Z,62917.62530095,62968.25021942,62825.14422141,62875.73543435,357.72598313,35
2026-01-05T06:49:00Z,62875.73543435,62910.68590890,62777.77201277,62812.68744109,412.56678687,41
2026-01-05T06:50:00Z,62812.68744109,62815.13343545,62799.40245678,62801.84802904,163.95141817,16
2026-01-05T06:51:00Z,62801.84802904,62871.56826704,62659.94114187,62729.58115192,140.73946728,14
2026-01-05T06:52:00Z,62729.58115192,62781.23150486,62704.51897577,62756.15871026,266.77556804,26
2026-01-05T06:53:00Z,62756.15871026,62866.81778145,62708.52935098,62819.14062147,854.36839489,85
2026-01-05T06:54:00Z,62819.14062147,62830.06155191,62797.38060417,62808.29964994,126.54966731,12
2026-01-05T06:55:00Z,62808.29964994,62822.37015234,62757.92722426,62771.98959238,694.55930926,69
2026-01-05T06:56:00Z,62771.98959238,62828.50970113,62696.04949486,62752.55210203,421.47475895,42
2026-01-05T06:57:00Z,62752.55210203,62816.81149970,62665.76534127,62730.00164699,216.37086169,21
2026-01-05T06:58:00Z,62730.00164699,62753.95776539,62714.14033440,62738.09440654,210.76346055,21
2026-01-05T06:59:00Z,62738.09440654,62867.77130194,62629.91484089,62759.55473216,208.94960714,20
2026-01-05T07:00:00Z,62759.55473216,62840.15554215,62681.68087707,62762.27830757,385.64920689,38
2026-01-05T07:01:00Z,62762.27830757,62775.88241821,62736.59753855,62750.19903094,476.47246714,47
2026-01-05T07:02:00Z,62750.19903094,62773.26667572,62693.48320909,62716.53847989,197.44895497,19
2026-01-05T07:03:00Z,62716.53847989,62729.47569643,62674.25350351,62687.18466493,998.56550507,99
2026-01-05T07:04:00Z,62687.18466493,62777.41252870,62606.17411068,62696.39007832,136.43762907,13
2026-01-05T07:05:00Z,62696.39007832,62718.83783560,62686.96971953,62709.41551970,54.25761938,5
2026-01-05T07:06:00Z,62709.41551970,62715.93414508,62709.05011050,62715.56870003,45.41663330,4
2026-01-05T07:07:00Z,62715.56870003,62735.18733786,62685.73626800,62705.35170976,394.51016724,39
2026-01-05T07:08:00Z,62705.35170976,62745.72611611,62632.37742733,62672.73082991,133.29933261,13
2026-01-05T07:09:00Z,62672.73082991,62710.55655813,62635.48517699,62673.31056068,410.39603834,41
2026-01-05T07:10:00Z,62673.31056068,62706.54576204,62574.64777975,62607.84826693,913.07288852,91
2026-01-05T07:11:00Z,62607.84826693,62638.19982719,62601.33770298,62631.68678429,297.77443337,29
2026-01-05T07:12:00Z,62631.68678429,62716.81261861,62604.85301519,62689.95388569,456.54239161,45
2026-01-05T07:13:00Z,62689.95388569,62734.85051346,62612.89666688,62657.77024571,428.62530475,42
2026-01-05T07:14:00Z,62657.77024571,62710.01838081,62650.85761377,62703.10074785,1619.17041053,161
2026-01-05T07:15:00Z,62703.10074785,62779.23458875,62677.37882207,62753.49199159,329.29674865,32
2026-01-05T07:16:00Z,62753.49199159,62806.67014521,62727.53538780,62780.70228648,568.73418606,56
2026-01-05T07:17:00Z,62780.70228648,62790.54295061,62742.67111377,62752.50735844,337.74474661,33
2026-01-05T07:18:00Z,62752.50735844,62808.94524500,62735.83824332,62792.26556880,431.80661345,43
2026-01-05T07:19:00Z,62792.26556880,62908.96109414,62789.15015868,62905.84004907,703.47422869,70
2026-01-05T07:20:00Z,62905.84004907,62934.62200804,62887.87328794,62916.65215883,325.76585179,32
2026-01-05T07:21:00Z,62916.65215883,63054.37573063,62863.51330515,63001.16549773,993.05543334,99
2026-01-05T07:22:00Z,63001.16549773,63050.09027135,62976.08898675,63025.00427176,173.44431515,17
2026-01-05T07:23:00Z,63025.00427176,63159.98112821,62954.28467730,63089.18951226,1941.46703311,194
2026-01-05T07:24:00Z,63089.18951226,63167.38356207,63078.16594358,63156.34825874,731.28229600,73
2026-01-05T07:25:00Z,63156.34825874,63213.29493942,63118.06416529,63174.99953994,304.11981026,30
2026-01-05T07:26:00Z,63174.99953994,63201.10059207,63097.66599619,63123.74587261,811.69275359,81
2026-01-05T07:27:00Z,63123.74587261,63138.89459069,63111.32859906,63126.47677993,247.71190334,24
2026-01-05T07:28:00Z,63126.47677993,63210.82226879,63066.10197420,63150.42455916,488.81047089,48
2026-01-05T07:29:00Z,63150.42455916,63156.64677911,63109.91946837,63116.13831009,881.92724858,88
2026-01-05T07:30:00Z,63116.13831009,63125.61459143,63065.77742840,63075.24757039,116.73803345,11
2026-01-05T07:31:00Z,63075.24757039,63092.66412458,63010.19299699,63027.59639357,223.54231371,22
2026-01-05T07:32:00Z,63027.59639357,63032.06195908,63026.43810338,63030.90360812,267.99313547,26
2026-01-05T07:33:00Z,63030.90360812,63068.09110953,62938.52972331,62975.68464617,356.30913178,35
2026-01-05T07:34:00Z,62975.68464617,63016.93462114,62903.42940234,62944.65905509,172.49448825,17
2026-01-05T07:35:00Z,62944.65905509,62966.77748856,62872.73274895,62894.83367403,235.82614642,23
2026-01-05T07:36:00Z,62894.83367403,62915.66735979,62854.77165098,62875.59896531,32.12670819,3
2026-01-05T07:37:00Z,62875.59896531,62888.45642395,62790.04801489,62802.89060536,2143.25585920,214
2026-01-05T07:38:00Z,62802.89060536,62805.19173825,62789.02058551,62791.32129450,171.03362834,17
2026-01-05T07:39:00Z,62791.32129450,62845.91190226,62766.77568056,62821.35454809,243.24182320,24
2026-01-05T07:40:00Z,62821.35454809,62877.55261821,62714.52120177,62770.67393456,93.80935702,9
2026-01-05T07:41:00Z,62770.67393456,62780.86599013,62747.83821144,62758.02821373,28.81544701,2
2026-01-05T07:42:00Z,62758.02821373,62779.70139491,62710.98109759,62732.64551298,111.78655526,11
2026-01-05T07:43:00Z,62732.64551298,62734.00282510,62717.34817497,62718.70518546,196.13099598,19
2026-01-05T07:44:00Z,62718.70518546,62736.44429793,62702.32996425,62720.06872071,253.82804225,25
2026-01-05T07:45:00Z,62720.06872071,62768.63300866,62679.50007365,62728.05919320,89.61179279,8
2026-01-05T07:46:00Z,62728.05919320,62741.07913506,62676.96046370,62689.97250022,285.66933190,28
2026-01-05T07:47:00Z,62689.97250022,62773.58375146,62666.30771199,62749.89634263,1478.03773906,147
2026-01-05T07:48:00Z,62749.89634263,62784.05464826,62725.49497288,62759.64948583,159.86429375,15
2026-01-05T07:49:00Z,62759.64948583,62807.82559070,62646.15181170,62694.27773534,300.52927620,30
2026-01-05T07:50:00Z,62694.27773534,62718.40222898,62681.31404524,62705.43623157,308.39237071,30
2026-01-05T07:51:00Z,62705.43623157,62774.94961197,62690.54762691,62760.04804044,440.73092894,44
2026-01-05T07:52:00Z,62760.04804044,62765.21383024,62738.18829779,62743.35271340,269.75024106,26
2026-01-05T07:53:00Z,62743.35271340,62756.38964090,62704.97278729,62718.00444788,297.89130580,29
2026-01-05T07:54:00Z,62718.00444788,62779.73792270,62665.11535644,62726.84137921,165.80451175,16
2026-01-05T07:55:00Z,62726.84137921,62783.52106973,62713.57219003,62770.24269946,359.84393520,35
2026-01-05T07:56:00Z,62770.24269946,62833.66163111,62714.78554558,62778.19744925,77.53044011,7
2026-01-05T07:57:00Z,62778.19744925,62787.89893151,62759.66267169,62769.36278868,184.88651582,18
2026-01-05T07:58:00Z,62769.36278868,62779.31997816,62724.56308534,62734.51474683,400.97538689,40
2026-01-05T07:59:00Z,62734.51474683,62819.21280537,62686.22331812,62770.89337331,661.55467233,66
2026-01-05T08:00:00Z,62770.89337331,62780.03286665,62765.44987002,62774.58904287,388.51791406,38
2026-01-05T08:01:00Z,62774.58904287,62797.86443468,62739.11172544,62762.38259138,344.00417921,34
2026-01-05T08:02:00Z,62762.38259138,62784.56748138,62725.02397626,62747.20350084,207.19198526,20
2026-01-05T08:03:00Z,62747.20350084,62822.77675301,62583.38852921,62658.85537417,148.60955320,14
2026-01-05T08:04:00Z,62658.85537417,62742.01792731,62590.33079887,62673.47736121,438.71884332,43
2026-01-05T08:05:00Z,62673.47736121,62706.49575929,62652.78030567,62685.79463614,212.35692323,21
2026-01-05T08:06:00Z,62685.79463614,62704.60271066,62587.56456846,62606.34880627,154.01525271,15
2026-01-05T08:07:00Z,62606.34880627,62697.88196810,62590.82240188,62682.33671868,529.59045221,52
2026-01-05T08:08:00Z,62682.33671868,62756.50270048,62554.70042059,62628.80306116,249.71434867,24
2026-01-05T08:09:00Z,62628.80306116,62679.50212119,62462.94141257,62513.54717104,368.66896084,36
2026-01-05T08:10:00Z,62513.54717104,62606.59146649,62414.47834978,62507.51366504,107.35691521,10
2026-01-05T08:11:00Z,62507.51366504,62518.06534469,62460.64987164,62471.19542052,130.18835117,13
2026-01-05T08:12:00Z,62471.19542052,62488.83299621,62394.52290345,62412.14380702,328.16738414,32
2026-01-05T08:13:00Z,62412.14380702,62502.14890026,62353.70987540,62443.68543750,677.12552904,67
2026-01-05T08:14:00Z,62443.68543750,62458.40834912,62394.35743605,62409.07218659,712.71747206,71
2026-01-05T08:15:00Z,62409.07218659,62439.41624950,62405.21465143,62435.55707730,578.63657660,57
2026-01-05T08:16:00Z,62435.55707730,62478.97240973,62355.41750535,62398.80728336,586.03453253,58
2026-01-05T08:17:00Z,62398.80728336,62434.39395190,62326.27730987,62361.84289724,792.99962971,79
2026-01-05T08:18:00Z,62361.84289724,62437.03218937,62316.12042125,62391.28812471,505.75420176,50
2026-01-05T08:19:00Z,62391.28812471,62410.76532084,62293.23901771,62312.69167774,407.90826413,40
2026-01-05T08:20:00Z,62312.69167774,62379.02295786,62217.85683230,62284.15773830,109.84418203,10
2026-01-05T08:21:00Z,62284.15773830,62329.58857184,62273.16688669,62318.59164392,245.06767840,24
2026-01-05T08:22:00Z,62318.59164392,62389.58703098,62311.20211856,62382.18996435,162.56659399,16
2026-01-05T08:23:00Z,62382.18996435,62412.16902803,62308.73433076,62338.69249081,387.02732814,38
2026-01-05T08:24:00Z,62338.69249081,62363.84586304,62333.72393601,62358.87569959,123.44530720,12
2026-01-05T08:25:00Z,62358.87569959,62545.99496424,62275.21429966,62462.19495000,386.97808407,38
2026-01-05T08:26:00Z,62462.19495000,62596.52756288,62428.62051383,62562.89899666,219.04247047,21
2026-01-05T08:27:00Z,62562.89899666,62625.20067675,62446.50571192,62508.75347256,274.74510662,27
2026-01-05T08:28:00Z,62508.75347256,62520.09322096,62507.91240034,62519.25200748,102.30629824,10
2026-01-05T08:29:00Z,62519.25200748,62568.04537044,62457.88319007,62506.66673081,346.22340634,34
2026-01-05T08:30:00Z,62506.66673081,62544.19410232,62345.97370639,62383.42708804,763.44937519,76
2026-01-05T08:31:00Z,62383.42708804,62466.53529158,62327.15932640,62410.24334258,216.05948656,21
2026-01-05T08:32:00Z,62410.24334258,62418.26682363,62343.57795020,62351.59389126,724.98871054,72
2026-01-05T08:33:00Z,62351.59389126,62367.80359797,62288.46311463,62304.66061998,689.35907351,68
2026-01-05T08:34:00Z,62304.66061998,62415.12881951,62272.87722259,62383.30530320,174.04741363,17
2026-01-05T08:35:00Z,62383.30530320,62503.47899931,62265.76455481,62385.93329932,176.35448721,17
2026-01-05T08:36:00Z,62385.93329932,62387.62635515,62364.57900734,62366.27152958,204.09485370,20
2026-01-05T08:37:00Z,62366.27152958,62429.59335520,62283.29946019,62346.60131421,103.01749405,10
2026-01-05T08:38:00Z,62346.60131421,62387.27749556,62285.08575692,62325.74833335,40.66636676,4
2026-01-05T08:39:00Z,62325.74833335,62350.56152878,62285.65621500,62310.46332514,511.55031415,51
2026-01-05T08:40:00Z,62310.46332514,62328.09547520,62308.61136544,62326.24304651,176.81481320,17
2026-01-05T08:41:00Z,62326.24304651,62395.79956102,62211.41934926,62280.92528885,501.07086651,50
2026-01-05T08:42:00Z,62280.92528885,62282.62490137,62271.12568396,62272.82507544,337.90000187,33
2026-01-05T08:43:00Z,62272.82507544,62328.30097767,62163.17783648,62218.60543701,83.18503500,8
2026-01-05T08:44:00Z,62218.60543701,62271.63582245,62117.52446628,62170.51386214,480.54162201,48
2026-01-05T08:45:00Z,62170.51386214,62193.82440045,62152.34221092,62175.65124764,147.17631194,14
2026-01-05T08:46:00Z,62175.65124764,62230.23807370,62128.62536578,62183.20647751,58.59846939,5
2026-01-05T08:47:00Z,62183.20647751,62199.92213451,62141.28245156,62157.99133040,276.40919210,27
2026-01-05T08:48:00Z,62157.99133040,62188.46905398,62026.53194262,62056.96012791,393.23315884,39
2026-01-05T08:49:00Z,62056.96012791,62071.77542782,61999.02362891,62013.82863173,821.77740367,82
2026-01-05T08:50:00Z,62013.82863173,62056.76727012,61943.35741958,61986.27698109,72.87337160,7
2026-01-05T08:51:00Z,61986.27698109,62038.90085088,61984.45483534,62037.07721180,129.94701733,12
2026-01-05T08:52:00Z,62037.07721180,62055.39855275,62010.69289616,62029.01185517,40.88791416,4
2026-01-05T08:53:00Z,62029.01185517,62095.38494672,62002.35356645,62068.70959704,491.75789507,49
2026-01-05T08:54:00Z,62068.70959704,62099.49733017,62008.52512181,62039.29826614,182.73870535,18
2026-01-05T08:55:00Z,62039.29826614,62152.78054778,61976.42008421,62089.85112942,247.89400439,24
2026-01-05T08:56:00Z,62089.85112942,62114.71397877,62083.11240576,62107.97328827,161.06818039,16
2026-01-05T08:57:00Z,62107.97328827,62134.65307681,62054.73845511,62081.40683147,562.38177317,56
2026-01-05T08:58:00Z,62081.40683147,62151.49380617,62063.34759378,62133.41943822,246.74826309,24
2026-01-05T08:59:00Z,62133.41943822,62191.23735115,62095.87171511,62153.67738600,211.07372696,21
2026-01-05T09:00:00Z,62153.67738600,62231.13069890,62105.27408683,62182.70479411,154.33668448,15
2026-01-05T09:01:00Z,62182.70479411,62187.68021835,62140.07595214,62145.04836337,157.12959714,15
2026-01-05T09:02:00Z,62145.04836337,62181.78548802,62130.42425616,62167.15617835,869.71045999,86
2026-01-05T09:03:00Z,62167.15617835,62255.44526023,62138.23600064,62226.49747693,491.19618236,49
2026-01-05T09:04:00Z,62226.49747693,62256.53201843,62225.63844969,62255.67258843,199.63207662,19
2026-01-05T09:05:00Z,62255.67258843,62280.99906747,62199.64586749,62224.95985216,338.88565076,33
2026-01-05T09:06:00Z,62224.95985216,62233.82049998,62211.70819609,62220.56821856,73.16062770,7
2026-01-05T09:07:00Z,62220.56821856,62265.43727135,62180.44344229,62225.30943757,138.45167509,13
2026-01-05T09:08:00Z,62225.30943757,62342.98518825,62180.51794072,62298.14126504,1886.99187718,188
2026-01-05T09:09:00Z,62298.14126504,62339.00466632,62297.32652620,62338.18940373,171.12742162,17
2026-01-05T09:10:00Z,62338.18940373,62360.51394816,62312.43891506,62334.76223215,21.67405964,2
2026-01-05T09:11:00Z,62334.76223215,62338.64640445,62332.47505281,62336.35916651,457.02096846,45
2026-01-05T09:12:00Z,62336.35916651,62342.82862109,62290.09049316,62296.55581683,1272.63626055,127
2026-01-05T09:13:00Z,62296.55581683,62313.05283168,62293.15935244,62309.65565308,111.08810501,11
2026-01-05T09:14:00Z,62309.65565308,62348.92354401,62295.26064004,62334.52278608,575.53280356,57
2026-01-05T09:15:00Z,62334.52278608,62393.64121916,62293.94359602,62353.04996808,99.25543062,9
2026-01-05T09:16:00Z,62353.04996808,62372.29461883,62343.08728420,62362.33045213,50.35159803,5
2026-01-05T09:17:00Z,62362.33045213,62372.33119737,62291.94346858,62301.93452841,443.49631276,44
2026-01-05T09:18:00Z,62301.93452841,62325.29213217,62279.63854467,62302.99576864,145.17402049,14
2026-01-05T09:19:00Z,62302.99576864,62334.54973764,62279.55557627,62311.10649378,253.53303107,25
2026-01-05T09:20:00Z,62311.10649378,62330.34598737,62302.93851861,62322.17656110,435.43945455,43
2026-01-05T09:21:00Z,62322.17656110,62330.14354161,62307.22461040,62315.19069787,88.11463555,8
2026-01-05T09:22:00Z,62315.19069787,62362.66837528,62253.89369800,62301.36083851,565.08572356,56
2026-01-05T09:23:00Z,62301.36083851,62332.04173749,62269.00420315,62299.68427649,274.83802621,27
2026-01-05T09:24:00Z,62299.68427649,62358.38017391,62269.92203286,62328.60411449,254.87812612,25
2026-01-05T09:25:00Z,62328.60411449,62367.46214155,62314.64832823,62353.50078076,510.75042683,51
2026-01-05T09:26:00Z,62353.50078076,62385.72824782,62340.53114703,62372.75460926,137.65907936,13
2026-01-05T09:27:00Z,62372.75460926,62406.18087427,62314.08766600,62347.50039699,557.35349084,55
2026-01-05T09:28:00Z,62347.50039699,62393.57198705,62245.31659203,62291.34668739,2006.12525977,200
2026-01-05T09:29:00Z,62291.34668739,62323.34784468,62291.18212886,62323.18320204,86.94862374,8
2026-01-05T09:30:00Z,62323.18320204,62519.85207022,62236.30592157,62432.82195550,124.91281999,12
2026-01-05T09:31:00Z,62432.82195550,62458.80788032,62324.31098445,62350.26254621,99.37480309,9
2026-01-05T09:32:00Z,62350.26254621,62362.85955333,62078.17667876,62090.72124916,1042.16751661,104
2026-01-05T09:33:00Z,62090.72124916,62164.89617341,62046.74677597,62120.90032651,262.91056663,26
2026-01-05T09:34:00Z,62120.90032651,62166.29344815,61834.64166819,61879.85865533,652.22671977,65
2026-01-05T09:35:00Z,61879.85865533,62081.94430382,61669.13411143,61871.19145480,117.68638060,11
2026-01-05T09:36:00Z,61871.19145480,62000.34887506,61841.63615308,61970.74601704,946.32574729,94
2026-01-05T09:37:00Z,61970.74601704,61981.26724027,61929.34849759,61939.86447784,163.06891862,16
2026-01-05T09:38:00Z,61939.86447784,62045.08551405,61582.73950046,61687.53188386,1616.53686760,161
2026-01-05T09:39:00Z,61687.53188386,61789.30557617,61264.79251659,61366.03579630,115.41863441,11
2026-01-05T09:40:00Z,61366.03579630,61449.35650546,61227.52057101,61310.76623705,280.12640035,28
2026-01-05T09:41:00Z,61310.76623705,61654.92509769,61239.25588509,61583.09711022,2915.45202479,291
2026-01-05T09:42:00Z,61583.09711022,61768.68192525,61439.14091398,61624.62864521,208.35519858,20
2026-01-05T09:43:00Z,61624.62864521,61795.17303805,61486.68316600,61657.15474982,124.06441422,12
2026-01-05T09:44:00Z,61657.15474982,61804.71526857,61550.39645068,61697.88644321,210.96402994,21
2026-01-05T09:45:00Z,61697.88644321,61851.19259019,61577.70007991,61730.94183559,896.51319628,89
2026-01-05T09:46:00Z,61730.94183559,61902.84767775,61614.13557196,61785.93735251,43.71332048,4
2026-01-05T09:47:00Z,61785.93735251,61865.68558724,61699.15477674,61778.89392039,221.55306531,22
2026-01-05T09:48:00Z,61778.89392039,61897.32453924,61617.62431201,61735.97265045,91.46240995,9
2026-01-05T09:49:00Z,61735.97265045,61787.15337402,61492.04798585,61543.06878712,717.38975187,71
2026-01-05T09:50:00Z,61543.06878712,61890.91203064,61446.23296607,61793.68187884,136.50837401,13
2026-01-05T09:51:00Z,61793.68187884,61900.60906029,61618.22405179,61725.03244293,248.22432066,24
2026-01-05T09:52:00Z,61725.03244293,61746.61379329,61687.12645649,61708.70209715,52.06224414,5
2026-01-05T09:53:00Z,61708.70209715,61953.87569142,61559.13427546,61804.07670343,734.39328224,73
2026-01-05T09:54:00Z,61804.07670343,61898.16620726,61675.82625161,61769.86367008,128.73984267,12
2026-01-05T09:55:00Z,61769.86367008,61801.11478628,61664.91524516,61696.12905694,543.78367779,54
2026-01-05T09:56:00Z,61696.12905694,61722.05271483,61678.37064958,61704.29195789,95.98616263,9
2026-01-05T09:57:00Z,61704.29195789,61719.57593005,61698.54573507,61713.82881912,94.10087125,9
2026-01-05T09:58:00Z,61713.82881912,61731.67951157,61695.76391938,61713.61454985,101.97435457,10
2026-01-05T09:59:00Z,61713.61454985,61724.49152879,61650.66283008,61661.53062927,278.95360575,27
2026-01-05T10:00:00Z,61661.53062927,61717.74173360,61610.29341954,61666.50039428,113.21324912,11
2026-01-05T10:01:00Z,61666.50039428,61712.99239153,61577.00578243,61623.46533442,575.69234696,57
2026-01-05T10:02:00Z,61623.46533442,61676.31264463,61594.54874767,61647.38483375,170.08310178,17
2026-01-05T10:03:00Z,61647.38483375,61666.51743094,61582.25658296,61601.37490073,500.17424450,50
2026-01-05T10:04:00Z,61601.37490073,61615.16207740,61583.46039317,61597.24664588,402.58560532,40
2026-01-05T10:05:00Z,61597.24664588,61660.18152455,61558.75575766,61621.67537130,123.54408341,12
2026-01-05T10:06:00Z,61621.67537130,61645.28093842,61618.51813211,61642.12265160,253.13581538,25
2026-01-05T10:07:00Z,61642.12265160,61719.78949069,61600.02948896,61677.67205266,552.22132218,55
2026-01-05T10:08:00Z,61677.67205266,61771.16404635,61620.56059393,61714.01893163,156.64886467,15
2026-01-05T10:09:00Z,61714.01893163,61744.53592885,61641.68927526,61672.18558629,334.51904524,33
2026-01-05T10:10:00Z,61672.18558629,61677.67695469,61632.58269165,61638.07102245,278.16892331,27
2026-01-05T10:11:00Z,61638.07102245,61677.19980388,61628.77942851,61667.90371284,394.86303303,39
2026-01-05T10:12:00Z,61667.90371284,61716.20402542,61655.60157306,61703.89470579,414.64982557,41
2026-01-05T10:13:00Z,61703.89470579,61743.92298845,61677.14427696,61717.16680579,285.07708502,28
2026-01-05T10:14:00Z,61717.16680579,61726.69216628,61660.06507368,61669.58309015,370.64872177,37
2026-01-05T10:15:00Z,61669.58309015,61674.83636474,61596.79529624,61602.04281746,860.08516341,86
2026-01-05T10:16:00Z,61602.04281746,61716.14036381,61579.98817875,61694.05278388,302.99130820,30
2026-01-05T10:17:00Z,61694.05278388,61710.96689452,61600.50767945,61617.40077508,961.00627221,96
2026-01-05T10:18:00Z,61617.40077508,61676.48625544,61588.52899914,61647.60032903,997.57035007,99
2026-01-05T10:19:00Z,61647.60032903,61664.19912674,61611.97869384,61628.57236822,372.30393227,37
2026-01-05T10:20:00Z,61628.57236822,61719.52499384,61588.13836594,61679.05786844,251.53707666,25
2026-01-05T10:21:00Z,61679.05786844,61695.30038519,61608.07251404,61624.30061105,263.96853806,26
2026-01-05T10:22:00Z,61624.30061105,61655.67146167,61537.07344131,61568.41584289,11.20586401,1
2026-01-05T10:23:00Z,61568.41584289,61604.76713025,61514.38872387,61550.72956889,89.30511122,8
2026-01-05T10:24:00Z,61550.72956889,61593.62025245,61445.64283193,61488.49014491,386.41862750,38
2026-01-05T10:25:00Z,61488.49014491,61521.64979157,61434.46215877,61467.61054544,200.85062817,20
2026-01-05T10:26:00Z,61467.61054544,61481.57956852,61442.25744330,61456.22387867,97.64970207,9
2026-01-05T10:27:00Z,61456.22387867,61485.80679722,61435.80529624,61465.38517098,301.15702004,30
2026-01-05T10:28:00Z,61465.38517098,61491.69266346,61413.62626185,61439.92285633,279.75960533,27
2026-01-05T10:29:00Z,61439.92285633,61504.10727955,61306.34272195,61370.45457377,1384.95937824,138
2026-01-05T10:30:00Z,61370.45457377,61374.02717655,61348.21992221,61351.79143853,337.41306623,33
2026-01-05T10:31:00Z,61351.79143853,61362.04604470,61266.84397260,61277.08609219,237.81405973,23
2026-01-05T10:32:00Z,61277.08609219,61334.25199231,61180.20885471,61237.33767320,727.60640760,72
2026-01-05T10:33:00Z,61237.33767320,61263.11302587,61218.60248416,61244.37568359,81.64709458,8
2026-01-05T10:34:00Z,61244.37568359,61279.95828989,61176.86502843,61212.42907395,22.17465619,2
2026-01-05T10:35:00Z,61212.42907395,61235.09478992,61175.85152260,61198.51208540,235.86036877,23
2026-01-05T10:36:00Z,61198.51208540,61215.63296485,61188.24434560,61205.36407543,145.77920581,14
2026-01-05T10:37:00Z,61205.36407543,61214.17181075,61183.61197649,61192.41784879,303.80936964,30
2026-01-05T10:38:00Z,61192.41784879,61216.52197449,61084.65192979,61108.72308753,234.73121552,23
2026-01-05T10:39:00Z,61108.72308753,61126.13755119,61098.33606812,61115.74933749,60.07133640,6
2026-01-05T10:40:00Z,61115.74933749,61223.16103538,61098.07737949,61205.46313614,391.39326112,39
2026-01-05T10:41:00Z,61205.46313614,61301.47185617,61191.90837796,61287.89884151,193.13059601,19
2026-01-05T10:42:00Z,61287.89884151,61299.33212973,61169.54407347,61180.95741171,945.12703503,94
2026-01-05T10:43:00Z,61180.95741171,61278.08899637,61029.50889399,61126.55410735,349.20771164,34
2026-01-05T10:44:00Z,61126.55410735,61174.28078423,61102.01795788,61149.73532984,709.09853086,70
2026-01-05T10:45:00Z,61149.73532984,61204.45712757,61131.47486113,61186.18577407,296.98890192,29
2026-01-05T10:46:00Z,61186.18577407,61241.13430717,61100.86682725,61155.78806154,275.87074878,27
2026-01-05T10:47:00Z,61155.78806154,61163.95490945,61075.46210229,61083.61931266,1033.93204249,103
2026-01-05T10:48:00Z,61083.61931266,61087.68902861,61058.98929341,61063.05763943,90.91974764,9
2026-01-05T10:49:00Z,61063.05763943,61126.79925737,61030.48769362,61094.21269401,61.80909117,6
2026-01-05T10:50:00Z,61094.21269401,61111.59199101,60998.43337637,61015.79036480,307.84189323,30
2026-01-05T10:51:00Z,61015.79036480,61078.54196993,60925.07802984,60987.80084920,201.45779083,20
2026-01-05T10:52:00Z,60987.80084920,61016.39270055,60949.22799545,60977.81516539,657.75718646,65
2026-01-05T10:53:00Z,60977.81516539,61058.25092370,60933.15669317,61013.56626836,180.46062515,18
2026-01-05T10:54:00Z,61013.56626836,61172.16090948,60952.71283187,61111.21008544,370.42467076,37
2026-01-05T10:55:00Z,61111.21008544,61132.80976246,61081.52864802,61103.12546754,75.10532455,7
2026-01-05T10:56:00Z,61103.12546754,61116.62107244,61102.74624901,61116.24177251,409.65871478,40
2026-01-05T10:57:00Z,61116.24177251,61213.65436352,61113.94041046,61211.34942014,148.72839722,14
2026-01-05T10:58:00Z,61211.34942014,61313.02931962,61197.60572224,61299.26588196,1044.95348565,104
2026-01-05T10:59:00Z,61299.26588196,61342.18363914,61296.52826128,61339.44422410,369.52508691,36
2026-01-05T11:00:00Z,61339.44422410,61481.34071868,61236.86961995,61378.70046846,118.86178988,11
2026-01-05T11:01:00Z,61378.70046846,61384.29770220,61360.24751314,61365.84357444,347.68751671,34
2026-01-05T11:02:00Z,61365.84357444,61391.87018085,61233.17461834,61259.15597618,635.62881624,63
2026-01-05T11:03:00Z,61259.15597618,61280.27079705,61222.66295819,61243.77247667,253.11834367,25
2026-01-05T11:04:00Z,61243.77247667,61284.69669056,61183.13699484,61224.04802848,20.86314553,2
2026-01-05T11:05:00Z,61224.04802848,61245.14715138,61204.68313771,61225.78171225,160.54123693,16
2026-01-05T11:06:00Z,61225.78171225,61268.27132189,61219.28435782,61261.77014832,121.58385183,12
2026-01-05T11:07:00Z,61261.77014832,61298.81044598,61192.51468414,61229.53549197,242.73117687,24
2026-01-05T11:08:00Z,61229.53549197,61263.53955899,61168.31850917,61202.30745499,259.59038901,25
2026-01-05T11:09:00Z,61202.30745499,61311.98729193,61188.06942635,61297.72706499,707.42474399,70
2026-01-05T11:10:00Z,61297.72706499,61313.91015457,61253.87544786,61270.05123080,101.34482119,10
2026-01-05T11:11:00Z,61270.05123080,61280.75876725,61237.65788273,61248.36162871,78.67977516,7
2026-01-05T11:12:00Z,61248.36162871,61287.88416534,61083.28333767,61122.72480298,915.07685142,91
2026-01-05T11:13:00Z,61122.72480298,61148.18310010,61100.28536815,61125.74255740,57.57206963,5
2026-01-05T11:14:00Z,61125.74255740,61174.24172581,61048.92365160,61097.40033236,43.57614311,4
2026-01-05T11:15:00Z,61097.40033236,61176.80544447,60990.04407939,61069.41281757,219.70944360,21
2026-01-05T11:16:00Z,61069.41281757,61072.19151148,61020.20062696,61022.97720801,394.46013008,39
2026-01-05T11:17:00Z,61022.97720801,61068.59560972,61021.43494656,61067.05223434,499.62978230,49
2026-01-05T11:18:00Z,61067.05223434,61142.97479561,61062.35719443,61138.27427991,311.75764969,31
2026-01-05T11:19:00Z,61138.27427991,61158.26240005,61084.08196692,61104.05890092,338.31316442,33
2026-01-05T11:20:00Z,61104.05890092,61113.67449039,61031.70961886,61041.31533474,384.52068065,38
2026-01-05T11:21:00Z,61041.31533474,61138.81748927,60920.48673945,61017.95157472,88.04051231,8
2026-01-05T11:22:00Z,61017.95157472,61027.35686832,60962.92151940,60972.31977933,1016.96486591,101
2026-01-05T11:23:00Z,60972.31977933,60988.38801513,60936.70183896,60952.76492141,284.59708921,28
2026-01-05T11:24:00Z,60952.76492141,60969.32306535,60899.41168988,60915.95983552,632.35704013,63
2026-01-05T11:25:00Z,60915.95983552,60978.44602808,60855.65706627,60918.14109952,275.42092714,27
2026-01-05T11:26:00Z,60918.14109952,61025.44902158,60917.00831129,61024.31425904,933.25511855,93
2026-01-05T11:27:00Z,61024.31425904,61088.13275088,60965.05900333,61028.87306852,227.63563963,22
2026-01-05T11:28:00Z,61028.87306852,61044.70254800,60998.43288683,61014.25857565,148.36361585,14
2026-01-05T11:29:00Z,61014.25857565,61040.32167249,60959.16349177,60985.21418190,128.10251281,12
2026-01-05T11:30:00Z,60985.21418190,61068.72433922,60962.39720867,61045.88466677,564.73931394,56
2026-01-05T11:31:00Z,61045.88466677,61056.83400660,60973.47690526,60984.41521978,514.06541010,51
2026-01-05T11:32:00Z,60984.41521978,60988.05874500,60970.92222390,60974.56516062,432.93007738,43
2026-01-05T11:33:00Z,60974.56516062,61037.69098209,60899.99882571,60963.11279075,21.96946218,2
2026-01-05T11:34:00Z,60963.11279075,61027.88012145,60887.70485007,60952.46086414,181.95489919,18
2026-01-05T11:35:00Z,60952.46086414,60972.56789548,60912.36777551,60932.46821167,164.33689608,16
2026-01-05T11:36:00Z,60932.46821167,60953.53808938,60926.77934983,60947.84779165,164.33627965,16
2026-01-05T11:37:00Z,60947.84779165,60963.64445335,60873.94404096,60889.72563837,324.16000480,32
2026-01-05T11:38:00Z,60889.72563837,60910.32560532,60796.12391988,60816.69918082,619.82986198,61
2026-01-05T11:39:00Z,60816.69918082,60879.92598456,60744.87562054,60808.09347754,158.73697104,15
2026-01-05T11:40:00Z,60808.09347754,60826.57266392,60757.93648103,60776.40603780,283.77292136,28
2026-01-05T11:41:00Z,60776.40603780,60847.43165158,60720.60369724,60791.61534648,55.90363731,5
2026-01-05T11:42:00Z,60791.61534648,60858.34503056,60789.09391360,60855.82093466,462.26538774,46
2026-01-05T11:43:00Z,60855.82093466,60892.31630020,60839.04627159,60875.53620269,186.70901607,18
2026-01-05T11:44:00Z,60875.53620269,60915.07886191,60851.92729112,60891.46377327,140.02440486,14
2026-01-05T11:45:00Z,60891.46377327,60900.96313332,60835.26980694,60844.76188127,476.83691734,47
2026-01-05T11:46:00Z,60844.76188127,60881.78173813,60797.12217434,60834.13556582,108.04959192,10
2026-01-05T11:47:00Z,60834.13556582,60884.36128437,60827.96650846,60878.18775978,445.53753557,44
2026-01-05T11:48:00Z,60878.18775978,60914.93981058,60805.66524573,60842.39568892,136.36589024,13
2026-01-05T11:49:00Z,60842.39568892,60866.23023017,60798.02295288,60821.84944530,158.25537821,15
2026-01-05T11:50:00Z,60821.84944530,60822.46369071,60805.68958172,60806.30367014,474.31019469,47
2026-01-05T11:51:00Z,60806.30367014,60824.49150822,60772.49275206,60790.67591571,253.61299804,25
2026-01-05T11:52:00Z,60790.67591571,60955.83758206,60707.25503312,60872.30468322,421.43908765,42
2026-01-05T11:53:00Z,60872.30468322,60904.71498528,60782.34239593,60814.72203920,1038.68369158,103
2026-01-05T11:54:00Z,60814.72203920,60886.80532387,60776.67473692,60848.73674109,405.72707782,40
2026-01-05T11:55:00Z,60848.73674109,60878.95266107,60836.91407165,60867.12641859,274.20664035,27
2026-01-05T11:56:00Z,60867.12641859,60923.38455977,60818.60813204,60874.86010856,219.84025789,21
2026-01-05T11:57:00Z,60874.86010856,60912.25745120,60854.68555306,60892.07718978,1046.69641280,104
2026-01-05T11:58:00Z,60892.07718978,60894.70987935,60862.82984359,60865.46138241,167.93222654,16
2026-01-05T11:59:00Z,60865.46138241,60873.06571438,60808.49660023,60816.09476450,605.02361462,60
2026-01-05T12:00:00Z,60816.09476450,60929.87901525,60785.95118769,60899.69400237,772.63377179,77
2026-01-05T12:01:00Z,60899.69400237,61009.20043707,60846.46445042,60955.92173911,571.01815706,57
2026-01-05T12:02:00Z,60955.92173911,61124.46155832,60811.45553791,60979.93843729,113.10385058,11
2026-01-05T12:03:00Z,60979.93843729,61084.58671567,60904.11657551,61008.72905591,109.15098860,10
2026-01-05T12:04:00Z,61008.72905591,61088.59024440,60989.16911020,61069.01097177,728.92243868,72
2026-01-05T12:05:00Z,61069.01097177,61196.90038493,61014.21350686,61142.03739313,284.90929088,28
2026-01-05T12:06:00Z,61142.03739313,61143.28669395,61124.21069858,61125.45966067,195.46358414,19
2026-01-05T12:07:00Z,61125.45966067,61164.32332010,61023.86454500,61062.68829430,111.60507864,11
2026-01-05T12:08:00Z,61062.68829430,61078.76259537,61046.89430929,61062.96853788,96.13485481,9
2026-01-05T12:09:00Z,61062.96853788,61139.31352614,61055.48639057,61131.82294198,141.06013871,14
2026-01-05T12:10:00Z,61131.82294198,61183.53797429,61123.15678071,61174.86571120,190.44968719,19
2026-01-05T12:11:00Z,61174.86571120,61264.83596232,61112.84761858,61202.78956095,129.12489443,12
2026-01-05T12:12:00Z,61202.78956095,61227.32174748,61117.09769634,61141.60535813,187.59079834,18
2026-01-05T12:13:00Z,61141.60535813,61161.61949419,61059.40385714,61079.39763008,474.67544039,47
2026-01-05T12:14:00Z,61079.39763008,61088.56828378,61041.41080744,61050.57713394,534.39170786,53
2026-01-05T12:15:00Z,61050.57713394,61066.23738246,61032.96748072,61048.62722907,98.71882693,9
2026-01-05T12:16:00Z,61048.62722907,61104.16496904,60954.63778541,61010.14051288,653.31262167,65
2026-01-05T12:17:00Z,61010.14051288,61032.37210621,60931.09533265,60953.30621603,684.76197386,68
2026-01-05T12:18:00Z,60953.30621603,60974.40130538,60895.49479668,60916.57717462,112.70572693,11
2026-01-05T12:19:00Z,60916.57717462,60945.78746204,60815.98917758,60845.16522205,703.16953997,70
2026-01-05T12:20:00Z,60845.16522205,60851.18302514,60835.04948922,60841.06688697,239.62885929,23
2026-01-05T12:21:00Z,60841.06688697,60868.25416857,60817.06495804,60844.25098350,333.12069813,33
2026-01-05T12:22:00Z,60844.25098350,60929.69269304,60815.31211518,60900.72696349,628.68192140,62
2026-01-05T12:23:00Z,60900.72696349,60969.13508213,60842.82429830,60911.22243814,103.31837375,10
2026-01-05T12:24:00Z,60911.22243814,61028.28082151,60869.44171206,60986.44849575,409.90056396,40
2026-01-05T12:25:00Z,60986.44849575,61018.39079232,60977.68625831,61009.62522496,299.77165386,29
2026-01-05T12:26:00Z,61009.62522496,61093.02796429,60968.09672839,61051.47098384,110.57789180,11
2026-01-05T12:27:00Z,61051.47098384,61171.88752281,60977.84025523,61098.20043645,217.87193260,21
2026-01-05T12:28:00Z,61098.20043645,61142.98270733,61015.51703133,61060.27150199,649.93620136,64
2026-01-05T12:29:00Z,61060.27150199,61125.99461352,61029.95525667,61095.66079753,837.35634105,83
2026-01-05T12:30:00Z,61095.66079753,61127.32286128,61055.07406300,61086.73149925,633.64277806,63
2026-01-05T12:31:00Z,61086.73149925,61160.31081321,61028.36582001,61101.93061189,154.07138920,15
2026-01-05T12:32:00Z,61101.93061189,61171.35328821,61066.03148275,61135.43447459,69.79006317,6
2026-01-05T12:33:00Z,61135.43447459,61172.88346216,61100.69045939,61138.13791056,115.42714351,11
2026-01-05T12:34:00Z,61138.13791056,61173.22278498,61015.02125465,61050.05558194,670.80866537,67
2026-01-05T12:35:00Z,61050.05558194,61065.13466083,61048.72962628,61063.80840648,422.33760020,42
2026-01-05T12:36:00Z,61063.80840648,61099.18213179,60958.70246680,60994.03577345,67.44272248,6
2026-01-05T12:37:00Z,60994.03577345,61042.46646275,60897.52484813,60945.91733026,248.29678070,24
2026-01-05T12:38:00Z,60945.91733026,60990.04185288,60887.63562601,60931.74989148,253.65670043,25
2026-01-05T12:39:00Z,60931.74989148,60964.25334503,60852.93970962,60885.41844812,168.01509671,16
2026-01-05T12:40:00Z,60885.41844812,60914.07355439,60860.83823390,60889.49169575,153.69159402,15
2026-01-05T12:41:00Z,60889.49169575,61013.47774729,60821.67679562,60945.60035685,538.18320376,53
2026-01-05T12:42:00Z,60945.60035685,60946.56051520,60940.74362813,60941.70372510,247.74304882,24
2026-01-05T12:43:00Z,60941.70372510,60982.94274212,60899.32499318,60940.56323844,59.95927727,5
2026-01-05T12:44:00Z,60940.56323844,60941.75174954,60933.44003077,60934.62842612,150.07986888,15
2026-01-05T12:45:00Z,60934.62842612,60990.90288599,60858.98986073,60915.24642090,322.48384174,32
2026-01-05T12:46:00Z,60915.24642090,61044.46720196,60853.25321215,60982.40564554,226.59051762,22
2026-01-05T12:47:00Z,60982.40564554,61059.93063700,60952.92371572,61030.42549200,84.38979985,8
2026-01-05T12:48:00Z,61030.42549200,61060.71975567,61009.13878924,61039.42991227,336.64087867,33
2026-01-05T12:49:00Z,61039.42991227,61098.30915304,60999.94110898,61058.80781343,454.34250664,45
2026-01-05T12:50:00Z,61058.80781343,61132.52219993,61052.02437224,61125.73132375,672.58964511,67
2026-01-05T12:51:00Z,61125.73132375,61134.84630238,61125.28716505,61134.40208067,120.83446481,12
2026-01-05T12:52:00Z,61134.40208067,61188.32973600,61124.54278903,61178.46333849,777.09170701,77
2026-01-05T12:53:00Z,61178.46333849,61239.03482833,61177.56694800,61238.13756350,1133.91147281,113
2026-01-05T12:54:00Z,61238.13756350,61259.71142717,61223.29940606,61244.87163805,381.66334349,38
2026-01-05T12:55:00Z,61244.87163805,61334.50846823,61200.34265619,61289.94671388,605.85146900,60
2026-01-05T12:56:00Z,61289.94671388,61320.01443906,61283.70024779,61313.76554543,588.12600074,58
2026-01-05T12:57:00Z,61313.76554543,61351.39151025,61308.15475387,61345.77778926,147.81828680,14
2026-01-05T12:58:00Z,61345.77778926,61421.61252882,61307.64702780,61383.45834621,194.23730708,19
2026-01-05T12:59:00Z,61383.45834621,61406.10759936,61376.88395926,61399.53149092,308.16245446,30
2026-01-05T13:00:00Z,61399.53149092,61458.43877264,61388.28531129,61447.18386481,1528.27595899,152
2026-01-05T13:01:00Z,61447.18386481,61545.43205547,61416.39836306,61514.61277133,637.94734262,63
2026-01-05T13:02:00Z,61514.61277133,61559.70733127,61493.37755900,61538.46388539,706.06031001,70
2026-01-05T13:03:00Z,61538.46388539,61598.95277748,61536.80280995,61597.29011417,298.81021941,29
2026-01-05T13:04:00Z,61597.29011417,61679.14468098,61548.60224238,61630.43061420,924.31959575,92
2026-01-05T13:05:00Z,61630.43061420,61720.12566529,61606.47033030,61696.13983537,101.55103240,10
2026-01-05T13:06:00Z,61696.13983537,61746.46742416,61677.52587024,61727.84389380,261.63086621,26
2026-01-05T13:07:00Z,61727.84389380,61753.28974838,61699.82542042,61725.27021407,145.99089244,14
2026-01-05T13:08:00Z,61725.27021407,61799.62932928,61674.19351147,61748.53337678,147.04797310,14
2026-01-05T13:09:00Z,61748.53337678,61769.37605709,61740.90176242,61761.74281016,250.18921999,25
2026-01-05T13:10:00Z,61761.74281016,61786.13040382,61742.38161823,61766.76763670,523.54600622,52
2026-01-05T13:11:00Z,61766.76763670,61810.45701662,61742.10623563,61785.78802134,431.03345612,43
2026-01-05T13:12:00Z,61785.78802134,61794.53048490,61782.29722867,61791.03939553,175.59139251,17
2026-01-05T13:13:00Z,61791.03939553,61835.50185280,61774.77580670,61819.23084389,207.60409536,20
2026-01-05T13:14:00Z,61819.23084389,61874.22795657,61797.05459586,61852.03993903,232.31781595,23
2026-01-05T13:15:00Z,61852.03993903,61894.70729566,61844.97081967,61887.63410821,263.47708975,26
2026-01-05T13:16:00Z,61887.63410821,61944.85154315,61844.98403472,61902.19143742,141.28175750,14
2026-01-05T13:17:00Z,61902.19143742,61990.58366629,61863.77424921,61952.13548225,737.08806068,73
2026-01-05T13:18:00Z,61952.13548225,61977.00545592,61897.97941101,61922.83762338,136.59654181,13
2026-01-05T13:19:00Z,61922.83762338,61957.34285116,61878.98637460,61913.48639160,116.28607432,11
2026-01-05T13:20:00Z,61913.48639160,61940.69314609,61911.50361471,61938.70956142,178.10067162,17
2026-01-05T13:21:00Z,61938.70956142,61967.02879161,61932.38321949,61960.70020358,471.04779730,47
2026-01-05T13:22:00Z,61960.70020358,61975.99596998,61924.26844690,61939.55899433,135.86740350,13
2026-01-05T13:23:00Z,61939.55899433,61953.15193103,61867.48028672,61881.06038561,469.59966367,46
2026-01-05T13:24:00Z,61881.06038561,61981.31911324,61853.08842936,61953.31449613,596.52288269,59
2026-01-05T13:25:00Z,61953.31449613,62012.30676350,61947.67700639,62006.66441915,729.87702251,72
2026-01-05T13:26:00Z,62006.66441915,62037.10735042,61967.64188924,61998.08060618,518.17226261,51
2026-01-05T13:27:00Z,61998.08060618,62057.79755189,61993.80896956,62053.52209538,909.17070705,90
2026-01-05T13:28:00Z,62053.52209538,62071.03248477,62041.25956546,62058.76891801,141.19284221,14
2026-01-05T13:29:00Z,62058.76891801,62099.14775496,62047.17055583,62087.54401491,958.60237389,95
2026-01-05T13:30:00Z,62087.54401491,62112.50081266,62071.36275879,62096.31727005,66.80032032,6
2026-01-05T13:31:00Z,62096.31727005,62112.58934181,62063.28530215,62079.55298090,410.51614208,41
2026-01-05T13:32:00Z,62079.55298090,62126.21346305,62060.96324399,62107.61532286,159.04550384,15
2026-01-05T13:33:00Z,62107.61532286,62137.85894638,62104.71075621,62134.95310123,86.76048943,8
2026-01-05T13:34:00Z,62134.95310123,62141.25718455,62131.45682439,62137.76074973,163.31542860,16
2026-01-05T13:35:00Z,62137.76074973,62151.44159963,62128.25265823,62141.93286972,93.47200104,9
2026-01-05T13:36:00Z,62141.93286972,62177.86964929,62108.89981436,62144.83505119,77.86207753,7
2026-01-05T13:37:00Z,62144.83505119,62158.02511384,62112.32499292,62125.51095408,534.68108886,53
2026-01-05T13:38:00Z,62125.51095408,62150.99825892,62111.98451310,62137.46921428,360.70539694,36
2026-01-05T13:39:00Z,62137.46921428,62176.50037593,62119.05963153,62158.08468539,296.31310951,29
2026-01-05T13:40:00Z,62158.08468539,62169.65700938,62143.66277623,62155.23456960,21.95703816,2
2026-01-05T13:41:00Z,62155.23456960,62190.71431277,62122.33480719,62157.81318545,132.55748658,13
2026-01-05T13:42:00Z,62157.81318545,62164.58994287,62139.87866706,62146.65420787,98.84054384,9
2026-01-05T13:43:00Z,62146.65420787,62170.33440635,62105.62855183,62129.30213852,373.90444090,37
2026-01-05T13:44:00Z,62129.30213852,62166.88115252,62121.63120571,62159.20652749,212.47919387,21
2026-01-05T13:45:00Z,62159.20652749,62165.57175395,62151.93500111,62158.30013475,460.87252477,46
2026-01-05T13:46:00Z,62158.30013475,62191.44492655,62147.07886049,62180.21969520,66.35740083,6
2026-01-05T13:47:00Z,62180.21969520,62213.04709421,62150.88644771,62183.71219914,44.17306059,4
2026-01-05T13:48:00Z,62183.71219914,62209.68167485,62175.59678543,62201.56393136,292.20142616,29
2026-01-05T13:49:00Z,62201.56393136,62225.90412848,62169.87734350,62194.21466477,169.34953782,16
2026-01-05T13:50:00Z,62194.21466477,62269.33480445,62176.69309907,62251.79701646,244.52594317,24
2026-01-05T13:51:00Z,62251.79701646,62300.83186488,62223.56086740,62272.58628623,367.06687376,36
2026-01-05T13:52:00Z,62272.58628623,62307.70201373,62242.82058595,62277.93375741,47.66657659,4
2026-01-05T13:53:00Z,62277.93375741,62303.04934194,62259.70174551,62284.81531544,293.54929882,29
2026-01-05T13:54:00Z,62284.81531544,62339.20840970,62242.30917064,62296.69415820,444.26844218,44
2026-01-05T13:55:00Z,62296.69415820,62420.21846292,62286.51059868,62410.01637877,1528.16173036,152
2026-01-05T13:56:00Z,62410.01637877,62460.98293800,62366.99097802,62417.95206640,117.47476563,11
2026-01-05T13:57:00Z,62417.95206640,62427.62393188,62402.98341574,62412.65446034,188.22495473,18
2026-01-05T13:58:00Z,62412.65446034,62419.81435882,62379.03696494,62386.19382788,344.27119507,34
2026-01-05T13:59:00Z,62386.19382788,62386.57273677,62353.28168281,62353.66039409,348.17204673,34
2026-01-05T14:00:00Z,62353.66039409,62405.37033458,62334.12400500,62385.82386816,712.35697472,71
2026-01-05T14:01:00Z,62385.82386816,62401.57390300,62374.32035508,62390.06960703,54.28834800,5
2026-01-05T14:02:00Z,62390.06960703,62437.77451181,62380.19798551,62427.89690509,301.24254351,30
2026-01-05T14:03:00Z,62427.89690509,62503.36744444,62341.86484209,62417.32259791,381.69112139,38
2026-01-05T14:04:00Z,62417.32259791,62482.74625163,62398.93976364,62464.34956722,169.51667893,16
2026-01-05T14:05:00Z,62464.34956722,62492.30326847,62433.17550218,62461.12776163,50.95031951,5
2026-01-05T14:06:00Z,62461.12776163,62507.62230965,62458.76762837,62505.26050880,102.25544807,10
2026-01-05T14:07:00Z,62505.26050880,62607.27557036,62421.92909701,62523.91928286,255.51900504,25
2026-01-05T14:08:00Z,62523.91928286,62558.98159146,62512.90775529,62547.96582888,147.54925392,14
2026-01-05T14:09:00Z,62547.96582888,62587.81077398,62465.71176200,62505.52967398,624.63529970,62
2026-01-05T14:10:00Z,62505.52967398,62522.95196692,62438.78033862,62456.18887871,488.04954942,48
2026-01-05T14:11:00Z,62456.18887871,62478.26856479,62423.87194227,62445.94800798,262.37710805,26
2026-01-05T14:12:00Z,62445.94800798,62456.17049947,62399.79100474,62410.00761274,308.19812791,30
2026-01-05T14:13:00Z,62410.00761274,62469.89604043,62404.00613660,62463.88938290,67.93523237,6
2026-01-05T14:14:00Z,62463.88938290,62492.07716003,62449.00054492,62477.18515287,111.31543523,11
2026-01-05T14:15:00Z,62477.18515287,62491.07640371,62419.48455596,62433.36606401,1197.52486813,119
2026-01-05T14:16:00Z,62433.36606401,62447.84426831,62366.07424677,62380.54020084,158.94191002,15
2026-01-05T14:17:00Z,62380.54020084,62443.53572931,62300.81775208,62363.79637165,91.55969616,9
2026-01-05T14:18:00Z,62363.79637165,62379.98767392,62247.93072427,62264.09614170,203.63487387,20
2026-01-05T14:19:00Z,62264.09614170,62286.13249022,62173.93569490,62195.94792458,711.63998405,71
2026-01-05T14:20:00Z,62195.94792458,62233.66122648,62181.62797179,62219.33588886,205.23599600,20
2026-01-05T14:21:00Z,62219.33588886,62259.60108992,62194.10107773,62234.36018526,634.17334981,63
2026-01-05T14:22:00Z,62234.36018526,62258.76526695,62157.57630413,62181.96083752,225.34592415,22
2026-01-05T14:23:00Z,62181.96083752,62251.95520813,62113.12054429,62183.11363866,147.36846200,14
2026-01-05T14:24:00Z,62183.11363866,62255.35823796,62167.01110468,62239.24116955,818.78963276,81
2026-01-05T14:25:00Z,62239.24116955,62264.28692615,62176.57557809,62201.60618995,279.04353759,27
2026-01-05T14:26:00Z,62201.60618995,62232.09722686,62145.49125014,62175.96972013,662.29103397,66
2026-01-05T14:27:00Z,62175.96972013,62237.40475315,62083.32200143,62144.72616322,74.29082661,7
2026-01-05T14:28:00Z,62144.72616322,62291.08786104,62083.41423521,62229.69210572,62.31834645,6
2026-01-05T14:29:00Z,62229.69210572,62236.75431780,62210.35850869,62217.41932798,80.30011539,8
2026-01-05T14:30:00Z,62217.41932798,62257.57918019,62152.47845231,62192.62229863,298.73119934,29
2026-01-05T14:31:00Z,62192.62229863,62263.67339953,62169.80451801,62240.83792913,1058.82786434,105
2026-01-05T14:32:00Z,62240.83792913,62283.33509432,62186.05446022,62228.54323075,144.69974222,14
2026-01-05T14:33:00Z,62228.54323075,62271.00449803,62160.84595920,62203.28999509,115.25635757,11
2026-01-05T14:34:00Z,62203.28999509,62261.23684296,62098.48267858,62156.38583184,34.80807459,3
2026-01-05T14:35:00Z,62156.38583184,62163.39073151,62121.45756036,62128.45931277,759.12099867,75
2026-01-05T14:36:00Z,62128.45931277,62161.21230638,62053.98542720,62086.71641470,191.94331620,19
2026-01-05T14:37:00Z,62086.71641470,62151.27965077,62035.76467356,62100.31674846,101.70410957,10
2026-01-05T14:38:00Z,62100.31674846,62229.90878643,62064.09419074,62193.63179888,566.12375707,56
2026-01-05T14:39:00Z,62193.63179888,62244.75490815,62149.79659062,62200.91456687,353.32557276,35
2026-01-05T14:40:00Z,62200.91456687,62332.00655907,62109.69476663,62240.72837050,230.12249416,23
2026-01-05T14:41:00Z,62240.72837050,62302.84393334,62160.20864511,62222.30582244,584.30301555,58
2026-01-05T14:42:00Z,62222.30582244,62228.56102620,62180.44947386,62186.70109828,256.93279119,25
2026-01-05T14:43:00Z,62186.70109828,62196.99979167,62168.48113447,62178.77851580,277.50102584,27
2026-01-05T14:44:00Z,62178.77851580,62242.88572332,62039.32996846,62103.35941781,159.57517335,15
2026-01-05T14:45:00Z,62103.35941781,62134.42687975,62034.02275259,62065.07106062,359.34256146,35
2026-01-05T14:46:00Z,62065.07106062,62124.36919026,62027.95282629,62087.23769910,378.41703006,37
2026-01-05T14:47:00Z,62087.23769910,62163.20528587,62086.85476193,62162.82188252,589.71151812,58
2026-01-05T14:48:00Z,62162.82188252,62183.12022820,62118.69410334,62138.98466533,203.60886862,20
2026-01-05T14:49:00Z,62138.98466533,62155.47443234,62129.87793279,62146.36661793,127.95297277,12
2026-01-05T14:50:00Z,62146.36661793,62171.58609457,62119.06364749,62144.28227829,118.21623541,11
2026-01-05T14:51:00Z,62144.28227829,62180.12691859,62120.16478155,62156.00487244,487.70130264,48
2026-01-05T14:52:00Z,62156.00487244,62165.92901835,62155.19529669,62165.11932388,140.30553095,14
2026-01-05T14:53:00Z,62165.11932388,62178.27838773,62137.52631050,62150.68231833,259.38759609,25
2026-01-05T14:54:00Z,62150.68231833,62185.43024993,62149.18648568,62183.93361699,149.55590087,14
2026-01-05T14:55:00Z,62183.93361699,62218.21843983,62124.97793479,62159.24914796,620.79279557,62
2026-01-05T14:56:00Z,62159.24914796,62239.25008126,62092.81992816,62172.80637293,114.83423993,11
2026-01-05T14:57:00Z,62172.80637293,62233.81591512,62132.08711570,62193.08337774,46.40593297,4
2026-01-05T14:58:00Z,62193.08337774,62288.80326041,62134.65151612,62230.33639870,812.94242992,81
2026-01-05T14:59:00Z,62230.33639870,62253.10926075,62172.79851598,62195.55865130,673.65809829,67
2026-01-05T15:00:00Z,62195.55865130,62255.19102111,62114.16851436,62173.78000305,347.50620766,34
2026-01-05T15:01:00Z,62173.78000305,62206.16486882,62149.38814954,62181.76988075,209.32011048,20
2026-01-05T15:02:00Z,62181.76988075,62253.16322055,62059.25995774,62130.59454112,550.36134697,55
2026-01-05T15:03:00Z,62130.59454112,62254.65885778,62066.79553870,62190.79803520,595.09482050,59
2026-01-05T15:04:00Z,62190.79803520,62204.04399742,62168.70352746,62181.94760463,35.77359114,3
2026-01-05T15:05:00Z,62181.94760463,62190.27127506,62135.48720053,62143.80576529,103.81941853,10
2026-01-05T15:06:00Z,62143.80576529,62220.25805752,62075.96157275,62152.40447752,129.75127239,12
2026-01-05T15:07:00Z,62152.40447752,62210.57709425,62083.13255564,62141.29477405,67.41564979,6
2026-01-05T15:08:00Z,62141.29477405,62181.44981175,62128.70800153,62168.85745638,337.20447736,33
2026-01-05T15:09:00Z,62168.85745638,62273.71325739,62121.69946305,62226.51153074,389.11996631,38
2026-01-05T15:10:00Z,62226.51153074,62244.79390282,62194.60744826,62212.88581705,347.83864910,34
2026-01-05T15:11:00Z,62212.88581705,62272.48590991,62171.36550063,62230.95353526,119.08544292,11
2026-01-05T15:12:00Z,62230.95353526,62308.30610895,62185.59584620,62262.92511707,480.67035905,48
2026-01-05T15:13:00Z,62262.92511707,62313.59959839,62238.55562856,62289.21981823,262.96173334,26
2026-01-05T15:14:00Z,62289.21981823,62318.53029482,62258.09951289,62287.40913746,101.81104146,10
2026-01-05T15:15:00Z,62287.40913746,62307.53319638,62273.63846785,62293.76112246,126.25756601,12
2026-01-05T15:16:00Z,62293.76112246,62312.56141538,62282.49418600,62301.29311662,67.99808020,6
2026-01-05T15:17:00Z,62301.29311662,62322.91823236,62287.70053187,62309.32389550,14.65908133,1
2026-01-05T15:18:00Z,62309.32389550,62439.88243292,62260.81619165,62391.31090233,671.61520621,67
2026-01-05T15:19:00Z,62391.31090233,62459.02638832,62301.43157142,62369.12297608,260.58412897,26
2026-01-05T15:20:00Z,62369.12297608,62438.07827228,62349.69293745,62418.63280970,281.37116233,28
2026-01-05T15:21:00Z,62418.63280970,62487.96973830,62388.35865780,62457.67664945,85.95084213,8
2026-01-05T15:22:00Z,62457.67664945,62486.71849985,62436.92114983,62465.96024749,32.98424322,3
2026-01-05T15:23:00Z,62465.96024749,62526.50747406,62443.95011475,62504.48376741,219.29332657,21
2026-01-05T15:24:00Z,62504.48376741,62513.61963278,62503.89324548,62513.02903012,180.41992882,18
2026-01-05T15:25:00Z,62513.02903012,62609.07358897,62510.82069879,62606.86194290,528.89915147,52
2026-01-05T15:26:00Z,62606.86194290,62665.78344594,62518.18551177,62577.07898503,390.72783890,39
2026-01-05T15:27:00Z,62577.07898503,62658.77071505,62528.60225004,62610.26826925,275.55257107,27
2026-01-05T15:28:00Z,62610.26826925,62639.96535509,62609.77733920,62639.47419604,148.54219561,14
2026-01-05T15:29:00Z,62639.47419604,62653.84232903,62596.94836732,62611.31004006,125.79794461,12
2026-01-05T15:30:00Z,62611.31004006,62645.23408455,62550.49185467,62584.40131948,349.22114499,34
2026-01-05T15:31:00Z,62584.40131948,62626.10836220,62552.04443294,62593.74664401,68.87807920,6
2026-01-05T15:32:00Z,62593.74664401,62725.24414910,62547.47868467,62678.91323644,871.02461141,87
2026-01-05T15:33:00Z,62678.91323644,62700.85553242,62646.81235802,62668.75109649,162.13637246,16
2026-01-05T15:34:00Z,62668.75109649,62688.37614430,62644.17344161,62663.79693800,146.72322964,14
2026-01-05T15:35:00Z,62663.79693800,62667.55306672,62637.24449117,62640.99925337,64.55598576,6
2026-01-05T15:36:00Z,62640.99925337,62660.60114428,62566.54123090,62586.12595062,558.16011173,55
2026-01-05T15:37:00Z,62586.12595062,62635.48343063,62508.98949202,62558.32504732,617.55134937,61
2026-01-05T15:38:00Z,62558.32504732,62566.20126092,62555.32326994,62563.19924967,177.09460050,17
2026-01-05T15:39:00Z,62563.19924967,62586.28077740,62488.20097981,62511.26334677,691.54878991,69
2026-01-05T15:40:00Z,62511.26334677,62606.69326494,62461.27199294,62556.66560214,715.02793914,71
2026-01-05T15:41:00Z,62556.66560214,62557.99695153,62516.27462138,62517.60513947,544.82776300,54
2026-01-05T15:42:00Z,62517.60513947,62555.80414759,62490.74620916,62528.94034742,461.06338912,46
2026-01-05T15:43:00Z,62528.94034742,62533.63560173,62491.94255155,62496.63538010,660.39857086,66
2026-01-05T15:44:00Z,62496.63538010,62539.58488149,62396.67798252,62439.58827949,211.67430593,21
2026-01-05T15:45:00Z,62439.58827949,62482.85380861,62341.68948585,62384.91713234,59.68289362,5
2026-01-05T15:46:00Z,62384.91713234,62466.68666403,62383.46346143,62465.23112167,784.14072672,78
2026-01-05T15:47:00Z,62465.23112167,62502.91952509,62439.45196170,62477.13545224,254.39441778,25
2026-01-05T15:48:00Z,62477.13545224,62484.25835083,62474.44596069,62481.56866844,127.71088347,12
2026-01-05T15:49:00Z,62481.56866844,62550.72781575,62460.21315729,62529.35597143,309.92968172,30
2026-01-05T15:50:00Z,62529.35597143,62561.28699385,62522.70959909,62554.63793424,284.91105008,28
2026-01-05T15:51:00Z,62554.63793424,62608.74140055,62545.34311581,62599.43992512,718.45423459,71
2026-01-05T15:52:00Z,62599.43992512,62623.48725511,62588.64428314,62612.68932819,161.17811087,16
2026-01-05T15:53:00Z,62612.68932819,62657.84578796,62539.38929617,62584.52544406,188.53564765,18
2026-01-05T15:54:00Z,62584.52544406,62592.32943971,62535.68086374,62543.47974118,263.82928864,26
2026-01-05T15:55:00Z,62543.47974118,62546.86667729,62526.22708220,62529.61326740,88.05459230,8
2026-01-05T15:56:00Z,62529.61326740,62538.27001187,62505.66964682,62514.32427465,400.36961748,40
2026-01-05T15:57:00Z,62514.32427465,62538.80265674,62453.80111257,62478.26537528,341.31570292,34
2026-01-05T15:58:00Z,62478.26537528,62493.33222000,62419.53411567,62434.59042803,1136.17835818,113
2026-01-05T15:59:00Z,62434.59042803,62476.06215253,62421.23696790,62462.70267977,364.13227704,36
2026-01-05T16:00:00Z,62462.70267977,62529.90662921,62420.92057764,62488.10753345,310.14824010,31
2026-01-05T16:01:00Z,62488.10753345,62508.06524279,62456.29791110,62476.25183392,170.07866314,17
2026-01-05T16:02:00Z,62476.25183392,62529.18119294,62410.90946347,62463.82829737,404.87086881,40
2026-01-05T16:03:00Z,62463.82829737,62485.55380705,62463.22603157,62484.95133758,383.15327113,38
2026-01-05T16:04:00Z,62484.95133758,62592.08696397,62454.24566259,62561.34374906,179.84360835,17
2026-01-05T16:05:00Z,62561.34374906,62632.31244585,62505.81601197,62576.77101594,29.37895193,2
2026-01-05T16:06:00Z,62576.77101594,62597.77312806,62539.01386481,62560.01035169,261.88140939,26
2026-01-05T16:07:00Z,62560.01035169,62629.87574411,62533.15275119,62602.99968788,24.80234334,2
2026-01-05T16:08:00Z,62602.99968788,62679.75784066,62565.71716193,62642.45181943,179.89153283,17
2026-01-05T16:09:00Z,62642.45181943,62643.18878730,62637.37364794,62638.11056474,342.88554637,34
2026-01-05T16:10:00Z,62638.11056474,62728.66825077,62597.46934060,62687.99466055,369.23022971,36
2026-01-05T16:11:00Z,62687.99466055,62733.49603174,62625.82414534,62671.31340863,244.55427834,24
2026-01-05T16:12:00Z,62671.31340863,62762.82730207,62670.51862121,62762.03136418,767.43288469,76
2026-01-05T16:13:00Z,62762.03136418,62906.20892623,62735.49623206,62879.62407713,251.87793325,25
2026-01-05T16:14:00Z,62879.62407713,62905.13484799,62870.00954973,62895.51789037,144.24603110,14
2026-01-05T16:15:00Z,62895.51789037,63013.02336353,62844.50761334,62961.95920047,27.39466740,2
2026-01-05T16:16:00Z,62961.95920047,62965.54149282,62948.59984197,62952.18157801,28.61288557,2
2026-01-05T16:17:00Z,62952.18157801,62986.04889185,62923.35202503,62957.21703283,104.64952728,10
2026-01-05T16:18:00Z,62957.21703283,62964.95898658,62940.75704283,62948.49792437,232.77948226,23
2026-01-05T16:19:00Z,62948.49792437,63020.68464188,62920.57410137,62992.74119266,817.89397140,81
2026-01-05T16:20:00Z,62992.74119266,63004.59608464,62962.73627313,62974.58774872,194.05320834,19
2026-01-05T16:21:00Z,62974.58774872,63075.39490994,62909.97209999,63010.74216464,276.83464841,27
2026-01-05T16:22:00Z,63010.74216464,63052.70140496,62978.61769156,63020.57192042,255.61965651,25
2026-01-05T16:23:00Z,63020.57192042,63048.37338760,63000.08151618,63027.88060702,72.10144083,7
2026-01-05T16:24:00Z,63027.88060702,63075.73375138,62940.98241025,62988.80588760,1211.49296774,121
2026-01-05T16:25:00Z,62988.80588760,62997.26071444,62947.73978104,62956.19022995,133.07342776,13
2026-01-05T16:26:00Z,62956.19022995,63019.25686994,62918.18035577,62981.23187684,908.94070817,90
2026-01-05T16:27:00Z,62981.23187684,63058.91409741,62935.35552411,63013.01459373,84.92148841,8
2026-01-05T16:28:00Z,63013.01459373,63033.62735475,62972.05442979,62992.66053260,283.44198089,28
2026-01-05T16:29:00Z,62992.66053260,63019.72161912,62982.95463563,63010.01304847,216.66987985,21
2026-01-05T16:30:00Z,63010.01304847,63098.03624992,62983.21056668,63071.20773783,1062.10754049,106
2026-01-05T16:31:00Z,63071.20773783,63083.24865535,63044.21733306,63056.25539604,695.17366102,69
2026-01-05T16:32:00Z,63056.25539604,63082.08645511,63017.61748666,63043.44329725,87.52142950,8
2026-01-05T16:33:00Z,63043.44329725,63050.02793931,63027.83456249,63034.41826193,531.94833956,53
2026-01-05T16:34:00Z,63034.41826193,63039.88409849,63001.16501436,63006.62844122,195.23648881,19
2026-01-05T16:35:00Z,63006.62844122,63021.41341108,62951.10690454,62965.88231302,263.93855063,26
2026-01-05T16:36:00Z,62965.88231302,62967.84280624,62943.08629073,62945.04613520,1086.31093187,108
2026-01-05T16:37:00Z,62945.04613520,62989.14541303,62872.68016929,62916.75962961,275.50774837,27
2026-01-05T16:38:00Z,62916.75962961,62942.04561944,62886.88808667,62912.17223284,83.96044299,8
2026-01-05T16:39:00Z,62912.17223284,62915.70037891,62896.97210130,62900.49959276,71.23718086,7
2026-01-05T16:40:00Z,62900.49959276,62941.66745292,62864.55542813,62905.72030493,293.51051891,29
2026-01-05T16:41:00Z,62905.72030493,62954.40676778,62886.29841619,62934.97584651,480.50258580,48
2026-01-05T16:42:00Z,62934.97584651,63016.60933549,62927.54735066,63009.17208193,1199.32731025,119
2026-01-05T16:43:00Z,63009.17208193,63044.43500681,62963.82730741,62999.08458685,301.39529963,30
2026-01-05T16:44:00Z,62999.08458685,63054.29598699,62915.45119712,62970.63766682,628.16546090,62
2026-01-05T16:45:00Z,62970.63766682,63023.20262953,62913.99891142,62966.56047066,155.37009929,15
2026-01-05T16:46:00Z,62966.56047066,63019.58682822,62941.66822475,62994.68346459,393.25107659,39
2026-01-05T16:47:00Z,62994.68346459,63029.18657103,62921.95486859,62956.43702690,261.64454861,26
2026-01-05T16:48:00Z,62956.43702690,63073.51704989,62891.11990044,63008.14627523,187.12198313,18
2026-01-05T16:49:00Z,63008.14627523,63034.87475190,62981.61045333,63008.33884889,197.72850202,19
2026-01-05T16:50:00Z,63008.33884889,63077.24407032,62870.88497332,62939.71514864,389.16417352,38
2026-01-05T16:51:00Z,62939.71514864,62945.37888439,62899.64977104,62905.31041082,317.83153202,31
2026-01-05T16:52:00Z,62905.31041082,62953.72541298,62848.08214754,62896.49036136,38.39368123,3
2026-01-05T16:53:00Z,62896.49036136,63052.71173663,62855.19750321,63011.34347501,281.70078082,28
2026-01-05T16:54:00Z,63011.34347501,63017.45629100,62940.96717191,62947.07375301,298.79515592,29
2026-01-05T16:55:00Z,62947.07375301,63018.16032946,62908.68898526,62979.75563249,428.27933695,42
2026-01-05T16:56:00Z,62979.75563249,63036.69324721,62922.20621984,62979.14328096,58.80853355,5
2026-01-05T16:57:00Z,62979.14328096,63058.76908976,62913.49432469,62993.10557930,427.12012896,42
2026-01-05T16:58:00Z,62993.10557930,63010.54224542,62921.72285149,62939.14458105,364.32007262,36
2026-01-05T16:59:00Z,62939.14458105,62986.82641064,62910.28967230,62957.96287451,409.45224939,40
2026-01-05T17:00:00Z,62957.96287451,63071.77380748,62920.80153675,63034.56725350,856.16288022,85
2026-01-05T17:01:00Z,63034.56725350,63072.78833107,63033.60495681,63071.82546559,637.31802557,63
2026-01-05T17:02:00Z,63071.82546559,63111.32229072,63022.15271775,63061.64316652,470.61273251,47
2026-01-05T17:03:00Z,63061.64316652,63141.35957149,62885.46393041,62965.05824210,496.53685962,49
2026-01-05T17:04:00Z,62965.05824210,63016.90515226,62956.89779711,63008.73904612,954.48643896,95
2026-01-05T17:05:00Z,63008.73904612,63119.94645222,62965.27875962,63076.43946934,213.23777815,21
2026-01-05T17:06:00Z,63076.43946934,63111.02599628,63038.57088564,63073.15561195,143.29232749,14
2026-01-05T17:07:00Z,63073.15561195,63075.70789152,63072.33555267,63074.88780972,391.27597046,39
2026-01-05T17:08:00Z,63074.88780972,63133.89735520,63022.53752514,63081.54154821,211.12753558,21
2026-01-05T17:09:00Z,63081.54154821,63188.69330378,62999.83694762,63106.95578611,63.00604558,6
2026-01-05T17:10:00Z,63106.95578611,63141.49453507,63074.39560350,63108.93333214,327.07484930,32
2026-01-05T17:11:00Z,63108.93333214,63234.34254742,63051.59575553,63176.94318052,913.77650393,91
2026-01-05T17:12:00Z,63176.94318052,63231.31918274,63049.62770544,63103.94087503,584.13639672,58
2026-01-05T17:13:00Z,63103.94087503,63200.07449443,63087.66164267,63183.77466695,991.96472244,99
2026-01-05T17:14:00Z,63183.77466695,63185.18206261,63158.00581524,63159.41266825,144.79365765,14
2026-01-05T17:15:00Z,63159.41266825,63268.85219053,63105.61810812,63215.01027644,172.56460405,17
2026-01-05T17:16:00Z,63215.01027644,63224.45697092,63200.41480551,63209.86073046,394.63029487,39
2026-01-05T17:17:00Z,63209.86073046,63277.66687904,63201.12271114,63268.92069538,767.79833460,76
2026-01-05T17:18:00Z,63268.92069538,63286.85793733,63206.91300086,63224.83774495,287.76224722,28
2026-01-05T17:19:00Z,63224.83774495,63247.67135917,63192.00056542,63214.83056555,118.49832872,11
2026-01-05T17:20:00Z,63214.83056555,63327.31562365,63174.39090527,63286.82990409,560.12243123,56
2026-01-05T17:21:00Z,63286.82990409,63311.22735628,63237.44152562,63261.82933994,127.64681954,12
2026-01-05T17:22:00Z,63261.82933994,63348.10138093,63198.46634671,63284.71546498,159.53778323,15
2026-01-05T17:23:00Z,63284.71546498,63359.15460187,63254.81834775,63329.23645193,277.94174912,27
2026-01-05T17:24:00Z,63329.23645193,63400.99723969,63293.01543599,63364.75590848,244.71744732,24
2026-01-05T17:25:00Z,63364.75590848,63424.76054206,63349.11392947,63409.10761456,629.04078755,62
2026-01-05T17:26:00Z,63409.10761456,63496.91886695,63372.52295193,63460.30466556,316.68564221,31
2026-01-05T17:27:00Z,63460.30466556,63533.86253176,63432.80206168,63506.33997697,528.22693797,52
2026-01-05T17:28:00Z,63506.33997697,63533.39002030,63476.39307022,63503.44187913,123.73321588,12
2026-01-05T17:29:00Z,63503.44187913,63625.01187020,63465.80816902,63587.32844683,331.80833916,33
2026-01-05T17:30:00Z,63587.32844683,63643.51640526,63525.42263926,63581.60554073,196.00442132,19
2026-01-05T17:31:00Z,63581.60554073,63584.18466004,63523.71928771,63526.29616345,579.20677444,57
2026-01-05T17:32:00Z,63526.29616345,63549.02366957,63473.42564434,63496.14236247,663.65506225,66
2026-01-05T17:33:00Z,63496.14236247,63502.96680666,63460.22271921,63467.04403597,325.24777836,32
2026-01-05T17:34:00Z,63467.04403597,63476.03683325,63434.13608848,63443.12549668,266.07610052,26
2026-01-05T17:35:00Z,63443.12549668,63448.68329898,63428.25172408,63433.80871020,277.81131132,27
2026-01-05T17:36:00Z,63433.80871020,63491.86880465,63400.57803599,63458.62513002,110.05683156,11
2026-01-05T17:37:00Z,63458.62513002,63494.72656809,63432.06273134,63468.16017825,207.61733139,20
2026-01-05T17:38:00Z,63468.16017825,63574.91588126,63365.08536842,63471.83510321,385.56058956,38
2026-01-05T17:39:00Z,63471.83510321,63481.57184430,63435.88087843,63445.61359708,103.83995223,10
2026-01-05T17:40:00Z,63445.61359708,63447.53807404,63421.00522288,63422.92901176,520.27868305,52
2026-01-05T17:41:00Z,63422.92901176,63522.22362407,63383.35772547,63482.61509802,1245.14239159,124
2026-01-05T17:42:00Z,63482.61509802,63492.84034364,63481.85247039,63492.07760233,176.33120932,17
2026-01-05T17:43:00Z,63492.07760233,63581.78088090,63373.31181033,63462.97397053,610.84275349,61
2026-01-05T17:44:00Z,63462.97397053,63486.36982641,63452.26613385,63475.65984930,239.51323799,23
2026-01-05T17:45:00Z,63475.65984930,63628.71672796,63436.78535493,63589.77234750,1324.29316760,132
2026-01-05T17:46:00Z,63589.77234750,63684.28219102,63496.55150454,63591.05946119,220.42749470,22
2026-01-05T17:47:00Z,63591.05946119,63611.86543467,63586.64747220,63607.45230832,130.32606691,13
2026-01-05T17:48:00Z,63607.45230832,63642.44951433,63545.97653432,63580.95916364,344.56956161,34
2026-01-05T17:49:00Z,63580.95916364,63647.30934392,63422.30194221,63488.55569446,1638.14608525,163
2026-01-05T17:50:00Z,63488.55569446,63514.27316913,63458.40483449,63484.12051260,145.75201128,14
2026-01-05T17:51:00Z,63484.12051260,63537.42259818,63375.59691153,63428.85259345,320.20364032,32
2026-01-05T17:52:00Z,63428.85259345,63516.75043145,63396.35398779,63484.22345580,324.10867648,32
2026-01-05T17:53:00Z,63484.22345580,63519.70684066,63373.54417302,63408.98550495,838.08174110,83
2026-01-05T17:54:00Z,63408.98550495,63506.61528851,63323.62730298,63421.24058932,187.45850779,18
2026-01-05T17:55:00Z,63421.24058932,63437.03545064,63381.22820100,63397.01702952,570.72869719,57
2026-01-05T17:56:00Z,63397.01702952,63445.73613400,63303.97464586,63352.65966275,164.40829810,16
2026-01-05T17:57:00Z,63352.65966275,63364.47481745,63341.51246011,63353.32749730,164.85569906,16
2026-01-05T17:58:00Z,63353.32749730,63498.23006158,63232.17887834,63377.03610538,518.61889868,51
2026-01-05T17:59:00Z,63377.03610538,63413.82190982,63287.14053592,63323.89549607,568.49133401,56
2026-01-05T18:00:00Z,63323.89549607,63348.66582474,63301.83398226,63326.60336752,134.08052398,13
2026-01-05T18:01:00Z,63326.60336752,63365.00631180,63283.31133568,63321.71131328,116.18153914,11
2026-01-05T18:02:00Z,63321.71131328,63337.82713197,63312.66967463,63328.78448335,125.17449155,12
2026-01-05T18:03:00Z,63328.78448335,63398.17237878,63250.89821839,63320.27679214,282.74846451,28
2026-01-05T18:04:00Z,63320.27679214,63348.44462667,63281.31987118,63309.48290407,527.65057723,52
2026-01-05T18:05:00Z,63309.48290407,63318.23909025,63309.15306568,63317.90920795,145.90116655,14
2026-01-05T18:06:00Z,63317.90920795,63436.69298555,63246.51813584,63365.24853824,257.98585905,25
2026-01-05T18:07:00Z,63365.24853824,63403.41934960,63333.63196797,63371.79951067,562.02332157,56
2026-01-05T18:08:00Z,63371.79951067,63416.50922436,63323.75307599,63368.46043392,127.08743759,12
2026-01-05T18:09:00Z,63368.46043392,63446.16871688,63359.50112083,63437.19968513,438.27812865,43
2026-01-05T18:10:00Z,63437.19968513,63443.11895721,63413.40150811,63419.31911177,342.10414891,34
2026-01-05T18:11:00Z,63419.31911177,63419.90555987,63396.20395409,63396.79019386,125.99511548,12
2026-01-05T18:12:00Z,63396.79019386,63469.44157056,63322.73872568,63395.38849606,138.97981883,13
2026-01-05T18:13:00Z,63395.38849606,63460.40729144,63345.29887827,63410.30588720,183.64596581,18
2026-01-05T18:14:00Z,63410.30588720,63445.50959552,63341.85472770,63377.03996766,49.25786149,4
2026-01-05T18:15:00Z,63377.03996766,63433.11785873,63356.13493945,63412.20123251,389.09954958,38
2026-01-05T18:16:00Z,63412.20123251,63455.68427541,63276.95268116,63320.37275540,813.62950145,81
2026-01-05T18:17:00Z,63320.37275540,63396.47314811,63287.83428700,63363.91230603,407.85772622,40
2026-01-05T18:18:00Z,63363.91230603,63442.27040761,63352.02159394,63430.36722476,279.97635310,27
2026-01-05T18:19:00Z,63430.36722476,63565.85750239,63368.04379525,63503.46225344,544.97291998,54
2026-01-05T18:20:00Z,63503.46225344,63512.13319660,63466.84836528,63475.51549251,301.71947863,30
2026-01-05T18:21:00Z,63475.51549251,63578.50045672,63437.06416482,63540.01006040,1187.69988394,118
2026-01-05T18:22:00Z,63540.01006040,63626.07603284,63419.30674672,63505.32573870,568.36152029,56
2026-01-05T18:23:00Z,63505.32573870,63601.31850557,63436.28740568,63532.25090148,355.24021568,35
2026-01-05T18:24:00Z,63532.25090148,63560.19556922,63525.29542459,63553.23779469,427.22664639,42
2026-01-05T18:25:00Z,63553.23779469,63554.44671189,63496.80016107,63498.00802768,311.61237410,31
2026-01-05T18:26:00Z,63498.00802768,63578.95542450,63430.89754157,63511.83032972,69.34195912,6
2026-01-05T18:27:00Z,63511.83032972,63535.97288443,63471.03853931,63495.17476279,279.20135180,27
2026-01-05T18:28:00Z,63495.17476279,63498.47165047,63476.23972571,63479.53580137,590.73362310,59
2026-01-05T18:29:00Z,63479.53580137,63572.73543043,63423.52457804,63516.69142281,710.00191441,71
2026-01-05T18:30:00Z,63516.69142281,63577.43525587,63402.50908674,63463.20176527,282.68298623,28
2026-01-05T18:31:00Z,63463.20176527,63478.97470291,63442.34760591,63458.11928037,146.94491682,14
2026-01-05T18:32:00Z,63458.11928037,63484.25987642,63404.75322477,63430.88260108,43.59236855,4
2026-01-05T18:33:00Z,63430.88260108,63456.35509358,63386.31169312,63411.77651302,134.30542912,13
2026-01-05T18:34:00Z,63411.77651302,63493.87240565,63316.76327377,63398.84242131,140.02447445,14
2026-01-05T18:35:00Z,63398.84242131,63419.72861589,63381.00467672,63401.89001384,116.19794315,11
2026-01-05T18:36:00Z,63401.89001384,63429.60578852,63343.32696821,63371.02925228,34.28291687,3
2026-01-05T18:37:00Z,63371.02925228,63467.59813678,63308.21258408,63404.74804476,23.17650542,2
2026-01-05T18:38:00Z,63404.74804476,63497.35462828,63320.10199325,63412.69796354,352.91682052,35
2026-01-05T18:39:00Z,63412.69796354,63517.20674581,63353.37716462,63457.84371431,298.73672860,29
2026-01-05T18:40:00Z,63457.84371431,63518.03197039,63442.73415804,63502.91168326,203.72401666,20
2026-01-05T18:41:00Z,63502.91168326,63536.69579287,63487.01433066,63520.79396361,14.43038567,1
2026-01-05T18:42:00Z,63520.79396361,63531.03497750,63517.52114700,63527.76180188,226.74980950,22
2026-01-05T18:43:00Z,63527.76180188,63573.89903505,63462.55476900,63508.67814261,379.51312839,37
2026-01-05T18:44:00Z,63508.67814261,63528.37204491,63479.35536225,63499.04627774,318.85299661,31
2026-01-05T18:45:00Z,63499.04627774,63528.76557821,63492.13830772,63521.85512685,163.59803883,16
2026-01-05T18:46:00Z,63521.85512685,63575.50357367,63510.65336725,63564.29433014,330.53458573,33
2026-01-05T18:47:00Z,63564.29433014,63592.80730297,63527.77151669,63556.28089495,382.32985520,38
2026-01-05T18:48:00Z,63556.28089495,63651.58091956,63514.07193181,63609.33672101,263.04009572,26
2026-01-05T18:49:00Z,63609.33672101,63617.62987346,63556.34920684,63564.63653144,147.07980485,14
2026-01-05T18:50:00Z,63564.63653144,63593.51759781,63555.41476069,63584.29297537,379.05892045,37
2026-01-05T18:51:00Z,63584.29297537,63598.68490075,63583.34612662,63597.73785180,193.81413613,19
2026-01-05T18:52:00Z,63597.73785180,63655.08949429,63536.32588454,63593.67386218,27.44634578,2
2026-01-05T18:53:00Z,63593.67386218,63637.66167895,63504.33834673,63548.29477473,386.72910569,38
2026-01-05T18:54:00Z,63548.29477473,63601.55251583,63519.05385573,63572.30055088,580.71253470,58
2026-01-05T18:55:00Z,63572.30055088,63617.74127475,63452.67036770,63498.05802390,1204.11429218,120
2026-01-05T18:56:00Z,63498.05802390,63559.37371711,63392.71742194,63453.99056225,238.64444365,23
2026-01-05T18:57:00Z,63453.99056225,63472.17684601,63410.92304952,63429.10220013,862.76124962,86
2026-01-05T18:58:00Z,63429.10220013,63474.88847231,63375.92414776,63421.70508034,231.67269854,23
2026-01-05T18:59:00Z,63421.70508034,63430.26182644,63405.26693972,63413.82262234,117.40660051,11
2026-01-05T19:00:00Z,63413.82262234,63476.91535550,63391.41050068,63454.48886132,692.53759665,69
2026-01-05T19:01:00Z,63454.48886132,63532.27539818,63369.77198353,63447.55001432,130.16513650,13
2026-01-05T19:02:00Z,63447.55001432,63531.41899048,63443.34906334,63527.21276492,131.43153750,13
2026-01-05T19:03:00Z,63527.21276492,63571.35618990,63480.36466270,63524.50620696,118.42626819,11
2026-01-05T19:04:00Z,63524.50620696,63623.72683261,63448.38080428,63547.57378660,333.03843822,33
2026-01-05T19:05:00Z,63547.57378660,63564.82361279,63479.33128847,63496.56726907,519.91875863,51
2026-01-05T19:06:00Z,63496.56726907,63507.95991259,63432.51437938,63443.89757283,885.53534866,88
2026-01-05T19:07:00Z,63443.89757283,63468.54660201,63388.11509788,63412.75202648,679.28638639,67
2026-01-05T19:08:00Z,63412.75202648,63428.84551561,63368.38760292,63384.47391536,416.51766438,41
2026-01-05T19:09:00Z,63384.47391536,63392.57420725,63336.83326139,63344.92849953,109.45942659,10
2026-01-05T19:10:00Z,63344.92849953,63367.95280300,63251.52832088,63274.52703517,577.29901959,57
2026-01-05T19:11:00Z,63274.52703517,63297.44747996,63178.15280111,63201.04662850,773.59885430,77
2026-01-05T19:12:00Z,63201.04662850,63217.94588106,63172.69046639,63189.58665468,410.29436998,41
2026-01-05T19:13:00Z,63189.58665468,63220.04296574,63125.54138664,63155.98150058,488.92724893,48
2026-01-05T19:14:00Z,63155.98150058,63176.21432566,63129.80617839,63150.03709910,326.50403822,32
2026-01-05T19:15:00Z,63150.03709910,63216.21857687,63097.18146062,63163.35179418,106.60344082,10
2026-01-05T19:16:00Z,63163.35179418,63186.89386169,63111.71684213,63135.24843504,382.43497476,38
2026-01-05T19:17:00Z,63135.24843504,63147.02814877,63134.19479602,63145.97433076,362.99380657,36
2026-01-05T19:18:00Z,63145.97433076,63161.06511731,63105.46813113,63120.55284239,429.09082077,42
2026-01-05T19:19:00Z,63120.55284239,63134.92653854,63053.97930994,63068.34111653,1238.18064976,123
2026-01-05T19:20:00Z,63068.34111653,63070.94983937,63064.13993822,63066.74859518,165.18573175,16
2026-01-05T19:21:00Z,63066.74859518,63076.38249452,63005.43655920,63015.06256312,565.36098754,56
2026-01-05T19:22:00Z,63015.06256312,63019.29801731,62999.79349168,63004.02820422,182.33098048,18
2026-01-05T19:23:00Z,63004.02820422,63021.85152875,62975.55622668,62993.37653795,184.87355718,18
2026-01-05T19:24:00Z,62993.37653795,63007.57187094,62888.33393068,62902.50878695,677.36066208,67
2026-01-05T19:25:00Z,62902.50878695,62911.46632463,62848.32321282,62857.27430896,971.89199002,97
2026-01-05T19:26:00Z,62857.27430896,62871.03175890,62842.71205671,62856.46933046,299.53146974,29
2026-01-05T19:27:00Z,62856.46933046,62875.08961118,62784.87655386,62803.48113762,54.05387693,5
2026-01-05T19:28:00Z,62803.48113762,62819.75527681,62745.98126936,62762.24472304,418.23691374,41
2026-01-05T19:29:00Z,62762.24472304,62766.42057384,62707.77034772,62711.94285171,780.97628280,78
2026-01-05T19:30:00Z,62711.94285171,62729.31312606,62709.91346217,62727.28324009,210.22730199,21
2026-01-05T19:31:00Z,62727.28324009,62745.50102062,62726.01310033,62744.23053769,38.73216742,3
2026-01-05T19:32:00Z,62744.23053769,62755.00301938,62704.02402270,62714.79145003,671.43200003,67
2026-01-05T19:33:00Z,62714.79145003,62725.93439971,62694.45974167,62705.60105843,138.60225678,13
2026-01-05T19:34:00Z,62705.60105843,62732.00126754,62610.23320414,62636.60436438,250.11184633,25
2026-01-05T19:35:00Z,62636.60436438,62638.66396813,62620.43610720,62622.49524702,270.95611830,27
2026-01-05T19:36:00Z,62622.49524702,62673.67000930,62587.54607050,62638.71178244,694.76688300,69
2026-01-05T19:37:00Z,62638.71178244,62640.41510663,62587.54789193,62589.24987110,103.36894451,10
2026-01-05T19:38:00Z,62589.24987110,62608.61829719,62529.99765539,62549.35373550,2024.81262227,202
2026-01-05T19:39:00Z,62549.35373550,62626.41987747,62524.90680279,62601.95238698,200.99699717,20
2026-01-05T19:40:00Z,62601.95238698,62615.24055614,62596.23204900,62609.51952670,211.29243690,21
2026-01-05T19:41:00Z,62609.51952670,62616.78672640,62609.23386656,62616.50103441,283.31203168,28
2026-01-05T19:42:00Z,62616.50103441,62644.39580652,62602.24777752,62630.13944515,313.05171622,31
2026-01-05T19:43:00Z,62630.13944515,62632.80273009,62592.28927948,62594.95106808,1063.17990151,106
2026-01-05T19:44:00Z,62594.95106808,62623.00868592,62586.23633272,62614.29125794,683.15969852,68
2026-01-05T19:45:00Z,62614.29125794,62642.40725478,62541.94359076,62570.03971712,546.54928963,54
2026-01-05T19:46:00Z,62570.03971712,62617.08900967,62554.95129932,62601.99288654,212.88605923,21
2026-01-05T19:47:00Z,62601.99288654,62637.44374255,62520.86429830,62556.28927283,726.39263861,72
2026-01-05T19:48:00Z,62556.28927283,62557.90486591,62498.34001051,62499.95414867,213.32356137,21
2026-01-05T19:49:00Z,62499.95414867,62541.46560372,62456.91643416,62498.42687483,0.83256844,1
2026-01-05T19:50:00Z,62498.42687483,62502.41589204,62481.73623123,62485.72443769,326.21359776,32
2026-01-05T19:51:00Z,62485.72443769,62531.63073086,62480.23285513,62526.13559675,355.75083871,35
2026-01-05T19:52:00Z,62526.13559675,62544.76446417,62468.31940626,62486.93659483,98.32934646,9
2026-01-05T19:53:00Z,62486.93659483,62586.69257787,62486.06938523,62585.82399588,1428.57079784,142
2026-01-05T19:54:00Z,62585.82399588,62596.64239644,62583.31555440,62594.13362190,196.16769973,19
2026-01-05T19:55:00Z,62594.13362190,62619.87381743,62558.54631624,62584.28246074,84.74810706,8
2026-01-05T19:56:00Z,62584.28246074,62606.68154971,62511.33969726,62533.72069004,629.44038945,62
2026-01-05T19:57:00Z,62533.72069004,62543.53906351,62515.80268090,62525.61978245,372.82556430,37
2026-01-05T19:58:00Z,62525.61978245,62545.42212875,62457.31385015,62477.10083012,737.50521398,73
2026-01-05T19:59:00Z,62477.10083012,62521.07872476,62382.28082885,62426.22291031,243.90593182,24
2026-01-05T20:00:00Z,62426.22291031,62431.85594130,62393.11954583,62398.75009781,276.36731138,27
2026-01-05T20:01:00Z,62398.75009781,62399.17861985,62380.23168688,62380.66008469,538.88748344,53
2026-01-05T20:02:00Z,62380.66008469,62440.45491152,62377.90356230,62437.69586879,53.69865487,5
2026-01-05T20:03:00Z,62437.69586879,62449.35603539,62376.23556464,62387.88642939,386.48660353,38
2026-01-05T20:04:00Z,62387.88642939,62413.06934628,62362.93096692,62388.11379286,27.03055673,2
2026-01-05T20:05:00Z,62388.11379286,62397.78413710,62357.04903146,62366.71605899,312.34069532,31
2026-01-05T20:06:00Z,62366.71605899,62421.38784924,62356.51568696,62411.18020490,2271.28143853,227
2026-01-05T20:07:00Z,62411.18020490,62420.05167053,62376.96109953,62385.82896160,298.56004115,29
2026-01-05T20:08:00Z,62385.82896160,62409.81450501,62330.89791901,62354.87156019,606.18108589,60
2026-01-05T20:09:00Z,62354.87156019,62357.64474338,62333.33883312,62336.11118196,327.72546363,32
2026-01-05T20:10:00Z,62336.11118196,62348.20298814,62327.51639812,62339.60772221,107.92476087,10
2026-01-05T20:11:00Z,62339.60772221,62358.72017895,62298.61528091,62317.72102749,172.43242033,17
2026-01-05T20:12:00Z,62317.72102749,62360.56680262,62279.83336284,62322.67612539,496.76517216,49
2026-01-05T20:13:00Z,62322.67612539,62369.74179159,62286.05420332,62333.11373620,733.11533196,73
2026-01-05T20:14:00Z,62333.11373620,62340.02936369,62331.44398667,62338.35947364,317.89049456,31
2026-01-05T20:15:00Z,62338.35947364,62367.46925872,62318.57452726,62347.68135375,289.72527434,28
2026-01-05T20:16:00Z,62347.68135375,62351.08897992,62290.46907476,62293.87376006,664.75390284,66
2026-01-05T20:17:00Z,62293.87376006,62398.71906522,62243.79087398,62348.59218675,1147.62440588,114
2026-01-05T20:18:00Z,62348.59218675,62363.94250473,62325.35148737,62340.69986225,433.05552824,43
2026-01-05T20:19:00Z,62340.69986225,62404.04570048,62322.23906795,62385.57161842,79.92257894,7
2026-01-05T20:20:00Z,62385.57161842,62417.86199095,62363.92755152,62396.21423170,32.29321911,3
2026-01-05T20:21:00Z,62396.21423170,62471.97627262,62363.74570857,62439.48523297,135.21592814,13
2026-01-05T20:22:00Z,62439.48523297,62466.14660115,62423.67067959,62450.32930120,166.17538673,16
2026-01-05T20:23:00Z,62450.32930120,62467.03882336,62436.08645377,62452.79541349,108.70436648,10
2026-01-05T20:24:00Z,62452.79541349,62493.86399355,62386.70582621,62427.75794179,73.33987000,7
2026-01-05T20:25:00Z,62427.75794179,62469.69020719,62412.85325931,62454.77907339,586.82938999,58
2026-01-05T20:26:00Z,62454.77907339,62460.58896488,62435.61095029,62441.41959900,170.74487150,17
2026-01-05T20:27:00Z,62441.41959900,62527.63549492,62417.23546033,62503.42734008,577.85391394,57
2026-01-05T20:28:00Z,62503.42734008,62509.94452879,62451.79775089,62458.31023527,872.81431035,87
2026-01-05T20:29:00Z,62458.31023527,62471.31569048,62434.44816347,62447.45135759,717.82925093,71
2026-01-05T20:30:00Z,62447.45135759,62481.73132886,62392.62131824,62426.89000254,151.99247432,15
2026-01-05T20:31:00Z,62426.89000254,62445.99211272,62396.55834502,62415.65701800,240.41317038,24
2026-01-05T20:32:00Z,62415.65701800,62415.92349450,62410.29284963,62410.55930437,455.39974014,45
2026-01-05T20:33:00Z,62410.55930437,62448.34758035,62397.80989971,62435.59306172,282.31977622,28
2026-01-05T20:34:00Z,62435.59306172,62467.57331666,62419.96603211,62451.94219501,160.81748857,16
2026-01-05T20:35:00Z,62451.94219501,62477.22045826,62433.67236259,62458.94857618,401.37319364,40
2026-01-05T20:36:00Z,62458.94857618,62507.45185196,62424.89913928,62473.39453986,193.53217366,19
2026-01-05T20:37:00Z,62473.39453986,62500.13053161,62428.16271236,62454.89078528,182.39570893,18
2026-01-05T20:38:00Z,62454.89078528,62463.72207942,62434.89617470,62443.72589009,372.66338967,37
2026-01-05T20:39:00Z,62443.72589009,62466.27368918,62408.90139044,62431.44475494,369.90866662,36
2026-01-05T20:40:00Z,62431.44475494,62467.98291230,62355.94988214,62392.46522664,516.50795268,51
2026-01-05T20:41:00Z,62392.46522664,62426.81921058,62373.49585623,62407.84516416,351.25684394,35
2026-01-05T20:42:00Z,62407.84516416,62439.42549841,62397.46222169,62429.03902986,131.67239950,13
2026-01-05T20:43:00Z,62429.03902986,62447.02119092,62402.90244589,62420.88225745,73.52437347,7
2026-01-05T20:44:00Z,62420.88225745,62450.52054343,62420.07886505,62449.71677991,764.19765509,76
2026-01-05T20:45:00Z,62449.71677991,62509.11764295,62447.90194425,62507.30113385,644.78994486,64
2026-01-05T20:46:00Z,62507.30113385,62532.16346573,62463.41957459,62488.27433854,405.91384220,40
2026-01-05T20:47:00Z,62488.27433854,62581.73508420,62451.05171372,62544.47897975,1181.29739170,118
2026-01-05T20:48:00Z,62544.47897975,62613.78533341,62490.01515824,62559.30859824,75.42422170,7
2026-01-05T20:49:00Z,62559.30859824,62566.12244311,62536.76337593,62543.57550718,296.36852575,29
2026-01-05T20:50:00Z,62543.57550718,62630.51006607,62502.23372971,62589.13817133,578.71419041,57
2026-01-05T20:51:00Z,62589.13817133,62641.89980423,62577.70948600,62630.46357294,360.14374289,36
2026-01-05T20:52:00Z,62630.46357294,62667.45654826,62599.24158377,62636.23168362,95.21509077,9
2026-01-05T20:53:00Z,62636.23168362,62691.21434718,62614.29300778,62669.26410155,589.54307034,58
2026-01-05T20:54:00Z,62669.26410155,62669.98580280,62628.80915321,62629.53039688,936.31816477,93
2026-01-05T20:55:00Z,62629.53039688,62641.97681119,62625.05476430,62637.50060905,458.46757865,45
2026-01-05T20:56:00Z,62637.50060905,62668.17511812,62596.00427960,62626.67348646,32.50834411,3
2026-01-05T20:57:00Z,62626.67348646,62630.62325159,62606.31703318,62610.26576350,308.03519731,30
2026-01-05T20:58:00Z,62610.26576350,62669.68965061,62551.47034554,62610.89364302,107.21571386,10
2026-01-05T20:59:00Z,62610.89364302,62612.11594087,62585.15767811,62586.37949738,206.12883988,20
2026-01-05T21:00:00Z,62586.37949738,62606.12314006,62581.67151780,62601.41402952,240.44672975,24
2026-01-05T21:01:00Z,62601.41402952,62610.83837658,62564.12194288,62573.54209395,124.89655068,12
2026-01-05T21:02:00Z,62573.54209395,62595.95792707,62524.81836583,62547.22477125,359.88237739,35
2026-01-05T21:03:00Z,62547.22477125,62552.33171803,62539.32386048,62544.43057912,213.95522769,21
2026-01-05T21:04:00Z,62544.43057912,62580.28239822,62528.95996492,62564.80674389,117.41714457,11
2026-01-05T21:05:00Z,62564.80674389,62610.34719123,62551.72435047,62597.25801219,181.90268532,18
2026-01-05T21:06:00Z,62597.25801219,62621.16812356,62546.83994548,62570.73992780,311.03644097,31
2026-01-05T21:07:00Z,62570.73992780,62603.19945656,62535.60453029,62568.06267018,126.56374056,12
2026-01-05T21:08:00Z,62568.06267018,62574.83103831,62551.97216810,62558.73952769,206.00914388,20
2026-01-05T21:09:00Z,62558.73952769,62576.58264687,62538.24796520,62556.09032877,270.16859462,27
2026-01-05T21:10:00Z,62556.09032877,62562.44160973,62553.92181862,62560.27295459,45.74153693,4
2026-01-05T21:11:00Z,62560.27295459,62588.70797705,62530.76378555,62559.19831956,301.05040954,30
2026-01-05T21:12:00Z,62559.19831956,62595.72699473,62530.86730446,62567.39226886,679.69265558,67
2026-01-05T21:13:00Z,62567.39226886,62595.36489805,62517.59894665,62545.56181588,401.68288238,40
2026-01-05T21:14:00Z,62545.56181588,62559.44888001,62511.62026956,62525.50287997,245.79402114,24
2026-01-05T21:15:00Z,62525.50287997,62551.56139475,62519.40567331,62545.46224174,181.49748589,18
2026-01-05T21:16:00Z,62545.46224174,62578.08749299,62518.66138778,62551.28414434,271.56506288,27
2026-01-05T21:17:00Z,62551.28414434,62583.89011459,62540.31119029,62572.91336627,191.40187770,19
2026-01-05T21:18:00Z,62572.91336627,62613.19411829,62560.76890073,62601.04419298,31.37695380,3
2026-01-05T21:19:00Z,62601.04419298,62957.60294024,62524.26379928,62880.47981779,560.13294054,56
2026-01-05T21:20:00Z,62880.47981779,62954.52682013,62741.74722068,62815.71796053,110.00926651,11
2026-01-05T21:21:00Z,62815.71796053,62849.32072012,62726.80081820,62760.37397197,162.79727846,16
2026-01-05T21:22:00Z,62760.37397197,62785.53030325,62757.82355834,62782.97897102,128.39710918,12
2026-01-05T21:23:00Z,62782.97897102,62995.47290581,62551.53794997,62763.96753907,190.40127020,19
2026-01-05T21:24:00Z,62763.96753907,62952.46308772,62677.54204599,62865.89723824,301.11970340,30
2026-01-05T21:25:00Z,62865.89723824,62984.08649452,62854.49555948,62972.66545173,732.90325892,73
2026-01-05T21:26:00Z,62972.66545173,62993.78477038,62909.73792369,62930.84321630,45.33377318,4
2026-01-05T21:27:00Z,62930.84321630,63069.49795436,62787.68764904,62926.33244858,66.68240939,6
2026-01-05T21:28:00Z,62926.33244858,63027.60327381,62809.83469505,62911.08097524,361.37892813,36
2026-01-05T21:29:00Z,62911.08097524,62923.00882939,62882.40244070,62894.32711833,409.21862263,40
2026-01-05T21:30:00Z,62894.32711833,62936.53314211,62778.96459164,62821.12148986,680.22049564,68
2026-01-05T21:31:00Z,62821.12148986,62871.40109568,62805.43553925,62855.70650945,211.78343893,21
2026-01-05T21:32:00Z,62855.70650945,62889.38717843,62832.48434124,62866.16114773,221.41808572,22
2026-01-05T21:33:00Z,62866.16114773,62869.47281196,62795.62692463,62798.93504752,327.97372220,32
2026-01-05T21:34:00Z,62798.93504752,62809.51174553,62752.27823621,62762.84885652,74.71315741,7
2026-01-05T21:35:00Z,62762.84885652,62769.38952918,62616.74515468,62623.27128162,1066.01858852,106
2026-01-05T21:36:00Z,62623.27128162,62649.40370030,62608.57923316,62634.70896844,408.90779179,40
2026-01-05T21:37:00Z,62634.70896844,62678.61916564,62609.09727705,62652.99999495,250.04859195,25
2026-01-05T21:38:00Z,62652.99999495,62719.49188944,62638.83138075,62705.31144530,670.37319099,67
2026-01-05T21:39:00Z,62705.31144530,62727.98271530,62694.26128015,62716.93050260,211.54609859,21
2026-01-05T21:40:00Z,62716.93050260,62758.66582009,62699.00185059,62740.73036450,341.24697938,34
2026-01-05T21:41:00Z,62740.73036450,62785.35258354,62715.08610494,62759.70057022,189.12725579,18
2026-01-05T21:42:00Z,62759.70057022,62767.02594675,62745.67957031,62753.00416523,841.72912650,84
2026-01-05T21:43:00Z,62753.00416523,62776.81381485,62730.89787399,62754.70692378,110.06037003,11
2026-01-05T21:44:00Z,62754.70692378,62770.16518546,62697.77710989,62713.22515344,123.73273463,12
2026-01-05T21:45:00Z,62713.22515344,62735.11956301,62672.98708969,62694.87509291,142.64158347,14
2026-01-05T21:46:00Z,62694.87509291,62700.16201779,62657.55969026,62662.84391402,777.18363578,77
2026-01-05T21:47:00Z,62662.84391402,62692.19801779,62605.59885038,62634.93988265,179.05368803,17
2026-01-05T21:48:00Z,62634.93988265,62637.04998940,62625.47846292,62627.58832200,139.07045762,13
2026-01-05T21:49:00Z,62627.58832200,62652.42979234,62621.49832754,62646.33797463,482.71299375,48
2026-01-05T21:50:00Z,62646.33797463,62726.71812957,62618.12739733,62698.48407011,647.28175067,64
2026-01-05T21:51:00Z,62698.48407011,62749.45876864,62656.79394183,62707.76247087,158.47975244,15
2026-01-05T21:52:00Z,62707.76247087,62752.26683855,62679.64195049,62724.13897433,368.42443744,36
2026-01-05T21:53:00Z,62724.13897433,62746.57008988,62643.40330450,62665.81356199,650.17672657,65
2026-01-05T21:54:00Z,62665.81356199,62715.19056060,62567.17883197,62616.51698776,895.55225788,89
2026-01-05T21:55:00Z,62616.51698776,62661.73271389,62600.09420754,62645.30238396,967.28705410,96
2026-01-05T21:56:00Z,62645.30238396,62646.65743442,62637.48098772,62638.83589831,115.40048838,11
2026-01-05T21:57:00Z,62638.83589831,62718.08434637,62612.51422546,62691.74044233,424.97012597,42
2026-01-05T21:58:00Z,62691.74044233,62750.39285730,62668.54574370,62727.18504487,274.43540741,27
2026-01-05T21:59:00Z,62727.18504487,62772.86809556,62699.94654529,62745.62159014,435.84908073,43
2026-01-05T22:00:00Z,62745.62159014,62754.07790248,62733.55279635,62742.00862177,217.98274627,21
2026-01-05T22:01:00Z,62742.00862177,62781.55679209,62735.52343430,62775.06818749,1205.92254696,120
2026-01-05T22:02:00Z,62775.06818749,62781.55826737,62713.14187093,62719.62621887,311.87182724,31
2026-01-05T22:03:00Z,62719.62621887,62723.33066177,62666.35697593,62670.05849119,264.96347666,26
2026-01-05T22:04:00Z,62670.05849119,62684.26543587,62627.14001315,62641.34044762,51.52386337,5
2026-01-05T22:05:00Z,62641.34044762,62669.01212997,62624.33369348,62652.00248115,448.97792046,44
2026-01-05T22:06:00Z,62652.00248115,62664.11134751,62590.42849928,62602.52780359,136.07743934,13
2026-01-05T22:07:00Z,62602.52780359,62630.68739710,62601.84866655,62630.00796194,412.17524622,41
2026-01-05T22:08:00Z,62630.00796194,62673.21746811,62555.79104856,62598.97914742,316.02972425,31
2026-01-05T22:09:00Z,62598.97914742,62599.75889956,62579.11837847,62579.89789293,425.84830031,42
2026-01-05T22:10:00Z,62579.89789293,62625.07697028,62528.12559911,62573.29991310,155.19784078,15
2026-01-05T22:11:00Z,62573.29991310,62659.64466914,62498.83729674,62585.16792978,185.65538925,18
2026-01-05T22:12:00Z,62585.16792978,62591.95333997,62559.04664541,62565.82995900,157.27886818,15
2026-01-05T22:13:00Z,62565.82995900,62567.84070219,62559.94078695,62561.95140548,37.12271340,3
2026-01-05T22:14:00Z,62561.95140548,62603.49677213,62518.27698643,62559.82093830,113.48348366,11
2026-01-05T22:15:00Z,62559.82093830,62609.22883085,62488.16635111,62537.55665999,200.63621157,20
2026-01-05T22:16:00Z,62537.55665999,62541.37461563,62516.34701673,62520.16391055,171.10224595,17
2026-01-05T22:17:00Z,62520.16391055,62563.65854453,62503.85759646,62547.34514112,722.77679139,72
2026-01-05T22:18:00Z,62547.34514112,62600.71107999,62533.76418728,62587.12148948,223.05547729,22
2026-01-05T22:19:00Z,62587.12148948,62645.02062684,62548.66825714,62606.55545436,671.60238504,67
2026-01-05T22:20:00Z,62606.55545436,62617.03175092,62604.55058520,62615.02661048,102.28392398,10
2026-01-05T22:21:00Z,62615.02661048,62627.93405264,62606.09706591,62619.00394086,252.38922050,25
2026-01-05T22:22:00Z,62619.00394086,62649.58481249,62582.73986081,62613.31795562,209.85057943,20
2026-01-05T22:23:00Z,62613.31795562,62624.08940332,62573.32678951,62584.09320964,223.62638468,22
2026-01-05T22:24:00Z,62584.09320964,62634.29597669,62563.26396171,62613.45695591,212.42364084,21
2026-01-05T22:25:00Z,62613.45695591,62625.21020547,62571.74120319,62583.48882739,293.82540706,29
2026-01-05T22:26:00Z,62583.48882739,62597.23451593,62575.51808445,62589.26303757,262.53682845,26
2026-01-05T22:27:00Z,62589.26303757,62607.72970640,62567.20133647,62585.66694429,94.04321009,9
2026-01-05T22:28:00Z,62585.66694429,62641.41144924,62554.19547162,62609.92777691,318.00689206,31
2026-01-05T22:29:00Z,62609.92777691,62661.78360762,62578.75426767,62630.59980577,436.92654169,43
2026-01-05T22:30:00Z,62630.59980577,62656.08588520,62610.84349607,62636.32776866,430.07748719,43
2026-01-05T22:31:00Z,62636.32776866,62651.93805653,62627.76257987,62643.37190449,259.47272859,25
2026-01-05T22:32:00Z,62643.37190449,62671.81914081,62627.63658238,62656.08062642,415.72221146,41
2026-01-05T22:33:00Z,62656.08062642,62669.19618119,62620.15205685,62633.26283527,146.15590819,14
2026-01-05T22:34:00Z,62633.26283527,62681.53752818,62618.06337926,62666.33004762,585.38065361,58
2026-01-05T22:35:00Z,62666.33004762,62705.92947182,62563.24182361,62602.80110329,950.20013361,95
2026-01-05T22:36:00Z,62602.80110329,62647.55415325,62553.14337146,62597.89291268,94.97993424,9
2026-01-05T22:37:00Z,62597.89291268,62605.34388878,62565.56665939,62573.01467424,339.09912477,33
2026-01-05T22:38:00Z,62573.01467424,62595.44621457,62572.91266008,62595.34416401,497.77781528,49
2026-01-05T22:39:00Z,62595.34416401,62638.40630943,62572.68523220,62615.73999452,61.61126572,6
2026-01-05T22:40:00Z,62615.73999452,62623.45309230,62599.54302336,62607.25507594,84.73933687,8
2026-01-05T22:41:00Z,62607.25507594,62616.02012464,62583.58164743,62592.34460866,126.10410119,12
2026-01-05T22:42:00Z,62592.34460866,62604.35585330,62569.37395960,62581.38310077,428.95882758,42
2026-01-05T22:43:00Z,62581.38310077,62623.27202779,62547.86824072,62589.75268549,303.38598311,30
2026-01-05T22:44:00Z,62589.75268549,62607.91070072,62533.86672568,62552.01379241,1418.36600868,141
2026-01-05T22:45:00Z,62552.01379241,62597.32019412,62530.52763400,62575.82585644,46.27030986,4
2026-01-05T22:46:00Z,62575.82585644,62579.41032821,62570.07220627,62573.65655376,260.82041770,26
2026-01-05T22:47:00Z,62573.65655376,62618.52128667,62547.80809601,62592.66497676,815.11788968,81
2026-01-05T22:48:00Z,62592.66497676,62642.49837369,62552.16218896,62601.98955210,605.00389303,60
2026-01-05T22:49:00Z,62601.98955210,62623.96828658,62572.06628112,62594.04222540,368.75203041,36
2026-01-05T22:50:00Z,62594.04222540,62649.02826136,62524.29008378,62579.26313698,638.58071298,63
2026-01-05T22:51:00Z,62579.26313698,62638.07772979,62495.77469888,62554.56608038,924.28902626,92
2026-01-05T22:52:00Z,62554.56608038,62644.96404697,62510.33796332,62600.70330938,260.74714655,26
2026-01-05T22:53:00Z,62600.70330938,62637.70189975,62578.81710412,62615.81041280,352.34643065,35
2026-01-05T22:54:00Z,62615.81041280,62636.79954628,62591.02889233,62612.01675415,98.68797263,9
2026-01-05T22:55:00Z,62612.01675415,62629.61299362,62552.05242716,62569.63675631,130.43647272,13
2026-01-05T22:56:00Z,62569.63675631,62599.80144877,62536.10992569,62566.27299648,61.04928735,6
2026-01-05T22:57:00Z,62566.27299648,62567.29908496,62536.48799274,62537.51360956,609.35827298,60
2026-01-05T22:58:00Z,62537.51360956,62540.56556828,62513.79685423,62516.84780442,350.79702153,35
2026-01-05T22:59:00Z,62516.84780442,62542.94772410,62496.66314433,62522.76115478,93.17821798,9
2026-01-05T23:00:00Z,62522.76115478,62549.97638130,62442.22376421,62469.41577028,251.58804061,25
2026-01-05T23:01:00Z,62469.41577028,62488.40525475,62457.22650813,62476.21466598,132.54988902,13
2026-01-05T23:02:00Z,62476.21466598,62489.53969696,62463.92157523,62477.24640320,72.89804924,7
2026-01-05T23:03:00Z,62477.24640320,62480.92820072,62448.46016535,62452.14048336,278.84554604,27
2026-01-05T23:04:00Z,62452.14048336,62479.35724886,62375.72086323,62402.91617668,349.71680061,34
2026-01-05T23:05:00Z,62402.91617668,62413.61221757,62360.32763019,62371.01820368,398.18805256,39
2026-01-05T23:06:00Z,62371.01820368,62424.52553599,62249.15316866,62302.60180739,727.82848708,72
2026-01-05T23:07:00Z,62302.60180739,62365.96531637,62265.64535970,62328.99321391,775.77894495,77
2026-01-05T23:08:00Z,62328.99321391,62373.53425547,62259.92259084,62304.44609073,26.34379492,2
2026-01-05T23:09:00Z,62304.44609073,62346.05331756,62279.68684594,62321.28738019,229.64542767,22
2026-01-05T23:10:00Z,62321.28738019,62398.82734422,62311.53715272,62389.06651263,198.96020506,19
2026-01-05T23:11:00Z,62389.06651263,62414.26199802,62358.95954659,62384.15304770,149.35848448,14
2026-01-05T23:12:00Z,62384.15304770,62398.82184992,62249.04168537,62263.68216047,1324.32140695,132
2026-01-05T23:13:00Z,62263.68216047,62269.17915653,62247.97594703,62253.47204168,199.95257236,19
2026-01-05T23:14:00Z,62253.47204168,62304.82874891,62168.72184988,62220.05098603,125.23031021,12
2026-01-05T23:15:00Z,62220.05098603,62274.50986881,62205.57017331,62260.01975393,150.35288970,15
2026-01-05T23:16:00Z,62260.01975393,62269.93723684,62172.61130591,62182.51644321,2021.00056049,202
2026-01-05T23:17:00Z,62182.51644321,62264.11567721,62069.64260366,62151.20074352,830.92036967,83
2026-01-05T23:18:00Z,62151.20074352,62155.30322649,62116.71513659,62120.81561390,169.09142210,16
2026-01-05T23:19:00Z,62120.81561390,62178.79237698,62077.38410430,62135.35070523,399.21639060,39
2026-01-05T23:20:00Z,62135.35070523,62180.67012635,62083.37111546,62128.68567533,433.85547657,43
2026-01-05T23:21:00Z,62128.68567533,62147.10037775,62117.45712015,62135.87052405,142.41324879,14
2026-01-05T23:22:00Z,62135.87052405,62156.89460389,62132.50505745,62153.52818089,242.04627438,24
2026-01-05T23:23:00Z,62153.52818089,62200.89178424,62095.89289533,62143.24866526,86.39676668,8
2026-01-05T23:24:00Z,62143.24866526,62186.69421391,62134.10806847,62177.54857198,223.87678771,22
2026-01-05T23:25:00Z,62177.54857198,62215.38712697,62163.01171224,62200.84482067,933.30134333,93
2026-01-05T23:26:00Z,62200.84482067,62260.39263661,62123.11580725,62182.64620079,397.34342704,39
2026-01-05T23:27:00Z,62182.64620079,62234.38160985,62090.33682956,62142.03845334,111.36196603,11
2026-01-05T23:28:00Z,62142.03845334,62166.98754145,62056.94604647,62081.87097824,559.71519136,55
2026-01-05T23:29:00Z,62081.87097824,62201.42371293,62036.96209405,62156.46087177,844.70815234,84
2026-01-05T23:30:00Z,62156.46087177,62190.62735501,62053.01061315,62087.13899118,81.13688431,8
2026-01-05T23:31:00Z,62087.13899118,62135.29463953,62013.04380199,62061.17931567,97.91292162,9
2026-01-05T23:32:00Z,62061.17931567,62103.10491038,61961.21555952,62003.10191989,297.71937695,29
2026-01-05T23:33:00Z,62003.10191989,62049.70916949,61997.84961809,62044.45336480,578.65481274,57
2026-01-05T23:34:00Z,62044.45336480,62083.40144912,62035.97620719,62074.92012882,527.18314931,52
2026-01-05T23:35:00Z,62074.92012882,62151.68650411,62018.77765248,62095.52539173,82.69990781,8
2026-01-05T23:36:00Z,62095.52539173,62102.38015249,62062.80723768,62069.65914306,1005.07905604,100
2026-01-05T23:37:00Z,62069.65914306,62124.13527477,61999.77782104,62054.24042034,245.49264741,24
2026-01-05T23:38:00Z,62054.24042034,62151.18970717,61914.68228620,62011.56489972,117.67701104,11
2026-01-05T23:39:00Z,62011.56489972,62011.58778000,61976.82452908,61976.84739654,335.85579887,33
2026-01-05T23:40:00Z,61976.84739654,62058.30199589,61958.36449585,62039.80032121,1344.59022100,134
2026-01-05T23:41:00Z,62039.80032121,62095.47095830,62007.10450396,62062.76303939,477.96539732,47
2026-01-05T23:42:00Z,62062.76303939,62114.64893194,61986.59751939,62038.46309664,160.78668986,16
2026-01-05T23:43:00Z,62038.46309664,62064.37122503,61965.60986417,61991.49837945,408.82928232,40
2026-01-05T23:44:00Z,61991.49837945,61994.44317133,61976.58019365,61979.52441673,318.01730813,31
2026-01-05T23:45:00Z,61979.52441673,62014.98095223,61950.51569429,61985.96921339,206.18679509,20
2026-01-05T23:46:00Z,61985.96921339,62065.42921702,61913.76699693,61993.21855642,289.04080483,28
2026-01-05T23:47:00Z,61993.21855642,62069.34025092,61882.10619792,61958.18487444,219.39277818,21
2026-01-05T23:48:00Z,61958.18487444,62092.57904684,61942.45437589,62076.81842853,836.28573798,83
2026-01-05T23:49:00Z,62076.81842853,62131.61335053,61977.70710894,62032.46287849,281.16243212,28
2026-01-05T23:50:00Z,62032.46287849,62073.66435014,61996.13977428,62037.33839107,83.24799213,8
2026-01-05T23:51:00Z,62037.33839107,62048.57578673,61992.77276153,62004.00411904,397.98984351,39
2026-01-05T23:52:00Z,62004.00411904,62061.07041038,61996.90569883,62053.96627034,521.48709589,52
2026-01-05T23:53:00Z,62053.96627034,62118.84499121,61979.80795601,62044.67696472,128.09374537,12
2026-01-05T23:54:00Z,62044.67696472,62050.79707557,61931.21637431,61937.32589601,500.82678876,50
2026-01-05T23:55:00Z,61937.32589601,61994.59124191,61850.21387690,61907.45160195,387.16724570,38
2026-01-05T23:56:00Z,61907.45160195,61909.36807871,61755.51853886,61757.43037139,1983.41816363,198
2026-01-05T23:57:00Z,61757.43037139,61803.56224345,61668.28068818,61714.38040256,543.26363327,54
2026-01-05T23:58:00Z,61714.38040256,61724.48938516,61711.80839621,61721.91706471,83.32501622,8
2026-01-05T23:59:00Z,61721.91706471,61802.90247543,61698.18087145,61779.14427449,706.15457866,70
