open_time,open,high,low,close,volume,trade_count
2026-01-02T12:40:00Z,3190.59338570,3197.26240361,3189.15865184,3195.82531708,1830.60630549,183
2026-01-02T12:41:00Z,3195.82531708,3208.49370841,3189.58314593,3202.23900987,2950.54558308,295
2026-01-02T12:42:00Z,3202.23900987,3216.13760235,3195.05233366,3208.93589655,7132.23237070,713
2026-01-02T12:43:00Z,3208.93589655,3211.75620887,3205.86160160,3208.68169050,650.60414501,65
2026-01-02T12:44:00Z,3208.68169050,3209.36042367,3205.22643362,3205.90457934,2166.90457749,216
2026-01-02T12:45:00Z,3205.90457934,3209.18409739,3203.80019663,3207.07894380,1817.70882441,181
2026-01-02T12:46:00Z,3207.07894380,3211.17835933,3204.00383759,3208.10227189,4976.32023808,497
2026-01-02T12:47:00Z,3208.10227189,3232.59550850,3196.86136876,3221.30833252,691.79930280,69
2026-01-02T12:48:00Z,3221.30833252,3236.78563120,3212.12630329,3227.58570892,2285.59579754,228
2026-01-02T12:49:00Z,3227.58570892,3229.75387691,3218.17117606,3220.33447295,1856.61672676,185
2026-01-02T12:50:00Z,3220.33447295,3231.83523719,3210.02833052,3221.52528377,870.70779610,87
2026-01-02T12:51:00Z,3221.52528377,3230.51627321,3214.16420446,3223.15147811,2764.24097586,276
2026-01-02T12:52:00Z,3223.15147811,3225.81521362,3221.55060312,3224.21381099,1361.27736099,136
2026-01-02T12:53:00Z,3224.21381099,3234.21135997,3216.86189585,3226.85342594,1549.21084641,154
2026-01-02T12:54:00Z,3226.85342594,3233.67049472,3218.87937715,3225.69399652,1624.29961691,162
2026-01-02T12:55:00Z,3225.69399652,3233.81991037,3221.03750973,3229.15842247,1147.25720211,114
2026-01-02T12:56:00Z,3229.15842247,3231.57252161,3219.67713235,3222.08594414,6461.58094309,646
2026-01-02T12:57:00Z,3222.08594414,3223.21109965,3216.76542102,3217.88911099,1009.56287955,100
2026-01-02T12:58:00Z,3217.88911099,3217.95551447,3212.45456090,3212.52085360,1057.87831887,105
2026-01-02T12:59:00Z,3212.52085360,3221.15112770,3201.03341018,3209.65598795,673.28384469,67
2026-01-02T13:00:00Z,3209.65598795,3210.66552310,3205.21838048,3206.22683705,4705.95111957,470
2026-01-02T13:01:00Z,3206.22683705,3216.54280168,3199.52902559,3209.83744765,2571.79040977,257
2026-01-02T13:02:00Z,3209.83744765,3215.36601570,3190.60331052,3196.10823161,11145.85995766,1114
2026-01-02T13:03:00Z,3196.10823161,3205.52373322,3193.58834935,3202.99841859,2244.75618458,224
2026-01-02T13:04:00Z,3202.99841859,3224.37467364,3200.22720687,3221.58737888,7997.08647985,799
2026-01-02T13:05:00Z,3221.58737888,3226.97297091,3220.96421834,3226.34888935,590.32774661,59
2026-01-02T13:06:00Z,3226.34888935,3230.87115811,3215.34119554,3219.85436113,160.56558999,16
2026-01-02T13:07:00Z,3219.85436113,3228.56716314,3215.82176966,3224.52871744,3374.25052219,337
2026-01-02T13:08:00Z,3224.52871744,3236.16911428,3219.48290973,3231.11300335,3841.96060216,384
2026-01-02T13:09:00Z,3231.11300335,3235.42036653,3220.16551255,3224.46401203,1303.06645377,130
2026-01-02T13:10:00Z,3224.46401203,3237.70482932,3205.38313322,3218.59987021,4577.14880797,457
2026-01-02T13:11:00Z,3218.59987021,3231.60332658,3215.87034923,3228.86510021,5940.70601049,594
2026-01-02T13:12:00Z,3228.86510021,3240.87210711,3223.24237529,3235.23828397,2304.29979625,230
2026-01-02T13:13:00Z,3235.23828397,3240.98439253,3232.05306977,3237.79665951,741.39136814,74
2026-01-02T13:14:00Z,3237.79665951,3248.51196482,3231.01248367,3241.71956927,3532.13242592,353
2026-01-02T13:15:00Z,3241.71956927,3247.46826325,3234.66108132,3240.40744846,1549.94709493,154
2026-01-02T13:16:00Z,3240.40744846,3242.26633091,3225.49130193,3227.34268969,6746.42934048,674
2026-01-02T13:17:00Z,3227.34268969,3252.95585633,3214.59480401,3240.15735320,1469.47489890,146
2026-01-02T13:18:00Z,3240.15735320,3252.02097452,3234.79696191,3246.64984231,2773.72416190,277
2026-01-02T13:19:00Z,3246.64984231,3255.52246597,3242.61182609,3251.47844419,1919.33498503,191
2026-01-02T13:20:00Z,3251.47844419,3258.12683716,3251.06673621,3257.71433958,1135.33475335,113
2026-01-02T13:21:00Z,3257.71433958,3269.00869782,3242.37444957,3253.65473332,2046.85498655,204
2026-01-02T13:22:00Z,3253.65473332,3262.18002266,3250.69373810,3259.21396824,1998.96967457,199
2026-01-02T13:23:00Z,3259.21396824,3267.50122630,3237.37785108,3245.63057040,2774.20627944,277
2026-01-02T13:24:00Z,3245.63057040,3246.95871119,3241.46221399,3242.78919206,2614.63035233,261
2026-01-02T13:25:00Z,3242.78919206,3257.29109541,3238.87977373,3253.36892245,3965.27441102,396
2026-01-02T13:26:00Z,3253.36892245,3267.85123972,3241.18375000,3255.65749564,303.22291566,30
2026-01-02T13:27:00Z,3255.65749564,3256.40805206,3241.96703051,3242.71460309,1554.69923814,155
2026-01-02T13:28:00Z,3242.71460309,3250.39570577,3237.38181439,3245.05906151,2942.76174865,294
2026-01-02T13:29:00Z,3245.05906151,3248.82522470,3242.04980630,3245.81526824,1022.71132473,102
2026-01-02T13:30:00Z,3245.81526824,3248.32680034,3237.53126299,3240.03832503,1330.17122001,133
2026-01-02T13:31:00Z,3240.03832503,3252.14360309,3232.08568364,3244.18079405,2405.09797572,240
2026-01-02T13:32:00Z,3244.18079405,3249.68549882,3243.78511660,3249.28919832,98.45071404,9
2026-01-02T13:33:00Z,3249.28919832,3258.92265572,3239.15229106,3248.78425139,721.77917184,72
2026-01-02T13:34:00Z,3248.78425139,3257.06586404,3243.24037965,3251.51732846,1468.68898857,146
2026-01-02T13:35:00Z,3251.51732846,3259.26714728,3247.40975083,3255.15497428,6425.63177121,642
2026-01-02T13:36:00Z,3255.15497428,3259.07859224,3228.00896470,3231.90455765,4931.93719087,493
2026-01-02T13:37:00Z,3231.90455765,3244.82358796,3225.89497182,3238.80117817,1701.78294004,170
2026-01-02T13:38:00Z,3238.80117817,3258.98983900,3230.84866588,3251.00735581,2636.85966615,263
2026-01-02T13:39:00Z,3251.00735581,3256.74240537,3248.80474239,3254.53740029,3076.64079483,307
2026-01-02T13:40:00Z,3254.53740029,3261.37524875,3250.82059315,3257.65488132,2331.38289753,233
2026-01-02T13:41:00Z,3257.65488132,3264.27093594,3253.81334853,3260.42613520,2251.26099676,225
2026-01-02T13:42:00Z,3260.42613520,3262.97720368,3257.44282991,3259.99355993,440.80466547,44
2026-01-02T13:43:00Z,3259.99355993,3260.93449824,3258.74356251,3259.68441159,1260.52503116,126
2026-01-02T13:44:00Z,3259.68441159,3267.32523451,3254.32154513,3261.95862649,2934.27843830,293
2026-01-02T13:45:00Z,3261.95862649,3262.82000647,3260.97734868,3261.83869699,3157.45338315,315
2026-01-02T13:46:00Z,3261.83869699,3262.45092810,3260.04311347,3260.65512243,446.75948750,44
2026-01-02T13:47:00Z,3260.65512243,3263.83881059,3259.64647280,3262.82948835,1741.15109399,174
2026-01-02T13:48:00Z,3262.82948835,3266.63353679,3261.87682516,3265.68004132,4808.67044767,480
2026-01-02T13:49:00Z,3265.68004132,3266.83864929,3265.40580073,3266.56433444,1659.09532078,165
2026-01-02T13:50:00Z,3266.56433444,3270.14252371,3262.60733945,3266.18511332,598.89690184,59
2026-01-02T13:51:00Z,3266.18511332,3267.62516140,3262.53640889,3263.97548275,3403.92125204,340
2026-01-02T13:52:00Z,3263.97548275,3266.22823309,3263.35015225,3265.60259086,4274.16060905,427
2026-01-02T13:53:00Z,3265.60259086,3268.36815778,3264.27983773,3267.04482047,1025.82920140,102
2026-01-02T13:54:00Z,3267.04482047,3270.38642085,3264.44660291,3267.78761255,963.96723817,96
2026-01-02T13:55:00Z,3267.78761255,3271.60208026,3265.20922626,3269.02271942,529.31611059,52
2026-01-02T13:56:00Z,3269.02271942,3276.16200893,3266.67095186,3273.80679965,1641.82957271,164
2026-01-02T13:57:00Z,3273.80679965,3275.22153109,3273.76220828,3275.17692105,3315.75187054,331
2026-01-02T13:58:00Z,3275.17692105,3277.89000867,3271.47454130,3274.18680873,1820.58013140,182
2026-01-02T13:59:00Z,3274.18680873,3276.23597930,3272.41893285,3274.46795162,2101.13112664,210
2026-01-02T14:00:00Z,3274.46795162,3275.46680831,3269.31512510,3270.31271425,1653.45319886,165
2026-01-02T14:01:00Z,3270.31271425,3274.96947756,3268.91988741,3273.57526120,1259.79356903,125
2026-01-02T14:02:00Z,3273.57526120,3274.96861203,3271.26334377,3272.65630345,268.08023856,26
2026-01-02T14:03:00Z,3272.65630345,3276.67861872,3271.77218911,3275.79365682,3689.76356116,368
2026-01-02T14:04:00Z,3275.79365682,3275.98553676,3270.74660934,3270.93820487,2370.34106883,237
2026-01-02T14:05:00Z,3270.93820487,3278.59101737,3266.00739211,3273.65610748,1376.44184665,137
2026-01-02T14:06:00Z,3273.65610748,3280.63647984,3267.84414898,3274.82245066,1446.31754134,144
2026-01-02T14:07:00Z,3274.82245066,3280.47532954,3271.43045032,3277.08098984,11259.81899475,1125
2026-01-02T14:08:00Z,3277.08098984,3283.36773760,3273.65829162,3279.94205119,5908.58876643,590
2026-01-02T14:09:00Z,3279.94205119,3282.12348320,3278.11350709,3280.29474248,3825.95702648,382
2026-01-02T14:10:00Z,3280.29474248,3281.33443066,3278.36785066,3279.40725754,1285.24495500,128
2026-01-02T14:11:00Z,3279.40725754,3283.46897696,3274.85584015,3278.91695230,1086.13517638,108
2026-01-02T14:12:00Z,3278.91695230,3279.10030706,3276.71651791,3276.89975987,952.58856001,95
2026-01-02T14:13:00Z,3276.89975987,3281.98561409,3276.34570672,3281.43079484,3154.14174070,315
2026-01-02T14:14:00Z,3281.43079484,3286.29884468,3280.24848078,3285.11520311,8904.26814309,890
2026-01-02T14:15:00Z,3285.11520311,3286.36568125,3284.68594392,3285.93631477,3897.47605278,389
2026-01-02T14:16:00Z,3285.93631477,3288.90251018,3283.64261839,3286.60834471,4516.40161937,451
2026-01-02T14:17:00Z,3286.60834471,3287.96057542,3283.48721304,3284.83871567,2281.63231440,228
2026-01-02T14:18:00Z,3284.83871567,3287.41071523,3283.93039016,3286.50192980,2358.45737433,235
2026-01-02T14:19:00Z,3286.50192980,3292.83979002,3283.81686972,3290.15174805,3723.47652300,372
2026-01-02T14:20:00Z,3290.15174805,3292.15689874,3286.97347126,3288.97790656,4650.11805765,465
2026-01-02T14:21:00Z,3288.97790656,3289.01120574,3285.72270876,3285.75597532,3253.18139585,325
2026-01-02T14:22:00Z,3285.75597532,3286.69461314,3283.96884019,3284.90723555,4659.26568002,465
2026-01-02T14:23:00Z,3284.90723555,3288.67906474,3282.62172568,3286.39252146,2794.13557592,279
2026-01-02T14:24:00Z,3286.39252146,3292.17398431,3284.71378213,3290.49315031,12792.22408170,1279
2026-01-02T14:25:00Z,3290.49315031,3293.58703156,3288.48748999,3291.58070833,1755.18895964,175
2026-01-02T14:26:00Z,3291.58070833,3295.91938100,3288.16538250,3292.50309810,1981.11403486,198
2026-01-02T14:27:00Z,3292.50309810,3293.89576590,3292.38081747,3293.77343809,2296.31594337,229
2026-01-02T14:28:00Z,3293.77343809,3298.87832147,3293.71982441,3298.82462557,2360.06019322,236
2026-01-02T14:29:00Z,3298.82462557,3299.70941993,3298.09149914,3298.97625980,1614.44257945,161
2026-01-02T14:30:00Z,3298.97625980,3302.85045804,3295.78463902,3299.65817753,1259.74752968,125
2026-01-02T14:31:00Z,3299.65817753,3300.47587587,3297.74695695,3298.56438424,2647.57153707,264
2026-01-02T14:32:00Z,3298.56438424,3303.79879911,3295.78379482,3301.01614294,2196.18495680,219
2026-01-02T14:33:00Z,3301.01614294,3303.60085320,3296.81799148,3299.40143742,1111.05927942,111
2026-01-02T14:34:00Z,3299.40143742,3301.70118780,3297.34270660,3299.64230668,1699.11869924,169
2026-01-02T14:35:00Z,3299.64230668,3300.37947707,3299.52941642,3300.26656545,651.77025063,65
2026-01-02T14:36:00Z,3300.26656545,3302.46648099,3298.56808096,3300.76773857,727.53475624,72
2026-01-02T14:37:00Z,3300.76773857,3304.54432947,3296.68723394,3300.46347672,1281.55142757,128
2026-01-02T14:38:00Z,3300.46347672,3303.13087812,3298.18304564,3300.85017985,680.76894017,68
2026-01-02T14:39:00Z,3300.85017985,3302.80058927,3297.96322596,3299.91308167,197.59334546,19
2026-01-02T14:40:00Z,3299.91308167,3304.46165505,3294.77815993,3299.32592397,297.70365276,29
2026-01-02T14:41:00Z,3299.32592397,3302.16738447,3293.32187368,3296.16060813,2868.13955706,286
2026-01-02T14:42:00Z,3296.16060813,3296.96849890,3294.63292509,3295.44063940,4291.45362265,429
2026-01-02T14:43:00Z,3295.44063940,3301.00374906,3293.51379772,3299.07478250,4562.27007052,456
2026-01-02T14:44:00Z,3299.07478250,3301.00660778,3297.75475640,3299.68633698,2386.59591225,238
2026-01-02T14:45:00Z,3299.68633698,3305.60569227,3297.07874694,3302.99548716,2889.44173419,288
2026-01-02T14:46:00Z,3302.99548716,3307.84362989,3300.09477803,3304.94121201,2123.78499116,212
2026-01-02T14:47:00Z,3304.94121201,3305.67569705,3303.56100852,3304.29535002,5257.83722032,525
2026-01-02T14:48:00Z,3304.29535002,3306.39173244,3303.57214117,3305.66822311,591.90721542,59
2026-01-02T14:49:00Z,3305.66822311,3305.91238316,3303.48904789,3303.73306501,1053.81078966,105
2026-01-02T14:50:00Z,3303.73306501,3305.27813083,3302.14728620,3303.69233296,2331.60905805,233
2026-01-02T14:51:00Z,3303.69233296,3306.42034546,3302.00560112,3304.73308226,368.37353869,36
2026-01-02T14:52:00Z,3304.73308226,3308.77663212,3299.09282333,3303.13441713,1056.05400225,105
2026-01-02T14:53:00Z,3303.13441713,3305.18704093,3299.18800059,3301.23944683,2169.63227611,216
2026-01-02T14:54:00Z,3301.23944683,3305.11084493,3297.96337139,3301.83417930,1381.76306627,138
2026-01-02T14:55:00Z,3301.83417930,3305.17717250,3296.68054524,3300.02170338,3258.72735729,325
2026-01-02T14:56:00Z,3300.02170338,3300.15527332,3298.96871408,3299.10224681,1995.91132415,199
2026-01-02T14:57:00Z,3299.10224681,3299.89984931,3295.32821157,3296.12509430,2916.65208706,291
2026-01-02T14:58:00Z,3296.12509430,3296.16814442,3292.62524618,3292.66825116,4705.89586458,470
2026-01-02T14:59:00Z,3292.66825116,3295.47297426,3287.91789180,3290.72095618,7370.77207291,737
2026-01-02T15:00:00Z,3290.72095618,3295.30042279,3288.92773221,3293.50568133,4000.80124876,400
2026-01-02T15:01:00Z,3293.50568133,3295.98149821,3287.38107236,3289.85414428,744.82050383,74
2026-01-02T15:02:00Z,3289.85414428,3292.05970587,3287.42632653,3289.63173900,1192.98827518,119
2026-01-02T15:03:00Z,3289.63173900,3291.55926362,3285.75010173,3287.67648069,2142.59505416,214
2026-01-02T15:04:00Z,3287.67648069,3287.86426028,3285.72614189,3285.91382081,7480.76991576,748
2026-01-02T15:05:00Z,3285.91382081,3286.89659824,3285.87722023,3286.85998712,819.45783836,81
2026-01-02T15:06:00Z,3286.85998712,3289.03316792,3286.84682591,3289.01999806,2694.58688403,269
2026-01-02T15:07:00Z,3289.01999806,3289.32662112,3288.19769564,3288.50427062,667.10663891,66
2026-01-02T15:08:00Z,3288.50427062,3293.74787672,3283.68392943,3288.92691601,2672.03999119,267
2026-01-02T15:09:00Z,3288.92691601,3289.12011109,3287.01246733,3287.20556129,3808.01585820,380
2026-01-02T15:10:00Z,3287.20556129,3294.67871661,3285.59695903,3293.06724591,9268.22655255,926
2026-01-02T15:11:00Z,3293.06724591,3294.03918489,3291.82288356,3292.79474210,4904.83750325,490
2026-01-02T15:12:00Z,3292.79474210,3296.41138569,3291.07968011,3294.69533377,1156.48198806,115
2026-01-02T15:13:00Z,3294.69533377,3294.85574061,3290.61683633,3290.77705240,920.90181702,92
2026-01-02T15:14:00Z,3290.77705240,3292.12541769,3290.56048012,3291.90877092,1192.86247889,119
2026-01-02T15:15:00Z,3291.90877092,3296.99567385,3289.69003834,3294.77500943,7861.19652484,786
2026-01-02T15:16:00Z,3294.77500943,3297.97809563,3285.65151899,3288.84884393,9504.67325285,950
2026-01-02T15:17:00Z,3288.84884393,3289.29892045,3280.81380032,3281.26283870,17376.56145135,1737
2026-01-02T15:18:00Z,3281.26283870,3281.29733923,3273.67233710,3273.70675819,25022.03101723,2502
2026-01-02T15:19:00Z,3273.70675819,3277.11106626,3263.76935430,3267.16686157,7845.47057678,784
2026-01-02T15:20:00Z,3267.16686157,3267.20036455,3260.28370377,3260.31713651,6399.73360993,639
2026-01-02T15:21:00Z,3260.31713651,3262.17883005,3252.68415240,3254.54254856,139.42199764,13
2026-01-02T15:22:00Z,3254.54254856,3255.13937137,3246.60914736,3247.20462452,716.01369315,71
2026-01-02T15:23:00Z,3247.20462452,3250.14974668,3240.69557915,3243.63746600,1556.77743884,155
2026-01-02T15:24:00Z,3243.63746600,3245.01983928,3239.24790509,3240.62899623,2421.10577763,242
2026-01-02T15:25:00Z,3240.62899623,3242.16699577,3234.46444951,3236.00025225,14633.72477971,1463
2026-01-02T15:26:00Z,3236.00025225,3236.48735907,3230.51505595,3231.00141030,3169.05936121,316
2026-01-02T15:27:00Z,3231.00141030,3232.86609905,3223.39109485,3225.25246574,14682.49983304,1468
2026-01-02T15:28:00Z,3225.25246574,3227.37575701,3220.09676160,3222.21805522,1116.42736849,111
2026-01-02T15:29:00Z,3222.21805522,3222.93332166,3216.98590599,3217.70016955,2720.79298267,272
2026-01-02T15:30:00Z,3217.70016955,3219.70457475,3212.26318549,3214.26545109,3426.32353376,342
2026-01-02T15:31:00Z,3214.26545109,3214.98656728,3209.51935391,3210.23956690,2764.82181104,276
2026-01-02T15:32:00Z,3210.23956690,3212.66663446,3205.75196751,3208.17747605,4662.86844365,466
2026-01-02T15:33:00Z,3208.17747605,3208.53304546,3203.57596788,3203.93106665,3034.02164977,303
2026-01-02T15:34:00Z,3203.93106665,3204.29110608,3200.35853774,3200.71821613,13287.68158870,1328
2026-01-02T15:35:00Z,3200.71821613,3202.25009597,3194.97371084,3196.50357353,1334.28909546,133
2026-01-02T15:36:00Z,3196.50357353,3196.55909872,3193.85337555,3193.90885566,4340.02814787,434
2026-01-02T15:37:00Z,3193.90885566,3194.44247016,3190.31916259,3190.85226641,5605.23128061,560
2026-01-02T15:38:00Z,3190.85226641,3191.25393740,3189.08708790,3189.48858722,889.41848994,88
2026-01-02T15:39:00Z,3189.48858722,3190.17144174,3183.23418838,3183.91584981,13566.64686492,1356
2026-01-02T15:40:00Z,3183.91584981,3185.08465510,3177.36256802,3178.52939597,199.91071107,19
2026-01-02T15:41:00Z,3178.52939597,3180.67517614,3174.50314911,3176.64765895,410.13899376,41
2026-01-02T15:42:00Z,3176.64765895,3177.94593763,3173.12907545,3174.42644633,3500.86897050,350
2026-01-02T15:43:00Z,3174.42644633,3176.19949637,3168.55217107,3170.32292912,5426.07397030,542
2026-01-02T15:44:00Z,3170.32292912,3171.98467009,3169.37698001,3171.03850747,998.35417783,99
2026-01-02T15:45:00Z,3171.03850747,3172.53294774,3169.44197502,3170.93636715,940.30433517,94
2026-01-02T15:46:00Z,3170.93636715,3172.01077435,3170.30963913,3171.38395786,2309.17245767,230
2026-01-02T15:47:00Z,3171.38395786,3172.23247163,3168.10205311,3168.94991566,5960.88131113,596
2026-01-02T15:48:00Z,3168.94991566,3170.38535760,3164.51814618,3165.95223027,4182.01307060,418
2026-01-02T15:49:00Z,3165.95223027,3166.45444244,3164.47468926,3164.97674669,3512.56617511,351
2026-01-02T15:50:00Z,3164.97674669,3166.92409179,3164.85442886,3166.80170343,4187.18313511,418
2026-01-02T15:51:00Z,3166.80170343,3167.06329839,3164.99168296,3165.25315000,1658.05051873,165
2026-01-02T15:52:00Z,3165.25315000,3166.04390690,3162.12582964,3162.91600266,2415.11207206,241
2026-01-02T15:53:00Z,3162.91600266,3162.96424041,3160.36245405,3160.41065359,1170.83527846,117
2026-01-02T15:54:00Z,3160.41065359,3163.05785372,3158.24415131,3160.89102215,810.14007527,81
2026-01-02T15:55:00Z,3160.89102215,3161.55261829,3158.19606535,3158.85723581,2642.40625242,264
2026-01-02T15:56:00Z,3158.85723581,3158.99179841,3156.61444785,3156.74892063,4557.58222097,455
2026-01-02T15:57:00Z,3156.74892063,3158.09899240,3152.37802712,3153.72680640,2671.92277442,267
2026-01-02T15:58:00Z,3153.72680640,3154.95559342,3151.68143960,3152.90990834,3703.13825536,370
2026-01-02T15:59:00Z,3152.90990834,3154.10856649,3152.66867833,3153.86726323,1563.78327381,156
2026-01-02T16:00:00Z,3153.86726323,3155.03581742,3152.93925333,3154.10773676,1923.87566868,192
2026-01-02T16:01:00Z,3154.10773676,3157.28801153,3151.93115313,3155.11073575,233.25211980,23
2026-01-02T16:02:00Z,3155.11073575,3156.44988936,3154.60512360,3155.94414365,3350.17545028,335
2026-01-02T16:03:00Z,3155.94414365,3157.38714916,3152.86879401,3154.31105282,3512.65932706,351
2026-01-02T16:04:00Z,3154.31105282,3158.86000996,3150.28599788,3154.83428735,207.95901192,20
2026-01-02T16:05:00Z,3154.83428735,3160.24419704,3153.12490559,3158.53281131,10848.79125272,1084
2026-01-02T16:06:00Z,3158.53281131,3162.71578753,3155.19571164,3159.37779510,1492.15004609,149
2026-01-02T16:07:00Z,3159.37779510,3159.39372327,3154.32984330,3154.34574611,7509.24084010,750
2026-01-02T16:08:00Z,3154.34574611,3159.82721756,3151.50516113,3156.98425653,2296.08964301,229
2026-01-02T16:09:00Z,3156.98425653,3157.18161769,3155.06084954,3155.25810279,4527.61098323,452
2026-01-02T16:10:00Z,3155.25810279,3161.80567078,3153.33422036,3159.87897083,1880.72653882,188
2026-01-02T16:11:00Z,3159.87897083,3160.50091801,3159.09863345,3159.72054945,3218.79999547,321
2026-01-02T16:12:00Z,3159.72054945,3161.55419499,3155.64393820,3157.47628136,2117.43663565,211
2026-01-02T16:13:00Z,3157.47628136,3158.72289610,3154.85690990,3156.10298245,1387.98150043,138
2026-01-02T16:14:00Z,3156.10298245,3159.24711820,3154.00469576,3157.14813665,901.62612890,90
2026-01-02T16:15:00Z,3157.14813665,3160.39372288,3155.12197919,3158.36678332,4347.25490989,434
2026-01-02T16:16:00Z,3158.36678332,3164.59408827,3154.66637149,3160.89071934,1318.59105274,131
2026-01-02T16:17:00Z,3160.89071934,3162.45784071,3156.28883580,3157.85445183,5112.40360234,511
2026-01-02T16:18:00Z,3157.85445183,3158.24010794,3155.72813765,3156.11358115,2691.35340881,269
2026-01-02T16:19:00Z,3156.11358115,3163.51483402,3151.83017736,3159.22720450,3253.36608041,325
2026-01-02T16:20:00Z,3159.22720450,3161.36636993,3155.34571435,3157.48369923,1203.40340592,120
2026-01-02T16:21:00Z,3157.48369923,3158.87323931,3155.88506603,3157.27451406,2003.27280266,200
2026-01-02T16:22:00Z,3157.27451406,3160.26391436,3152.13608025,3155.12344386,2308.92753469,230
2026-01-02T16:23:00Z,3155.12344386,3158.01843514,3153.21188696,3156.10628278,804.42503451,80
2026-01-02T16:24:00Z,3156.10628278,3159.76567819,3155.85486276,3159.51398670,4268.91260452,426
2026-01-02T16:25:00Z,3159.51398670,3162.69389802,3159.36462628,3162.54439434,3717.28840474,371
2026-01-02T16:26:00Z,3162.54439434,3164.57920308,3161.96393306,3163.99847493,3418.61422389,341
2026-01-02T16:27:00Z,3163.99847493,3167.32355615,3159.80043785,3163.12460071,1152.73636654,115
2026-01-02T16:28:00Z,3163.12460071,3163.53897541,3162.59563440,3163.00999409,1102.76380341,110
2026-01-02T16:29:00Z,3163.00999409,3163.33097989,3161.30183142,3161.62267644,813.02186360,81
2026-01-02T16:30:00Z,3161.62267644,3168.08991778,3160.46380405,3166.92910035,12512.36729463,1251
2026-01-02T16:31:00Z,3166.92910035,3167.70128647,3163.09556698,3163.86700647,11679.73456781,1167
2026-01-02T16:32:00Z,3163.86700647,3166.14440692,3162.27591092,3164.55296640,1880.68826976,188
2026-01-02T16:33:00Z,3164.55296640,3167.68721772,3160.86843106,3164.00213683,1951.58180055,195
2026-01-02T16:34:00Z,3164.00213683,3165.42017440,3161.87904907,3163.29677052,198.52384144,19
2026-01-02T16:35:00Z,3163.29677052,3164.15228689,3162.76085356,3163.61631580,1682.66672163,168
2026-01-02T16:36:00Z,3163.61631580,3166.62459204,3161.44105062,3164.44875448,644.92042967,64
2026-01-02T16:37:00Z,3164.44875448,3165.66296063,3163.02725972,3164.24138630,1753.87494971,175
2026-01-02T16:38:00Z,3164.24138630,3166.02986465,3158.85370811,3160.64015099,1153.27245557,115
2026-01-02T16:39:00Z,3160.64015099,3161.03677113,3158.38259839,3158.77898499,686.13356054,68
2026-01-02T16:40:00Z,3158.77898499,3160.16635805,3155.92423128,3157.31095956,781.69329237,78
2026-01-02T16:41:00Z,3157.31095956,3157.35490787,3156.15168913,3156.19562191,2111.19356405,211
2026-01-02T16:42:00Z,3156.19562191,3158.02418899,3153.33413568,3155.16210398,2383.63328764,238
2026-01-02T16:43:00Z,3155.16210398,3155.51226052,3152.78602053,3153.13595221,5194.64843667,519
2026-01-02T16:44:00Z,3153.13595221,3158.34442152,3150.22950104,3155.43585038,5808.24631599,580
2026-01-02T16:45:00Z,3155.43585038,3158.33018552,3155.23175092,3158.12591206,1463.04904401,146
2026-01-02T16:46:00Z,3158.12591206,3160.71667809,3157.25992641,3159.85021962,3827.27643423,382
2026-01-02T16:47:00Z,3159.85021962,3165.29437184,3158.46789401,3163.91027009,3532.53404762,353
2026-01-02T16:48:00Z,3163.91027009,3169.97505127,3161.06788894,3167.12977779,2898.65671534,289
2026-01-02T16:49:00Z,3167.12977779,3171.00270673,3162.02672329,3165.89814612,3511.44296831,351
2026-01-02T16:50:00Z,3165.89814612,3169.18787955,3165.10207554,3168.39118209,1402.23733497,140
2026-01-02T16:51:00Z,3168.39118209,3171.86113651,3163.93808188,3167.40695840,483.40356619,48
2026-01-02T16:52:00Z,3167.40695840,3167.81444782,3164.72705992,3165.13425695,2062.75185674,206
2026-01-02T16:53:00Z,3165.13425695,3166.58949855,3163.19473545,3164.64975428,3719.74716706,371
2026-01-02T16:54:00Z,3164.64975428,3165.14157709,3159.47053271,3159.96162693,10099.63780284,1009
2026-01-02T16:55:00Z,3159.96162693,3161.85480928,3158.60922090,3160.50217191,1314.57859355,131
2026-01-02T16:56:00Z,3160.50217191,3163.91981648,3160.33785315,3163.75532859,2662.94520549,266
2026-01-02T16:57:00Z,3163.75532859,3163.79308430,3162.21478753,3162.25252531,1914.22545504,191
2026-01-02T16:58:00Z,3162.25252531,3162.54974374,3160.71187596,3161.00897751,4024.21797445,402
2026-01-02T16:59:00Z,3161.00897751,3163.63157755,3157.91375015,3160.53595774,1348.44631435,134
2026-01-02T17:00:00Z,3160.53595774,3163.80870838,3152.16975611,3155.43722699,20693.15532190,2069
2026-01-02T17:01:00Z,3155.43722699,3156.13451409,3155.33389163,3156.03115929,452.04218253,45
2026-01-02T17:02:00Z,3156.03115929,3156.95705700,3154.74099247,3155.66678329,1937.86722954,193
2026-01-02T17:03:00Z,3155.66678329,3156.02090775,3151.93812292,3152.29186865,2506.24537813,250
2026-01-02T17:04:00Z,3152.29186865,3156.64432626,3151.57146368,3155.92309142,6416.04850792,641
2026-01-02T17:05:00Z,3155.92309142,3158.93612725,3154.99154014,3158.00396174,4134.47293206,413
2026-01-02T17:06:00Z,3158.00396174,3161.35476336,3156.25970231,3159.60961708,987.34669348,98
2026-01-02T17:07:00Z,3159.60961708,3165.53422634,3156.97790170,3162.89977051,5542.18352753,554
2026-01-02T17:08:00Z,3162.89977051,3167.61105207,3158.31356331,3163.02466378,2181.31909911,218
2026-01-02T17:09:00Z,3163.02466378,3165.10081969,3161.93789354,3164.01370963,58.94172502,5
2026-01-02T17:10:00Z,3164.01370963,3164.27666968,3163.30123838,3163.56416107,1346.60418968,134
2026-01-02T17:11:00Z,3163.56416107,3167.74331542,3161.89359682,3166.07142718,3186.79474825,318
2026-01-02T17:12:00Z,3166.07142718,3168.75912232,3165.75528929,3168.44274765,1153.17527824,115
2026-01-02T17:13:00Z,3168.44274765,3174.25498328,3165.27910778,3171.08870147,3110.75367730,311
2026-01-02T17:14:00Z,3171.08870147,3173.95266934,3166.66277463,3169.52533054,2680.36683485,268
2026-01-02T17:15:00Z,3169.52533054,3173.72451559,3166.30647084,3170.50466131,855.89853493,85
2026-01-02T17:16:00Z,3170.50466131,3172.62649250,3168.20653736,3170.32825048,1449.76922770,144
2026-01-02T17:17:00Z,3170.32825048,3173.17991689,3169.96075578,3172.81213427,2407.29684629,240
2026-01-02T17:18:00Z,3172.81213427,3177.54131624,3170.84907790,3175.57654950,1738.40216349,173
2026-01-02T17:19:00Z,3175.57654950,3176.09317283,3172.96953376,3173.48581697,4768.95106614,476
2026-01-02T17:20:00Z,3173.48581697,3178.85815300,3170.70791842,3176.07798541,1752.19611182,175
2026-01-02T17:21:00Z,3176.07798541,3178.77840916,3173.54229825,3176.24259059,1650.71202336,165
2026-01-02T17:22:00Z,3176.24259059,3177.55529965,3173.00070778,3174.31261921,3587.01994743,358
2026-01-02T17:23:00Z,3174.31261921,3178.97400606,3174.21159872,3178.87284045,4131.12617534,413
2026-01-02T17:24:00Z,3178.87284045,3180.00509667,3176.21640279,3177.34811594,5846.19680265,584
2026-01-02T17:25:00Z,3177.34811594,3179.52180476,3175.07483266,3177.24845330,1320.46468292,132
2026-01-02T17:26:00Z,3177.24845330,3183.37456431,3171.19015202,3177.31613398,793.74247326,79
2026-01-02T17:27:00Z,3177.31613398,3178.84123743,3176.72182926,3178.24675864,725.61945734,72
2026-01-02T17:28:00Z,3178.24675864,3180.49795177,3174.58608576,3176.83627982,8079.34651806,807
2026-01-02T17:29:00Z,3176.83627982,3180.08024731,3176.78034326,3180.02425462,2654.60678245,265
2026-01-02T17:30:00Z,3180.02425462,3182.81727191,3176.66863517,3179.46115789,2810.63940461,281
2026-01-02T17:31:00Z,3179.46115789,3180.44024646,3174.41144783,3175.38928249,2454.78628418,245
2026-01-02T17:32:00Z,3175.38928249,3181.78917196,3171.84852285,3178.24522776,2449.76643182,244
2026-01-02T17:33:00Z,3178.24522776,3181.81638783,3176.54054952,3180.11070903,2099.42980534,209
2026-01-02T17:34:00Z,3180.11070903,3183.46363137,3179.54097654,3182.89340035,454.90792359,45
2026-01-02T17:35:00Z,3182.89340035,3186.60862353,3179.51927289,3183.23413487,2913.11751680,291
2026-01-02T17:36:00Z,3183.23413487,3186.29069558,3181.01465286,3184.07063034,582.31439121,58
2026-01-02T17:37:00Z,3184.07063034,3188.04695818,3181.49294761,3185.46814409,1913.19497552,191
2026-01-02T17:38:00Z,3185.46814409,3187.54817016,3184.42694881,3186.50663544,2186.31686287,218
2026-01-02T17:39:00Z,3186.50663544,3188.20377791,3182.95776063,3184.65391634,779.69366306,77
2026-01-02T17:40:00Z,3184.65391634,3184.97389573,3182.32507958,3182.64485711,1429.82733934,142
2026-01-02T17:41:00Z,3182.64485711,3187.84687819,3181.88205182,3187.08300918,1158.37406088,115
2026-01-02T17:42:00Z,3187.08300918,3193.40890675,3185.37882390,3191.70225149,2232.86480712,223
2026-01-02T17:43:00Z,3191.70225149,3196.04967702,3189.36723631,3193.71319066,2042.88248829,204
2026-01-02T17:44:00Z,3193.71319066,3195.22287842,3193.23857406,3194.74810802,7326.11530717,732
2026-01-02T17:45:00Z,3194.74810802,3195.18265420,3192.51370941,3192.94801074,7087.55937266,708
2026-01-02T17:46:00Z,3192.94801074,3193.48405113,3191.75511820,3192.29104830,7134.46300369,713
2026-01-02T17:47:00Z,3192.29104830,3193.88937581,3190.90158122,3192.49981786,1142.23513745,114
2026-01-02T17:48:00Z,3192.49981786,3196.09642198,3186.27486684,3189.86850659,3428.13971738,342
2026-01-02T17:49:00Z,3189.86850659,3189.95881306,3188.66491030,3188.75518525,4220.85636803,422
2026-01-02T17:50:00Z,3188.75518525,3190.64946288,3188.74336193,3190.63763258,1405.06848816,140
2026-01-02T17:51:00Z,3190.63763258,3194.66915925,3188.48859639,3192.51885597,5477.77685879,547
2026-01-02T17:52:00Z,3192.51885597,3196.82351179,3189.88119554,3194.18447522,1547.97212481,154
2026-01-02T17:53:00Z,3194.18447522,3196.56050168,3193.00270131,3195.37828608,1939.55453165,193
2026-01-02T17:54:00Z,3195.37828608,3197.88132276,3193.39429107,3195.89700568,295.56441981,29
2026-01-02T17:55:00Z,3195.89700568,3197.10525774,3192.66709973,3193.87458719,1792.12846814,179
2026-01-02T17:56:00Z,3193.87458719,3197.33894849,3189.50547155,3192.96885041,6323.85967464,632
2026-01-02T17:57:00Z,3192.96885041,3194.56459402,3190.75703198,3192.35246754,1179.25344599,117
2026-01-02T17:58:00Z,3192.35246754,3193.04863000,3191.58441812,3192.28056490,1443.78369440,144
2026-01-02T17:59:00Z,3192.28056490,3192.98111248,3192.07354883,3192.77406440,1918.91475848,191
2026-01-02T18:00:00Z,3192.77406440,3194.81179793,3191.59127289,3193.62868981,196.90023936,19
2026-01-02T18:01:00Z,3193.62868981,3195.07454084,3191.97710345,3193.42286130,759.64283430,75
2026-01-02T18:02:00Z,3193.42286130,3196.83884420,3192.89396759,3196.30947241,1416.36265940,141
2026-01-02T18:03:00Z,3196.30947241,3196.42252300,3194.85246663,3194.96546969,780.24587105,78
2026-01-02T18:04:00Z,3194.96546969,3197.23585652,3192.71842475,3194.98879517,1656.15142294,165
2026-01-02T18:05:00Z,3194.98879517,3196.09289979,3193.21966895,3194.32354368,346.53090159,34
2026-01-02T18:06:00Z,3194.32354368,3194.40451825,3193.36006954,3193.44102174,449.86644071,44
2026-01-02T18:07:00Z,3193.44102174,3194.46944603,3191.08382978,3192.11182601,2198.95220651,219
2026-01-02T18:08:00Z,3192.11182601,3194.50918024,3187.92342139,3190.31942948,1596.66097299,159
2026-01-02T18:09:00Z,3190.31942948,3192.20309842,3188.90791163,3190.79137177,811.40410319,81
2026-01-02T18:10:00Z,3190.79137177,3194.84731003,3189.94123857,3193.99632292,6337.77786590,633
2026-01-02T18:11:00Z,3193.99632292,3195.93167146,3193.07003239,3195.00508838,3937.12248559,393
2026-01-02T18:12:00Z,3195.00508838,3198.66559709,3192.12973381,3195.78953656,3190.26827804,319
2026-01-02T18:13:00Z,3195.78953656,3197.42736363,3192.40067066,3194.03759987,1910.57664381,191
2026-01-02T18:14:00Z,3194.03759987,3194.88868769,3190.94469965,3191.79518995,1427.47180999,142
2026-01-02T18:15:00Z,3191.79518995,3192.06903527,3190.23565987,3190.50939487,3481.37986676,348
2026-01-02T18:16:00Z,3190.50939487,3191.66292818,3189.52517446,3190.67865557,2321.71392869,232
2026-01-02T18:17:00Z,3190.67865557,3193.61795876,3189.16293714,3192.10156439,4639.85248260,463
2026-01-02T18:18:00Z,3192.10156439,3193.77646811,3189.20588804,3190.88015088,1614.37003605,161
2026-01-02T18:19:00Z,3190.88015088,3192.93367206,3190.80500155,3192.85847613,3072.36799691,307
2026-01-02T18:20:00Z,3192.85847613,3194.49893534,3187.85850068,3189.49723292,4715.34186402,471
2026-01-02T18:21:00Z,3189.49723292,3190.78016159,3188.73576585,3190.01857005,661.82614356,66
2026-01-02T18:22:00Z,3190.01857005,3190.12455899,3189.06459062,3189.17055137,1595.54091518,159
2026-01-02T18:23:00Z,3189.17055137,3190.67057750,3188.59137136,3190.09123028,1581.31975127,158
2026-01-02T18:24:00Z,3190.09123028,3192.27034888,3188.33733840,3190.51622334,614.11949370,61
2026-01-02T18:25:00Z,3190.51622334,3192.35297984,3189.41187429,3191.24837737,269.91435649,26
2026-01-02T18:26:00Z,3191.24837737,3198.68159606,3187.90124944,3195.33018695,10186.58048966,1018
2026-01-02T18:27:00Z,3195.33018695,3197.19223804,3193.27370271,3195.13564044,568.41131625,56
2026-01-02T18:28:00Z,3195.13564044,3198.15403199,3193.92979030,3196.94749805,1363.87251697,136
2026-01-02T18:29:00Z,3196.94749805,3204.08450543,3196.17627985,3203.31175194,4356.28530253,435
2026-01-02T18:30:00Z,3203.31175194,3209.17906343,3199.99751062,3205.86218335,2305.18054795,230
2026-01-02T18:31:00Z,3205.86218335,3206.99876505,3203.14145902,3204.27747889,3935.32232354,393
2026-01-02T18:32:00Z,3204.27747889,3205.53092437,3200.96234399,3202.21498267,690.85044909,69
2026-01-02T18:33:00Z,3202.21498267,3205.70947469,3202.00716532,3205.50144405,2321.13747213,232
2026-01-02T18:34:00Z,3205.50144405,3206.73627782,3205.27649835,3206.51126125,1825.11046232,182
2026-01-02T18:35:00Z,3206.51126125,3210.50952921,3204.82684292,3208.82389603,3526.33492373,352
2026-01-02T18:36:00Z,3208.82389603,3211.95644587,3206.21157143,3209.34369809,1286.19257110,128
2026-01-02T18:37:00Z,3209.34369809,3216.58899710,3208.80589441,3216.05006961,1488.93060966,148
2026-01-02T18:38:00Z,3216.05006961,3218.86333819,3213.87467228,3216.68750969,817.34431500,81
2026-01-02T18:39:00Z,3216.68750969,3216.99149970,3216.62020980,3216.92419486,509.96535055,50
2026-01-02T18:40:00Z,3216.92419486,3219.64495465,3210.30790858,3213.02537088,5383.70552173,538
2026-01-02T18:41:00Z,3213.02537088,3214.56247275,3209.36580283,3210.90188882,1908.28944031,190
2026-01-02T18:42:00Z,3210.90188882,3214.66289569,3207.69872706,3211.45917799,2921.88908412,292
2026-01-02T18:43:00Z,3211.45917799,3212.69797397,3207.73745832,3208.97529616,5160.80270308,516
2026-01-02T18:44:00Z,3208.97529616,3214.40425227,3205.15675946,3210.58380153,1529.58577640,152
2026-01-02T18:45:00Z,3210.58380153,3213.38324049,3205.84381234,3208.64155778,4341.87637599,434
2026-01-02T18:46:00Z,3208.64155778,3208.95406108,3207.84114540,3208.15360117,419.66160461,41
2026-01-02T18:47:00Z,3208.15360117,3218.14132537,3204.92184428,3214.90276965,9356.72305643,935
2026-01-02T18:48:00Z,3214.90276965,3221.17342914,3207.69095993,3213.95978012,6064.66713519,606
2026-01-02T18:49:00Z,3213.95978012,3214.01551863,3210.71943564,3210.77511893,481.78140315,48
2026-01-02T18:50:00Z,3210.77511893,3216.61693584,3206.07996044,3211.92010303,2423.48228649,242
2026-01-02T18:51:00Z,3211.92010303,3213.20931182,3209.90941707,3211.19833615,877.92421411,87
2026-01-02T18:52:00Z,3211.19833615,3214.58555779,3209.42007969,3212.80641083,1554.20716093,155
2026-01-02T18:53:00Z,3212.80641083,3215.59053417,3211.02460773,3213.80817549,2142.72696403,214
2026-01-02T18:54:00Z,3213.80817549,3214.82861533,3211.44757258,3212.46758677,1172.36490261,117
2026-01-02T18:55:00Z,3212.46758677,3215.99767517,3212.12500331,3215.65475183,1885.65041967,188
2026-01-02T18:56:00Z,3215.65475183,3220.25318888,3212.44511964,3217.04217187,218.15280055,21
2026-01-02T18:57:00Z,3217.04217187,3218.16911721,3213.46045967,3214.58654479,5459.64790486,545
2026-01-02T18:58:00Z,3214.58654479,3217.96934018,3212.97135850,3216.35326619,5865.55310052,586
2026-01-02T18:59:00Z,3216.35326619,3220.74112961,3211.21820693,3215.60504961,1222.31571994,122
2026-01-02T19:00:00Z,3215.60504961,3218.23082209,3214.70278093,3217.32806995,1855.41036528,185
2026-01-02T19:01:00Z,3217.32806995,3219.07699075,3213.17704759,3214.92466191,1855.80002223,185
2026-01-02T19:02:00Z,3214.92466191,3218.17701068,3209.44420477,3212.69429720,1570.33496879,157
2026-01-02T19:03:00Z,3212.69429720,3212.88279462,3208.34258755,3208.53084068,3273.96271657,327
2026-01-02T19:04:00Z,3208.53084068,3209.69673261,3207.39756007,3208.56344048,1252.47084134,125
2026-01-02T19:05:00Z,3208.56344048,3208.89617403,3208.35030887,3208.68303448,2985.17449243,298
2026-01-02T19:06:00Z,3208.68303448,3211.24212677,3204.80879582,3207.36683838,2914.14599352,291
2026-01-02T19:07:00Z,3207.36683838,3208.19587757,3206.98860947,3207.81759550,1711.24040414,171
2026-01-02T19:08:00Z,3207.81759550,3209.67077817,3207.31677580,3209.16974736,1789.05312052,178
2026-01-02T19:09:00Z,3209.16974736,3211.48536240,3207.12452596,3209.43996878,179.46160110,17
2026-01-02T19:10:00Z,3209.43996878,3212.32210932,3207.80573634,3210.68724178,1307.42821458,130
2026-01-02T19:11:00Z,3210.68724178,3212.85537594,3204.72646356,3206.89203487,9777.17029594,977
2026-01-02T19:12:00Z,3206.89203487,3213.32463681,3202.84922588,3209.27881889,3842.12138992,384
2026-01-02T19:13:00Z,3209.27881889,3211.61627765,3206.79674232,3209.13409568,2300.54665888,230
2026-01-02T19:14:00Z,3209.13409568,3214.30959311,3204.85375655,3210.02806160,1645.15020684,164
2026-01-02T19:15:00Z,3210.02806160,3215.72343127,3208.83445278,3214.52814915,3516.99560659,351
2026-01-02T19:16:00Z,3214.52814915,3218.68130406,3214.35923479,3218.51218035,1278.68171181,127
2026-01-02T19:17:00Z,3218.51218035,3224.75010201,3217.95412460,3224.19106161,17879.68092427,1787
2026-01-02T19:18:00Z,3224.19106161,3224.67478645,3220.83800403,3221.32129832,1022.59564802,102
2026-01-02T19:19:00Z,3221.32129832,3224.02852407,3219.16596435,3221.87282109,2768.68876160,276
2026-01-02T19:20:00Z,3221.87282109,3224.83224690,3220.84698953,3223.80579989,3940.59473770,394
2026-01-02T19:21:00Z,3223.80579989,3224.14331304,3220.96255829,3221.29980908,4723.28119775,472
2026-01-02T19:22:00Z,3221.29980908,3222.92485084,3220.24789745,3221.87275212,3842.68600731,384
2026-01-02T19:23:00Z,3221.87275212,3224.91811488,3217.25816319,3220.30204130,2588.55799486,258
2026-01-02T19:24:00Z,3220.30204130,3220.91347062,3218.64142853,3219.25265861,6268.62698307,626
2026-01-02T19:25:00Z,3219.25265861,3220.16581141,3215.19284003,3216.10510001,9617.69020843,961
2026-01-02T19:26:00Z,3216.10510001,3221.59263466,3212.85427909,3218.33955517,4267.31621306,426
2026-01-02T19:27:00Z,3218.33955517,3218.86700200,3217.38821197,3217.91558932,1003.14657254,100
2026-01-02T19:28:00Z,3217.91558932,3219.03554406,3216.37560654,3217.49541504,818.79170695,81
2026-01-02T19:29:00Z,3217.49541504,3217.81588810,3216.94030638,3217.26075607,615.37056955,61
2026-01-02T19:30:00Z,3217.26075607,3219.57676666,3215.81729534,3218.13291462,246.11547292,24
2026-01-02T19:31:00Z,3218.13291462,3218.33811321,3214.65086553,3214.85585516,5743.39952237,574
2026-01-02T19:32:00Z,3214.85585516,3217.18516960,3213.20508673,3215.53405292,5062.39660589,506
2026-01-02T19:33:00Z,3215.53405292,3215.87283537,3214.46669659,3214.80540226,1682.44520660,168
2026-01-02T19:34:00Z,3214.80540226,3218.43517720,3213.07340945,3216.70216251,2021.02700727,202
2026-01-02T19:35:00Z,3216.70216251,3219.12266432,3215.74022401,3218.16028978,3028.02761195,302
2026-01-02T19:36:00Z,3218.16028978,3222.38194594,3213.81587054,3218.03736544,114.62531814,11
2026-01-02T19:37:00Z,3218.03736544,3219.03284338,3215.32567083,3216.32061769,2900.17625686,290
2026-01-02T19:38:00Z,3216.32061769,3218.61055398,3216.07129792,3218.36107604,4677.06028470,467
2026-01-02T19:39:00Z,3218.36107604,3218.92635178,3216.24669494,3216.81169855,2691.20545969,269
2026-01-02T19:40:00Z,3216.81169855,3221.28947746,3215.08780331,3219.56410720,6008.97025965,600
2026-01-02T19:41:00Z,3219.56410720,3220.81851098,3214.83415991,3216.08720902,3741.57929601,374
2026-01-02T19:42:00Z,3216.08720902,3216.48172827,3215.42422982,3215.81871613,840.25364161,84
2026-01-02T19:43:00Z,3215.81871613,3216.33052617,3214.48714497,3214.99882453,1476.60578898,147
2026-01-02T19:44:00Z,3214.99882453,3216.67964484,3209.88834711,3211.56737344,3402.18097253,340
2026-01-02T19:45:00Z,3211.56737344,3214.53638258,3210.22332619,3213.19165557,5920.04534814,592
2026-01-02T19:46:00Z,3213.19165557,3214.38847379,3209.20283536,3210.39861326,7537.67558811,753
2026-01-02T19:47:00Z,3210.39861326,3215.20558397,3202.64145586,3207.44400259,1251.39137232,125
2026-01-02T19:48:00Z,3207.44400259,3210.22477818,3200.50843578,3203.28560614,5142.70036095,514
2026-01-02T19:49:00Z,3203.28560614,3203.56905119,3201.10059356,3201.38387033,2753.85177667,275
2026-01-02T19:50:00Z,3201.38387033,3203.76434974,3201.10053029,3203.48082411,1540.84434325,154
2026-01-02T19:51:00Z,3203.48082411,3205.81210169,3199.36088936,3201.69086432,7060.56383256,706
2026-01-02T19:52:00Z,3201.69086432,3207.92551521,3196.56421928,3202.79709883,2093.81897577,209
2026-01-02T19:53:00Z,3202.79709883,3203.33558320,3201.00540607,3201.54367970,1868.59227756,186
2026-01-02T19:54:00Z,3201.54367970,3202.61456103,3201.35359649,3202.42442553,1544.55728606,154
2026-01-02T19:55:00Z,3202.42442553,3205.47544744,3200.99603821,3204.04633670,2990.59470822,299
2026-01-02T19:56:00Z,3204.04633670,3207.90018648,3203.28671342,3207.13982979,3643.44830081,364
2026-01-02T19:57:00Z,3207.13982979,3211.31331991,3206.05810486,3210.23055253,1237.92238339,123
2026-01-02T19:58:00Z,3210.23055253,3216.37731753,3208.23295625,3214.37714099,9723.72633121,972
2026-01-02T19:59:00Z,3214.37714099,3218.56767258,3208.10781302,3212.29563099,8989.08795066,898
2026-01-02T20:00:00Z,3212.29563099,3214.58024536,3210.27523726,3212.55968555,793.50498516,79
2026-01-02T20:01:00Z,3212.55968555,3212.94565880,3209.93147496,3210.31717878,1460.76498809,146
2026-01-02T20:02:00Z,3210.31717878,3214.58497214,3207.20292771,3211.46960314,6773.30155242,677
2026-01-02T20:03:00Z,3211.46960314,3211.67165759,3208.03510693,3208.23695800,2955.72435144,295
2026-01-02T20:04:00Z,3208.23695800,3209.58126041,3206.27314132,3207.61718404,506.60687289,50
2026-01-02T20:05:00Z,3207.61718404,3207.68701318,3205.31249039,3205.38227087,5176.65741839,517
2026-01-02T20:06:00Z,3205.38227087,3209.79298372,3202.82139629,3207.23063243,5826.89401188,582
2026-01-02T20:07:00Z,3207.23063243,3209.49416031,3206.74669286,3209.00995226,1591.85144458,159
2026-01-02T20:08:00Z,3209.00995226,3209.86177879,3208.19816432,3209.04998072,634.07008410,63
2026-01-02T20:09:00Z,3209.04998072,3209.98863167,3208.33205107,3209.27065264,687.85617957,68
2026-01-02T20:10:00Z,3209.27065264,3212.17063969,3203.90212029,3206.79987467,2442.87164335,244
2026-01-02T20:11:00Z,3206.79987467,3211.23326392,3201.40442576,3205.83648312,433.30705107,43
2026-01-02T20:12:00Z,3205.83648312,3210.21481406,3205.10561262,3209.48311219,3674.71515807,367
2026-01-02T20:13:00Z,3209.48311219,3210.81439873,3204.79251462,3206.12240714,2434.77801354,243
2026-01-02T20:14:00Z,3206.12240714,3207.11722804,3201.36502555,3202.35867861,3395.49380418,339
2026-01-02T20:15:00Z,3202.35867861,3203.22128455,3199.98945400,3200.85165399,4307.65207876,430
2026-01-02T20:16:00Z,3200.85165399,3204.05250494,3200.52007673,3203.72063047,813.98100570,81
2026-01-02T20:17:00Z,3203.72063047,3205.20158679,3203.53962560,3205.02050847,1017.93323412,101
2026-01-02T20:18:00Z,3205.02050847,3209.82062724,3201.34837641,3206.14720427,2454.73681986,245
2026-01-02T20:19:00Z,3206.14720427,3210.00019619,3203.91660309,3207.76846705,3809.32512052,380
2026-01-02T20:20:00Z,3207.76846705,3209.54149660,3207.64237241,3209.41533723,1191.06025925,119
2026-01-02T20:21:00Z,3209.41533723,3214.94929203,3207.24070984,3212.77238998,971.91013394,97
2026-01-02T20:22:00Z,3212.77238998,3215.73437396,3210.79854860,3213.75992586,1249.36125516,124
2026-01-02T20:23:00Z,3213.75992586,3214.93560681,3213.19257602,3214.36814960,340.17752075,34
2026-01-02T20:24:00Z,3214.36814960,3216.14110303,3211.62845825,3213.40087816,1878.64782427,187
2026-01-02T20:25:00Z,3213.40087816,3216.59636561,3212.34381416,3215.53859840,1549.71145140,154
2026-01-02T20:26:00Z,3215.53859840,3217.31958763,3212.68699650,3214.46739243,1185.94959092,118
2026-01-02T20:27:00Z,3214.46739243,3218.26160487,3211.63685677,3215.43022139,3836.75481767,383
2026-01-02T20:28:00Z,3215.43022139,3220.96368592,3212.86864897,3218.39974783,3592.36741386,359
2026-01-02T20:29:00Z,3218.39974783,3219.79200240,3218.32007446,3219.71229654,786.78413733,78
2026-01-02T20:30:00Z,3219.71229654,3222.16198081,3213.35439546,3215.80110394,1866.09902740,186
2026-01-02T20:31:00Z,3215.80110394,3216.46925226,3213.10872002,3213.77644769,1271.08617521,127
2026-01-02T20:32:00Z,3213.77644769,3214.59557187,3213.18454875,3214.00363110,510.76643111,51
2026-01-02T20:33:00Z,3214.00363110,3214.52931624,3211.66469789,3212.19008641,2449.21017252,244
2026-01-02T20:34:00Z,3212.19008641,3213.47274606,3211.61688674,3212.89941982,745.39413133,74
2026-01-02T20:35:00Z,3212.89941982,3214.98694719,3211.65546182,3213.74266271,4693.28561054,469
2026-01-02T20:36:00Z,3213.74266271,3213.99132218,3213.70088195,3213.94953874,586.91430758,58
2026-01-02T20:37:00Z,3213.94953874,3217.86172310,3212.76533982,3216.67651941,4749.81033762,474
2026-01-02T20:38:00Z,3216.67651941,3218.50088969,3212.61985105,3214.44295455,2119.82448136,211
2026-01-02T20:39:00Z,3214.44295455,3220.39406719,3207.63520614,3213.58472989,871.57829914,87
2026-01-02T20:40:00Z,3213.58472989,3215.14771444,3212.85406913,3214.41686448,3491.64609855,349
2026-01-02T20:41:00Z,3214.41686448,3215.90254820,3213.09718659,3214.58280218,753.10681696,75
2026-01-02T20:42:00Z,3214.58280218,3215.92067279,3214.22587403,3215.56363573,1403.66451441,140
2026-01-02T20:43:00Z,3215.56363573,3215.72129168,3213.54458483,3213.70214952,1127.98968453,112
2026-01-02T20:44:00Z,3213.70214952,3216.54825998,3210.78535256,3213.63140036,264.62029160,26
2026-01-02T20:45:00Z,3213.63140036,3213.94924207,3208.51244544,3208.82981224,2218.14271045,221
2026-01-02T20:46:00Z,3208.82981224,3210.81686675,3207.19179407,3209.17867049,1326.32179466,132
2026-01-02T20:47:00Z,3209.17867049,3211.77374830,3208.19739504,3210.79197955,3296.96576196,329
2026-01-02T20:48:00Z,3210.79197955,3213.44081264,3209.90396778,3212.55231401,533.47309439,53
2026-01-02T20:49:00Z,3212.55231401,3212.69395119,3207.91600619,3208.05744520,431.57521483,43
2026-01-02T20:50:00Z,3208.05744520,3211.59773906,3205.91042094,3209.44978297,1830.56892018,183
2026-01-02T20:51:00Z,3209.44978297,3213.68846562,3207.64223904,3211.87955326,7737.67260675,773
2026-01-02T20:52:00Z,3211.87955326,3212.60625314,3208.18163513,3208.90766261,1025.82392235,102
2026-01-02T20:53:00Z,3208.90766261,3208.93617169,3207.26239406,3207.29088878,1310.26922066,131
2026-01-02T20:54:00Z,3207.29088878,3208.00845800,3205.88174932,3206.59916379,1785.46918774,178
2026-01-02T20:55:00Z,3206.59916379,3207.63217793,3203.69268947,3204.72509988,1602.76441976,160
2026-01-02T20:56:00Z,3204.72509988,3212.07173664,3202.91647824,3210.25999132,1402.93117314,140
2026-01-02T20:57:00Z,3210.25999132,3212.97170243,3208.33476586,3211.04600560,6677.41515597,667
2026-01-02T20:58:00Z,3211.04600560,3211.47052838,3209.24105480,3209.66539506,1757.14591474,175
2026-01-02T20:59:00Z,3209.66539506,3210.87954494,3205.10727502,3206.32015947,3419.98586376,341
2026-01-02T21:00:00Z,3206.32015947,3207.68345919,3204.64766287,3206.01083106,634.29981507,63
2026-01-02T21:01:00Z,3206.01083106,3209.83130099,3204.55631127,3208.37570828,4002.67435175,400
2026-01-02T21:02:00Z,3208.37570828,3208.78266880,3207.68065876,3208.08758274,1063.17299995,106
2026-01-02T21:03:00Z,3208.08758274,3209.69096311,3205.12460667,3206.72730719,820.30170780,82
2026-01-02T21:04:00Z,3206.72730719,3210.91734754,3204.19800469,3208.38673617,1704.12377244,170
2026-01-02T21:05:00Z,3208.38673617,3209.39669146,3208.37272098,3209.38267192,2488.88330415,248
2026-01-02T21:06:00Z,3209.38267192,3213.15123063,3207.46598365,3211.23343706,3242.18655301,324
2026-01-02T21:07:00Z,3211.23343706,3212.07743485,3209.06166072,3209.90530943,148.67475728,14
2026-01-02T21:08:00Z,3209.90530943,3215.71409415,3206.01569833,3211.82216030,3099.97474592,309
2026-01-02T21:09:00Z,3211.82216030,3215.80647014,3210.50207703,3214.48529231,170.25870451,17
2026-01-02T21:10:00Z,3214.48529231,3216.60611158,3210.98872931,3213.10864032,3409.56930173,340
2026-01-02T21:11:00Z,3213.10864032,3217.32134869,3209.85949495,3214.07122993,183.31637209,18
2026-01-02T21:12:00Z,3214.07122993,3215.53455966,3212.35030834,3213.81352074,1355.35239745,135
2026-01-02T21:13:00Z,3213.81352074,3215.30717360,3211.58066911,3213.07397826,1118.92623983,111
2026-01-02T21:14:00Z,3213.07397826,3215.11609299,3211.71077526,3213.75260207,1271.70644784,127
2026-01-02T21:15:00Z,3213.75260207,3214.73442460,3211.63777399,3212.61925027,1345.03120712,134
2026-01-02T21:16:00Z,3212.61925027,3213.62948683,3212.27673777,3213.28690315,240.49837657,24
2026-01-02T21:17:00Z,3213.28690315,3215.55020329,3212.53610791,3214.79905473,506.16499494,50
2026-01-02T21:18:00Z,3214.79905473,3218.31133775,3208.85184997,3212.36146984,704.63100878,70
2026-01-02T21:19:00Z,3212.36146984,3213.70686604,3206.61690994,3207.96046291,2991.38185055,299
2026-01-02T21:20:00Z,3207.96046291,3210.29849960,3205.40715500,3207.74503468,3128.42380268,312
2026-01-02T21:21:00Z,3207.74503468,3212.07363125,3205.85051008,3210.17766991,697.92950540,69
2026-01-02T21:22:00Z,3210.17766991,3215.88551987,3208.10917916,3213.81468560,8819.69516811,881
2026-01-02T21:23:00Z,3213.81468560,3216.88053833,3210.12650670,3213.19176519,2071.49640102,207
2026-01-02T21:24:00Z,3213.19176519,3214.79657854,3209.76599527,3211.36989870,6913.07467598,691
2026-01-02T21:25:00Z,3211.36989870,3213.63114802,3211.34848364,3213.60971802,3910.22701563,391
2026-01-02T21:26:00Z,3213.60971802,3216.32984977,3207.96630967,3210.68396494,1529.18093724,152
2026-01-02T21:27:00Z,3210.68396494,3211.60657192,3207.68149900,3208.60350815,1003.08095666,100
2026-01-02T21:28:00Z,3208.60350815,3209.60418334,3207.33458270,3208.33517421,980.02299939,98
2026-01-02T21:29:00Z,3208.33517421,3211.86458247,3200.39673952,3203.92129218,2583.67774936,258
2026-01-02T21:30:00Z,3203.92129218,3204.26241693,3199.01195785,3199.35259617,8114.66952156,811
2026-01-02T21:31:00Z,3199.35259617,3201.17838441,3199.14184821,3200.96753008,751.53656497,75
2026-01-02T21:32:00Z,3200.96753008,3203.54542027,3198.03919754,3200.61680527,689.31788309,68
2026-01-02T21:33:00Z,3200.61680527,3207.84581490,3196.73401871,3203.95897383,919.66641262,91
2026-01-02T21:34:00Z,3203.95897383,3205.34662167,3203.80830539,3205.19589506,6375.38469166,637
2026-01-02T21:35:00Z,3205.19589506,3205.44922359,3203.44298674,3203.69619673,5147.27384514,514
2026-01-02T21:36:00Z,3203.69619673,3207.35248850,3200.12934275,3203.78553506,427.25043770,42
2026-01-02T21:37:00Z,3203.78553506,3207.81750129,3201.45856919,3205.48929795,2982.92828385,298
2026-01-02T21:38:00Z,3205.48929795,3208.32160354,3199.06419443,3201.89332269,2189.50506094,218
2026-01-02T21:39:00Z,3201.89332269,3202.16157394,3200.03687110,3200.30498928,6252.75995929,625
2026-01-02T21:40:00Z,3200.30498928,3202.87890337,3197.12550297,3199.69892963,533.80036711,53
2026-01-02T21:41:00Z,3199.69892963,3205.22724332,3195.90479527,3201.43105505,1957.52250133,195
2026-01-02T21:42:00Z,3201.43105505,3203.24079585,3201.15470831,3202.96431676,4516.67637087,451
2026-01-02T21:43:00Z,3202.96431676,3206.57206550,3202.52555204,3206.13286673,2906.76923965,290
2026-01-02T21:44:00Z,3206.13286673,3210.21430640,3201.68732392,3205.76829949,973.63121322,97
2026-01-02T21:45:00Z,3205.76829949,3208.62408168,3203.17074802,3206.02632115,2105.85741713,210
2026-01-02T21:46:00Z,3206.02632115,3207.39973917,3205.74168323,3207.11500460,668.88558209,66
2026-01-02T21:47:00Z,3207.11500460,3207.31323040,3203.57043312,3203.76845208,9089.82727351,908
2026-01-02T21:48:00Z,3203.76845208,3206.08171822,3202.94637908,3205.25926269,2624.11903049,262
2026-01-02T21:49:00Z,3205.25926269,3205.63189886,3201.85348743,3202.22577093,2840.49980965,284
2026-01-02T21:50:00Z,3202.22577093,3203.36891424,3196.55492698,3197.69645339,5660.70565526,566
2026-01-02T21:51:00Z,3197.69645339,3202.62414421,3193.80536007,3198.73179105,4239.87897452,423
2026-01-02T21:52:00Z,3198.73179105,3202.74110017,3195.75666763,3199.76501576,1849.17410800,184
2026-01-02T21:53:00Z,3199.76501576,3201.46459376,3199.16354489,3200.86291651,1768.42553543,176
2026-01-02T21:54:00Z,3200.86291651,3204.65808494,3200.16338835,3203.95788040,3961.80687325,396
2026-01-02T21:55:00Z,3203.95788040,3205.89151480,3202.64673890,3204.58011866,2932.02541315,293
2026-01-02T21:56:00Z,3204.58011866,3205.51712389,3203.22165002,3204.15853197,1003.31159269,100
2026-01-02T21:57:00Z,3204.15853197,3206.39210119,3203.60814921,3205.84142936,1715.00054745,171
2026-01-02T21:58:00Z,3205.84142936,3206.09433166,3204.66302039,3204.91584968,7478.25217793,747
2026-01-02T21:59:00Z,3204.91584968,3208.14155998,3200.19926029,3203.42346853,2649.35210087,264
2026-01-02T22:00:00Z,3203.42346853,3208.86047907,3199.95662900,3205.39150967,7624.45739746,762
2026-01-02T22:01:00Z,3205.39150967,3209.61238667,3203.12672990,3207.34622578,1006.15381306,100
2026-01-02T22:02:00Z,3207.34622578,3209.32710679,3206.75812379,3208.73874946,6399.93862304,639
2026-01-02T22:03:00Z,3208.73874946,3211.76230297,3203.22258732,3206.24378986,7978.88642296,797
2026-01-02T22:04:00Z,3206.24378986,3209.03727991,3198.70649159,3201.49584492,16287.66776688,1628
2026-01-02T22:05:00Z,3201.49584492,3202.11001368,3198.22471682,3198.83837577,3715.12670666,371
2026-01-02T22:06:00Z,3198.83837577,3201.49640902,3193.06304476,3195.71848557,2159.27724620,215
2026-01-02T22:07:00Z,3195.71848557,3197.69121593,3194.71033150,3196.68275765,3845.56208879,384
2026-01-02T22:08:00Z,3196.68275765,3197.91373139,3195.05104361,3196.28186297,2824.03077574,282
2026-01-02T22:09:00Z,3196.28186297,3197.74535732,3194.53786410,3196.00122996,2653.36313636,265
2026-01-02T22:10:00Z,3196.00122996,3198.12420385,3190.74094732,3192.86183584,1275.20930316,127
2026-01-02T22:11:00Z,3192.86183584,3192.91642155,3190.73299455,3190.78754480,2680.89232922,268
2026-01-02T22:12:00Z,3190.78754480,3193.97443155,3189.38446003,3192.57056274,312.93703401,31
2026-01-02T22:13:00Z,3192.57056274,3197.49433136,3189.52933834,3194.45131536,3062.30598908,306
2026-01-02T22:14:00Z,3194.45131536,3198.65189649,3191.49090719,3195.69034007,6549.26339766,654
2026-01-02T22:15:00Z,3195.69034007,3197.21427084,3188.75889115,3190.28024200,1524.88720561,152
2026-01-02T22:16:00Z,3190.28024200,3192.42740251,3188.49097201,3190.63793191,392.52659933,39
2026-01-02T22:17:00Z,3190.63793191,3193.19047435,3187.56128052,3190.11340333,1230.02641617,123
2026-01-02T22:18:00Z,3190.11340333,3191.44531500,3187.47735568,3188.80872263,3398.08943930,339
2026-01-02T22:19:00Z,3188.80872263,3190.92623498,3184.58703258,3186.70314673,5101.16830442,510
2026-01-02T22:20:00Z,3186.70314673,3188.53588274,3182.76233783,3184.59386074,6554.46741263,655
2026-01-02T22:21:00Z,3184.59386074,3186.21440418,3179.77821144,3181.39712815,2165.65415610,216
2026-01-02T22:22:00Z,3181.39712815,3183.02781545,3179.84781795,3181.47846563,1779.90020286,177
2026-01-02T22:23:00Z,3181.47846563,3181.61660129,3181.24639653,3181.38452811,1685.73930049,168
2026-01-02T22:24:00Z,3181.38452811,3181.51153445,3177.81021476,3177.93708348,5569.35875412,556
2026-01-02T22:25:00Z,3177.93708348,3180.00368747,3174.83068217,3176.89660954,1848.78169295,184
2026-01-02T22:26:00Z,3176.89660954,3177.76608714,3175.51526516,3176.38460263,2226.41023947,222
2026-01-02T22:27:00Z,3176.38460263,3179.40535243,3171.28488217,3174.30365299,1562.64471869,156
2026-01-02T22:28:00Z,3174.30365299,3174.60930376,3172.00666320,3172.31212221,2466.37498099,246
2026-01-02T22:29:00Z,3172.31212221,3174.12728851,3167.29388917,3169.10722166,3367.09666873,336
2026-01-02T22:30:00Z,3169.10722166,3170.73246512,3169.10135120,3170.72659166,4467.90179000,446
2026-01-02T22:31:00Z,3170.72659166,3171.47516401,3167.34042935,3168.08837885,2269.74165694,226
2026-01-02T22:32:00Z,3168.08837885,3169.23038883,3166.07321243,3167.21490754,1712.20120462,171
2026-01-02T22:33:00Z,3167.21490754,3169.26035603,3162.78346064,3164.82736721,7401.29734375,740
2026-01-02T22:34:00Z,3164.82736721,3165.20467424,3162.16611808,3162.54315279,2959.35396026,295
2026-01-02T22:35:00Z,3162.54315279,3165.83583170,3159.88080219,3163.17295090,2762.84535045,276
2026-01-02T22:36:00Z,3163.17295090,3165.64022397,3162.01440104,3164.48119495,4337.66226218,433
2026-01-02T22:37:00Z,3164.48119495,3165.73917411,3161.74805829,3163.00545080,2534.89330523,253
2026-01-02T22:38:00Z,3163.00545080,3166.53379435,3159.86450341,3163.39246264,1460.12398367,146
2026-01-02T22:39:00Z,3163.39246264,3164.73198198,3161.11651869,3162.45564133,4779.60385384,477
2026-01-02T22:40:00Z,3162.45564133,3163.53926338,3161.67236636,3162.75591403,4495.16209431,449
2026-01-02T22:41:00Z,3162.75591403,3163.01551874,3161.17176074,3161.43125672,1978.30180496,197
2026-01-02T22:42:00Z,3161.43125672,3161.50077350,3160.92382102,3160.99332817,2035.87410290,203
2026-01-02T22:43:00Z,3160.99332817,3162.17483487,3160.22336532,3161.40477180,831.66635094,83
2026-01-02T22:44:00Z,3161.40477180,3162.16906262,3160.20128309,3160.96546771,682.52662224,68
2026-01-02T22:45:00Z,3160.96546771,3162.68074157,3159.23849238,3160.95375989,899.59198832,89
2026-01-02T22:46:00Z,3160.95375989,3163.75335937,3159.06214598,3161.86120242,1543.11395138,154
2026-01-02T22:47:00Z,3161.86120242,3163.96685006,3161.16465300,3163.26999029,1098.18557150,109
2026-01-02T22:48:00Z,3163.26999029,3163.72285843,3162.42225853,3162.87507014,3764.59690059,376
2026-01-02T22:49:00Z,3162.87507014,3163.36250599,3161.57629647,3162.06360727,229.93321555,22
2026-01-02T22:50:00Z,3162.06360727,3162.88959545,3159.92874035,3160.75438653,1254.23814466,125
2026-01-02T22:51:00Z,3160.75438653,3162.91624507,3156.43755058,3158.59793416,3241.22197375,324
2026-01-02T22:52:00Z,3158.59793416,3160.10163506,3154.76197920,3156.26456926,3480.23688378,348
2026-01-02T22:53:00Z,3156.26456926,3158.24052925,3153.85207012,3155.82775664,906.93518569,90
2026-01-02T22:54:00Z,3155.82775664,3158.25779619,3154.58638782,3157.01595998,1517.37348653,151
2026-01-02T22:55:00Z,3157.01595998,3157.86650316,3155.04209216,3155.89233262,6696.71585070,669
2026-01-02T22:56:00Z,3155.89233262,3155.98633144,3154.08550643,3154.17945423,8834.81106639,883
2026-01-02T22:57:00Z,3154.17945423,3154.32767802,3151.44426837,3151.59237058,12708.09872959,1270
2026-01-02T22:58:00Z,3151.59237058,3152.62070609,3151.13360617,3152.16185878,218.41117363,21
2026-01-02T22:59:00Z,3152.16185878,3155.18123961,3149.99132909,3153.01012582,2981.50305331,298
2026-01-02T23:00:00Z,3153.01012582,3155.32377360,3152.96283537,3155.27644916,3026.81898375,302
2026-01-02T23:01:00Z,3155.27644916,3155.40501444,3154.62825147,3154.75679558,2006.81058294,200
2026-01-02T23:02:00Z,3154.75679558,3155.54093435,3153.31906165,3154.10303793,792.81194589,79
2026-01-02T23:03:00Z,3154.10303793,3156.00666573,3145.48975971,3147.38933553,5399.96893371,539
2026-01-02T23:04:00Z,3147.38933553,3158.56223081,3138.46514239,3149.63167968,2652.67486177,265
2026-01-02T23:05:00Z,3149.63167968,3151.52109897,3144.39362306,3146.28103235,1507.93145415,150
2026-01-02T23:06:00Z,3146.28103235,3147.26489326,3137.55076819,3138.53220599,2398.33995631,239
2026-01-02T23:07:00Z,3138.53220599,3146.15635461,3120.30262488,3127.90094796,9827.39840704,982
2026-01-02T23:08:00Z,3127.90094796,3132.18695798,3119.19015866,3123.47009731,585.27214275,58
2026-01-02T23:09:00Z,3123.47009731,3128.45539866,3119.80711101,3124.79086345,1031.11285680,103
2026-01-02T23:10:00Z,3124.79086345,3138.05559889,3121.95940220,3135.21469231,1743.85121504,174
2026-01-02T23:11:00Z,3135.21469231,3161.58087541,3129.04308258,3155.36959115,1721.65762790,172
2026-01-02T23:12:00Z,3155.36959115,3159.09616240,3142.33000868,3146.04556802,4968.24693076,496
2026-01-02T23:13:00Z,3146.04556802,3163.96167925,3137.58880527,3155.47955736,363.81774057,36
2026-01-02T23:14:00Z,3155.47955736,3175.69942812,3146.58063536,3166.76866915,4347.67422221,434
2026-01-02T23:15:00Z,3166.76866915,3176.27982329,3160.63546620,3170.14009078,2530.79904778,253
2026-01-02T23:16:00Z,3170.14009078,3176.18757789,3159.43444165,3165.47302568,6112.63821817,611
2026-01-02T23:17:00Z,3165.47302568,3177.15804946,3164.25068948,3175.93167468,4114.75873440,411
2026-01-02T23:18:00Z,3175.93167468,3182.91973378,3161.65103102,3168.62300873,1088.47897115,108
2026-01-02T23:19:00Z,3168.62300873,3191.90785213,3156.70124407,3179.94349478,2327.92721868,232
2026-01-02T23:20:00Z,3179.94349478,3196.19602056,3168.38407947,3184.61960711,4814.55406889,481
2026-01-02T23:21:00Z,3184.61960711,3187.92602742,3184.13113799,3187.43712614,1924.71428808,192
2026-01-02T23:22:00Z,3187.43712614,3191.11872238,3181.91966736,3185.59914067,1165.82332206,116
2026-01-02T23:23:00Z,3185.59914067,3192.05713084,3175.26612413,3181.71624271,1730.76697054,173
2026-01-02T23:24:00Z,3181.71624271,3190.87857377,3172.22646898,3181.38785438,541.82333972,54
2026-01-02T23:25:00Z,3181.38785438,3188.67066439,3179.56863613,3186.84832368,1470.94958320,147
2026-01-02T23:26:00Z,3186.84832368,3194.47989463,3166.81403139,3174.41583016,7868.76337736,786
2026-01-02T23:27:00Z,3174.41583016,3179.93461679,3152.38765589,3157.87769063,8454.26720658,845
2026-01-02T23:28:00Z,3157.87769063,3158.55764901,3156.31548041,3156.99524879,4835.99788239,483
2026-01-02T23:29:00Z,3156.99524879,3182.16312628,3153.76647986,3178.91194239,3159.15744462,315
2026-01-02T23:30:00Z,3178.91194239,3179.34054553,3178.47470878,3178.90331075,787.93021200,78
2026-01-02T23:31:00Z,3178.90331075,3179.34350843,3178.32665746,3178.76683624,1345.35235466,134
2026-01-02T23:32:00Z,3178.76683624,3179.23397472,3176.12197351,3176.58879191,1204.09067745,120
2026-01-02T23:33:00Z,3176.58879191,3177.34199680,3174.94395493,3175.69694835,1102.95672829,110
2026-01-02T23:34:00Z,3175.69694835,3177.04316450,3174.25159962,3175.59777372,2431.20805093,243
2026-01-02T23:35:00Z,3175.59777372,3177.00346893,3174.47541992,3175.88101502,775.99572687,77
2026-01-02T23:36:00Z,3175.88101502,3176.69896299,3175.73400428,3176.55192118,4094.18016551,409
2026-01-02T23:37:00Z,3176.55192118,3179.24806297,3175.83434466,3178.53003959,4472.96512890,447
2026-01-02T23:38:00Z,3178.53003959,3180.34411745,3175.79544640,3177.60899859,199.80909846,19
2026-01-02T23:39:00Z,3177.60899859,3178.66132683,3173.89693759,3174.94838471,6730.85898594,673
2026-01-02T23:40:00Z,3174.94838471,3175.98842743,3171.03170441,3172.07080450,9740.88751792,974
2026-01-02T23:41:00Z,3172.07080450,3174.54194081,3166.30499083,3168.77355848,5724.82921025,572
2026-01-02T23:42:00Z,3168.77355848,3170.35307371,3163.40681718,3164.98444367,8797.21513156,879
2026-01-02T23:43:00Z,3164.98444367,3167.25405660,3163.15718824,3165.42654593,2341.19763578,234
2026-01-02T23:44:00Z,3165.42654593,3165.65878133,3165.20790932,3165.44014378,4412.55366176,441
2026-01-02T23:45:00Z,3165.44014378,3167.93385002,3165.11196289,3167.60544464,10660.33977004,1066
2026-01-02T23:46:00Z,3167.60544464,3167.84364687,3165.72210447,3165.96018297,616.63156122,61
2026-01-02T23:47:00Z,3165.96018297,3169.58872972,3164.74036203,3168.36798107,5342.25469609,534
2026-01-02T23:48:00Z,3168.36798107,3169.86799812,3167.56251393,3169.06235445,1734.14848637,173
2026-01-02T23:49:00Z,3169.06235445,3170.28013204,3164.11745125,3165.33379607,5506.61302447,550
2026-01-02T23:50:00Z,3165.33379607,3168.95818283,3163.56550725,3167.18885770,4371.18923106,437
2026-01-02T23:51:00Z,3167.18885770,3170.21841384,3165.47336258,3168.50220734,158.06438248,15
2026-01-02T23:52:00Z,3168.50220734,3171.55853198,3167.29793268,3170.35355366,3546.90127406,354
2026-01-02T23:53:00Z,3170.35355366,3177.79108741,3167.54189776,3174.97533264,3368.62992372,336
2026-01-02T23:54:00Z,3174.97533264,3178.92666452,3173.47736740,3177.42754232,167.64283704,16
2026-01-02T23:55:00Z,3177.42754232,3177.71858000,3175.49303497,3175.78392210,1737.87641100,173
2026-01-02T23:56:00Z,3175.78392210,3178.02296133,3174.32596669,3176.56464751,860.02609716,86
2026-01-02T23:57:00Z,3176.56464751,3178.08844304,3172.78680264,3174.30951639,1812.25178018,181
2026-01-02T23:58:00Z,3174.30951639,3175.82054491,3170.27106299,3171.78088785,4880.00664608,488
2026-01-02T23:59:00Z,3171.78088785,3175.65286492,3170.14748227,3174.01830711,1644.02950710,164
2026-01-03T00:00:00Z,3174.01830711,3180.30897751,3172.36285393,3178.65110803,3318.16618799,331
2026-01-03T00:01:00Z,3178.65110803,3181.73421315,3177.40143157,3180.48381616,2880.94998143,288
2026-01-03T00:02:00Z,3180.48381616,3182.02183348,3179.36524335,3180.90311321,1106.80153419,110
2026-01-03T00:03:00Z,3180.90311321,3184.62734305,3172.79225890,3176.51134682,1446.36510720,144
2026-01-03T00:04:00Z,3176.51134682,3181.55361496,3175.70892201,3180.75011938,4786.68550486,478
2026-01-03T00:05:00Z,3180.75011938,3181.16107129,3178.16618827,3178.57685941,545.89128608,54
2026-01-03T00:06:00Z,3178.57685941,3180.10831753,3175.48102505,3177.01172909,1323.26393559,132
2026-01-03T00:07:00Z,3177.01172909,3180.23949869,3174.52202095,3177.74921261,1156.69179397,115
2026-01-03T00:08:00Z,3177.74921261,3182.17995562,3175.68010426,3180.10931055,4340.91740894,434
2026-01-03T00:09:00Z,3180.10931055,3182.29368564,3176.26677653,3178.45001187,2136.42824607,213
2026-01-03T00:10:00Z,3178.45001187,3179.62906434,3176.40517525,3177.58390643,1410.74033502,141
2026-01-03T00:11:00Z,3177.58390643,3184.07430457,3173.60835494,3180.09561062,6673.22902679,667
2026-01-03T00:12:00Z,3180.09561062,3182.61729750,3179.69207154,3182.21348966,1830.97518496,183
2026-01-03T00:13:00Z,3182.21348966,3188.62679078,3180.79046749,3187.20153805,1176.74677475,117
2026-01-03T00:14:00Z,3187.20153805,3187.91521452,3184.80465368,3185.51795316,809.60665478,80
2026-01-03T00:15:00Z,3185.51795316,3186.96347645,3185.17371460,3186.61911889,905.71059031,90
2026-01-03T00:16:00Z,3186.61911889,3192.94015927,3184.83671550,3191.15521866,3270.47325709,327
2026-01-03T00:17:00Z,3191.15521866,3197.45406729,3189.31558859,3195.61186806,2252.16457234,225
2026-01-03T00:18:00Z,3195.61186806,3198.97180271,3193.91895404,3197.27800603,906.21440396,90
2026-01-03T00:19:00Z,3197.27800603,3199.88927960,3196.90445139,3199.51546355,3568.80535544,356
2026-01-03T00:20:00Z,3199.51546355,3202.54379106,3197.71217712,3200.73981457,380.10261664,38
2026-01-03T00:21:00Z,3200.73981457,3204.75009371,3195.45645666,3199.46513872,1194.04713986,119
2026-01-03T00:22:00Z,3199.46513872,3204.01422017,3197.87996672,3202.42758042,1347.36639104,134
2026-01-03T00:23:00Z,3202.42758042,3206.74807848,3198.37645822,3202.69661595,380.62094910,38
2026-01-03T00:24:00Z,3202.69661595,3203.99458343,3202.06441673,3203.36225282,2809.04396977,280
2026-01-03T00:25:00Z,3203.36225282,3203.40945598,3201.86853981,3201.91572166,4246.58175168,424
2026-01-03T00:26:00Z,3201.91572166,3202.09155098,3199.85921026,3200.03493631,3793.44591703,379
2026-01-03T00:27:00Z,3200.03493631,3200.07968579,3197.92230020,3197.96702077,3473.00638120,347
2026-01-03T00:28:00Z,3197.96702077,3201.58604324,3197.74085051,3201.35963304,1026.21453908,102
2026-01-03T00:29:00Z,3201.35963304,3202.70547285,3197.96558162,3199.31056001,3506.19244233,350
2026-01-03T00:30:00Z,3199.31056001,3205.36711044,3197.26198801,3203.31597371,515.00084216,51
2026-01-03T00:31:00Z,3203.31597371,3204.99460606,3202.03787907,3203.71635167,1744.63864775,174
2026-01-03T00:32:00Z,3203.71635167,3204.78868785,3198.98404798,3200.05515870,1974.47289713,197
2026-01-03T00:33:00Z,3200.05515870,3206.39237422,3199.19943001,3205.53518011,10444.33773433,1044
2026-01-03T00:34:00Z,3205.53518011,3207.70972257,3198.92320623,3201.09473642,9212.81296485,921
2026-01-03T00:35:00Z,3201.09473642,3202.88391600,3195.04230661,3196.82910201,13640.47002524,1364
2026-01-03T00:36:00Z,3196.82910201,3199.87694640,3191.75564238,3194.80155372,3646.82120822,364
2026-01-03T00:37:00Z,3194.80155372,3198.59079733,3194.03143218,3197.81994819,2334.09001838,233
2026-01-03T00:38:00Z,3197.81994819,3201.01233693,3190.20381631,3193.39178440,8757.01181232,875
2026-01-03T00:39:00Z,3193.39178440,3196.07741223,3187.87381374,3190.55705758,2536.30678506,253
2026-01-03T00:40:00Z,3190.55705758,3191.78166219,3188.55976734,3189.78407527,2431.46751117,243
2026-01-03T00:41:00Z,3189.78407527,3191.19434913,3185.49656452,3186.90556573,3292.91930144,329
2026-01-03T00:42:00Z,3186.90556573,3190.31672454,3184.31866725,3187.72915753,1753.59906433,175
2026-01-03T00:43:00Z,3187.72915753,3188.24262012,3183.24823540,3183.76105883,6239.20811143,623
2026-01-03T00:44:00Z,3183.76105883,3186.38740090,3182.97708733,3185.60297585,238.27724001,23
2026-01-03T00:45:00Z,3185.60297585,3188.61443858,3180.02152754,3183.03055847,2744.14298688,274
2026-01-03T00:46:00Z,3183.03055847,3183.19849635,3181.48932261,3181.65718803,1306.74866973,130
2026-01-03T00:47:00Z,3181.65718803,3183.08112983,3176.69095433,3178.11331008,3989.07457349,398
2026-01-03T00:48:00Z,3178.11331008,3180.16771182,3172.61914118,3174.67131795,5255.48540731,525
2026-01-03T00:49:00Z,3174.67131795,3181.00035649,3171.25274567,3177.57865351,4424.88722853,442
2026-01-03T00:50:00Z,3177.57865351,3179.16739063,3174.62253276,3176.21058587,2573.48039838,257
2026-01-03T00:51:00Z,3176.21058587,3176.76265898,3174.13300349,3174.68481140,3539.02672554,353
2026-01-03T00:52:00Z,3174.68481140,3180.05172657,3171.30543944,3176.67024117,2169.47629172,216
2026-01-03T00:53:00Z,3176.67024117,3179.37829658,3171.76317952,3174.46935871,152.35868206,15
2026-01-03T00:54:00Z,3174.46935871,3177.08200038,3172.58264045,3175.19485094,2655.33274558,265
2026-01-03T00:55:00Z,3175.19485094,3175.26643955,3173.66469864,3173.73625437,1655.88565923,165
2026-01-03T00:56:00Z,3173.73625437,3173.88181638,3171.93536354,3172.08084962,2132.03057481,213
2026-01-03T00:57:00Z,3172.08084962,3174.15597250,3169.74784539,3171.82279945,1615.84883433,161
2026-01-03T00:58:00Z,3171.82279945,3174.79049320,3169.61847898,3172.58564257,4515.74172407,451
2026-01-03T00:59:00Z,3172.58564257,3182.12291125,3168.38882313,3177.91903659,8943.32231661,894
2026-01-03T01:00:00Z,3177.91903659,3181.01373250,3174.39244679,3177.48672171,5708.48807460,570
2026-01-03T01:01:00Z,3177.48672171,3179.04258245,3175.45399290,3177.00962003,106.98073123,10
2026-01-03T01:02:00Z,3177.00962003,3178.94003268,3171.21753349,3173.14559829,6799.68283491,679
2026-01-03T01:03:00Z,3173.14559829,3175.04320946,3169.99140546,3171.88826472,1896.77487026,189
2026-01-03T01:04:00Z,3171.88826472,3174.29321098,3167.18469674,3169.58789885,2014.33272448,201
2026-01-03T01:05:00Z,3169.58789885,3173.34750594,3163.85762762,3167.61489443,534.63843603,53
2026-01-03T01:06:00Z,3167.61489443,3170.19146008,3165.81222110,3168.38834658,7215.97541827,721
2026-01-03T01:07:00Z,3168.38834658,3173.52976054,3165.38284881,3170.52223858,1952.06335442,195
2026-01-03T01:08:00Z,3170.52223858,3171.77886361,3169.19052736,3170.44712262,589.82466426,58
2026-01-03T01:09:00Z,3170.44712262,3171.51167783,3167.49349883,3168.55741953,755.79611993,75
2026-01-03T01:10:00Z,3168.55741953,3171.07327569,3167.84937310,3170.36482538,5700.37379434,570
2026-01-03T01:11:00Z,3170.36482538,3171.61153634,3168.09805804,3169.34436772,821.09621218,82
2026-01-03T01:12:00Z,3169.34436772,3171.52089096,3167.61850007,3169.79477804,2772.02506344,277
2026-01-03T01:13:00Z,3169.79477804,3173.17208558,3165.13491593,3168.51085550,6859.64187957,685
2026-01-03T01:14:00Z,3168.51085550,3171.05914384,3167.63069604,3170.17852113,1192.93010205,119
2026-01-03T01:15:00Z,3170.17852113,3171.20894627,3169.18772055,3170.21813331,2453.11921897,245
2026-01-03T01:16:00Z,3170.21813331,3170.56764392,3168.10797462,3168.45729110,5085.72866666,508
2026-01-03T01:17:00Z,3168.45729110,3169.77470101,3163.29766822,3164.61347992,822.66203820,82
2026-01-03T01:18:00Z,3164.61347992,3166.99696476,3163.52891386,3165.91195370,686.28217667,68
2026-01-03T01:19:00Z,3165.91195370,3169.37645454,3165.27596814,3168.73990089,3721.09538773,372
2026-01-03T01:20:00Z,3168.73990089,3172.68001208,3166.56307933,3170.50198003,2343.96032183,234
2026-01-03T01:21:00Z,3170.50198003,3172.23699308,3169.60567745,3171.34045345,531.47141464,53
2026-01-03T01:22:00Z,3171.34045345,3173.99140340,3167.01159871,3169.66114490,3310.46698598,331
2026-01-03T01:23:00Z,3169.66114490,3173.77395659,3169.01093952,3173.12304105,1503.74803232,150
2026-01-03T01:24:00Z,3173.12304105,3174.02044553,3170.27095958,3171.16781110,2636.27127889,263
2026-01-03T01:25:00Z,3171.16781110,3171.57078763,3169.80413599,3170.20699043,710.49252858,71
2026-01-03T01:26:00Z,3170.20699043,3174.11618106,3165.54551577,3169.45377762,1518.23264358,151
2026-01-03T01:27:00Z,3169.45377762,3173.23399147,3169.25974437,3173.03973869,3589.18215287,358
2026-01-03T01:28:00Z,3173.03973869,3175.86805911,3172.32837519,3175.15622112,3653.94126118,365
2026-01-03T01:29:00Z,3175.15622112,3179.37151896,3172.23248402,3176.44659366,3113.97402332,311
2026-01-03T01:30:00Z,3176.44659366,3176.47078398,3174.82596585,3174.85014401,1284.46494328,128
2026-01-03T01:31:00Z,3174.85014401,3178.04479784,3173.49022648,3176.68409475,4406.89829185,440
2026-01-03T01:32:00Z,3176.68409475,3176.92302788,3174.51855564,3174.75734385,1974.81270913,197
2026-01-03T01:33:00Z,3174.75734385,3176.71605440,3174.25628525,3176.21476578,2274.80345915,227
2026-01-03T01:34:00Z,3176.21476578,3176.78957148,3175.67696115,3176.25176059,2641.49717007,264
2026-01-03T01:35:00Z,3176.25176059,3179.07272678,3175.32820646,3178.14862111,2338.35181932,233
2026-01-03T01:36:00Z,3178.14862111,3179.01520947,3175.43429865,3176.30038305,4308.41993182,430
2026-01-03T01:37:00Z,3176.30038305,3178.12622825,3171.18205029,3173.00600178,4738.45341667,473
2026-01-03T01:38:00Z,3173.00600178,3174.74026901,3169.18344419,3170.91656940,4655.08679696,465
2026-01-03T01:39:00Z,3170.91656940,3174.54956961,3168.20220753,3171.83442205,2909.54160324,290
2026-01-03T01:40:00Z,3171.83442205,3172.91852105,3170.74479493,3171.82889204,354.69717394,35
2026-01-03T01:41:00Z,3171.82889204,3171.84611201,3170.14088501,3170.15809590,458.91049966,45
2026-01-03T01:42:00Z,3170.15809590,3174.23220034,3168.52990936,3172.60275823,4192.50822581,419
2026-01-03T01:43:00Z,3172.60275823,3174.42252621,3171.11614673,3172.93575868,1053.57210742,105
2026-01-03T01:44:00Z,3172.93575868,3178.00992239,3169.88474310,3174.95696326,7654.11585993,765
2026-01-03T01:45:00Z,3174.95696326,3176.38293653,3173.37058981,3174.79649100,1028.05227643,102
2026-01-03T01:46:00Z,3174.79649100,3176.81475149,3174.35254533,3176.37058570,1263.83662813,126
2026-01-03T01:47:00Z,3176.37058570,3177.11723033,3174.15137794,3174.89767633,3685.84969555,368
2026-01-03T01:48:00Z,3174.89767633,3174.98581647,3172.77622899,3172.86431268,2627.22174204,262
2026-01-03T01:49:00Z,3172.86431268,3173.56677080,3170.64759733,3171.34972013,3501.03889327,350
2026-01-03T01:50:00Z,3171.34972013,3173.69448434,3169.08235287,3171.42706178,2347.90232412,234
2026-01-03T01:51:00Z,3171.42706178,3172.70337018,3168.28502139,3169.56057864,1723.67596901,172
2026-01-03T01:52:00Z,3169.56057864,3169.76923273,3168.84053184,3169.04915226,495.18760458,49
2026-01-03T01:53:00Z,3169.04915226,3169.68146292,3168.86549012,3169.49777478,1516.18808337,151
2026-01-03T01:54:00Z,3169.49777478,3176.30269978,3166.37352521,3173.17482566,2600.16745545,260
2026-01-03T01:55:00Z,3173.17482566,3174.76588770,3171.96722310,3173.55813927,1712.79990998,171
2026-01-03T01:56:00Z,3173.55813927,3178.78855505,3173.47339159,3178.70366995,2097.16047938,209
2026-01-03T01:57:00Z,3178.70366995,3178.77355374,3172.85468172,3172.92443844,2646.45626875,264
2026-01-03T01:58:00Z,3172.92443844,3176.08130202,3171.20998593,3174.36607054,2617.06666406,261
2026-01-03T01:59:00Z,3174.36607054,3176.91080122,3172.74307155,3175.28733122,5564.97486599,556
2026-01-03T02:00:00Z,3175.28733122,3177.45763092,3173.52239497,3175.69246948,1305.90989429,130
2026-01-03T02:01:00Z,3175.69246948,3182.85769607,3173.30082977,3180.46246403,5412.75158259,541
2026-01-03T02:02:00Z,3180.46246403,3186.70334640,3178.53280503,3184.77107327,3212.08563650,321
2026-01-03T02:03:00Z,3184.77107327,3191.59904062,3181.64211519,3188.46645193,2603.33926323,260
2026-01-03T02:04:00Z,3188.46645193,3189.74714894,3187.74940180,3189.02997208,1164.34759986,116
2026-01-03T02:05:00Z,3189.02997208,3191.75307969,3184.41129150,3187.13277910,3549.95524629,354
2026-01-03T02:06:00Z,3187.13277910,3192.57533964,3187.11980756,3192.56234600,5641.58377425,564
2026-01-03T02:07:00Z,3192.56234600,3196.38393515,3190.23443970,3194.05494050,2496.02855147,249
2026-01-03T02:08:00Z,3194.05494050,3196.07372386,3193.87746448,3195.89614553,5802.06655260,580
2026-01-03T02:09:00Z,3195.89614553,3197.89384130,3194.54025546,3196.53767906,3612.13540520,361
2026-01-03T02:10:00Z,3196.53767906,3199.49720990,3194.85936905,3197.81822755,3713.13243669,371
2026-01-03T02:11:00Z,3197.81822755,3201.49215456,3195.33510258,3199.00810564,3305.23615131,330
2026-01-03T02:12:00Z,3199.00810564,3202.20851924,3193.06100354,3196.25866648,8695.52543208,869
2026-01-03T02:13:00Z,3196.25866648,3200.68443008,3193.78430922,3198.20856332,928.71140103,92
2026-01-03T02:14:00Z,3198.20856332,3200.38968779,3195.39938722,3197.58008307,2810.83553139,281
2026-01-03T02:15:00Z,3197.58008307,3201.29589725,3191.93191130,3195.64547733,3351.69146759,335
2026-01-03T02:16:00Z,3195.64547733,3199.09443304,3193.27146851,3196.71962625,2835.66800650,283
2026-01-03T02:17:00Z,3196.71962625,3198.29183239,3196.61572510,3198.18788352,77.44397252,7
2026-01-03T02:18:00Z,3198.18788352,3200.72098291,3194.35993627,3196.89200928,1674.63766653,167
2026-01-03T02:19:00Z,3196.89200928,3197.43809432,3196.85920770,3197.40528749,3929.97316637,392
2026-01-03T02:20:00Z,3197.40528749,3198.62720169,3193.97901786,3195.20008933,3092.92276421,309
2026-01-03T02:21:00Z,3195.20008933,3201.90603025,3183.04947629,3189.74396614,5699.58344482,569
2026-01-03T02:22:00Z,3189.74396614,3190.25146379,3181.28556386,3181.79179630,2464.94369252,246
2026-01-03T02:23:00Z,3181.79179630,3181.79825334,3167.53675235,3167.54318047,10517.93425958,1051
2026-01-03T02:24:00Z,3167.54318047,3169.47802429,3165.27523528,3167.20987550,1134.67119106,113
2026-01-03T02:25:00Z,3167.20987550,3168.28926536,3162.08864005,3163.16665197,9290.35420009,929
2026-01-03T02:26:00Z,3163.16665197,3164.54291376,3162.72974914,3164.10588120,2545.58043864,254
2026-01-03T02:27:00Z,3164.10588120,3165.75449819,3163.87294346,3165.52145624,2061.28289726,206
2026-01-03T02:28:00Z,3165.52145624,3168.05732031,3165.04675844,3167.58231347,2304.63357426,230
2026-01-03T02:29:00Z,3167.58231347,3168.12394096,3165.24137164,3165.78269142,3687.42209645,368
2026-01-03T02:30:00Z,3165.78269142,3166.60497352,3162.69752845,3163.51922264,4909.14222602,490
2026-01-03T02:31:00Z,3163.51922264,3165.73418507,3162.65206004,3164.86665312,1319.27681666,131
2026-01-03T02:32:00Z,3164.86665312,3167.10312433,3160.89094480,3163.12618610,7343.12600599,734
2026-01-03T02:33:00Z,3163.12618610,3163.95446728,3160.45662870,3161.28442761,1313.41806435,131
2026-01-03T02:34:00Z,3161.28442761,3161.44138084,3160.85498873,3161.01192842,226.33082097,22
2026-01-03T02:35:00Z,3161.01192842,3161.19398307,3159.56203317,3159.74401479,2460.49563468,246
2026-01-03T02:36:00Z,3159.74401479,3160.64057909,3159.55802605,3160.45454853,448.91996614,44
2026-01-03T02:37:00Z,3160.45454853,3160.59717928,3158.44686742,3158.58941400,7154.89681128,715
2026-01-03T02:38:00Z,3158.58941400,3162.42126378,3158.19654083,3162.02796292,1265.13824267,126
2026-01-03T02:39:00Z,3162.02796292,3165.60530289,3160.77343466,3164.34985342,3926.19737214,392
2026-01-03T02:40:00Z,3164.34985342,3169.98065247,3162.29877154,3167.92725178,14416.38927400,1441
2026-01-03T02:41:00Z,3167.92725178,3169.47413318,3166.82550008,3168.37222673,550.80056441,55
2026-01-03T02:42:00Z,3168.37222673,3169.30907546,3167.18065241,3168.11742580,1108.56567589,110
2026-01-03T02:43:00Z,3168.11742580,3169.76312869,3166.90296867,3168.54850630,1263.62024654,126
2026-01-03T02:44:00Z,3168.54850630,3170.95997182,3166.52661393,3168.93783101,1265.25792325,126
2026-01-03T02:45:00Z,3168.93783101,3169.29958678,3166.43783873,3166.79935038,12996.62404182,1299
2026-01-03T02:46:00Z,3166.79935038,3168.64240718,3165.41218616,3167.25504335,2063.96306781,206
2026-01-03T02:47:00Z,3167.25504335,3170.01909336,3165.58442944,3168.34790300,976.94678680,97
2026-01-03T02:48:00Z,3168.34790300,3171.64314842,3168.03103422,3171.32598180,6909.80959531,690
2026-01-03T02:49:00Z,3171.32598180,3172.33214760,3170.33653117,3171.34269176,1099.53300927,109
2026-01-03T02:50:00Z,3171.34269176,3171.59519946,3171.08398558,3171.33649279,2236.81168934,223
2026-01-03T02:51:00Z,3171.33649279,3173.05665321,3169.30544903,3171.02544073,1190.50415556,119
2026-01-03T02:52:00Z,3171.02544073,3172.28692567,3167.22300777,3168.48348148,633.94612491,63
2026-01-03T02:53:00Z,3168.48348148,3170.61631673,3168.28696521,3170.41968037,4548.50061219,454
2026-01-03T02:54:00Z,3170.41968037,3171.59500483,3166.77349788,3167.94790602,7350.91162390,735
2026-01-03T02:55:00Z,3167.94790602,3171.93856281,3167.05128264,3171.04106398,2781.33576894,278
2026-01-03T02:56:00Z,3171.04106398,3172.35855856,3166.56959926,3167.88578290,3642.28733228,364
2026-01-03T02:57:00Z,3167.88578290,3171.69807739,3164.31339001,3168.12541428,1283.60460277,128
2026-01-03T02:58:00Z,3168.12541428,3169.30038766,3166.48039696,3167.65519594,1032.36185036,103
2026-01-03T02:59:00Z,3167.65519594,3170.88218682,3164.90685171,3168.13342766,699.71171866,69
2026-01-03T03:00:00Z,3168.13342766,3169.05484145,3166.62741033,3167.54865404,1629.22692167,162
2026-01-03T03:01:00Z,3167.54865404,3169.45055486,3166.60218925,3168.50380468,3696.58284702,369
2026-01-03T03:02:00Z,3168.50380468,3170.08237154,3164.96856557,3166.54615712,2213.51103954,221
2026-01-03T03:03:00Z,3166.54615712,3170.90465894,3163.71269501,3168.06983342,811.52612627,81
2026-01-03T03:04:00Z,3168.06983342,3171.38447880,3166.27115830,3169.58494347,1591.09504957,159
2026-01-03T03:05:00Z,3169.58494347,3173.50102856,3167.74375776,3171.65863826,4990.06436062,499
2026-01-03T03:06:00Z,3171.65863826,3173.82332631,3166.03168471,3168.19400811,1072.47302757,107
2026-01-03T03:07:00Z,3168.19400811,3168.20375198,3167.03591845,3167.04565879,572.78767503,57
2026-01-03T03:08:00Z,3167.04565879,3168.69025249,3163.58556214,3165.22921259,7329.36570983,732
2026-01-03T03:09:00Z,3165.22921259,3166.00577728,3165.04240025,3165.81893013,2907.41502796,290
2026-01-03T03:10:00Z,3165.81893013,3167.89563794,3163.30828444,3165.38470740,3411.62840289,341
2026-01-03T03:11:00Z,3165.38470740,3167.30450880,3164.43518176,3166.35469219,927.61938971,92
2026-01-03T03:12:00Z,3166.35469219,3170.54147571,3164.50519374,3168.69061283,1101.83817933,110
2026-01-03T03:13:00Z,3168.69061283,3170.50417000,3165.97419356,3167.78723370,434.44449649,43
2026-01-03T03:14:00Z,3167.78723370,3173.82500916,3167.59399954,3173.63141850,9116.40186991,911
2026-01-03T03:15:00Z,3173.63141850,3179.24274931,3170.90321664,3176.51207110,6966.20999244,696
2026-01-03T03:16:00Z,3176.51207110,3179.46636354,3172.01713877,3174.96999702,723.67360515,72
2026-01-03T03:17:00Z,3174.96999702,3175.32073359,3172.95233762,3173.30289003,6370.30534271,637
2026-01-03T03:18:00Z,3173.30289003,3174.72838298,3167.70033136,3169.12394707,8810.34895529,881
2026-01-03T03:19:00Z,3169.12394707,3174.63416466,3167.04416642,3172.55213422,465.51509749,46
2026-01-03T03:20:00Z,3172.55213422,3173.44687487,3170.08471634,3170.97901333,397.47651644,39
2026-01-03T03:21:00Z,3170.97901333,3171.32731008,3167.45579999,3167.80374797,2458.00871013,245
2026-01-03T03:22:00Z,3167.80374797,3171.36867254,3166.47675381,3170.04074130,975.25073157,97
2026-01-03T03:23:00Z,3170.04074130,3172.22192145,3165.38515544,3167.56463188,3553.78998352,355
2026-01-03T03:24:00Z,3167.56463188,3174.35983661,3164.43071758,3171.22230350,5668.05552632,566
2026-01-03T03:25:00Z,3171.22230350,3173.75792677,3167.51196446,3170.04664772,1969.08498317,196
2026-01-03T03:26:00Z,3170.04664772,3170.19028113,3165.96579066,3166.10924567,3731.75680520,373
2026-01-03T03:27:00Z,3166.10924567,3170.73597878,3165.87315657,3170.49956230,7905.90587379,790
2026-01-03T03:28:00Z,3170.49956230,3172.42720113,3166.94630932,3168.87295918,135.82863242,13
2026-01-03T03:29:00Z,3168.87295918,3171.34530933,3163.87515271,3166.34553096,372.43545392,37
2026-01-03T03:30:00Z,3166.34553096,3167.02754315,3166.24061613,3166.92260920,1450.60262904,145
2026-01-03T03:31:00Z,3166.92260920,3171.62330192,3164.31889006,3169.01786014,1633.64290027,163
2026-01-03T03:32:00Z,3169.01786014,3170.19600048,3168.53706070,3169.71509526,1984.46257715,198
2026-01-03T03:33:00Z,3169.71509526,3175.01302563,3163.12652271,3168.42229226,2163.44680166,216
2026-01-03T03:34:00Z,3168.42229226,3169.91127909,3165.20905741,3166.69723355,6311.21697280,631
2026-01-03T03:35:00Z,3166.69723355,3172.40989795,3164.51724635,3170.22748050,3869.39109816,386
2026-01-03T03:36:00Z,3170.22748050,3170.27544687,3169.35131291,3169.39926675,1500.59113273,150
2026-01-03T03:37:00Z,3169.39926675,3171.34241448,3167.31019955,3169.25325775,849.14758518,84
2026-01-03T03:38:00Z,3169.25325775,3169.62724296,3165.42804217,3165.80162007,4084.35752717,408
2026-01-03T03:39:00Z,3165.80162007,3166.51681619,3163.66398886,3164.37886356,1221.53323724,122
2026-01-03T03:40:00Z,3164.37886356,3164.76111229,3161.26450037,3161.64641902,2666.45901050,266
2026-01-03T03:41:00Z,3161.64641902,3165.49127122,3159.43196669,3163.27567774,2777.72626939,277
2026-01-03T03:42:00Z,3163.27567774,3163.42777368,3158.20516139,3158.35702083,2686.31473345,268
2026-01-03T03:43:00Z,3158.35702083,3162.75706316,3152.06050092,3156.45789750,3988.05157607,398
2026-01-03T03:44:00Z,3156.45789750,3163.11729560,3154.94804284,3161.60497890,4959.02954134,495
2026-01-03T03:45:00Z,3161.60497890,3163.70060988,3155.35233098,3157.44520471,8317.37219624,831
2026-01-03T03:46:00Z,3157.44520471,3161.23085775,3150.03821874,3153.81952474,3614.96894834,361
2026-01-03T03:47:00Z,3153.81952474,3154.93681315,3152.02914462,3153.14619450,657.36750874,65
2026-01-03T03:48:00Z,3153.14619450,3155.69029886,3149.36377977,3151.90688420,632.18907654,63
2026-01-03T03:49:00Z,3151.90688420,3158.39640711,3148.01999346,3154.50631080,5858.54789214,585
2026-01-03T03:50:00Z,3154.50631080,3158.45063833,3154.18812587,3158.13208768,4756.63718596,475
2026-01-03T03:51:00Z,3158.13208768,3158.36158739,3154.20087197,3154.43010265,2578.13802709,257
2026-01-03T03:52:00Z,3154.43010265,3157.25078374,3154.40571345,3157.22637292,2914.27901795,291
2026-01-03T03:53:00Z,3157.22637292,3158.39031641,3156.13138812,3157.29530771,1190.31814003,119
2026-01-03T03:54:00Z,3157.29530771,3166.34659977,3154.86502183,3163.91122137,3109.32179379,310
2026-01-03T03:55:00Z,3163.91122137,3165.12519206,3160.18779633,3161.40080379,4961.12769889,496
2026-01-03T03:56:00Z,3161.40080379,3163.54228681,3158.29937194,3160.44020426,1183.15376980,118
2026-01-03T03:57:00Z,3160.44020426,3160.66776521,3159.95239688,3160.17993909,648.05116608,64
2026-01-03T03:58:00Z,3160.17993909,3161.69429447,3159.10081512,3160.61502194,2176.27913031,217
2026-01-03T03:59:00Z,3160.61502194,3160.70035905,3156.86348441,3156.94872253,2883.37252707,288
2026-01-03T04:00:00Z,3156.94872253,3159.75032522,3154.87104848,3157.67217505,4124.88824160,412
2026-01-03T04:01:00Z,3157.67217505,3158.72909296,3156.78948933,3157.84635854,2594.14149003,259
2026-01-03T04:02:00Z,3157.84635854,3160.26563082,3152.21902753,3154.63584018,4253.47623610,425
2026-01-03T04:03:00Z,3154.63584018,3155.81456787,3153.16635818,3154.34497720,1247.99498081,124
2026-01-03T04:04:00Z,3154.34497720,3155.12580955,3149.88448176,3150.66440302,2980.89040219,298
2026-01-03T04:05:00Z,3150.66440302,3152.37121055,3150.07046340,3151.77706117,1948.70675546,194
2026-01-03T04:06:00Z,3151.77706117,3156.00193465,3143.62070665,3147.84030300,930.71278555,93
2026-01-03T04:07:00Z,3147.84030300,3150.97955350,3145.94230192,3149.08080445,999.00724377,99
2026-01-03T04:08:00Z,3149.08080445,3149.69223017,3149.06382140,3149.67524391,1016.09612165,101
2026-01-03T04:09:00Z,3149.67524391,3152.39125907,3145.74604997,3148.46101808,734.54106320,73
2026-01-03T04:10:00Z,3148.46101808,3152.27439737,3147.22222715,3151.03459384,6096.85658221,609
2026-01-03T04:11:00Z,3151.03459384,3153.96584136,3148.76873514,3151.69950453,1500.65286396,150
2026-01-03T04:12:00Z,3151.69950453,3153.06915616,3146.76329821,3148.13139923,4552.89695325,455
2026-01-03T04:13:00Z,3148.13139923,3148.56035403,3145.22199610,3145.65061287,1352.53728117,135
2026-01-03T04:14:00Z,3145.65061287,3150.43971189,3145.18280493,3149.97126140,2820.21732417,282
2026-01-03T04:15:00Z,3149.97126140,3151.79836017,3145.85633764,3147.68210861,3377.22313665,337
2026-01-03T04:16:00Z,3147.68210861,3148.51357911,3145.66338474,3146.49454155,3957.70821377,395
2026-01-03T04:17:00Z,3146.49454155,3146.52867761,3146.37336911,3146.40750423,3805.52994227,380
2026-01-03T04:18:00Z,3146.40750423,3147.28172104,3146.11618100,3146.99034385,1338.72292868,133
2026-01-03T04:19:00Z,3146.99034385,3147.55173901,3145.49595108,3146.05717976,3017.57927825,301
2026-01-03T04:20:00Z,3146.05717976,3149.79029684,3144.34379883,3148.07581653,1899.84699750,189
2026-01-03T04:21:00Z,3148.07581653,3156.03164126,3144.98948430,3152.94053972,2496.43079972,249
2026-01-03T04:22:00Z,3152.94053972,3158.71438344,3149.21157582,3154.98300393,2913.44878279,291
2026-01-03T04:23:00Z,3154.98300393,3155.34368665,3154.95404924,3155.31472892,188.05314793,18
2026-01-03T04:24:00Z,3155.31472892,3155.56102748,3153.64107371,3153.88726085,5580.93472943,558
2026-01-03T04:25:00Z,3153.88726085,3154.23280590,3150.93689379,3151.28215343,2295.97716853,229
2026-01-03T04:26:00Z,3151.28215343,3154.00412221,3150.43079738,3153.15226093,5266.71731281,526
2026-01-03T04:27:00Z,3153.15226093,3158.70961023,3151.21411723,3156.76924328,2862.11103901,286
2026-01-03T04:28:00Z,3156.76924328,3158.88800513,3154.11868802,3156.23709271,1098.39800009,109
2026-01-03T04:29:00Z,3156.23709271,3156.79102804,3153.93440747,3154.48803584,1469.37936055,146
2026-01-03T04:30:00Z,3154.48803584,3155.02900025,3153.33318773,3153.87404685,969.24849745,96
2026-01-03T04:31:00Z,3153.87404685,3157.27634881,3153.36425044,3156.76608493,1089.51643761,108
2026-01-03T04:32:00Z,3156.76608493,3158.45078498,3152.59287458,3154.27624586,5073.88615652,507
2026-01-03T04:33:00Z,3154.27624586,3155.54944954,3153.46612403,3154.73920880,767.91932325,76
2026-01-03T04:34:00Z,3154.73920880,3157.43830195,3150.15326133,3152.85073876,1587.80585830,158
2026-01-03T04:35:00Z,3152.85073876,3152.91589072,3152.25643840,3152.32157943,263.71433378,26
2026-01-03T04:36:00Z,3152.32157943,3155.25652464,3150.58800859,3153.52229348,2735.30594343,273
2026-01-03T04:37:00Z,3153.52229348,3156.19716079,3148.14567792,3150.81825162,1736.49583773,173
2026-01-03T04:38:00Z,3150.81825162,3155.90777017,3147.15841133,3152.24627116,1507.55510299,150
2026-01-03T04:39:00Z,3152.24627116,3155.01261789,3147.70773994,3150.47253007,3918.09077109,391
2026-01-03T04:40:00Z,3150.47253007,3152.02505488,3147.34357969,3148.89532726,1641.22023795,164
2026-01-03T04:41:00Z,3148.89532726,3148.92654843,3146.85070751,3146.88190871,2223.98409434,222
2026-01-03T04:42:00Z,3146.88190871,3149.42804057,3143.67919119,3146.22479139,343.25727993,34
2026-01-03T04:43:00Z,3146.22479139,3148.01517098,3144.67394689,3146.46420847,1999.56948303,199
2026-01-03T04:44:00Z,3146.46420847,3154.31717287,3142.56316520,3150.41123601,3249.74598386,324
2026-01-03T04:45:00Z,3150.41123601,3153.86042896,3149.43154406,3152.87996930,2866.98553001,286
2026-01-03T04:46:00Z,3152.87996930,3153.05009894,3151.44028415,3151.61034529,854.33448371,85
2026-01-03T04:47:00Z,3151.61034529,3151.80109789,3151.30608258,3151.49682831,542.87667666,54
2026-01-03T04:48:00Z,3151.49682831,3155.56866911,3148.97323403,3153.04383605,688.11060958,68
2026-01-03T04:49:00Z,3153.04383605,3154.46564277,3151.08082750,3152.50239007,1828.74697096,182
2026-01-03T04:50:00Z,3152.50239007,3158.20302072,3150.00497766,3155.70307273,2302.64816936,230
2026-01-03T04:51:00Z,3155.70307273,3161.63817818,3152.26874023,3158.20112706,2449.64343655,244
2026-01-03T04:52:00Z,3158.20112706,3162.02219985,3157.46993250,3161.29029008,5896.10746262,589
2026-01-03T04:53:00Z,3161.29029008,3164.59545918,3161.10379326,3164.40877838,1247.23120110,124
2026-01-03T04:54:00Z,3164.40877838,3165.78931157,3160.32132373,3161.70067546,3257.45142808,325
2026-01-03T04:55:00Z,3161.70067546,3162.43059312,3158.24175540,3158.97104288,2162.26977203,216
2026-01-03T04:56:00Z,3158.97104288,3162.84908578,3158.88491880,3162.76285832,645.04999954,64
2026-01-03T04:57:00Z,3162.76285832,3163.04125263,3162.20787541,3162.48624537,1934.58923923,193
2026-01-03T04:58:00Z,3162.48624537,3163.92097116,3161.01972181,3162.45443318,1445.00288096,144
2026-01-03T04:59:00Z,3162.45443318,3165.70260249,3161.91949652,3165.16720696,6012.76422732,601
2026-01-03T05:00:00Z,3165.16720696,3168.46194603,3160.79745725,3164.09107613,949.44582306,94
2026-01-03T05:01:00Z,3164.09107613,3169.07246875,3161.15836355,3166.13785907,1163.62861282,116
2026-01-03T05:02:00Z,3166.13785907,3169.89310155,3164.22707107,3167.98120108,1160.09098269,116
2026-01-03T05:03:00Z,3167.98120108,3170.68091864,3167.77087788,3170.47043017,1625.09596178,162
2026-01-03T05:04:00Z,3170.47043017,3173.00907447,3164.04377200,3166.57930061,3575.46721606,357
2026-01-03T05:05:00Z,3166.57930061,3167.67363950,3163.75806665,3164.85180854,4462.04336696,446
2026-01-03T05:06:00Z,3164.85180854,3166.04397895,3161.75438342,3162.94583587,1637.38766274,163
2026-01-03T05:07:00Z,3162.94583587,3165.56094130,3160.68325963,3163.29811306,3048.44703954,304
2026-01-03T05:08:00Z,3163.29811306,3163.99635726,3162.62527468,3163.32351347,3962.71933525,396
2026-01-03T05:09:00Z,3163.32351347,3164.12747371,3158.50685171,3159.30979186,3960.11986838,396
2026-01-03T05:10:00Z,3159.30979186,3161.32126863,3158.91498669,3160.92626145,3418.91892633,341
2026-01-03T05:11:00Z,3160.92626145,3166.74902215,3160.35302875,3166.17483763,5080.46731493,508
2026-01-03T05:12:00Z,3166.17483763,3170.84492254,3163.41455159,3168.08297297,5906.04115414,590
2026-01-03T05:13:00Z,3168.08297297,3169.70971520,3165.83121698,3167.45763812,910.14827828,91
2026-01-03T05:14:00Z,3167.45763812,3170.37393849,3166.33135600,3169.24702010,950.73578088,95
2026-01-03T05:15:00Z,3169.24702010,3170.48063607,3167.85663239,3169.09018732,142.09410455,14
2026-01-03T05:16:00Z,3169.09018732,3174.22039003,3164.25313832,3169.38289428,170.80618332,17
2026-01-03T05:17:00Z,3169.38289428,3170.46063504,3166.08748702,3167.16447341,3102.97959545,310
2026-01-03T05:18:00Z,3167.16447341,3167.65074753,3165.79536477,3166.28150331,5448.54616492,544
2026-01-03T05:19:00Z,3166.28150331,3166.74506007,3165.44448342,3165.90798550,371.88615869,37
2026-01-03T05:20:00Z,3165.90798550,3166.67158488,3164.18263733,3164.94600469,2313.14285948,231
2026-01-03T05:21:00Z,3164.94600469,3173.18709934,3162.27395179,3170.51034865,3375.47180913,337
2026-01-03T05:22:00Z,3170.51034865,3171.71298067,3166.95756980,3168.15931002,9921.37965258,992
2026-01-03T05:23:00Z,3168.15931002,3171.64780671,3165.16243216,3168.65046425,2393.29190819,239
2026-01-03T05:24:00Z,3168.65046425,3169.97229003,3167.50024269,3168.82200619,1126.11740609,112
2026-01-03T05:25:00Z,3168.82200619,3170.05599346,3168.03588083,3169.26975701,1501.86414829,150
2026-01-03T05:26:00Z,3169.26975701,3175.79072487,3154.62102527,3161.12523527,3760.56352885,376
2026-01-03T05:27:00Z,3161.12523527,3162.34694888,3155.33996389,3156.55991309,1342.13784244,134
2026-01-03T05:28:00Z,3156.55991309,3161.06432762,3155.79300051,3160.29650720,10010.97047457,1001
2026-01-03T05:29:00Z,3160.29650720,3167.13938157,3157.64023528,3164.47959371,1652.59763191,165
2026-01-03T05:30:00Z,3164.47959371,3167.98544547,3164.33770581,3167.84340675,2273.90560786,227
2026-01-03T05:31:00Z,3167.84340675,3174.35723197,3164.53626028,3171.04674131,4088.72697925,408
2026-01-03T05:32:00Z,3171.04674131,3173.87809231,3166.25687884,3169.08647957,2983.60050360,298
2026-01-03T05:33:00Z,3169.08647957,3172.16765126,3166.04631656,3169.12744894,1157.54424342,115
2026-01-03T05:34:00Z,3169.12744894,3171.09266574,3164.19482464,3166.15820017,1884.64495620,188
2026-01-03T05:35:00Z,3166.15820017,3168.18598477,3164.93049023,3166.95796472,1108.16680317,110
2026-01-03T05:36:00Z,3166.95796472,3170.62287284,3165.07301072,3168.73686005,409.80513252,40
2026-01-03T05:37:00Z,3168.73686005,3169.04536264,3165.88579066,3166.19404568,767.06682196,76
2026-01-03T05:38:00Z,3166.19404568,3168.79507282,3160.63248851,3163.23108157,2744.84426013,274
2026-01-03T05:39:00Z,3163.23108157,3164.98841997,3162.23522853,3163.99232727,2225.46877048,222
2026-01-03T05:40:00Z,3163.99232727,3166.03747423,3162.35252984,3164.39746683,2679.62634529,267
2026-01-03T05:41:00Z,3164.39746683,3166.94732733,3163.99904361,3166.54863326,1513.33146087,151
2026-01-03T05:42:00Z,3166.54863326,3166.59176269,3164.56724317,3164.61034620,220.20164386,22
2026-01-03T05:43:00Z,3164.61034620,3164.61077835,3163.54107309,3163.54150509,6394.94594942,639
2026-01-03T05:44:00Z,3163.54150509,3165.03914667,3162.80820129,3164.30566574,1883.39028765,188
2026-01-03T05:45:00Z,3164.30566574,3168.48897347,3163.78908619,3167.97179542,11457.15263064,1145
2026-01-03T05:46:00Z,3167.97179542,3169.31461881,3166.05420136,3167.39678102,1861.78597128,186
2026-01-03T05:47:00Z,3167.39678102,3169.17789437,3163.19788714,3164.97764014,17974.07219574,1797
2026-01-03T05:48:00Z,3164.97764014,3165.34716019,3162.55077926,3162.92005907,3865.45089177,386
2026-01-03T05:49:00Z,3162.92005907,3165.19888236,3160.53836632,3162.81711544,630.87012135,63
2026-01-03T05:50:00Z,3162.81711544,3163.41435340,3162.00711911,3162.60431689,1131.87121593,113
2026-01-03T05:51:00Z,3162.60431689,3164.42343957,3162.20273760,3164.02168031,4471.05628310,447
2026-01-03T05:52:00Z,3164.02168031,3165.36335079,3161.84854115,3163.18985890,917.46783797,91
2026-01-03T05:53:00Z,3163.18985890,3163.78527107,3160.61004119,3161.20507975,3553.76580747,355
2026-01-03T05:54:00Z,3161.20507975,3161.61403241,3156.88174686,3157.29019307,5052.34408240,505
2026-01-03T05:55:00Z,3157.29019307,3157.33821772,3154.46881434,3154.51679680,1108.41728329,110
2026-01-03T05:56:00Z,3154.51679680,3157.33573539,3152.84457872,3155.66290975,5429.53827480,542
2026-01-03T05:57:00Z,3155.66290975,3159.39299637,3153.07537420,3156.80452473,1049.72430048,104
2026-01-03T05:58:00Z,3156.80452473,3157.46009917,3155.34674578,3156.00215359,4058.85104104,405
2026-01-03T05:59:00Z,3156.00215359,3159.05084922,3154.76778380,3157.81577009,1541.99391801,154
2026-01-03T06:00:00Z,3157.81577009,3159.51618265,3157.57979896,3159.28010209,7021.75723399,702
2026-01-03T06:01:00Z,3159.28010209,3162.81501500,3159.02098618,3162.55563043,528.10059734,52
2026-01-03T06:02:00Z,3162.55563043,3164.63484794,3161.67609735,3163.75498131,435.47962867,43
2026-01-03T06:03:00Z,3163.75498131,3163.84113390,3163.65178209,3163.73793421,1886.13380966,188
2026-01-03T06:04:00Z,3163.73793421,3164.23862592,3160.96591825,3161.46625045,3215.43667611,321
2026-01-03T06:05:00Z,3161.46625045,3164.31790278,3158.68317031,3161.53476233,35.28499840,3
2026-01-03T06:06:00Z,3161.53476233,3164.45343245,3159.43655946,3162.35468542,929.91288445,92
2026-01-03T06:07:00Z,3162.35468542,3163.30865402,3161.25455825,3162.20848275,1802.69345812,180
2026-01-03T06:08:00Z,3162.20848275,3164.06970780,3159.41236822,3161.27304269,1619.26789415,161
2026-01-03T06:09:00Z,3161.27304269,3162.73874382,3160.54067335,3162.00620463,155.53619708,15
2026-01-03T06:10:00Z,3162.00620463,3164.24261993,3160.47878574,3162.71485872,1470.78112590,147
2026-01-03T06:11:00Z,3162.71485872,3166.34523108,3160.46140931,3164.09080130,859.77161634,85
2026-01-03T06:12:00Z,3164.09080130,3164.57893223,3162.88696052,3163.37498102,2317.96185740,231
2026-01-03T06:13:00Z,3163.37498102,3166.73573439,3161.91730546,3165.27718230,1144.46608956,114
2026-01-03T06:14:00Z,3165.27718230,3165.63240825,3163.01326685,3163.36827857,6295.11606211,629
2026-01-03T06:15:00Z,3163.36827857,3165.32196319,3162.54598193,3164.49937253,2316.46014262,231
2026-01-03T06:16:00Z,3164.49937253,3171.87310949,3161.16961481,3168.53910108,4060.33501087,406
2026-01-03T06:17:00Z,3168.53910108,3174.21991275,3167.45984356,3173.13908840,2010.21602031,201
2026-01-03T06:18:00Z,3173.13908840,3175.73256769,3166.80849787,3169.39892024,7493.67638615,749
2026-01-03T06:19:00Z,3169.39892024,3170.17924594,3168.63229256,3169.41261495,2755.53798819,275
2026-01-03T06:20:00Z,3169.41261495,3173.31494982,3164.90274850,3168.80433442,2830.88215872,283
2026-01-03T06:21:00Z,3168.80433442,3171.54317261,3164.08128418,3166.81840590,6482.26424073,648
2026-01-03T06:22:00Z,3166.81840590,3169.81278033,3164.64234071,3167.63615323,2026.37065473,202
2026-01-03T06:23:00Z,3167.63615323,3172.08419383,3163.54590745,3167.99348664,2968.49327074,296
2026-01-03T06:24:00Z,3167.99348664,3170.02474955,3165.31823418,3167.34908391,800.91826408,80
2026-01-03T06:25:00Z,3167.34908391,3170.10502710,3163.87238417,3166.62769968,3806.31071681,380
2026-01-03T06:26:00Z,3166.62769968,3171.92176416,3165.04877670,3170.34098969,1814.77681991,181
2026-01-03T06:27:00Z,3170.34098969,3171.73326085,3169.42808359,3170.82021675,1422.72494307,142
2026-01-03T06:28:00Z,3170.82021675,3173.11122989,3168.34058929,3170.63146605,105.63677201,10
2026-01-03T06:29:00Z,3170.63146605,3171.77439265,3170.44219441,3171.58506409,2419.18012711,241
2026-01-03T06:30:00Z,3171.58506409,3175.31259605,3168.91872136,3172.64536193,1367.87895390,136
2026-01-03T06:31:00Z,3172.64536193,3174.55279602,3171.02854344,3172.93582951,675.19979042,67
2026-01-03T06:32:00Z,3172.93582951,3176.02503537,3171.00613561,3174.09463671,3838.26461899,383
2026-01-03T06:33:00Z,3174.09463671,3175.32433791,3172.45161032,3173.68115133,402.34210711,40
2026-01-03T06:34:00Z,3173.68115133,3174.03717287,3171.72766613,3172.08350844,3892.99322494,389
2026-01-03T06:35:00Z,3172.08350844,3173.68542981,3170.83492954,3172.43671187,532.89069386,53
2026-01-03T06:36:00Z,3172.43671187,3177.72388728,3152.28717746,3157.54954194,4111.86400185,411
2026-01-03T06:37:00Z,3157.54954194,3163.95431389,3153.85617732,3160.25778147,3673.57402189,367
2026-01-03T06:38:00Z,3160.25778147,3167.35182803,3158.75022348,3165.84160636,5893.78303179,589
2026-01-03T06:39:00Z,3165.84160636,3175.78743753,3160.41438996,3170.35248810,4663.80295115,466
2026-01-03T06:40:00Z,3170.35248810,3172.43523601,3166.01183591,3168.09309952,2648.46739073,264
2026-01-03T06:41:00Z,3168.09309952,3173.26083537,3166.18987755,3171.35565344,8645.71157010,864
2026-01-03T06:42:00Z,3171.35565344,3172.93194394,3170.86460206,3172.44072455,1440.12561373,144
2026-01-03T06:43:00Z,3172.44072455,3174.93527914,3165.58152031,3168.07264019,3556.54053598,355
2026-01-03T06:44:00Z,3168.07264019,3170.01806792,3166.91819283,3168.86333243,3199.54203490,319
2026-01-03T06:45:00Z,3168.86333243,3169.92293809,3168.32905114,3169.38856824,1153.81151861,115
2026-01-03T06:46:00Z,3169.38856824,3171.16389732,3169.31417994,3171.08946910,3750.91372186,375
2026-01-03T06:47:00Z,3171.08946910,3171.33887510,3169.32790821,3169.57719528,3264.33469271,326
2026-01-03T06:48:00Z,3169.57719528,3171.55090120,3169.41420241,3171.38781522,2542.25682567,254
2026-01-03T06:49:00Z,3171.38781522,3173.05183560,3168.77896883,3170.44249320,1943.21608075,194
2026-01-03T06:50:00Z,3170.44249320,3173.28296526,3167.05045670,3169.89043416,712.63716717,71
2026-01-03T06:51:00Z,3169.89043416,3170.65303619,3166.63185454,3167.39385595,1650.66599379,165
2026-01-03T06:52:00Z,3167.39385595,3170.24018498,3165.26704282,3168.11288904,522.07819255,52
2026-01-03T06:53:00Z,3168.11288904,3172.08018139,3166.12838505,3170.09443616,192.53629772,19
2026-01-03T06:54:00Z,3170.09443616,3171.23341457,3166.58299578,3167.72112149,2431.42097054,243
2026-01-03T06:55:00Z,3167.72112149,3169.13221413,3166.71443294,3168.12539711,4103.45894487,410
2026-01-03T06:56:00Z,3168.12539711,3171.28533905,3167.64198879,3170.80152240,1219.84471992,121
2026-01-03T06:57:00Z,3170.80152240,3171.28137725,3170.10815658,3170.58797912,1540.17370852,154
2026-01-03T06:58:00Z,3170.58797912,3174.06726862,3161.93715853,3165.41076674,7722.28159703,772
2026-01-03T06:59:00Z,3165.41076674,3168.23898454,3163.87783074,3166.70542157,5479.23300284,547
2026-01-03T07:00:00Z,3166.70542157,3169.24398894,3164.59312972,3167.13141293,2033.67114317,203
2026-01-03T07:01:00Z,3167.13141293,3170.60301659,3164.97911024,3168.44981794,7758.85723824,775
2026-01-03T07:02:00Z,3168.44981794,3170.37235057,3165.20344996,3167.12517884,7565.16126440,756
2026-01-03T07:03:00Z,3167.12517884,3171.52395267,3164.94726615,3169.34451383,341.47030586,34
2026-01-03T07:04:00Z,3169.34451383,3171.52728780,3164.99304684,3167.17432618,2828.35549333,282
2026-01-03T07:05:00Z,3167.17432618,3169.10467566,3159.10445595,3161.03106119,1328.49528003,132
2026-01-03T07:06:00Z,3161.03106119,3161.85743848,3157.35629019,3158.18192263,6013.64329418,601
2026-01-03T07:07:00Z,3158.18192263,3163.06112798,3149.37737700,3154.25050854,4462.46524544,446
2026-01-03T07:08:00Z,3154.25050854,3160.90479434,3151.58978862,3158.24070855,3461.70287635,346
2026-01-03T07:09:00Z,3158.24070855,3160.67464059,3155.01449735,3157.44781835,2196.07562794,219
2026-01-03T07:10:00Z,3157.44781835,3157.85400018,3149.96208216,3150.36735314,14167.90963911,1416
2026-01-03T07:11:00Z,3150.36735314,3157.34692180,3148.22058969,3155.19686736,5436.09023185,543
2026-01-03T07:12:00Z,3155.19686736,3158.67386007,3154.39809491,3157.87440977,9322.98321226,932
2026-01-03T07:13:00Z,3157.87440977,3160.19568155,3155.66816382,3157.98935530,317.73388480,31
2026-01-03T07:14:00Z,3157.98935530,3163.15146424,3156.97282887,3162.13360382,7756.19506344,775
2026-01-03T07:15:00Z,3162.13360382,3167.04880869,3158.81360314,3163.72713493,3440.89812517,344
2026-01-03T07:16:00Z,3163.72713493,3166.61962670,3162.61590535,3165.50777169,1469.06694263,146
2026-01-03T07:17:00Z,3165.50777169,3173.89829050,3157.61210340,3166.00139099,2787.54999907,278
2026-01-03T07:18:00Z,3166.00139099,3169.86126879,3163.44514521,3167.30397130,2211.56629600,221
2026-01-03T07:19:00Z,3167.30397130,3168.41469088,3162.93730798,3164.04688536,2412.14300276,241
2026-01-03T07:20:00Z,3164.04688536,3164.21432767,3162.50344048,3162.67080996,9819.30521387,981
2026-01-03T07:21:00Z,3162.67080996,3164.37257290,3162.65148074,3164.35323340,6226.90649955,622
2026-01-03T07:22:00Z,3164.35323340,3166.95230360,3162.70753289,3165.30610752,1054.45436255,105
2026-01-03T07:23:00Z,3165.30610752,3165.50684356,3165.20875069,3165.40948355,941.28643761,94
2026-01-03T07:24:00Z,3165.40948355,3170.96312916,3163.73246642,3169.28405930,1726.85107004,172
2026-01-03T07:25:00Z,3169.28405930,3170.45597673,3168.07788987,3169.24979463,2321.07070054,232
2026-01-03T07:26:00Z,3169.24979463,3172.37997621,3167.42500095,3170.55443134,785.33499666,78
2026-01-03T07:27:00Z,3170.55443134,3174.78172340,3168.74325690,3172.96916954,7246.73158556,724
2026-01-03T07:28:00Z,3172.96916954,3174.40642175,3172.62849611,3174.06563059,576.54739892,57
2026-01-03T07:29:00Z,3174.06563059,3175.59286048,3173.49125028,3175.01830777,2685.94839926,268
2026-01-03T07:30:00Z,3175.01830777,3180.10754130,3171.22291538,3176.31060412,741.21941288,74
2026-01-03T07:31:00Z,3176.31060412,3178.06555926,3169.11332008,3170.86526660,1406.76798752,140
2026-01-03T07:32:00Z,3170.86526660,3171.82905536,3167.77397731,3168.73711922,3469.83988402,346
2026-01-03T07:33:00Z,3168.73711922,3169.75775812,3168.50638556,3169.52696695,2840.52432119,284
2026-01-03T07:34:00Z,3169.52696695,3171.49900307,3168.45612428,3170.42785603,1394.16000263,139
2026-01-03T07:35:00Z,3170.42785603,3174.93687675,3168.64460695,3173.15209539,669.11012487,66
2026-01-03T07:36:00Z,3173.15209539,3175.90395763,3169.96090822,3172.71238913,414.00091015,41
2026-01-03T07:37:00Z,3172.71238913,3173.45973314,3167.46724840,3168.21353268,5014.14875808,501
2026-01-03T07:38:00Z,3168.21353268,3171.83233155,3166.60853153,3170.22631074,1089.61891685,108
2026-01-03T07:39:00Z,3170.22631074,3176.16112978,3167.18263619,3173.11468215,308.66849419,30
2026-01-03T07:40:00Z,3173.11468215,3175.23461298,3171.65052984,3173.77015822,566.12766750,56
2026-01-03T07:41:00Z,3173.77015822,3179.50941591,3172.04424558,3177.78132198,4534.30569744,453
2026-01-03T07:42:00Z,3177.78132198,3181.47078375,3174.98951699,3178.67819082,2036.24245309,203
2026-01-03T07:43:00Z,3178.67819082,3180.26788577,3176.70226260,3178.29176429,2464.78026619,246
2026-01-03T07:44:00Z,3178.29176429,3183.48521588,3174.48039990,3179.67219610,1809.17679415,180
2026-01-03T07:45:00Z,3179.67219610,3180.23779531,3177.48434482,3178.04965541,1359.69836856,135
2026-01-03T07:46:00Z,3178.04965541,3180.23905027,3177.20846527,3179.39750337,983.49388148,98
2026-01-03T07:47:00Z,3179.39750337,3179.72697480,3176.15773728,3176.48690709,7538.02647797,753
2026-01-03T07:48:00Z,3176.48690709,3179.30091750,3174.30330531,3177.11688266,1211.58136609,121
2026-01-03T07:49:00Z,3177.11688266,3179.82851805,3174.18896495,3176.90041558,3586.63662717,358
2026-01-03T07:50:00Z,3176.90041558,3178.20618898,3176.85852144,3178.16427817,4749.99639222,474
2026-01-03T07:51:00Z,3178.16427817,3180.32664337,3177.03372779,3179.19572607,1659.60176295,165
2026-01-03T07:52:00Z,3179.19572607,3179.87216517,3177.48365422,3178.15987292,1002.90142970,100
2026-01-03T07:53:00Z,3178.15987292,3183.25500087,3176.26825318,3181.36147556,8586.42990724,858
2026-01-03T07:54:00Z,3181.36147556,3182.52399904,3181.07682139,3182.23926633,3469.38506793,346
2026-01-03T07:55:00Z,3182.23926633,3184.59793931,3181.35962958,3183.71789383,1416.49247140,141
2026-01-03T07:56:00Z,3183.71789383,3188.31012883,3183.25678589,3187.84842265,6532.17768347,653
2026-01-03T07:57:00Z,3187.84842265,3190.04929614,3187.38876221,3189.58938466,2714.49383448,271
2026-01-03T07:58:00Z,3189.58938466,3190.18646517,3187.25192776,3187.84868242,775.78192002,77
2026-01-03T07:59:00Z,3187.84868242,3193.67326404,3183.32091385,3189.14365619,1616.10223272,161
2026-01-03T08:00:00Z,3189.14365619,3191.51668026,3183.54981517,3185.92044086,12703.44801421,1270
2026-01-03T08:01:00Z,3185.92044086,3187.00337286,3182.86559886,3183.94786037,1329.87434412,132
2026-01-03T08:02:00Z,3183.94786037,3187.28037867,3183.34651349,3186.67851606,904.77185548,90
2026-01-03T08:03:00Z,3186.67851606,3188.95145717,3184.39446366,3186.66739683,1397.52031401,139
2026-01-03T08:04:00Z,3186.66739683,3187.53710678,3184.51807183,3185.38743245,279.42388876,27
2026-01-03T08:05:00Z,3185.38743245,3186.44162362,3182.89814781,3183.95186389,202.22896823,20
2026-01-03T08:06:00Z,3183.95186389,3184.27081685,3181.99530044,3182.31408934,3998.14310787,399
2026-01-03T08:07:00Z,3182.31408934,3187.49968110,3181.44795446,3186.63237091,2262.79587034,226
2026-01-03T08:08:00Z,3186.63237091,3188.41634762,3184.67227471,3186.45615277,1390.16415267,139
2026-01-03T08:09:00Z,3186.45615277,3191.43081480,3186.37134546,3191.34587736,3567.00569232,356
2026-01-03T08:10:00Z,3191.34587736,3192.28032255,3187.75553865,3188.68920596,2902.05303786,290
2026-01-03T08:11:00Z,3188.68920596,3193.37596283,3186.51065128,3191.19569568,744.84418331,74
2026-01-03T08:12:00Z,3191.19569568,3194.61565773,3190.36853519,3193.78782535,1348.62547898,134
2026-01-03T08:13:00Z,3193.78782535,3197.24263555,3193.68786649,3197.14257169,6038.22690355,603
2026-01-03T08:14:00Z,3197.14257169,3203.33516525,3194.69392827,3200.88365658,3376.00082839,337
2026-01-03T08:15:00Z,3200.88365658,3203.18753807,3199.60412800,3201.90760018,1104.78145476,110
2026-01-03T08:16:00Z,3201.90760018,3203.84941767,3200.65335929,3202.59490755,945.92514687,94
2026-01-03T08:17:00Z,3202.59490755,3208.00960575,3201.06305577,3206.47589763,4915.65381964,491
2026-01-03T08:18:00Z,3206.47589763,3207.56138992,3202.13938232,3203.22377366,8427.88093357,842
2026-01-03T08:19:00Z,3203.22377366,3206.13871051,3199.30015220,3202.21417031,1317.07378926,131
2026-01-03T08:20:00Z,3202.21417031,3205.80878296,3197.64286829,3201.23638334,733.74814314,73
2026-01-03T08:21:00Z,3201.23638334,3202.61535839,3199.68266105,3201.06156080,895.88796270,89
2026-01-03T08:22:00Z,3201.06156080,3203.48569104,3200.34880512,3202.77255439,545.15835787,54
2026-01-03T08:23:00Z,3202.77255439,3204.63689287,3196.57730391,3198.43911990,1060.87424057,106
2026-01-03T08:24:00Z,3198.43911990,3202.00034880,3197.61858041,3201.17910638,3280.92338328,328
2026-01-03T08:25:00Z,3201.17910638,3206.00194822,3198.61840850,3203.43944224,1593.43970271,159
2026-01-03T08:26:00Z,3203.43944224,3203.46371131,3200.39676420,3200.42101040,3479.85147374,347
2026-01-03T08:27:00Z,3200.42101040,3203.76618825,3192.98442328,3196.32532018,10024.75782861,1002
2026-01-03T08:28:00Z,3196.32532018,3203.09143679,3194.83046097,3201.59411347,2700.39691687,270
2026-01-03T08:29:00Z,3201.59411347,3202.28706959,3200.27487318,3200.96769372,396.40847290,39
2026-01-03T08:30:00Z,3200.96769372,3203.90648950,3199.07224074,3202.01041907,2506.59346091,250
2026-01-03T08:31:00Z,3202.01041907,3204.25952600,3199.70078012,3201.94984450,1423.22866230,142
2026-01-03T08:32:00Z,3201.94984450,3205.25283477,3199.55844137,3202.86075132,4599.89336153,459
2026-01-03T08:33:00Z,3202.86075132,3202.93197661,3202.69645146,3202.76767468,589.48875102,58
2026-01-03T08:34:00Z,3202.76767468,3208.09645806,3198.88519127,3204.21222353,4018.32915304,401
2026-01-03T08:35:00Z,3204.21222353,3207.27904794,3202.82661643,3205.89271415,1351.73904725,135
2026-01-03T08:36:00Z,3205.89271415,3208.27638940,3204.89436350,3207.27760748,2648.88936451,264
2026-01-03T08:37:00Z,3207.27760748,3210.44609002,3202.75142074,3205.91856066,4789.90403823,478
2026-01-03T08:38:00Z,3205.91856066,3207.65786477,3205.74819624,3207.48741698,1432.48687343,143
2026-01-03T08:39:00Z,3207.48741698,3209.01048525,3205.65968360,3207.18260713,4411.72757313,441
2026-01-03T08:40:00Z,3207.18260713,3208.57697183,3203.99397913,3205.38756341,2815.28839411,281
2026-01-03T08:41:00Z,3205.38756341,3207.35226614,3203.82893841,3205.79344379,1475.31945144,147
2026-01-03T08:42:00Z,3205.79344379,3209.36579714,3203.22573159,3206.79728091,952.27502238,95
2026-01-03T08:43:00Z,3206.79728091,3215.06832997,3204.95889142,3213.22625489,4042.48155602,404
2026-01-03T08:44:00Z,3213.22625489,3215.07618945,3209.14338511,3210.99203337,4543.21308141,454
2026-01-03T08:45:00Z,3210.99203337,3212.17016518,3209.13600500,3210.31388799,362.03608099,36
2026-01-03T08:46:00Z,3210.31388799,3213.37164925,3209.91647663,3212.97390860,249.99574807,24
2026-01-03T08:47:00Z,3212.97390860,3216.25404711,3211.54858559,3214.82790164,4511.27559367,451
2026-01-03T08:48:00Z,3214.82790164,3216.93153364,3211.53678407,3213.63963852,3330.85774240,333
2026-01-03T08:49:00Z,3213.63963852,3214.88162786,3212.66287971,3213.90478846,584.25329753,58
2026-01-03T08:50:00Z,3213.90478846,3214.89468278,3211.08419204,3212.07352232,2301.40509137,230
2026-01-03T08:51:00Z,3212.07352232,3214.64815415,3206.25139941,3208.82342613,13991.85068540,1399
2026-01-03T08:52:00Z,3208.82342613,3208.93944783,3203.29334106,3203.40916700,7509.11274352,750
2026-01-03T08:53:00Z,3203.40916700,3209.86695955,3197.95544549,3204.41153154,2630.05558363,263
2026-01-03T08:54:00Z,3204.41153154,3204.84742704,3203.13819288,3203.57397444,848.03865893,84
2026-01-03T08:55:00Z,3203.57397444,3204.40734804,3201.30229890,3202.13529824,420.35659044,42
2026-01-03T08:56:00Z,3202.13529824,3204.57725688,3198.33558445,3200.77650687,832.27513376,83
2026-01-03T08:57:00Z,3200.77650687,3203.76243723,3199.55874591,3202.54400381,449.68900861,44
2026-01-03T08:58:00Z,3202.54400381,3203.44739144,3201.18510621,3202.08836531,1211.04205574,121
2026-01-03T08:59:00Z,3202.08836531,3204.06910436,3198.68168113,3200.66153757,1574.79142080,157
2026-01-03T09:00:00Z,3200.66153757,3204.58932069,3195.77168432,3199.69828536,4671.52842250,467
2026-01-03T09:01:00Z,3199.69828536,3199.89725483,3198.64457881,3198.84349513,951.73796530,95
2026-01-03T09:02:00Z,3198.84349513,3199.25909716,3197.67665486,3198.09215927,3322.90198746,332
2026-01-03T09:03:00Z,3198.09215927,3200.44718280,3196.33333819,3198.68803402,3654.39499323,365
2026-01-03T09:04:00Z,3198.68803402,3200.05109506,3197.00378581,3198.36670993,1328.89659291,132
2026-01-03T09:05:00Z,3198.36670993,3198.85613751,3196.22521446,3196.71438920,2305.37266747,230
2026-01-03T09:06:00Z,3196.71438920,3197.79338553,3190.78064541,3191.85800255,8966.85324486,896
2026-01-03T09:07:00Z,3191.85800255,3195.54680366,3184.68888061,3188.37365488,5933.92665432,593
2026-01-03T09:08:00Z,3188.37365488,3193.51613766,3178.85572306,3183.99113733,2035.24983129,203
2026-01-03T09:09:00Z,3183.99113733,3184.80476068,3181.33946578,3182.15261932,343.17128232,34
2026-01-03T09:10:00Z,3182.15261932,3185.49076270,3180.69737593,3184.03465862,1828.18471445,182
2026-01-03T09:11:00Z,3184.03465862,3186.20976226,3179.33030486,3181.50367952,9860.41879191,986
2026-01-03T09:12:00Z,3181.50367952,3185.81861266,3179.59947654,3183.91296767,1590.49687912,159
2026-01-03T09:13:00Z,3183.91296767,3186.84500278,3178.80439012,3181.73441902,1688.73226350,168
2026-01-03T09:14:00Z,3181.73441902,3184.33592625,3175.57978621,3178.17838588,1836.38323951,183
2026-01-03T09:15:00Z,3178.17838588,3178.99981984,3176.94830910,3177.76963742,1006.39114208,100
2026-01-03T09:16:00Z,3177.76963742,3178.20133807,3175.89720663,3176.32871154,6003.31008104,600
2026-01-03T09:17:00Z,3176.32871154,3177.10175817,3169.95467035,3170.72635349,18457.58032482,1845
2026-01-03T09:18:00Z,3170.72635349,3177.13294942,3170.15693239,3176.56248023,3469.38244403,346
2026-01-03T09:19:00Z,3176.56248023,3178.87251407,3175.02254526,3177.33220595,876.67526544,87
2026-01-03T09:20:00Z,3177.33220595,3177.53496142,3176.07548437,3176.27817258,2250.89398499,225
2026-01-03T09:21:00Z,3176.27817258,3180.60041063,3175.13714936,3179.45824502,398.82020069,39
2026-01-03T09:22:00Z,3179.45824502,3183.93052387,3179.24162374,3183.71361266,1865.94884496,186
2026-01-03T09:23:00Z,3183.71361266,3192.26790034,3179.86906294,3188.41767014,4817.94007798,481
2026-01-03T09:24:00Z,3188.41767014,3189.01231516,3186.01860555,3186.61291398,2879.86681119,287
2026-01-03T09:25:00Z,3186.61291398,3188.50079452,3186.39683036,3188.28459754,2270.87540930,227
2026-01-03T09:26:00Z,3188.28459754,3189.87899112,3188.23002841,3189.82439563,3081.57886957,308
2026-01-03T09:27:00Z,3189.82439563,3190.13148075,3188.98579705,3189.29283100,988.17962224,98
2026-01-03T09:28:00Z,3189.29283100,3190.85499532,3186.85091813,3188.41265132,280.22439650,28
2026-01-03T09:29:00Z,3188.41265132,3189.33486000,3185.14539640,3186.06692661,3111.98569787,311
2026-01-03T09:30:00Z,3186.06692661,3187.81236865,3182.88269163,3184.62734501,1418.05557398,141
2026-01-03T09:31:00Z,3184.62734501,3186.74465102,3182.19652819,3184.31362562,3159.58824641,315
2026-01-03T09:32:00Z,3184.31362562,3186.82199152,3184.10369063,3186.61190502,9146.57900808,914
2026-01-03T09:33:00Z,3186.61190502,3192.28841321,3183.09697259,3188.77109913,1616.17991665,161
2026-01-03T09:34:00Z,3188.77109913,3190.65363672,3185.35427903,3187.23591029,5312.55930814,531
2026-01-03T09:35:00Z,3187.23591029,3191.38225457,3183.86163185,3188.00715961,778.61393197,77
2026-01-03T09:36:00Z,3188.00715961,3190.28621317,3181.78292855,3184.05915975,8999.19548018,899
2026-01-03T09:37:00Z,3184.05915975,3186.18984837,3183.84150647,3185.97206433,2800.31864394,280
2026-01-03T09:38:00Z,3185.97206433,3186.85257489,3184.89484975,3185.77530593,446.93284313,44
2026-01-03T09:39:00Z,3185.77530593,3187.89308705,3184.41183645,3186.52929487,536.17897006,53
2026-01-03T09:40:00Z,3186.52929487,3187.24327297,3181.30167024,3182.01463678,1687.11222301,168
2026-01-03T09:41:00Z,3182.01463678,3184.79890456,3181.39174584,3184.17559060,775.16586114,77
2026-01-03T09:42:00Z,3184.17559060,3185.47475897,3182.39956966,3183.69854338,2423.43716469,242
2026-01-03T09:43:00Z,3183.69854338,3183.84906368,3181.68621143,3181.83664370,981.47951252,98
2026-01-03T09:44:00Z,3181.83664370,3183.81427365,3178.30153589,3180.27819721,2206.36022563,220
2026-01-03T09:45:00Z,3180.27819721,3182.85868146,3176.41560274,3178.99504583,1426.42059807,142
2026-01-03T09:46:00Z,3178.99504583,3182.10438308,3175.38702842,3178.49587743,2159.93814390,215
2026-01-03T09:47:00Z,3178.49587743,3178.97602464,3176.40560784,3176.88551178,476.91199705,47
2026-01-03T09:48:00Z,3176.88551178,3177.07857010,3176.69417693,3176.88723514,2222.94295023,222
2026-01-03T09:49:00Z,3176.88723514,3178.47512987,3175.85665027,3177.44436427,2590.93278768,259
2026-01-03T09:50:00Z,3177.44436427,3178.61493951,3176.69994461,3177.87042003,2588.07098061,258
2026-01-03T09:51:00Z,3177.87042003,3178.02889175,3177.03173619,3177.19017399,4406.42427563,440
2026-01-03T09:52:00Z,3177.19017399,3177.88538834,3175.39823069,3176.09320501,2016.45051363,201
2026-01-03T09:53:00Z,3176.09320501,3181.34644062,3172.77403459,3178.02525111,2481.51241525,248
2026-01-03T09:54:00Z,3178.02525111,3180.47742812,3173.22112454,3175.67148538,9061.01677289,906
2026-01-03T09:55:00Z,3175.67148538,3177.86832229,3174.45631168,3176.65277310,349.32762694,34
2026-01-03T09:56:00Z,3176.65277310,3178.90661616,3171.46049981,3173.71225656,3793.02300243,379
2026-01-03T09:57:00Z,3173.71225656,3175.31780218,3172.02245895,3173.62796192,1504.02191927,150
2026-01-03T09:58:00Z,3173.62796192,3174.47502939,3169.59025037,3170.43646600,8162.59352017,816
2026-01-03T09:59:00Z,3170.43646600,3171.72504947,3164.94428458,3166.23115886,7439.14783616,743
2026-01-03T10:00:00Z,3166.23115886,3172.85025789,3161.81569604,3168.43172627,2660.64246052,266
2026-01-03T10:01:00Z,3168.43172627,3168.54261600,3166.43789310,3166.54871693,1795.74085981,179
2026-01-03T10:02:00Z,3166.54871693,3168.00042626,3164.05218452,3165.50341463,1626.08397425,162
2026-01-03T10:03:00Z,3165.50341463,3165.73762969,3165.34295895,3165.57717027,3590.25847530,359
2026-01-03T10:04:00Z,3165.57717027,3166.65205066,3164.86619184,3165.94099051,1159.27496707,115
2026-01-03T10:05:00Z,3165.94099051,3166.69858416,3164.59494547,3165.35239826,396.59976284,39
2026-01-03T10:06:00Z,3165.35239826,3167.78502827,3162.10551524,3164.53751900,1565.73804020,156
2026-01-03T10:07:00Z,3164.53751900,3169.01966514,3162.26625616,3166.74681664,965.57557826,96
2026-01-03T10:08:00Z,3166.74681664,3171.48119868,3164.17619615,3168.90882318,1529.74885931,152
2026-01-03T10:09:00Z,3168.90882318,3171.59888527,3164.16161569,3166.84993001,689.18054500,68
2026-01-03T10:10:00Z,3166.84993001,3168.03008092,3166.06983522,3167.24988761,3590.25309234,359
2026-01-03T10:11:00Z,3167.24988761,3167.51060756,3164.34020383,3164.60070571,10452.76971609,1045
2026-01-03T10:12:00Z,3164.60070571,3166.00657226,3164.07905007,3165.48477089,1857.61740323,185
2026-01-03T10:13:00Z,3165.48477089,3166.57826595,3163.99448005,3165.08783799,2285.54117715,228
2026-01-03T10:14:00Z,3165.08783799,3167.56359548,3163.51028928,3165.98559931,323.17348511,32
2026-01-03T10:15:00Z,3165.98559931,3169.00207073,3164.65487242,3167.67063558,3179.67707414,317
2026-01-03T10:16:00Z,3167.67063558,3168.90953400,3166.68751960,3167.92633866,3493.76935665,349
2026-01-03T10:17:00Z,3167.92633866,3168.46777933,3166.25493934,3166.79618685,1764.65700857,176
2026-01-03T10:18:00Z,3166.79618685,3169.60551983,3163.60783284,3166.41682929,1905.61280844,190
2026-01-03T10:19:00Z,3166.41682929,3170.42859042,3162.48606637,3166.49772707,478.64761381,47
2026-01-03T10:20:00Z,3166.49772707,3167.33416477,3162.04192864,3162.87741003,5182.94945188,518
2026-01-03T10:21:00Z,3162.87741003,3163.39015650,3159.08025688,3159.59247082,4752.99894602,475
2026-01-03T10:22:00Z,3159.59247082,3160.36380823,3159.42741186,3160.19871759,2842.24641592,284
2026-01-03T10:23:00Z,3160.19871759,3164.61725601,3157.18787189,3161.60507042,5326.27094581,532
2026-01-03T10:24:00Z,3161.60507042,3164.87617478,3160.72681135,3163.99725118,8754.53571749,875
2026-01-03T10:25:00Z,3163.99725118,3167.76133954,3161.87883450,3165.64182175,1573.77349876,157
2026-01-03T10:26:00Z,3165.64182175,3167.76297309,3165.23941183,3167.36034471,2197.36307179,219
2026-01-03T10:27:00Z,3167.36034471,3167.68914774,3165.60938760,3165.93804298,936.96700585,93
2026-01-03T10:28:00Z,3165.93804298,3166.31513926,3164.70438120,3165.08137545,2027.39734644,202
2026-01-03T10:29:00Z,3165.08137545,3165.86228551,3163.47024737,3164.25095254,643.28088739,64
2026-01-03T10:30:00Z,3164.25095254,3164.80802973,3162.81654756,3163.37347026,1090.35896679,109
2026-01-03T10:31:00Z,3163.37347026,3166.65458151,3162.59914436,3165.87964215,3894.46471410,389
2026-01-03T10:32:00Z,3165.87964215,3168.83100346,3163.49247119,3166.44340741,3594.66056480,359
2026-01-03T10:33:00Z,3166.44340741,3168.41954747,3165.45780868,3167.43364052,3440.53774306,344
2026-01-03T10:34:00Z,3167.43364052,3170.43219034,3164.99500877,3167.99312784,1817.63320471,181
2026-01-03T10:35:00Z,3167.99312784,3169.48058078,3165.89064082,3167.37780485,1083.40986468,108
2026-01-03T10:36:00Z,3167.37780485,3171.28881686,3165.45020338,3169.36000907,2325.64199432,232
2026-01-03T10:37:00Z,3169.36000907,3171.35444197,3168.13530851,3170.12944409,374.75676548,37
2026-01-03T10:38:00Z,3170.12944409,3171.83037616,3169.32724638,3171.02795107,567.89071370,56
2026-01-03T10:39:00Z,3171.02795107,3174.67404290,3169.28498075,3172.93002709,1319.37775207,131
2026-01-03T10:40:00Z,3172.93002709,3174.64251245,3171.87027380,3173.58254122,744.46484712,74
2026-01-03T10:41:00Z,3173.58254122,3174.68831155,3172.68066229,3173.78637469,1701.99354563,170
2026-01-03T10:42:00Z,3173.78637469,3174.33666551,3173.72890300,3174.27918489,360.48883736,36
2026-01-03T10:43:00Z,3174.27918489,3176.09993755,3168.91276032,3170.73147803,10261.32782085,1026
2026-01-03T10:44:00Z,3170.73147803,3172.39820704,3167.51036131,3169.17627280,5711.29887508,571
2026-01-03T10:45:00Z,3169.17627280,3170.16160744,3167.24830292,3168.23334439,1474.70312115,147
2026-01-03T10:46:00Z,3168.23334439,3168.72785357,3167.02675005,3167.52114808,2420.32589124,242
2026-01-03T10:47:00Z,3167.52114808,3167.82674498,3162.72056580,3163.02572899,1585.20048857,158
2026-01-03T10:48:00Z,3163.02572899,3163.73289787,3155.60314843,3156.30881559,8122.81022098,812
2026-01-03T10:49:00Z,3156.30881559,3158.62494885,3155.04218191,3157.35789418,595.08005662,59
2026-01-03T10:50:00Z,3157.35789418,3158.35039672,3153.92537510,3154.91711039,7687.78074183,768
2026-01-03T10:51:00Z,3154.91711039,3158.44357869,3154.04048623,3157.56621845,2285.65001107,228
2026-01-03T10:52:00Z,3157.56621845,3157.71735408,3156.15057754,3156.30165265,1710.70140742,171
2026-01-03T10:53:00Z,3156.30165265,3158.18024140,3155.66703727,3157.54537595,2244.59691813,224
2026-01-03T10:54:00Z,3157.54537595,3160.30869256,3153.07638549,3155.83820808,616.46105331,61
2026-01-03T10:55:00Z,3155.83820808,3158.18104348,3151.83164588,3154.17324524,905.61392447,90
2026-01-03T10:56:00Z,3154.17324524,3156.83522890,3150.96064727,3153.62216584,698.41984652,69
2026-01-03T10:57:00Z,3153.62216584,3158.35604540,3148.17469325,3152.90750004,1133.92796153,113
2026-01-03T10:58:00Z,3152.90750004,3153.79180432,3152.70175072,3153.58601072,2608.54367217,260
2026-01-03T10:59:00Z,3153.58601072,3156.07598675,3146.44347289,3148.92977249,10687.82924060,1068
2026-01-03T11:00:00Z,3148.92977249,3151.44459064,3146.04863683,3148.56316221,1020.14172167,102
2026-01-03T11:01:00Z,3148.56316221,3154.08740054,3143.93083477,3149.45376280,650.92056836,65
2026-01-03T11:02:00Z,3149.45376280,3150.06184626,3143.54294222,3144.15000166,9881.49148275,988
2026-01-03T11:03:00Z,3144.15000166,3148.42685649,3140.83023052,3145.10607588,1730.36972453,173
2026-01-03T11:04:00Z,3145.10607588,3147.13336294,3143.53960531,3145.56666297,1371.34702390,137
2026-01-03T11:05:00Z,3145.56666297,3149.96255173,3139.97741117,3144.37162990,236.67055760,23
2026-01-03T11:06:00Z,3144.37162990,3145.19192626,3144.20330709,3145.02356855,1000.72603751,100
2026-01-03T11:07:00Z,3145.02356855,3147.81298855,3142.81466408,3145.60367665,337.69332291,33
2026-01-03T11:08:00Z,3145.60367665,3151.58959848,3142.06515916,3148.04833098,1556.80819018,155
2026-01-03T11:09:00Z,3148.04833098,3152.81836830,3146.36887157,3151.13726097,4551.39197548,455
2026-01-03T11:10:00Z,3151.13726097,3152.04521915,3151.07109892,3151.97903943,407.32877083,40
2026-01-03T11:11:00Z,3151.97903943,3152.69596780,3148.97700014,3149.69340864,2521.15678248,252
2026-01-03T11:12:00Z,3149.69340864,3149.83782813,3148.71582619,3148.86020748,1241.73351236,124
2026-01-03T11:13:00Z,3148.86020748,3153.78642547,3145.93129055,3150.85565248,1703.29314390,170
2026-01-03T11:14:00Z,3150.85565248,3153.67081143,3148.95927705,3151.77388335,1190.53784963,119
2026-01-03T11:15:00Z,3151.77388335,3153.20478114,3144.26661237,3145.69475024,1805.89298073,180
2026-01-03T11:16:00Z,3145.69475024,3149.37383872,3143.35696817,3147.03506057,687.49786209,68
2026-01-03T11:17:00Z,3147.03506057,3151.46549400,3141.37448723,3145.80318641,2332.76179299,233
2026-01-03T11:18:00Z,3145.80318641,3147.78291288,3145.66639238,3147.64603871,2459.11053410,245
2026-01-03T11:19:00Z,3147.64603871,3153.67203449,3146.10550176,3152.12930332,1151.26871117,115
2026-01-03T11:20:00Z,3152.12930332,3153.17077550,3147.91516858,3148.95559216,2452.05088719,245
2026-01-03T11:21:00Z,3148.95559216,3149.64449587,3146.38822675,3147.07671942,2912.27686562,291
2026-01-03T11:22:00Z,3147.07671942,3151.90058608,3143.51377875,3148.33621948,1464.14864171,146
2026-01-03T11:23:00Z,3148.33621948,3152.34835126,3145.04116463,3149.05254670,1842.44638597,184
2026-01-03T11:24:00Z,3149.05254670,3149.51139048,3144.96282007,3145.42113471,3404.50180139,340
2026-01-03T11:25:00Z,3145.42113471,3147.10966371,3133.52772919,3135.21077705,10585.37869912,1058
2026-01-03T11:26:00Z,3135.21077705,3138.52006032,3128.67531906,3131.98119344,6570.45428234,657
2026-01-03T11:27:00Z,3131.98119344,3133.94244253,3128.51948599,3130.47979490,2050.08989676,205
2026-01-03T11:28:00Z,3130.47979490,3134.67746109,3128.78030845,3132.97661914,664.46084580,66
2026-01-03T11:29:00Z,3132.97661914,3134.95403426,3130.42278237,3132.39983343,1764.31772201,176
2026-01-03T11:30:00Z,3132.39983343,3137.11117060,3124.01370197,3128.71950367,3720.27870083,372
2026-01-03T11:31:00Z,3128.71950367,3132.96305980,3123.56314918,3127.80546559,540.74571043,54
2026-01-03T11:32:00Z,3127.80546559,3133.78650601,3125.05481835,3131.03302040,2453.93371128,245
2026-01-03T11:33:00Z,3131.03302040,3134.17473085,3129.85487623,3132.99584811,3233.50412484,323
2026-01-03T11:34:00Z,3132.99584811,3137.25694575,3129.77483483,3134.03486427,11076.35427371,1107
2026-01-03T11:35:00Z,3134.03486427,3136.28052986,3132.72779138,3134.97306569,1036.19687118,103
2026-01-03T11:36:00Z,3134.97306569,3139.39342954,3133.78430564,3138.20344456,7365.71627798,736
2026-01-03T11:37:00Z,3138.20344456,3142.10084874,3136.82164682,3140.71794383,3920.67699391,392
2026-01-03T11:38:00Z,3140.71794383,3142.77468737,3139.86143686,3141.91785317,2073.82205714,207
2026-01-03T11:39:00Z,3141.91785317,3142.22980425,3140.69703608,3141.00889691,318.02506994,31
2026-01-03T11:40:00Z,3141.00889691,3143.65502735,3139.66889151,3142.31446498,830.00751310,83
2026-01-03T11:41:00Z,3142.31446498,3142.42386405,3141.83218153,3141.94156762,361.00618020,36
2026-01-03T11:42:00Z,3141.94156762,3142.85167050,3141.64330101,3142.55334582,3342.02869870,334
2026-01-03T11:43:00Z,3142.55334582,3147.99981391,3141.95770537,3147.40325421,12632.14369418,1263
2026-01-03T11:44:00Z,3147.40325421,3148.15820255,3145.41619756,3146.17085029,2206.88620205,220
2026-01-03T11:45:00Z,3146.17085029,3148.55632612,3144.25030154,3146.63549373,3186.89709063,318
2026-01-03T11:46:00Z,3146.63549373,3147.29827588,3146.23525042,3146.89799917,2900.66315745,290
2026-01-03T11:47:00Z,3146.89799917,3148.74764546,3146.01080610,3147.86018112,775.98157180,77
2026-01-03T11:48:00Z,3147.86018112,3150.96201163,3147.78751414,3150.88927472,1301.02599929,130
2026-01-03T11:49:00Z,3150.88927472,3152.83705661,3150.38888740,3152.33643947,1296.85680839,129
2026-01-03T11:50:00Z,3152.33643947,3154.54491175,3150.16792950,3152.37637431,960.69810599,96
2026-01-03T11:51:00Z,3152.37637431,3153.72617738,3151.14358409,3152.49334142,808.04380604,80
2026-01-03T11:52:00Z,3152.49334142,3152.70769481,3152.42007650,3152.63442662,582.33183043,58
2026-01-03T11:53:00Z,3152.63442662,3154.35614817,3152.57456191,3154.29625190,5014.53313744,501
2026-01-03T11:54:00Z,3154.29625190,3157.35585554,3154.25289447,3157.31245664,7690.95363436,769
2026-01-03T11:55:00Z,3157.31245664,3157.63764704,3154.85432448,3155.17929516,13713.70843773,1371
2026-01-03T11:56:00Z,3155.17929516,3156.32748966,3153.33433004,3154.48227089,1367.78337751,136
2026-01-03T11:57:00Z,3154.48227089,3156.58138715,3152.43547055,3154.53455288,1871.84417244,187
2026-01-03T11:58:00Z,3154.53455288,3155.15537140,3152.96115610,3153.58178711,1174.72213099,117
2026-01-03T11:59:00Z,3153.58178711,3153.74562874,3153.22704586,3153.39087757,3408.23328613,340
2026-01-03T12:00:00Z,3153.39087757,3154.04283182,3151.16843606,3151.82006555,2305.69064129,230
2026-01-03T12:01:00Z,3151.82006555,3154.74468125,3151.42794890,3154.35224957,2778.46290400,277
2026-01-03T12:02:00Z,3154.35224957,3155.91432296,3154.10865295,3155.67062453,3872.64276773,387
2026-01-03T12:03:00Z,3155.67062453,3155.67861450,3153.37363486,3153.38161903,7668.97049079,766
2026-01-03T12:04:00Z,3153.38161903,3155.27481390,3152.36091130,3154.25382385,273.24653416,27
2026-01-03T12:05:00Z,3154.25382385,3157.13679840,3152.23867103,3155.12109152,9494.07279651,949
2026-01-03T12:06:00Z,3155.12109152,3157.68014120,3154.05754451,3156.61609025,1664.73375892,166
2026-01-03T12:07:00Z,3156.61609025,3157.76984207,3155.85235061,3157.00600809,4459.27930693,445
2026-01-03T12:08:00Z,3157.00600809,3159.29088585,3153.93207877,3156.21638504,2702.26456473,270
2026-01-03T12:09:00Z,3156.21638504,3157.36541747,3153.85585280,3155.00444402,3413.43780841,341
2026-01-03T12:10:00Z,3155.00444402,3155.90664346,3153.91167563,3154.81382056,735.57442264,73
2026-01-03T12:11:00Z,3154.81382056,3157.25677161,3153.25248399,3155.69499894,1479.95953630,147
2026-01-03T12:12:00Z,3155.69499894,3157.32530856,3155.38779481,3157.01797564,487.76962745,48
2026-01-03T12:13:00Z,3157.01797564,3160.94462271,3153.63971173,3157.56577261,1816.27114105,181
2026-01-03T12:14:00Z,3157.56577261,3158.51081739,3157.46083727,3158.40585414,3726.10787800,372
2026-01-03T12:15:00Z,3158.40585414,3160.21793665,3157.54666090,3159.35848426,4319.43514969,431
2026-01-03T12:16:00Z,3159.35848426,3161.22831743,3158.96876522,3160.83841583,1667.21116833,166
2026-01-03T12:17:00Z,3160.83841583,3160.99743928,3159.23932208,3159.39827307,2168.03979685,216
2026-01-03T12:18:00Z,3159.39827307,3159.85390879,3159.31164790,3159.76727350,4507.55090595,450
2026-01-03T12:19:00Z,3159.76727350,3161.38467040,3159.49304492,3161.11032526,1566.62097799,156
2026-01-03T12:20:00Z,3161.11032526,3164.12148836,3156.31607364,3159.32553662,4948.53769139,494
2026-01-03T12:21:00Z,3159.32553662,3161.86739348,3157.74444238,3160.28581866,4968.05184139,496
2026-01-03T12:22:00Z,3160.28581866,3168.64129072,3156.91087810,3165.26103700,6155.12771575,615
2026-01-03T12:23:00Z,3165.26103700,3165.51710426,3163.39768597,3163.65362319,1536.15976545,153
2026-01-03T12:24:00Z,3163.65362319,3164.08715287,3162.63439147,3163.06784088,1540.45654446,154
2026-01-03T12:25:00Z,3163.06784088,3163.75331479,3162.53303059,3163.21847903,1848.15944634,184
2026-01-03T12:26:00Z,3163.21847903,3165.07253898,3162.80890133,3164.66277427,574.07617950,57
2026-01-03T12:27:00Z,3164.66277427,3167.14037404,3161.74422899,3164.22148327,2979.30697836,297
2026-01-03T12:28:00Z,3164.22148327,3167.09648416,3161.25279771,3164.12771340,1174.23489175,117
2026-01-03T12:29:00Z,3164.12771340,3165.21675550,3163.25797600,3164.34695784,1167.42871118,116
2026-01-03T12:30:00Z,3164.34695784,3167.14400228,3163.07970541,3165.87613745,2564.28408988,256
2026-01-03T12:31:00Z,3165.87613745,3166.63187738,3164.74855475,3165.50420589,4199.47720300,419
2026-01-03T12:32:00Z,3165.50420589,3167.09420985,3161.83292171,3163.42187975,5162.26220091,516
2026-01-03T12:33:00Z,3163.42187975,3164.41576130,3162.61633556,3163.61016918,1672.25835832,167
2026-01-03T12:34:00Z,3163.61016918,3163.73911515,3161.81129214,3161.94017005,498.44096964,49
2026-01-03T12:35:00Z,3161.94017005,3163.28704716,3161.52625350,3162.87300850,1507.46368124,150
2026-01-03T12:36:00Z,3162.87300850,3165.26524008,3162.48172613,3164.87371020,3077.92135611,307
2026-01-03T12:37:00Z,3164.87371020,3164.97691805,3164.44549075,3164.54868800,1477.16333459,147
2026-01-03T12:38:00Z,3164.54868800,3166.00276697,3164.17257796,3165.62652883,2569.06401338,256
2026-01-03T12:39:00Z,3165.62652883,3166.23126593,3164.25940981,3164.86400123,251.39101975,25
2026-01-03T12:40:00Z,3164.86400123,3168.15210607,3157.28528117,3160.56892368,2155.31928312,215
2026-01-03T12:41:00Z,3160.56892368,3163.18455491,3160.41167961,3163.02718854,4549.81670453,454
2026-01-03T12:42:00Z,3163.02718854,3164.34759626,3162.64075358,3163.96104720,2946.64117459,294
2026-01-03T12:43:00Z,3163.96104720,3164.57019751,3161.43975632,3162.04853842,7528.87697642,752
2026-01-03T12:44:00Z,3162.04853842,3169.65370161,3159.66283118,3167.26405935,2215.45168092,221
2026-01-03T12:45:00Z,3167.26405935,3168.77290139,3163.02775744,3164.53529953,1625.45107052,162
2026-01-03T12:46:00Z,3164.53529953,3166.75663511,3163.54399594,3165.76494633,1389.93785201,138
2026-01-03T12:47:00Z,3165.76494633,3167.10173369,3165.09303176,3166.42967802,2492.62541683,249
2026-01-03T12:48:00Z,3166.42967802,3167.87696228,3165.40345002,3166.85059786,1031.25063578,103
2026-01-03T12:49:00Z,3166.85059786,3168.29118074,3166.28254348,3167.72296988,559.95627754,55
2026-01-03T12:50:00Z,3167.72296988,3170.20751654,3165.49879341,3167.98315738,795.89448394,79
2026-01-03T12:51:00Z,3167.98315738,3174.58567191,3164.86449058,3171.46357886,2210.39034006,221
2026-01-03T12:52:00Z,3171.46357886,3174.36619115,3171.07941587,3173.98172314,4107.72175405,410
2026-01-03T12:53:00Z,3173.98172314,3174.92959777,3172.50273362,3173.45044959,808.22111811,80
2026-01-03T12:54:00Z,3173.45044959,3176.75843672,3169.73135497,3173.03891311,959.21282374,95
2026-01-03T12:55:00Z,3173.03891311,3175.57838074,3171.96831080,3174.50728299,3060.35526351,306
2026-01-03T12:56:00Z,3174.50728299,3178.73837674,3170.96636038,3175.19668515,1518.34576476,151
2026-01-03T12:57:00Z,3175.19668515,3178.57911544,3172.86611419,3176.24777299,2283.64295396,228
2026-01-03T12:58:00Z,3176.24777299,3181.84250764,3172.19684008,3177.78960830,1570.34329052,157
2026-01-03T12:59:00Z,3177.78960830,3181.75328397,3175.65803124,3179.62047882,3983.00445705,398
2026-01-03T13:00:00Z,3179.62047882,3182.97902767,3177.89351048,3181.25117365,5771.79708171,577
2026-01-03T13:01:00Z,3181.25117365,3184.24238492,3178.56321193,3181.55416718,2440.19398596,244
2026-01-03T13:02:00Z,3181.55416718,3182.49605788,3177.09422779,3178.03507667,4347.60610480,434
2026-01-03T13:03:00Z,3178.03507667,3178.67652016,3174.74687581,3175.38778498,1450.18287845,145
2026-01-03T13:04:00Z,3175.38778498,3177.86984679,3174.77377601,3177.25547667,3476.54864980,347
2026-01-03T13:05:00Z,3177.25547667,3177.54549271,3173.72961282,3174.01933348,6054.74919207,605
2026-01-03T13:06:00Z,3174.01933348,3177.77610877,3172.37939919,3176.13508132,3386.34097119,338
2026-01-03T13:07:00Z,3176.13508132,3177.14522076,3175.61578423,3176.62584342,5153.87561891,515
2026-01-03T13:08:00Z,3176.62584342,3177.35430084,3171.91431833,3172.64186215,3346.77104250,334
2026-01-03T13:09:00Z,3172.64186215,3175.77966738,3167.98010883,3171.11640535,1178.38202145,117
2026-01-03T13:10:00Z,3171.11640535,3177.08511021,3170.03063185,3175.99766539,5134.31386146,513
2026-01-03T13:11:00Z,3175.99766539,3177.04008006,3173.67385587,3174.71584983,1867.60971281,186
2026-01-03T13:12:00Z,3174.71584983,3175.33644660,3173.04081905,3173.66120966,522.75474519,52
2026-01-03T13:13:00Z,3173.66120966,3175.79668527,3171.92285913,3174.05811733,2402.38950931,240
2026-01-03T13:14:00Z,3174.05811733,3174.16423289,3173.02831020,3173.13439488,544.17813055,54
2026-01-03T13:15:00Z,3173.13439488,3174.56715005,3167.28589844,3168.71665888,3386.89165369,338
2026-01-03T13:16:00Z,3168.71665888,3171.02286664,3166.84659509,3169.15254560,1736.34153790,173
2026-01-03T13:17:00Z,3169.15254560,3169.26996178,3164.33091886,3164.44816074,4853.74659320,485
2026-01-03T13:18:00Z,3164.44816074,3164.96883995,3163.94975504,3164.47043075,1647.33032753,164
2026-01-03T13:19:00Z,3164.47043075,3166.01607583,3160.22771244,3161.77203953,4373.36068235,437
2026-01-03T13:20:00Z,3161.77203953,3168.91554289,3158.90687091,3166.04650080,5770.14657046,577
2026-01-03T13:21:00Z,3166.04650080,3171.66261134,3162.93173571,3168.54538784,5570.99791648,557
2026-01-03T13:22:00Z,3168.54538784,3169.34176346,3167.45206097,3168.24836193,3985.01692578,398
2026-01-03T13:23:00Z,3168.24836193,3171.20375156,3167.90759768,3170.86270612,3711.83403404,371
2026-01-03T13:24:00Z,3170.86270612,3171.77173877,3169.65876760,3170.56771568,151.88095887,15
2026-01-03T13:25:00Z,3170.56771568,3171.19259297,3170.05130763,3170.67616726,2074.11401914,207
2026-01-03T13:26:00Z,3170.67616726,3170.75757848,3170.28680313,3170.36820644,385.19199369,38
2026-01-03T13:27:00Z,3170.36820644,3170.88684373,3169.34219213,3169.86074640,1369.10265960,136
2026-01-03T13:28:00Z,3169.86074640,3170.21719120,3164.67005920,3165.02596034,4683.30893826,468
2026-01-03T13:29:00Z,3165.02596034,3165.25310226,3163.78930786,3164.01637732,1799.62797285,179
2026-01-03T13:30:00Z,3164.01637732,3164.91085320,3161.14964337,3162.04356152,3030.63654486,303
2026-01-03T13:31:00Z,3162.04356152,3164.29027251,3161.79341199,3164.03996505,746.33222921,74
2026-01-03T13:32:00Z,3164.03996505,3166.46775225,3162.67596509,3165.10329390,2743.18108989,274
2026-01-03T13:33:00Z,3165.10329390,3165.73388537,3163.01469692,3163.64499785,1676.11365978,167
2026-01-03T13:34:00Z,3163.64499785,3164.33122577,3162.16511514,3162.85117088,2130.32707791,213
2026-01-03T13:35:00Z,3162.85117088,3164.40094431,3161.33194261,3162.88170138,1274.54184346,127
2026-01-03T13:36:00Z,3162.88170138,3164.35706061,3161.32114158,3162.79646106,1794.18106948,179
2026-01-03T13:37:00Z,3162.79646106,3162.88783946,3161.68088901,3161.77223783,2070.55776331,207
2026-01-03T13:38:00Z,3161.77223783,3164.16174419,3160.29381228,3162.68289283,6556.30706040,655
2026-01-03T13:39:00Z,3162.68289283,3164.50442770,3162.33216789,3164.15353967,8532.05571194,853
2026-01-03T13:40:00Z,3164.15353967,3164.91165328,3162.64350780,3163.40144121,625.99812012,62
2026-01-03T13:41:00Z,3163.40144121,3166.08092571,3158.97850760,3161.65651410,3337.48983061,333
2026-01-03T13:42:00Z,3161.65651410,3163.02688593,3159.45364127,3160.82365210,2438.28379248,243
2026-01-03T13:43:00Z,3160.82365210,3161.17846869,3159.07841098,3159.43307147,948.26687848,94
2026-01-03T13:44:00Z,3159.43307147,3161.03552146,3158.33724066,3159.93951499,411.94934493,41
2026-01-03T13:45:00Z,3159.93951499,3160.08623803,3159.80376574,3159.95048831,1341.62733288,134
2026-01-03T13:46:00Z,3159.95048831,3160.12063414,3159.24451481,3159.41463178,2119.49779788,211
2026-01-03T13:47:00Z,3159.41463178,3159.96985658,3159.05938299,3159.61458531,2822.29982486,282
2026-01-03T13:48:00Z,3159.61458531,3161.01953029,3157.99071812,3159.39556571,873.56796164,87
2026-01-03T13:49:00Z,3159.39556571,3160.28749656,3159.32588787,3160.21780058,959.01104703,95
2026-01-03T13:50:00Z,3160.21780058,3160.93951890,3156.98907146,3157.71021710,3323.74246126,332
2026-01-03T13:51:00Z,3157.71021710,3159.83610018,3155.16998183,3157.29558577,2104.99682366,210
2026-01-03T13:52:00Z,3157.29558577,3163.22943808,3154.94786062,3160.87904832,18744.78850246,1874
2026-01-03T13:53:00Z,3160.87904832,3163.24819697,3159.02366757,3161.39251482,5301.80793114,530
2026-01-03T13:54:00Z,3161.39251482,3162.84836578,3160.67678063,3162.13246407,3503.49605341,350
2026-01-03T13:55:00Z,3162.13246407,3162.17610751,3160.39024688,3160.43386688,6224.67469631,622
2026-01-03T13:56:00Z,3160.43386688,3161.12722483,3159.31508585,3160.00835045,599.54296390,59
2026-01-03T13:57:00Z,3160.00835045,3160.12087417,3158.55862231,3158.67109841,1258.28191431,125
2026-01-03T13:58:00Z,3158.67109841,3161.90063717,3151.61392073,3154.83954198,11306.64174543,1130
2026-01-03T13:59:00Z,3154.83954198,3157.33394793,3153.07324615,3155.56724468,1691.34035547,169
2026-01-03T14:00:00Z,3155.56724468,3159.32323506,3151.29522191,3155.05059733,2851.09947327,285
2026-01-03T14:01:00Z,3155.05059733,3155.34703282,3154.52921035,3154.82562471,2192.29759408,219
2026-01-03T14:02:00Z,3154.82562471,3158.56236294,3152.80073442,3156.53637462,4524.66240978,452
2026-01-03T14:03:00Z,3156.53637462,3156.94662371,3154.45190046,3154.86193192,1243.60200148,124
2026-01-03T14:04:00Z,3154.86193192,3158.52744138,3152.99627682,3156.66072255,2415.36070127,241
2026-01-03T14:05:00Z,3156.66072255,3157.66634935,3155.31873463,3156.32425425,1309.45908089,130
2026-01-03T14:06:00Z,3156.32425425,3159.24395602,3151.99920101,3154.91760159,3439.07622370,343
2026-01-03T14:07:00Z,3154.91760159,3155.53056139,3153.61480131,3154.22762705,4555.71980176,455
2026-01-03T14:08:00Z,3154.22762705,3156.23189644,3153.29906932,3155.30302212,2629.02757677,262
2026-01-03T14:09:00Z,3155.30302212,3155.89439532,3154.80472203,3155.39608054,396.99362913,39
2026-01-03T14:10:00Z,3155.39608054,3155.69799005,3152.94995890,3153.25166323,1293.96940104,129
2026-01-03T14:11:00Z,3153.25166323,3154.54965074,3153.13991175,3154.43785722,4511.24345082,451
2026-01-03T14:12:00Z,3154.43785722,3155.09735971,3154.41678129,3155.07627952,6225.84359803,622
2026-01-03T14:13:00Z,3155.07627952,3157.04068745,3154.15742232,3156.12152585,103.66529148,10
2026-01-03T14:14:00Z,3156.12152585,3158.38865170,3154.75912143,3157.02585690,1911.61886050,191
2026-01-03T14:15:00Z,3157.02585690,3158.34967988,3155.77063469,3157.09443040,327.26174983,32
2026-01-03T14:16:00Z,3157.09443040,3158.21631369,3155.28836547,3156.41000555,925.71473849,92
2026-01-03T14:17:00Z,3156.41000555,3156.66163851,3154.29933063,3154.55081538,3207.04655452,320
2026-01-03T14:18:00Z,3154.55081538,3155.40597745,3153.32873874,3154.18380132,677.54184131,67
2026-01-03T14:19:00Z,3154.18380132,3154.65512056,3152.77066114,3153.24183962,3105.29704452,310
2026-01-03T14:20:00Z,3153.24183962,3157.77355292,3150.37626219,3154.90646273,885.55738553,88
2026-01-03T14:21:00Z,3154.90646273,3155.01564732,3153.03348281,3153.14260636,3248.17822208,324
2026-01-03T14:22:00Z,3153.14260636,3154.04872544,3152.93195959,3153.83803221,1240.26843062,124
2026-01-03T14:23:00Z,3153.83803221,3157.30550355,3152.06655069,3155.53306994,1268.24696160,126
2026-01-03T14:24:00Z,3155.53306994,3156.56470380,3154.95126465,3155.98281559,1271.24894391,127
2026-01-03T14:25:00Z,3155.98281559,3156.21938253,3155.60159165,3155.83814774,1105.48627816,110
2026-01-03T14:26:00Z,3155.83814774,3158.54407704,3154.60237137,3157.30772521,2225.35344681,222
2026-01-03T14:27:00Z,3157.30772521,3158.21964903,3156.17623164,3157.08809203,2671.73764368,267
2026-01-03T14:28:00Z,3157.08809203,3158.95852487,3156.05872682,3157.92888552,2818.93399234,281
2026-01-03T14:29:00Z,3157.92888552,3158.10722100,3157.04617841,3157.22447411,1633.02830505,163
2026-01-03T14:30:00Z,3157.22447411,3158.71558748,3154.70120433,3156.19182999,2912.75401970,291
2026-01-03T14:31:00Z,3156.19182999,3158.29859063,3154.86516175,3156.97159462,5186.25132754,518
2026-01-03T14:32:00Z,3156.97159462,3158.33352727,3156.70084863,3158.06268771,2537.72422954,253
2026-01-03T14:33:00Z,3158.06268771,3159.81195974,3156.83516142,3158.58423073,6782.99853498,678
2026-01-03T14:34:00Z,3158.58423073,3158.93969431,3158.49916756,3158.85462385,3206.37079397,320
2026-01-03T14:35:00Z,3158.85462385,3159.29582141,3158.48547969,3158.92666882,2922.36673979,292
2026-01-03T14:36:00Z,3158.92666882,3160.16506966,3158.67449528,3159.91281739,1550.21121126,155
2026-01-03T14:37:00Z,3159.91281739,3160.94186947,3159.20595596,3160.23493598,1002.24644873,100
2026-01-03T14:38:00Z,3160.23493598,3161.93359311,3159.19702126,3160.89546146,105.82884662,10
2026-01-03T14:39:00Z,3160.89546146,3163.68816587,3159.75967725,3162.55178651,399.14225191,39
2026-01-03T14:40:00Z,3162.55178651,3164.35283010,3160.99865845,3162.79958035,1970.73836636,197
2026-01-03T14:41:00Z,3162.79958035,3164.47228044,3159.62058820,3161.29249125,3475.55479803,347
2026-01-03T14:42:00Z,3161.29249125,3162.25278768,3159.76495192,3160.72507600,1201.56491119,120
2026-01-03T14:43:00Z,3160.72507600,3162.17730934,3160.30770426,3161.75980097,2545.39894594,254
2026-01-03T14:44:00Z,3161.75980097,3161.91002661,3161.09809883,3161.24830017,475.58731300,47
2026-01-03T14:45:00Z,3161.24830017,3165.16981923,3160.26289885,3164.18350297,14362.72033770,1436
2026-01-03T14:46:00Z,3164.18350297,3165.09100302,3162.45805232,3163.36531772,582.26680353,58
2026-01-03T14:47:00Z,3163.36531772,3163.72872473,3162.29182341,3162.65514884,1819.64075049,181
2026-01-03T14:48:00Z,3162.65514884,3164.25864356,3162.29717158,3163.90052534,6334.56151420,633
2026-01-03T14:49:00Z,3163.90052534,3164.68852450,3162.97751451,3163.76548003,2627.98234216,262
2026-01-03T14:50:00Z,3163.76548003,3165.37670497,3162.25392495,3163.86510230,1725.97817315,172
2026-01-03T14:51:00Z,3163.86510230,3166.03777750,3161.45295783,3163.62546847,1149.69446591,114
2026-01-03T14:52:00Z,3163.62546847,3165.05000800,3163.10650759,3164.53089859,1368.59334938,136
2026-01-03T14:53:00Z,3164.53089859,3166.61570792,3160.99101878,3163.07486887,2592.11445205,259
2026-01-03T14:54:00Z,3163.07486887,3164.30829459,3158.52989505,3159.76202894,1791.14463816,179
2026-01-03T14:55:00Z,3159.76202894,3160.10325839,3159.62022256,3159.96144307,957.05765549,95
2026-01-03T14:56:00Z,3159.96144307,3165.43425007,3157.92913145,3163.39972714,9454.52948916,945
2026-01-03T14:57:00Z,3163.39972714,3168.41066875,3159.99184952,3165.00106603,2086.53041226,208
2026-01-03T14:58:00Z,3165.00106603,3165.39721810,3163.34128894,3163.73728284,1544.76649965,154
2026-01-03T14:59:00Z,3163.73728284,3165.82138900,3163.55737106,3165.64136895,728.58133499,72
2026-01-03T15:00:00Z,3165.64136895,3167.27638970,3164.44194966,3166.07680543,2587.27575867,258
2026-01-03T15:01:00Z,3166.07680543,3167.91416297,3164.55577058,3166.39297622,1733.48499329,173
2026-01-03T15:02:00Z,3166.39297622,3166.78135754,3163.51317648,3163.90125216,704.23060667,70
2026-01-03T15:03:00Z,3163.90125216,3168.00610483,3162.71021172,3166.81396791,1392.84274506,139
2026-01-03T15:04:00Z,3166.81396791,3167.70607660,3165.56809924,3166.46010825,592.67888428,59
2026-01-03T15:05:00Z,3166.46010825,3168.14214797,3164.71944404,3166.40145261,2774.68128144,277
2026-01-03T15:06:00Z,3166.40145261,3167.08285768,3165.30751079,3165.98882707,908.41250989,90
2026-01-03T15:07:00Z,3165.98882707,3167.71656015,3164.39209371,3166.11976076,320.62826597,32
2026-01-03T15:08:00Z,3166.11976076,3169.00407447,3165.46789237,3168.35174654,2667.64007391,266
2026-01-03T15:09:00Z,3168.35174654,3169.39441024,3168.07630146,3169.11889847,2569.51804113,256
2026-01-03T15:10:00Z,3169.11889847,3172.22849371,3167.64130471,3170.75013939,2691.58429477,269
2026-01-03T15:11:00Z,3170.75013939,3173.00702070,3170.69516792,3172.95201105,2532.18064107,253
2026-01-03T15:12:00Z,3172.95201105,3175.96682476,3172.44673790,3175.46115205,6288.60814409,628
2026-01-03T15:13:00Z,3175.46115205,3177.92579765,3173.27809553,3175.74254768,1381.26671955,138
2026-01-03T15:14:00Z,3175.74254768,3176.52167284,3172.56381079,3173.34234710,1988.36865124,198
2026-01-03T15:15:00Z,3173.34234710,3174.29543732,3172.56964592,3173.52269223,1336.50481607,133
2026-01-03T15:16:00Z,3173.52269223,3175.51528997,3172.45418148,3174.44646819,1014.78118299,101
2026-01-03T15:17:00Z,3174.44646819,3174.89690112,3174.43176251,3174.88219343,766.36891667,76
2026-01-03T15:18:00Z,3174.88219343,3176.89324264,3174.80705541,3176.81805882,5043.68072986,504
2026-01-03T15:19:00Z,3176.81805882,3180.95721399,3175.78204202,3179.92018553,10974.67115648,1097
2026-01-03T15:20:00Z,3179.92018553,3180.18991525,3179.19492944,3179.46462051,3790.37698370,379
2026-01-03T15:21:00Z,3179.46462051,3182.48575785,3176.24071577,3179.26166025,493.71224852,49
2026-01-03T15:22:00Z,3179.26166025,3181.55709111,3173.30311852,3175.59590270,1869.49625810,186
2026-01-03T15:23:00Z,3175.59590270,3175.68690209,3174.87426926,3174.96525057,1005.02979005,100
2026-01-03T15:24:00Z,3174.96525057,3176.83236963,3170.69611794,3172.56182361,1893.84438014,189
2026-01-03T15:25:00Z,3172.56182361,3173.11367712,3171.00679887,3171.55847786,1518.62775661,151
2026-01-03T15:26:00Z,3171.55847786,3174.42044717,3165.64093311,3168.50014263,983.15202050,98
2026-01-03T15:27:00Z,3168.50014263,3173.68692982,3166.14894870,3171.33363329,6254.48985569,625
2026-01-03T15:28:00Z,3171.33363329,3172.52290966,3170.57956886,3171.76874177,1212.78723595,121
2026-01-03T15:29:00Z,3171.76874177,3171.88486584,3170.33823635,3170.45431230,1797.83525510,179
2026-01-03T15:30:00Z,3170.45431230,3171.37769766,3169.97634211,3170.89966033,43.00639183,4
2026-01-03T15:31:00Z,3170.89966033,3171.39343475,3170.60948425,3171.10324004,1975.36005392,197
2026-01-03T15:32:00Z,3171.10324004,3173.74902998,3169.62017557,3172.26542198,1012.93254205,101
2026-01-03T15:33:00Z,3172.26542198,3173.86668647,3171.21184875,3172.81293140,1927.18890600,192
2026-01-03T15:34:00Z,3172.81293140,3175.93287352,3168.40071100,3171.51938113,3363.62450277,336
2026-01-03T15:35:00Z,3171.51938113,3173.16612266,3167.15397944,3168.79930864,3047.45805475,304
2026-01-03T15:36:00Z,3168.79930864,3169.43863012,3168.36106372,3169.00035740,2856.89464779,285
2026-01-03T15:37:00Z,3169.00035740,3169.51406297,3168.15153244,3168.66518367,2857.36596699,285
2026-01-03T15:38:00Z,3168.66518367,3171.05741409,3168.59496753,3170.98714650,5220.44657498,522
2026-01-03T15:39:00Z,3170.98714650,3173.49994016,3169.32078577,3171.83313486,1800.68310624,180
2026-01-03T15:40:00Z,3171.83313486,3172.52231399,3171.81195944,3172.50113410,2890.15656564,289
2026-01-03T15:41:00Z,3172.50113410,3173.46625755,3171.36858467,3172.33365717,39.97974983,3
2026-01-03T15:42:00Z,3172.33365717,3172.72185052,3171.19763987,3171.58574170,2154.66596223,215
2026-01-03T15:43:00Z,3171.58574170,3173.17038936,3169.54987026,3171.13429236,3694.83815591,369
2026-01-03T15:44:00Z,3171.13429236,3171.88959310,3170.68605062,3171.44130796,1195.84956649,119
2026-01-03T15:45:00Z,3171.44130796,3173.34480564,3170.83238207,3172.73563123,275.38836892,27
2026-01-03T15:46:00Z,3172.73563123,3173.17699757,3171.50966737,3171.95092455,3491.29241459,349
2026-01-03T15:47:00Z,3171.95092455,3174.56046347,3168.33430263,3170.94301235,2947.51268848,294
2026-01-03T15:48:00Z,3170.94301235,3173.90039040,3167.08525949,3170.04179702,1139.02368607,113
2026-01-03T15:49:00Z,3170.04179702,3177.12536242,3162.32010429,3169.40224057,1956.20370245,195
2026-01-03T15:50:00Z,3169.40224057,3178.88250065,3167.09998848,3176.57503824,5138.05855112,513
2026-01-03T15:51:00Z,3176.57503824,3183.41742391,3160.78654325,3167.60961728,3138.56359484,313
2026-01-03T15:52:00Z,3167.60961728,3175.96858156,3162.42872400,3170.78249875,4705.43889732,470
2026-01-03T15:53:00Z,3170.78249875,3188.02365191,3158.40526656,3175.62750711,2810.43071682,281
2026-01-03T15:54:00Z,3175.62750711,3176.35119120,3173.82166678,3174.54510421,498.67480394,49
2026-01-03T15:55:00Z,3174.54510421,3177.41054079,3172.66258350,3175.52743755,1489.21875358,148
2026-01-03T15:56:00Z,3175.52743755,3176.59904631,3175.41003939,3176.48161288,4258.91909634,425
2026-01-03T15:57:00Z,3176.48161288,3178.22440096,3175.02586889,3176.76852549,2394.00730922,239
2026-01-03T15:58:00Z,3176.76852549,3179.48293068,3171.11555746,3173.82744964,8477.67238854,847
2026-01-03T15:59:00Z,3173.82744964,3174.09710008,3173.16545388,3173.43507099,2384.43866467,238
2026-01-03T16:00:00Z,3173.43507099,3175.34893653,3172.94049913,3174.85414352,2253.50348749,225
2026-01-03T16:01:00Z,3174.85414352,3176.22492632,3171.62266101,3172.99264009,765.99912267,76
2026-01-03T16:02:00Z,3172.99264009,3173.16285224,3172.38853208,3172.55872096,2658.03698467,265
2026-01-03T16:03:00Z,3172.55872096,3173.03648658,3170.98843088,3171.46603195,679.09935381,67
2026-01-03T16:04:00Z,3171.46603195,3172.02700593,3169.95649380,3170.51729997,291.51265719,29
2026-01-03T16:05:00Z,3170.51729997,3174.19768434,3167.97335411,3171.65282737,3014.38670880,301
2026-01-03T16:06:00Z,3171.65282737,3172.65734825,3171.30005196,3172.30450036,5158.32965593,515
2026-01-03T16:07:00Z,3172.30450036,3173.10457899,3171.47243738,3172.27250793,877.33637485,87
2026-01-03T16:08:00Z,3172.27250793,3172.88926366,3170.43146366,3171.04798131,3713.32590041,371
2026-01-03T16:09:00Z,3171.04798131,3173.47102219,3170.83683184,3173.25972545,1592.88794242,159
2026-01-03T16:10:00Z,3173.25972545,3173.45526096,3172.13245930,3172.32793739,2061.06973650,206
2026-01-03T16:11:00Z,3172.32793739,3175.15884451,3170.99503358,3173.82531155,788.47551617,78
2026-01-03T16:12:00Z,3173.82531155,3174.84840888,3170.93631656,3171.95881221,9099.25027186,909
2026-01-03T16:13:00Z,3171.95881221,3173.15517780,3170.91113969,3172.10745618,1002.90524856,100
2026-01-03T16:14:00Z,3172.10745618,3174.52361180,3170.25721354,3172.67303926,2951.07342489,295
2026-01-03T16:15:00Z,3172.67303926,3173.52328411,3171.11408214,3171.96413701,1707.35311285,170
2026-01-03T16:16:00Z,3171.96413701,3172.95680375,3170.35360940,3171.34608272,1151.91293696,115
2026-01-03T16:17:00Z,3171.34608272,3171.44898903,3169.84626259,3169.94912357,722.99606048,72
2026-01-03T16:18:00Z,3169.94912357,3172.29107694,3165.74620137,3168.08677883,3344.98074384,334
2026-01-03T16:19:00Z,3168.08677883,3170.13695346,3165.35957279,3167.40930900,1061.31370222,106
2026-01-03T16:20:00Z,3167.40930900,3171.16414944,3166.31547701,3170.06939881,2267.06437152,226
2026-01-03T16:21:00Z,3170.06939881,3171.68166537,3168.81644581,3170.42857040,3940.04608640,394
2026-01-03T16:22:00Z,3170.42857040,3170.85140472,3168.65815058,3169.08080515,2499.21421958,249
2026-01-03T16:23:00Z,3169.08080515,3169.40371489,3168.80691153,3169.12981704,1109.72878360,110
2026-01-03T16:24:00Z,3169.12981704,3169.13509209,3167.34630506,3167.35157715,1195.13331023,119
2026-01-03T16:25:00Z,3167.35157715,3168.00343778,3164.04812238,3164.69943719,4713.62297112,471
2026-01-03T16:26:00Z,3164.69943719,3166.45261461,3163.54816811,3165.30112665,977.35639977,97
2026-01-03T16:27:00Z,3165.30112665,3165.65269255,3164.38203888,3164.73354175,2084.65972105,208
2026-01-03T16:28:00Z,3164.73354175,3165.40388198,3162.53011116,3163.20012659,2815.96662778,281
2026-01-03T16:29:00Z,3163.20012659,3163.52388123,3162.65552148,3162.97925352,1057.49629311,105
2026-01-03T16:30:00Z,3162.97925352,3175.45229277,3155.52043225,3167.98167497,7298.85415263,729
2026-01-03T16:31:00Z,3167.98167497,3168.03724477,3156.78495273,3156.84032710,10642.16376238,1064
2026-01-03T16:32:00Z,3156.84032710,3168.23650879,3147.15641338,3158.54735858,3655.48536280,365
2026-01-03T16:33:00Z,3158.54735858,3166.19478545,3155.89800355,3163.54124160,5849.01792633,584
2026-01-03T16:34:00Z,3163.54124160,3169.55549842,3152.93087764,3158.93638009,3385.70882722,338
2026-01-03T16:35:00Z,3158.93638009,3164.02986989,3146.72350416,3151.80549607,1484.73196664,148
2026-01-03T16:36:00Z,3151.80549607,3152.54976571,3150.36436998,3151.10847503,2171.30922121,217
2026-01-03T16:37:00Z,3151.10847503,3154.04205545,3144.91693173,3147.84747627,1792.05356789,179
2026-01-03T16:38:00Z,3147.84747627,3164.28479831,3142.47388262,3158.89235029,2322.76624906,232
2026-01-03T16:39:00Z,3158.89235029,3167.34778041,3154.13758977,3162.58745801,2476.66089294,247
2026-01-03T16:40:00Z,3162.58745801,3172.34133207,3159.33081731,3169.07800779,788.21533970,78
2026-01-03T16:41:00Z,3169.07800779,3173.55706462,3168.73771771,3173.21633017,673.00746549,67
2026-01-03T16:42:00Z,3173.21633017,3180.04723745,3155.73984291,3162.54778426,2491.73807733,249
2026-01-03T16:43:00Z,3162.54778426,3165.01954270,3160.70844342,3163.17983425,1639.94322845,163
2026-01-03T16:44:00Z,3163.17983425,3167.02104211,3162.65082388,3166.49147790,731.26134274,73
2026-01-03T16:45:00Z,3166.49147790,3170.44056103,3160.69636054,3164.64313852,1026.49766464,102
2026-01-03T16:46:00Z,3164.64313852,3168.29375400,3149.09117361,3152.72804428,8675.27201631,867
2026-01-03T16:47:00Z,3152.72804428,3157.31529996,3138.59205290,3143.16539482,1285.07955217,128
2026-01-03T16:48:00Z,3143.16539482,3143.27134565,3132.17554463,3132.28112857,1336.18373072,133
2026-01-03T16:49:00Z,3132.28112857,3134.95721698,3123.38520680,3126.05597669,1209.09341372,120
2026-01-03T16:50:00Z,3126.05597669,3126.52728643,3116.56342681,3117.03337623,5378.19333465,537
2026-01-03T16:51:00Z,3117.03337623,3126.38032850,3097.52718650,3106.84358295,3204.64655380,320
2026-01-03T16:52:00Z,3106.84358295,3114.08976870,3105.65056419,3112.89442642,3046.53537637,304
2026-01-03T16:53:00Z,3112.89442642,3128.31432880,3090.93849845,3106.32586307,6401.17200566,640
2026-01-03T16:54:00Z,3106.32586307,3125.08066854,3097.52004946,3116.24673125,4717.21598351,471
2026-01-03T16:55:00Z,3116.24673125,3116.81407245,3111.13070649,3111.69721942,1135.33311727,113
2026-01-03T16:56:00Z,3111.69721942,3125.41608210,3109.12964954,3122.83931849,6998.48899569,699
2026-01-03T16:57:00Z,3122.83931849,3128.72485427,3112.20640364,3118.08297527,2200.54106232,220
2026-01-03T16:58:00Z,3118.08297527,3126.24019438,3110.00669254,3118.16370255,1680.17930277,168
2026-01-03T16:59:00Z,3118.16370255,3121.37091410,3113.20756791,3116.41297874,4585.84172059,458
2026-01-03T17:00:00Z,3116.41297874,3125.45991146,3104.24131696,3113.27915220,1777.63762737,177
2026-01-03T17:01:00Z,3113.27915220,3114.56916145,3106.13217539,3107.41975676,1751.63788504,175
2026-01-03T17:02:00Z,3107.41975676,3111.68901781,3098.63274753,3102.89579315,1618.90431409,161
2026-01-03T17:03:00Z,3102.89579315,3108.11200778,3095.14893734,3100.36089061,4155.46360336,415
2026-01-03T17:04:00Z,3100.36089061,3110.24546852,3091.36967932,3101.25167391,3276.33480909,327
2026-01-03T17:05:00Z,3101.25167391,3102.06472690,3095.03662868,3095.84826506,2916.29123912,291
2026-01-03T17:06:00Z,3095.84826506,3102.99078963,3094.02999878,3101.16939812,6255.64564372,625
2026-01-03T17:07:00Z,3101.16939812,3104.24547418,3093.53828346,3096.60983686,1147.52234452,114
2026-01-03T17:08:00Z,3096.60983686,3118.88257089,3090.36277528,3112.60324441,7433.14446033,743
2026-01-03T17:09:00Z,3112.60324441,3113.43323056,3098.55043267,3099.37689197,3096.87706478,309
2026-01-03T17:10:00Z,3099.37689197,3103.72359020,3088.14141864,3092.47844219,855.92516744,85
2026-01-03T17:11:00Z,3092.47844219,3098.36613438,3072.07773441,3077.93774292,13451.63142080,1345
2026-01-03T17:12:00Z,3077.93774292,3084.22296934,3076.88662084,3083.17006041,5584.24345203,558
2026-01-03T17:13:00Z,3083.17006041,3088.87670759,3078.54257031,3084.24760022,2662.08074288,266
2026-01-03T17:14:00Z,3084.24760022,3091.41286129,3075.87077280,3083.03321263,1838.20991902,183
2026-01-03T17:15:00Z,3083.03321263,3088.03345672,3080.24436499,3085.24261050,1242.60411419,124
2026-01-03T17:16:00Z,3085.24261050,3088.25601811,3070.57135743,3073.57336750,1246.93762337,124
2026-01-03T17:17:00Z,3073.57336750,3075.79592814,3073.11950483,3075.34180434,2222.44704337,222
2026-01-03T17:18:00Z,3075.34180434,3076.19454457,3074.72415025,3075.57684327,623.39579592,62
2026-01-03T17:19:00Z,3075.57684327,3078.92133951,3074.49826687,3077.84196874,260.38908043,26
2026-01-03T17:20:00Z,3077.84196874,3080.98914572,3077.71973884,3080.86679569,4866.74320206,486
2026-01-03T17:21:00Z,3080.86679569,3083.51462713,3079.85660878,3082.50390343,3635.57097709,363
2026-01-03T17:22:00Z,3082.50390343,3084.60288478,3079.12689148,3081.22500199,3706.40484070,370
2026-01-03T17:23:00Z,3081.22500199,3082.10298761,3080.65338430,3081.53131309,906.93757786,90
2026-01-03T17:24:00Z,3081.53131309,3082.68965013,3078.71107636,3079.86878846,1875.22577875,187
2026-01-03T17:25:00Z,3079.86878846,3081.51316081,3074.53832404,3076.18072730,5899.78771186,589
2026-01-03T17:26:00Z,3076.18072730,3077.87673139,3074.86356024,3076.55940219,1012.92939554,101
2026-01-03T17:27:00Z,3076.55940219,3079.64629143,3076.27875160,3079.36538487,546.60209703,54
2026-01-03T17:28:00Z,3079.36538487,3081.51373672,3074.86739492,3077.01410638,1039.55562758,103
2026-01-03T17:29:00Z,3077.01410638,3079.72733591,3076.53665611,3079.24953878,1289.44531253,128
2026-01-03T17:30:00Z,3079.24953878,3079.64140946,3074.97790565,3075.36928253,3173.30413056,317
2026-01-03T17:31:00Z,3075.36928253,3076.45893406,3072.89541200,3073.98457292,2589.45216486,258
2026-01-03T17:32:00Z,3073.98457292,3077.44219039,3071.17082155,3074.62785020,486.10021975,48
2026-01-03T17:33:00Z,3074.62785020,3075.86615948,3073.60854499,3074.84678168,2034.21795368,203
2026-01-03T17:34:00Z,3074.84678168,3076.15428680,3070.05229025,3071.35831198,441.18631571,44
2026-01-03T17:35:00Z,3071.35831198,3071.99088326,3071.03290932,3071.66544806,1314.08132675,131
2026-01-03T17:36:00Z,3071.66544806,3072.69954937,3070.40892027,3071.44294668,1943.13520480,194
2026-01-03T17:37:00Z,3071.44294668,3075.51709089,3062.86102591,3066.92918281,3323.63847656,332
2026-01-03T17:38:00Z,3066.92918281,3069.29365112,3060.42283333,3062.78410598,1905.74503000,190
2026-01-03T17:39:00Z,3062.78410598,3064.52374340,3059.67922753,3061.41808907,4315.36062812,431
2026-01-03T17:40:00Z,3061.41808907,3063.75027910,3057.49390203,3059.82487836,4056.69207979,405
2026-01-03T17:41:00Z,3059.82487836,3064.58211038,3056.89132582,3061.64681109,3819.13054816,381
2026-01-03T17:42:00Z,3061.64681109,3062.62818281,3061.04107354,3062.02237095,2329.21410420,232
2026-01-03T17:43:00Z,3062.02237095,3064.76822957,3060.31564908,3063.06092882,867.60556819,86
2026-01-03T17:44:00Z,3063.06092882,3064.80292916,3060.50362554,3062.24516194,1803.09734500,180
2026-01-03T17:45:00Z,3062.24516194,3065.13235165,3060.55438787,3063.44091736,1113.93986464,111
2026-01-03T17:46:00Z,3063.44091736,3064.23618629,3060.46660897,3061.26131208,1883.15811846,188
2026-01-03T17:47:00Z,3061.26131208,3064.02644533,3060.79544424,3063.56022763,1547.05473958,154
2026-01-03T17:48:00Z,3063.56022763,3066.37744858,3061.62811988,3064.44478296,1398.27184729,139
2026-01-03T17:49:00Z,3064.44478296,3070.27326833,3063.90458316,3069.73213647,1262.35292636,126
2026-01-03T17:50:00Z,3069.73213647,3072.31202637,3067.57645375,3070.15604597,3139.06834552,313
2026-01-03T17:51:00Z,3070.15604597,3070.86088953,3068.14743983,3068.85198400,5409.72931715,540
2026-01-03T17:52:00Z,3068.85198400,3070.42977244,3066.97315037,3068.55078395,734.79497386,73
2026-01-03T17:53:00Z,3068.55078395,3071.10949030,3067.26290245,3069.82107567,618.42027625,61
2026-01-03T17:54:00Z,3069.82107567,3071.77003885,3062.48936687,3064.43491050,14947.56607301,1494
2026-01-03T17:55:00Z,3064.43491050,3067.40419243,3060.15127088,3063.11927803,722.26934790,72
2026-01-03T17:56:00Z,3063.11927803,3063.91729548,3060.64933925,3061.44692100,2571.55363877,257
2026-01-03T17:57:00Z,3061.44692100,3062.55377001,3061.00163808,3062.10839087,1511.89772460,151
2026-01-03T17:58:00Z,3062.10839087,3067.76261786,3059.19049961,3064.84212163,3949.91403786,394
2026-01-03T17:59:00Z,3064.84212163,3069.37121180,3059.48971672,3064.01758843,1695.38315838,169
2026-01-03T18:00:00Z,3064.01758843,3064.69357850,3063.62987974,3064.30583334,788.91572173,78
2026-01-03T18:01:00Z,3064.30583334,3069.37789946,3061.62214559,3066.69212183,1292.17962155,129
2026-01-03T18:02:00Z,3066.69212183,3069.20171000,3058.30047589,3060.80524662,5856.44961238,585
2026-01-03T18:03:00Z,3060.80524662,3060.86826479,3056.12571701,3056.18864013,3414.16686697,341
2026-01-03T18:04:00Z,3056.18864013,3059.54737627,3054.18962590,3057.54747325,5133.66126682,513
2026-01-03T18:05:00Z,3057.54747325,3060.97149286,3055.44204271,3058.86515497,4279.93484805,427
2026-01-03T18:06:00Z,3058.86515497,3063.93528131,3058.04812526,3063.11711590,4928.12366621,492
2026-01-03T18:07:00Z,3063.11711590,3068.35911730,3061.85634798,3067.09671140,7267.91828605,726
2026-01-03T18:08:00Z,3067.09671140,3071.80610126,3065.97338888,3070.68146582,11399.05140412,1139
2026-01-03T18:09:00Z,3070.68146582,3073.80293952,3069.85038531,3072.97123928,16406.56981654,1640
2026-01-03T18:10:00Z,3072.97123928,3076.28336035,3072.54528170,3075.85700277,1661.90708180,166
2026-01-03T18:11:00Z,3075.85700277,3080.06902305,3075.59278337,3079.80446455,5399.55791607,539
2026-01-03T18:12:00Z,3079.80446455,3083.76976726,3078.85588258,3082.82025642,10019.72179525,1001
2026-01-03T18:13:00Z,3082.82025642,3086.42746460,3081.61926850,3085.22553965,3734.86358676,373
2026-01-03T18:14:00Z,3085.22553965,3088.63835828,3084.80549746,3088.21790869,784.33114537,78
2026-01-03T18:15:00Z,3088.21790869,3094.19565424,3088.16826846,3094.14591873,3676.53377182,367
2026-01-03T18:16:00Z,3094.14591873,3096.50748237,3093.85212102,3096.21348834,6074.76609235,607
2026-01-03T18:17:00Z,3096.21348834,3099.95709720,3095.07552615,3098.81817769,5546.85027628,554
2026-01-03T18:18:00Z,3098.81817769,3101.70006804,3096.63153541,3099.51293552,5880.30086110,588
2026-01-03T18:19:00Z,3099.51293552,3104.75258891,3099.48248283,3104.72208504,5164.15199607,516
2026-01-03T18:20:00Z,3104.72208504,3108.79407237,3102.50912620,3106.57978941,2308.21767895,230
2026-01-03T18:21:00Z,3106.57978941,3110.64982839,3106.11072937,3110.18022473,4028.85347501,402
2026-01-03T18:22:00Z,3110.18022473,3116.57569857,3109.39302013,3115.78707485,10772.78293079,1077
2026-01-03T18:23:00Z,3115.78707485,3118.00146206,3115.34001240,3117.55414607,3920.62807952,392
2026-01-03T18:24:00Z,3117.55414607,3118.75249437,3116.40185410,3117.60018538,1911.51358356,191
2026-01-03T18:25:00Z,3117.60018538,3117.73807453,3117.55175224,3117.68964001,1579.58923310,157
2026-01-03T18:26:00Z,3117.68964001,3119.66891682,3116.12938579,3118.10845301,1458.71913191,145
2026-01-03T18:27:00Z,3118.10845301,3121.91356031,3117.77078033,3121.57551217,4279.27803207,427
2026-01-03T18:28:00Z,3121.57551217,3126.55862928,3119.78541678,3124.76670388,4650.22979766,465
2026-01-03T18:29:00Z,3124.76670388,3129.07873078,3123.53632342,3127.84713739,3124.07596716,312
2026-01-03T18:30:00Z,3127.84713739,3130.65958515,3127.75137230,3130.56373689,2537.82131576,253
2026-01-03T18:31:00Z,3130.56373689,3132.22912522,3130.01874635,3131.68393966,1378.03787049,137
2026-01-03T18:32:00Z,3131.68393966,3133.74287167,3128.31526157,3130.37333192,3857.84140898,385
2026-01-03T18:33:00Z,3130.37333192,3133.83370733,3127.26385198,3130.72387917,1778.59930716,177
2026-01-03T18:34:00Z,3130.72387917,3133.52405552,3129.69059396,3132.49018734,1401.48246130,140
2026-01-03T18:35:00Z,3132.49018734,3136.36360642,3130.81292819,3134.68517198,4082.87373032,408
2026-01-03T18:36:00Z,3134.68517198,3135.20387476,3134.14860149,3134.66730132,506.15897574,50
2026-01-03T18:37:00Z,3134.66730132,3135.90455031,3132.64702906,3133.88396887,2263.95199044,226
2026-01-03T18:38:00Z,3133.88396887,3140.33918437,3131.46749726,3137.91960097,2934.61352339,293
2026-01-03T18:39:00Z,3137.91960097,3138.66958191,3135.12615947,3135.87565189,2273.34583354,227
2026-01-03T18:40:00Z,3135.87565189,3137.23343068,3135.16662551,3136.52425764,7782.50018489,778
2026-01-03T18:41:00Z,3136.52425764,3139.74430306,3134.84242126,3138.06164231,536.44518083,53
2026-01-03T18:42:00Z,3138.06164231,3140.49230574,3134.88850292,3137.31859081,2527.03432936,252
2026-01-03T18:43:00Z,3137.31859081,3140.97994975,3131.94372240,3135.60307928,3894.44053550,389
2026-01-03T18:44:00Z,3135.60307928,3136.09484430,3135.41032969,3135.90207633,754.73102900,75
2026-01-03T18:45:00Z,3135.90207633,3140.25324747,3134.99818964,3139.34836742,2686.37677507,268
2026-01-03T18:46:00Z,3139.34836742,3142.14874099,3138.37252480,3141.17233140,4072.15676002,407
2026-01-03T18:47:00Z,3141.17233140,3141.68583929,3140.09719031,3140.61060636,3483.09863177,348
2026-01-03T18:48:00Z,3140.61060636,3140.66197418,3138.87272219,3138.92406243,3466.63588043,346
2026-01-03T18:49:00Z,3138.92406243,3143.22759781,3138.73733129,3143.04062178,9496.51820313,949
2026-01-03T18:50:00Z,3143.04062178,3143.92989748,3140.41045504,3141.29923805,3218.07939562,321
2026-01-03T18:51:00Z,3141.29923805,3147.31814014,3139.76545280,3145.78216604,8992.03294509,899
2026-01-03T18:52:00Z,3145.78216604,3149.27600647,3145.36497936,3148.85841183,8375.53408407,837
2026-01-03T18:53:00Z,3148.85841183,3150.15366857,3147.35136924,3148.64653883,3116.00010534,311
2026-01-03T18:54:00Z,3148.64653883,3148.68270382,3148.44717883,3148.48334194,1078.31103470,107
2026-01-03T18:55:00Z,3148.48334194,3148.99989082,3146.11677310,3146.63301841,5229.62600909,522
2026-01-03T18:56:00Z,3146.63301841,3147.26076228,3144.49438478,3145.12182717,3431.12677312,343
2026-01-03T18:57:00Z,3145.12182717,3147.14696912,3143.71272932,3145.73759539,3456.81351994,345
2026-01-03T18:58:00Z,3145.73759539,3146.81147836,3144.58953425,3145.66339189,3728.80579677,372
2026-01-03T18:59:00Z,3145.66339189,3147.20567401,3141.74178216,3143.28289716,3849.98658890,384
2026-01-03T19:00:00Z,3143.28289716,3144.18778392,3143.10590653,3144.01075230,905.62894416,90
2026-01-03T19:01:00Z,3144.01075230,3145.82857680,3139.76721633,3141.58363750,6029.60665967,602
2026-01-03T19:02:00Z,3141.58363750,3145.27293664,3139.87070392,3143.55892605,6194.11962006,619
2026-01-03T19:03:00Z,3143.55892605,3145.79097987,3140.36559094,3142.59696172,359.96666849,35
2026-01-03T19:04:00Z,3142.59696172,3145.38369190,3141.90701537,3144.69328531,5613.44722108,561
2026-01-03T19:05:00Z,3144.69328531,3149.59834295,3143.16723929,3148.07065797,11814.39726488,1181
2026-01-03T19:06:00Z,3148.07065797,3150.45153654,3147.73927355,3150.11993640,640.11097863,64
2026-01-03T19:07:00Z,3150.11993640,3150.44481259,3149.73185725,3150.05672692,2822.61132245,282
2026-01-03T19:08:00Z,3150.05672692,3152.17037047,3149.88949364,3152.00303386,5894.70118496,589
2026-01-03T19:09:00Z,3152.00303386,3154.96673778,3151.94928076,3154.91293506,5433.67591847,543
2026-01-03T19:10:00Z,3154.91293506,3158.43150171,3152.36324850,3155.88103276,361.18699456,36
2026-01-03T19:11:00Z,3155.88103276,3161.35820027,3151.71024215,3157.18568544,2336.79513566,233
2026-01-03T19:12:00Z,3157.18568544,3158.07780237,3156.72572389,3157.61777788,2123.08547275,212
2026-01-03T19:13:00Z,3157.61777788,3159.47852537,3155.02494443,3156.88526026,1182.88707281,118
2026-01-03T19:14:00Z,3156.88526026,3157.66715933,3155.57105257,3156.35281977,672.44666998,67
2026-01-03T19:15:00Z,3156.35281977,3159.39737528,3155.61904608,3158.66306451,3204.52273481,320
2026-01-03T19:16:00Z,3158.66306451,3163.18173721,3157.52643349,3162.04388961,4181.85431925,418
2026-01-03T19:17:00Z,3162.04388961,3166.15761162,3156.16470868,3160.27613089,143.11810084,14
2026-01-03T19:18:00Z,3160.27613089,3165.20090204,3159.28517455,3164.20871257,8381.22523817,838
2026-01-03T19:19:00Z,3164.20871257,3166.74552739,3163.71323489,3166.24973011,1839.11602634,183
2026-01-03T19:20:00Z,3166.24973011,3166.83403198,3164.01975539,3164.60375351,2673.39791574,267
2026-01-03T19:21:00Z,3164.60375351,3167.13649201,3164.46399782,3166.99663065,1182.57571668,118
2026-01-03T19:22:00Z,3166.99663065,3167.80830796,3165.09458075,3165.90597853,2474.38587097,247
2026-01-03T19:23:00Z,3165.90597853,3170.46685407,3162.37405693,3166.93378583,1149.79978159,114
2026-01-03T19:24:00Z,3166.93378583,3169.86110198,3164.09659976,3167.02383523,2820.11644830,282
2026-01-03T19:25:00Z,3167.02383523,3169.83378102,3165.45576626,3168.26509747,854.67039736,85
2026-01-03T19:26:00Z,3168.26509747,3170.39321048,3164.64250235,3166.76961085,1351.97756527,135
2026-01-03T19:27:00Z,3166.76961085,3168.04762548,3166.10682249,3167.38470838,898.66538675,89
2026-01-03T19:28:00Z,3167.38470838,3171.17560242,3166.36610671,3170.15610948,5362.29068438,536
2026-01-03T19:29:00Z,3170.15610948,3171.94508274,3169.90203529,3171.69088554,2762.14237699,276
2026-01-03T19:30:00Z,3171.69088554,3174.49178949,3171.14329688,3173.94381186,2659.58861877,265
2026-01-03T19:31:00Z,3173.94381186,3176.76099469,3173.63154808,3176.44848449,1996.34151920,199
2026-01-03T19:32:00Z,3176.44848449,3177.52510900,3175.38230859,3176.45892959,693.57847303,69
2026-01-03T19:33:00Z,3176.45892959,3178.16091338,3173.90375355,3175.60527994,1520.33396145,152
2026-01-03T19:34:00Z,3175.60527994,3176.56054059,3175.03631179,3175.99150325,2216.83164924,221
2026-01-03T19:35:00Z,3175.99150325,3177.89931019,3171.48190806,3173.38815117,969.65191549,96
2026-01-03T19:36:00Z,3173.38815117,3173.91536012,3171.93601677,3172.46307203,1204.43765167,120
2026-01-03T19:37:00Z,3172.46307203,3177.65274081,3169.32816732,3174.51580767,609.76574424,60
2026-01-03T19:38:00Z,3174.51580767,3174.86195162,3172.10810479,3172.45402392,1860.46349993,186
2026-01-03T19:39:00Z,3172.45402392,3173.12905276,3170.27951653,3170.95422625,1175.48187496,117
2026-01-03T19:40:00Z,3170.95422625,3171.44328973,3168.72099147,3169.20978590,5215.91539608,521
2026-01-03T19:41:00Z,3169.20978590,3170.68693396,3165.07943678,3166.55534762,4610.44262948,461
2026-01-03T19:42:00Z,3166.55534762,3168.34583612,3162.97510983,3164.76458577,4589.06235478,458
2026-01-03T19:43:00Z,3164.76458577,3166.06670467,3162.52562748,3163.82736076,9678.62385820,967
2026-01-03T19:44:00Z,3163.82736076,3164.72487639,3163.51008148,3164.40753892,213.94876201,21
2026-01-03T19:45:00Z,3164.40753892,3168.59483373,3161.65147754,3165.83752689,4997.45419757,499
2026-01-03T19:46:00Z,3165.83752689,3166.90881803,3165.25097591,3166.32217725,3043.66528726,304
2026-01-03T19:47:00Z,3166.32217725,3166.57845105,3166.18208375,3166.43835241,784.55237725,78
2026-01-03T19:48:00Z,3166.43835241,3169.57386789,3160.60399275,3163.73683309,5920.00732493,592
2026-01-03T19:49:00Z,3163.73683309,3165.75663963,3162.67392405,3164.69340922,2202.80205213,220
2026-01-03T19:50:00Z,3164.69340922,3165.96656580,3163.47427676,3164.74741254,1837.06320580,183
2026-01-03T19:51:00Z,3164.74741254,3165.10103980,3163.24611048,3163.59960949,3381.87581072,338
2026-01-03T19:52:00Z,3163.59960949,3165.25874205,3160.61993416,3162.27837380,7163.68739583,716
2026-01-03T19:53:00Z,3162.27837380,3165.50732780,3161.27772868,3164.50597779,9076.18306002,907
2026-01-03T19:54:00Z,3164.50597779,3165.48143786,3162.32675468,3163.30184357,2893.72154648,289
2026-01-03T19:55:00Z,3163.30184357,3163.60328637,3162.50602129,3162.80741697,2203.14903714,220
2026-01-03T19:56:00Z,3162.80741697,3163.64767689,3160.41853541,3161.25838380,41.26429850,4
2026-01-03T19:57:00Z,3161.25838380,3161.53625123,3157.76215597,3158.03974049,1943.50004330,194
2026-01-03T19:58:00Z,3158.03974049,3161.47714997,3151.49073067,3154.92474960,2149.92673680,214
2026-01-03T19:59:00Z,3154.92474960,3159.98979736,3154.37018755,3159.43444262,3526.57816338,352
2026-01-03T20:00:00Z,3159.43444262,3162.59016735,3156.40288458,3159.55849028,2109.03156374,210
2026-01-03T20:01:00Z,3159.55849028,3163.16795674,3157.44160217,3161.05006927,820.18949309,82
2026-01-03T20:02:00Z,3161.05006927,3161.27338477,3160.82208432,3161.04539949,1095.24184432,109
2026-01-03T20:03:00Z,3161.04539949,3166.80427952,3158.11566301,3163.87192335,868.42124012,86
2026-01-03T20:04:00Z,3163.87192335,3165.59824564,3161.53014302,3163.25612931,1812.34961503,181
2026-01-03T20:05:00Z,3163.25612931,3166.36530853,3159.61810426,3162.72676317,466.43463991,46
2026-01-03T20:06:00Z,3162.72676317,3166.43694139,3161.35124634,3165.06040963,1957.95594119,195
2026-01-03T20:07:00Z,3165.06040963,3165.50779089,3160.69104119,3161.13786799,4740.99980932,474
2026-01-03T20:08:00Z,3161.13786799,3161.76680827,3158.71528818,3159.34387152,782.70873622,78
2026-01-03T20:09:00Z,3159.34387152,3159.39957470,3152.68687725,3152.74246404,4662.50838466,466
2026-01-03T20:10:00Z,3152.74246404,3154.22284366,3150.04481769,3151.52462546,543.66474946,54
2026-01-03T20:11:00Z,3151.52462546,3160.80850640,3148.44460228,3157.72242603,1896.26600539,189
2026-01-03T20:12:00Z,3157.72242603,3160.40680830,3156.25123779,3158.93505510,1971.81328521,197
2026-01-03T20:13:00Z,3158.93505510,3160.78536239,3158.05266611,3159.90270311,3860.18050089,386
2026-01-03T20:14:00Z,3159.90270311,3162.34930469,3158.75438911,3161.20051907,3909.11869819,390
2026-01-03T20:15:00Z,3161.20051907,3161.80605590,3158.79263882,3159.39783034,1697.33399646,169
2026-01-03T20:16:00Z,3159.39783034,3160.67890272,3158.65302492,3159.93397091,488.67244334,48
2026-01-03T20:17:00Z,3159.93397091,3162.32176896,3158.57122889,3160.95858507,4046.08693601,404
2026-01-03T20:18:00Z,3160.95858507,3161.56253167,3159.02198836,3159.62568028,3367.56972480,336
2026-01-03T20:19:00Z,3159.62568028,3159.83356222,3155.62627821,3155.83391068,546.28676352,54
2026-01-03T20:20:00Z,3155.83391068,3158.36789101,3152.14385547,3154.67690678,5222.44452743,522
2026-01-03T20:21:00Z,3154.67690678,3155.62766169,3154.26094422,3155.21162862,747.91053743,74
2026-01-03T20:22:00Z,3155.21162862,3156.79273166,3155.02320704,3156.60422692,2712.25201096,271
2026-01-03T20:23:00Z,3156.60422692,3157.05709582,3154.11516641,3154.56774314,5580.05120704,558
2026-01-03T20:24:00Z,3154.56774314,3157.21690502,3153.53227102,3156.18090338,2049.10623829,204
2026-01-03T20:25:00Z,3156.18090338,3156.54848319,3152.12972160,3152.49687235,4006.00252898,400
2026-01-03T20:26:00Z,3152.49687235,3153.84716597,3149.34979235,3150.69931603,4759.29109738,475
2026-01-03T20:27:00Z,3150.69931603,3151.87917779,3149.35615048,3150.53595107,1927.73880923,192
2026-01-03T20:28:00Z,3150.53595107,3151.90754420,3147.98496649,3149.35604595,2976.24545717,297
2026-01-03T20:29:00Z,3149.35604595,3150.68095057,3148.77909188,3150.10385951,3921.68824267,392
2026-01-03T20:30:00Z,3150.10385951,3152.15943840,3148.72377168,3150.77905476,3287.22792600,328
2026-01-03T20:31:00Z,3150.77905476,3151.65433000,3150.73841737,3151.61368184,2443.92271072,244
2026-01-03T20:32:00Z,3151.61368184,3153.26211968,3150.87081069,3152.51903513,5327.79389535,532
2026-01-03T20:33:00Z,3152.51903513,3154.28364890,3152.39564126,3154.16019080,1362.47083257,136
2026-01-03T20:34:00Z,3154.16019080,3159.13692887,3154.03378048,3159.01032418,1794.08215725,179
2026-01-03T20:35:00Z,3159.01032418,3159.38248756,3156.43128008,3156.80318343,6535.97633928,653
2026-01-03T20:36:00Z,3156.80318343,3157.57269555,3156.45855077,3157.22801651,2324.18721264,232
2026-01-03T20:37:00Z,3157.22801651,3159.99520134,3152.95728672,3155.72315259,6887.68582023,688
2026-01-03T20:38:00Z,3155.72315259,3156.11391269,3154.65753165,3155.04820817,846.99082887,84
2026-01-03T20:39:00Z,3155.04820817,3158.04943116,3153.38885464,3156.38937226,623.99212667,62
2026-01-03T20:40:00Z,3156.38937226,3158.95845952,3154.61375091,3157.18239206,694.55904387,69
2026-01-03T20:41:00Z,3157.18239206,3159.79130139,3156.53831881,3159.14682739,2805.90041275,280
2026-01-03T20:42:00Z,3159.14682739,3162.48615944,3157.38935300,3160.72780553,1696.00428836,169
2026-01-03T20:43:00Z,3160.72780553,3161.04591624,3159.37005628,3159.68806235,6515.28321375,651
2026-01-03T20:44:00Z,3159.68806235,3160.27581117,3157.36137176,3157.94879705,5775.73890743,577
2026-01-03T20:45:00Z,3157.94879705,3158.23985821,3157.05542517,3157.34643081,2778.32723552,277
2026-01-03T20:46:00Z,3157.34643081,3158.60055620,3156.81820240,3158.07220637,2509.98507516,250
2026-01-03T20:47:00Z,3158.07220637,3161.64944565,3157.04635485,3160.62276561,683.06346629,68
2026-01-03T20:48:00Z,3160.62276561,3163.69331133,3157.57790297,3160.64842397,1854.09809952,185
2026-01-03T20:49:00Z,3160.64842397,3161.30590067,3158.97514194,3159.63240728,2430.31408757,243
2026-01-03T20:50:00Z,3159.63240728,3160.69761140,3156.92942368,3157.99407547,2516.15662590,251
2026-01-03T20:51:00Z,3157.99407547,3166.44636717,3153.45740171,3161.90407642,2229.24870185,222
2026-01-03T20:52:00Z,3161.90407642,3164.14333122,3161.59940133,3163.83846973,700.58972154,70
2026-01-03T20:53:00Z,3163.83846973,3165.87205143,3158.03471267,3160.06586950,1969.24997198,196
2026-01-03T20:54:00Z,3160.06586950,3161.26792428,3159.13145098,3160.33342665,1417.14601349,141
2026-01-03T20:55:00Z,3160.33342665,3162.35472223,3157.47598562,3159.49674607,1067.99060867,106
2026-01-03T20:56:00Z,3159.49674607,3160.48781600,3155.84665272,3156.83688830,2702.70043951,270
2026-01-03T20:57:00Z,3156.83688830,3159.97932691,3149.20722551,3152.34519291,3360.03046907,336
2026-01-03T20:58:00Z,3152.34519291,3155.70977157,3150.50143767,3153.86512734,537.92351438,53
2026-01-03T20:59:00Z,3153.86512734,3155.92540037,3150.02819990,3152.08731156,4738.71229979,473
2026-01-03T21:00:00Z,3152.08731156,3153.36636986,3150.11575483,3151.39453201,3967.78001977,396
2026-01-03T21:01:00Z,3151.39453201,3151.78627787,3150.89703587,3151.28876858,1173.94582097,117
2026-01-03T21:02:00Z,3151.28876858,3153.25701780,3150.40981927,3152.37776475,4393.46261400,439
2026-01-03T21:03:00Z,3152.37776475,3155.33013895,3150.80779962,3153.75948569,6360.72470519,636
2026-01-03T21:04:00Z,3153.75948569,3154.60700800,3152.30283285,3153.15019142,705.96814822,70
2026-01-03T21:05:00Z,3153.15019142,3153.55782047,3151.60260557,3152.01008723,5479.28567984,547
2026-01-03T21:06:00Z,3152.01008723,3152.37264830,3151.76694711,3152.12949897,764.50461622,76
2026-01-03T21:07:00Z,3152.12949897,3153.35963431,3151.18361398,3152.41366406,4725.71135868,472
2026-01-03T21:08:00Z,3152.41366406,3153.33571791,3149.81744708,3150.73901111,5938.94581991,593
2026-01-03T21:09:00Z,3150.73901111,3151.33240771,3149.17547212,3149.76868597,1550.38026318,155
2026-01-03T21:10:00Z,3149.76868597,3150.53184567,3147.52622951,3148.28903071,4848.03182697,484
2026-01-03T21:11:00Z,3148.28903071,3148.82202911,3147.59241018,3148.12538086,921.65259753,92
2026-01-03T21:12:00Z,3148.12538086,3148.96974482,3146.91074070,3147.75500532,1049.19303427,104
2026-01-03T21:13:00Z,3147.75500532,3148.22619493,3147.38393838,3147.85511619,1540.63591463,154
2026-01-03T21:14:00Z,3147.85511619,3148.77544119,3147.74125849,3148.66155432,1421.63480947,142
2026-01-03T21:15:00Z,3148.66155432,3151.28556817,3147.45248837,3150.07595909,1533.69847249,153
2026-01-03T21:16:00Z,3150.07595909,3150.26342316,3149.82222157,3150.00968170,1384.78987585,138
2026-01-03T21:17:00Z,3150.00968170,3151.95447350,3148.20702064,3150.15173115,919.99643113,91
2026-01-03T21:18:00Z,3150.15173115,3152.26023302,3149.64320694,3151.75145057,2580.04844728,258
2026-01-03T21:19:00Z,3151.75145057,3153.50834759,3149.97863239,3151.73552053,971.26956951,97
2026-01-03T21:20:00Z,3151.73552053,3154.23265920,3149.52913601,3152.02607128,1219.65417963,121
2026-01-03T21:21:00Z,3152.02607128,3153.53132545,3150.91170659,3152.41682262,600.39663130,60
2026-01-03T21:22:00Z,3152.41682262,3152.67882170,3151.81562322,3152.07759411,1567.06066878,156
2026-01-03T21:23:00Z,3152.07759411,3155.35862988,3151.58911799,3154.86972106,4115.06207008,411
2026-01-03T21:24:00Z,3154.86972106,3157.00372131,3150.59868154,3152.73123529,1626.07087774,162
2026-01-03T21:25:00Z,3152.73123529,3157.33772875,3150.71351560,3155.31835332,3153.86473665,315
2026-01-03T21:26:00Z,3155.31835332,3156.58841223,3152.03616498,3153.30541366,693.44770157,69
2026-01-03T21:27:00Z,3153.30541366,3155.49410893,3150.30617781,3152.49431010,1347.19276736,134
2026-01-03T21:28:00Z,3152.49431010,3153.19969480,3150.93930673,3151.64450129,1976.13538437,197
2026-01-03T21:29:00Z,3151.64450129,3152.85498652,3150.17599861,3151.38638471,1629.13292068,162
2026-01-03T21:30:00Z,3151.38638471,3151.55159909,3150.64822669,3150.81341104,1694.46021020,169
2026-01-03T21:31:00Z,3150.81341104,3152.37170261,3150.12107154,3151.67917288,3762.98379834,376
2026-01-03T21:32:00Z,3151.67917288,3153.10696177,3151.49491239,3152.92262859,4412.00298146,441
2026-01-03T21:33:00Z,3152.92262859,3153.60289406,3151.84248484,3152.52266401,2214.95104467,221
2026-01-03T21:34:00Z,3152.52266401,3154.33183460,3149.56196547,3151.37047484,1352.93228322,135
2026-01-03T21:35:00Z,3151.37047484,3152.17137435,3150.35201885,3151.15286306,1293.80588913,129
2026-01-03T21:36:00Z,3151.15286306,3151.24673495,3149.73981851,3149.83365111,2091.10867231,209
2026-01-03T21:37:00Z,3149.83365111,3152.45086460,3148.70254559,3151.31922561,3064.88156741,306
2026-01-03T21:38:00Z,3151.31922561,3154.74846282,3151.24372553,3154.67288238,3933.41236979,393
2026-01-03T21:39:00Z,3154.67288238,3157.69935836,3152.78988017,3155.81567402,2138.44772995,213
2026-01-03T21:40:00Z,3155.81567402,3156.08990380,3154.98570223,3155.25988372,2982.44332873,298
2026-01-03T21:41:00Z,3155.25988372,3157.64287550,3154.94270117,3157.32548531,2949.13093630,294
2026-01-03T21:42:00Z,3157.32548531,3158.42833280,3155.13510258,3156.23757007,3696.17371761,369
2026-01-03T21:43:00Z,3156.23757007,3157.58956654,3153.50533783,3154.85674281,1448.83915892,144
2026-01-03T21:44:00Z,3154.85674281,3155.12242956,3154.84065384,3155.10633932,275.98209405,27
2026-01-03T21:45:00Z,3155.10633932,3156.32855160,3152.21095950,3153.43252339,5940.00326439,594
2026-01-03T21:46:00Z,3153.43252339,3156.35515039,3149.75860862,3152.68053867,3988.09479957,398
2026-01-03T21:47:00Z,3152.68053867,3153.46311013,3150.55387765,3151.33611540,426.99602783,42
2026-01-03T21:48:00Z,3151.33611540,3152.46212351,3150.41900260,3151.54494994,1281.13401253,128
2026-01-03T21:49:00Z,3151.54494994,3154.48947227,3147.61946086,3150.56306581,2228.87824806,222
2026-01-03T21:50:00Z,3150.56306581,3152.99342387,3149.32474458,3151.75463430,1474.12977413,147
2026-01-03T21:51:00Z,3151.75463430,3152.45828513,3149.84009357,3150.54347400,3832.34469446,383
2026-01-03T21:52:00Z,3150.54347400,3153.84012910,3148.36304350,3151.65892661,1612.09144609,161
2026-01-03T21:53:00Z,3151.65892661,3152.09368350,3148.59838574,3149.03278037,8942.43281024,894
2026-01-03T21:54:00Z,3149.03278037,3149.78031414,3146.70937612,3147.45653571,5098.16323546,509
2026-01-03T21:55:00Z,3147.45653571,3147.79236339,3147.18878478,3147.52460667,1556.17498510,155
2026-01-03T21:56:00Z,3147.52460667,3149.26620890,3145.67099499,3147.41253522,693.79444004,69
2026-01-03T21:57:00Z,3147.41253522,3150.35087422,3145.55202887,3148.48973112,2199.77759201,219
2026-01-03T21:58:00Z,3148.48973112,3150.50104997,3148.20272395,3150.21388562,7363.91587517,736
2026-01-03T21:59:00Z,3150.21388562,3151.41498956,3149.98672435,3151.18775806,1572.15959010,157
2026-01-03T22:00:00Z,3151.18775806,3153.25827758,3146.55098670,3148.61981892,1735.34964858,173
2026-01-03T22:01:00Z,3148.61981892,3150.21826937,3147.97202826,3149.57028317,637.49323840,63
2026-01-03T22:02:00Z,3149.57028317,3151.06875836,3147.33143541,3148.82955818,724.58572811,72
2026-01-03T22:03:00Z,3148.82955818,3150.29922634,3148.18002312,3149.64952213,6737.86154102,673
2026-01-03T22:04:00Z,3149.64952213,3149.91277154,3148.23320707,3148.49636010,9462.58683410,946
2026-01-03T22:05:00Z,3148.49636010,3152.57076513,3146.10088378,3150.17401240,3424.96388527,342
2026-01-03T22:06:00Z,3150.17401240,3150.62008742,3149.84708199,3150.29314465,802.08504437,80
2026-01-03T22:07:00Z,3150.29314465,3150.78199598,3149.83670916,3150.32555580,5230.12193114,523
2026-01-03T22:08:00Z,3150.32555580,3151.68009914,3149.21368357,3150.56814129,1886.28420568,188
2026-01-03T22:09:00Z,3150.56814129,3150.63709561,3149.77357095,3149.84250939,3152.64144932,315
2026-01-03T22:10:00Z,3149.84250939,3151.15472036,3148.86161830,3150.17372612,306.42445956,30
2026-01-03T22:11:00Z,3150.17372612,3152.17724882,3149.30508032,3151.30829017,719.43563507,71
2026-01-03T22:12:00Z,3151.30829017,3152.31009391,3149.05424939,3150.05565491,2404.16932873,240
2026-01-03T22:13:00Z,3150.05565491,3153.09280919,3144.95860533,3147.99377163,2665.87756735,266
2026-01-03T22:14:00Z,3147.99377163,3150.52968446,3142.31808196,3144.85146346,7300.16865797,730
2026-01-03T22:15:00Z,3144.85146346,3146.55613947,3144.71178542,3146.41639192,6189.34536132,618
2026-01-03T22:16:00Z,3146.41639192,3149.00723770,3145.52393891,3148.11430310,5725.08196975,572
2026-01-03T22:17:00Z,3148.11430310,3149.14817230,3147.71812031,3148.75190927,1221.10678019,122
2026-01-03T22:18:00Z,3148.75190927,3151.25146283,3144.77295134,3147.27132958,2925.47844984,292
2026-01-03T22:19:00Z,3147.27132958,3151.66592259,3144.87253617,3149.26560917,1496.77948023,149
2026-01-03T22:20:00Z,3149.26560917,3152.46700088,3149.13307388,3152.33433645,5487.02599118,548
2026-01-03T22:21:00Z,3152.33433645,3154.27382772,3151.40071808,3153.33991154,1189.78837789,118
2026-01-03T22:22:00Z,3153.33991154,3156.94061696,3151.48093544,3155.08061468,3137.10735885,313
2026-01-03T22:23:00Z,3155.08061468,3155.40504750,3151.11525395,3151.43931234,4950.26574970,495
2026-01-03T22:24:00Z,3151.43931234,3151.55398603,3149.66441829,3149.77903156,3473.55267923,347
2026-01-03T22:25:00Z,3149.77903156,3152.78694839,3144.36335533,3147.36897065,3845.30524944,384
2026-01-03T22:26:00Z,3147.36897065,3150.83402992,3145.66613972,3149.13024608,2742.84374913,274
2026-01-03T22:27:00Z,3149.13024608,3151.39955818,3145.49007548,3147.75839900,949.93639807,94
2026-01-03T22:28:00Z,3147.75839900,3149.58699411,3147.43155204,3149.25999123,2151.16851991,215
2026-01-03T22:29:00Z,3149.25999123,3149.62453054,3148.28858650,3148.65305555,3295.60599490,329
2026-01-03T22:30:00Z,3148.65305555,3148.98039936,3147.42816988,3147.75542036,2013.21025997,201
2026-01-03T22:31:00Z,3147.75542036,3148.86386990,3146.81809417,3147.92649276,992.11653666,99
2026-01-03T22:32:00Z,3147.92649276,3148.44017802,3142.74817076,3143.26109472,760.52336179,76
2026-01-03T22:33:00Z,3143.26109472,3148.49079473,3142.14097704,3147.36921310,3668.57908997,366
2026-01-03T22:34:00Z,3147.36921310,3148.42456950,3147.04709643,3148.10237780,3196.60515295,319
2026-01-03T22:35:00Z,3148.10237780,3149.58347133,3147.08255618,3148.56350033,3103.78633606,310
2026-01-03T22:36:00Z,3148.56350033,3151.17196351,3146.19610871,3148.80439076,570.45061514,57
2026-01-03T22:37:00Z,3148.80439076,3154.74163223,3148.02696907,3153.96293693,2549.30508112,254
2026-01-03T22:38:00Z,3153.96293693,3157.57454096,3151.92530126,3155.53588907,5559.06410813,555
2026-01-03T22:39:00Z,3155.53588907,3160.14760508,3152.31977240,3156.93006747,1152.27095516,115
2026-01-03T22:40:00Z,3156.93006747,3159.71039851,3152.49354706,3155.27241820,9012.64193468,901
2026-01-03T22:41:00Z,3155.27241820,3156.90041159,3154.47975307,3156.10753666,4067.71818888,406
2026-01-03T22:42:00Z,3156.10753666,3156.35121575,3155.06181639,3155.30543355,4211.83255529,421
2026-01-03T22:43:00Z,3155.30543355,3157.18659193,3154.92326677,3156.80424361,4548.96678236,454
2026-01-03T22:44:00Z,3156.80424361,3158.19510552,3155.62933825,3157.02011982,495.10113165,49
2026-01-03T22:45:00Z,3157.02011982,3157.83734473,3156.37408421,3157.19127410,461.21571680,46
2026-01-03T22:46:00Z,3157.19127410,3157.30754603,3155.45982468,3155.57603713,5360.70867904,536
2026-01-03T22:47:00Z,3155.57603713,3156.22322546,3153.13537675,3153.78219718,3566.98840325,356
2026-01-03T22:48:00Z,3153.78219718,3154.97180025,3147.94185284,3149.12970100,10476.35189057,1047
2026-01-03T22:49:00Z,3149.12970100,3151.39620011,3146.93760133,3149.20404869,695.30159825,69
2026-01-03T22:50:00Z,3149.20404869,3150.95665695,3147.16490069,3148.91734939,1780.17118784,178
2026-01-03T22:51:00Z,3148.91734939,3152.35932038,3145.36343286,3148.80528135,1635.07119549,163
2026-01-03T22:52:00Z,3148.80528135,3150.45847525,3145.93962787,3147.59218486,1810.72570342,181
2026-01-03T22:53:00Z,3147.59218486,3149.21850265,3146.80447611,3148.43058409,2388.48749971,238
2026-01-03T22:54:00Z,3148.43058409,3151.39003412,3146.96900196,3149.92775697,3384.47173176,338
2026-01-03T22:55:00Z,3149.92775697,3151.44104570,3149.88015897,3151.39342555,3051.47517411,305
2026-01-03T22:56:00Z,3151.39342555,3152.16996528,3151.01352003,3151.79001195,4538.15813088,453
2026-01-03T22:57:00Z,3151.79001195,3155.89469870,3150.55766151,3154.66122561,3270.96487775,327
2026-01-03T22:58:00Z,3154.66122561,3156.15680144,3153.03778884,3154.53330403,1106.87528889,110
2026-01-03T22:59:00Z,3154.53330403,3155.37652805,3151.80143367,3152.64415270,2208.56242294,220
2026-01-03T23:00:00Z,3152.64415270,3154.30251591,3150.51872972,3152.17684711,2581.35776437,258
2026-01-03T23:01:00Z,3152.17684711,3159.89117864,3142.57128376,3150.28097551,2782.12807588,278
2026-01-03T23:02:00Z,3150.28097551,3150.90031814,3150.07461062,3150.69392621,1950.91289071,195
2026-01-03T23:03:00Z,3150.69392621,3152.90065388,3150.24116394,3152.44763960,3007.75265965,300
2026-01-03T23:04:00Z,3152.44763960,3155.39779159,3150.11588213,3153.06557705,2977.98386402,297
2026-01-03T23:05:00Z,3153.06557705,3154.66500382,3151.51094942,3153.11035412,2982.65341813,298
2026-01-03T23:06:00Z,3153.11035412,3154.98968659,3151.01852574,3152.89773148,530.36306741,53
2026-01-03T23:07:00Z,3152.89773148,3152.97511144,3150.18782900,3150.26514435,8401.14349195,840
2026-01-03T23:08:00Z,3150.26514435,3152.99294158,3149.85928690,3152.58678504,1959.92917189,195
2026-01-03T23:09:00Z,3152.58678504,3157.94941736,3150.07429450,3155.43465718,5204.94564132,520
2026-01-03T23:10:00Z,3155.43465718,3156.14813632,3153.75490301,3154.46816361,1381.62460620,138
2026-01-03T23:11:00Z,3154.46816361,3155.41080319,3152.79575706,3153.73817850,310.80407241,31
2026-01-03T23:12:00Z,3153.73817850,3154.00380255,3150.52126377,3150.78663923,2425.42518865,242
2026-01-03T23:13:00Z,3150.78663923,3156.94003812,3147.14022490,3153.29072580,4123.21092613,412
2026-01-03T23:14:00Z,3153.29072580,3154.84452649,3149.92414202,3151.47704900,2853.40328218,285
2026-01-03T23:15:00Z,3151.47704900,3154.35308906,3150.47725836,3153.35270338,2008.61470855,200
2026-01-03T23:16:00Z,3153.35270338,3159.09296351,3150.64878137,3156.38644014,2457.94904176,245
2026-01-03T23:17:00Z,3156.38644014,3161.15781265,3149.87182689,3154.64056023,2393.56168334,239
2026-01-03T23:18:00Z,3154.64056023,3157.39678821,3153.77747140,3156.53318157,1679.95648315,167
2026-01-03T23:19:00Z,3156.53318157,3158.28775290,3155.01169613,3156.76615516,513.76316512,51
2026-01-03T23:20:00Z,3156.76615516,3157.84344091,3154.57646545,3155.65337145,893.69243653,89
2026-01-03T23:21:00Z,3155.65337145,3159.33963224,3150.74172585,3154.42655354,1638.26804189,163
2026-01-03T23:22:00Z,3154.42655354,3155.58604619,3154.23107140,3155.39050431,856.95271179,85
2026-01-03T23:23:00Z,3155.39050431,3160.22790742,3152.48930437,3157.32492888,1727.04532372,172
2026-01-03T23:24:00Z,3157.32492888,3160.29400922,3155.96673469,3158.93512236,4939.31253805,493
2026-01-03T23:25:00Z,3158.93512236,3161.62899344,3155.89237833,3158.58595164,496.28612350,49
2026-01-03T23:26:00Z,3158.58595164,3160.86343596,3158.08500620,3160.36220881,6661.24992662,666
2026-01-03T23:27:00Z,3160.36220881,3161.76960223,3158.78023815,3160.18755378,3082.66825408,308
2026-01-03T23:28:00Z,3160.18755378,3162.61662789,3158.42820835,3160.85690981,1347.45621394,134
2026-01-03T23:29:00Z,3160.85690981,3162.95245006,3157.02618570,3159.12057482,2800.89246835,280
2026-01-03T23:30:00Z,3159.12057482,3165.54326985,3155.31633797,3161.73588363,1780.12181933,178
2026-01-03T23:31:00Z,3161.73588363,3164.59957500,3159.71377889,3162.57693236,3803.18398301,380
2026-01-03T23:32:00Z,3162.57693236,3164.87720865,3158.05834716,3160.35700881,9130.76534398,913
2026-01-03T23:33:00Z,3160.35700881,3167.45428054,3156.97578203,3164.06908225,4344.50075800,434
2026-01-03T23:34:00Z,3164.06908225,3165.43064619,3162.63695670,3163.99849027,2621.45107578,262
2026-01-03T23:35:00Z,3163.99849027,3167.19644826,3163.07545436,3166.27274888,5776.16313590,577
2026-01-03T23:36:00Z,3166.27274888,3172.03068369,3163.88542460,3169.64081992,2570.79563013,257
2026-01-03T23:37:00Z,3169.64081992,3171.94673245,3166.87843790,3169.18401810,622.37060137,62
2026-01-03T23:38:00Z,3169.18401810,3172.53472470,3168.42326510,3171.77335013,1349.16142784,134
2026-01-03T23:39:00Z,3171.77335013,3173.19607890,3169.17595609,3170.59815771,840.84451187,84
2026-01-03T23:40:00Z,3170.59815771,3175.18319648,3167.50170067,3172.08528708,4333.56516835,433
2026-01-03T23:41:00Z,3172.08528708,3174.85200482,3170.32007922,3173.08623995,2314.77592035,231
2026-01-03T23:42:00Z,3173.08623995,3173.69619501,3167.18491531,3167.79385303,5483.47105208,548
2026-01-03T23:43:00Z,3167.79385303,3169.53646539,3165.72434522,3167.46677766,932.94412016,93
2026-01-03T23:44:00Z,3167.46677766,3173.90212302,3164.50837854,3170.94047948,380.05108036,38
2026-01-03T23:45:00Z,3170.94047948,3172.11566271,3170.53649954,3171.71158453,2762.10971922,276
2026-01-03T23:46:00Z,3171.71158453,3172.61128524,3164.57921110,3165.47714332,6448.96659397,644
2026-01-03T23:47:00Z,3165.47714332,3168.31249510,3165.41893264,3168.25423334,4013.71890866,401
2026-01-03T23:48:00Z,3168.25423334,3170.39023417,3166.61884071,3168.75458326,1812.77033097,181
2026-01-03T23:49:00Z,3168.75458326,3169.41936100,3167.53590572,3168.20056723,781.52081339,78
2026-01-03T23:50:00Z,3168.20056723,3169.64932330,3166.88446138,3168.33316238,498.05512281,49
2026-01-03T23:51:00Z,3168.33316238,3169.74723221,3165.90089617,3167.31451138,1870.26221741,187
2026-01-03T23:52:00Z,3167.31451138,3171.87386191,3165.17709974,3169.73481698,1275.57633784,127
2026-01-03T23:53:00Z,3169.73481698,3170.76188625,3161.82568560,3162.85052420,3197.96109680,319
2026-01-03T23:54:00Z,3162.85052420,3163.29037035,3160.27005987,3160.70960830,2030.74118362,203
2026-01-03T23:55:00Z,3160.70960830,3162.61954908,3153.24020957,3155.14678887,3070.75740632,307
2026-01-03T23:56:00Z,3155.14678887,3158.84000792,3151.30788377,3155.00093209,1388.51664364,138
2026-01-03T23:57:00Z,3155.00093209,3156.64280276,3154.86722629,3156.50903304,2712.53595251,271
2026-01-03T23:58:00Z,3156.50903304,3160.09439858,3150.70763069,3154.29047624,4452.11903706,445
2026-01-03T23:59:00Z,3154.29047624,3158.50175717,3153.30671638,3157.51699103,4843.59611840,484
2026-01-04T00:00:00Z,3157.51699103,3161.14159184,3155.77876558,3159.40232850,652.06453921,65
2026-01-04T00:01:00Z,3159.40232850,3161.62173265,3158.68715187,3160.90621559,777.86606870,77
2026-01-04T00:02:00Z,3160.90621559,3161.52189195,3160.45974190,3161.07539437,1047.08877944,104
2026-01-04T00:03:00Z,3161.07539437,3161.52863443,3160.72990036,3161.18312865,1064.71785466,106
2026-01-04T00:04:00Z,3161.18312865,3163.28870062,3157.36216721,3159.46659584,2997.52525533,299
2026-01-04T00:05:00Z,3159.46659584,3160.36971137,3157.11619492,3158.01889663,1538.79642489,153
2026-01-04T00:06:00Z,3158.01889663,3163.79041819,3154.55125500,3160.32024958,5945.20126553,594
2026-01-04T00:07:00Z,3160.32024958,3161.09298570,3160.17610035,3160.94880780,1414.59369959,141
2026-01-04T00:08:00Z,3160.94880780,3161.79032136,3158.08973693,3158.93071323,379.75972731,37
2026-01-04T00:09:00Z,3158.93071323,3164.85870805,3155.78545535,3161.71068223,2696.48271306,269
2026-01-04T00:10:00Z,3161.71068223,3162.10747095,3155.60404522,3156.00011728,306.99777905,30
2026-01-04T00:11:00Z,3156.00011728,3156.98386510,3153.29903778,3154.28225012,2706.04272765,270
2026-01-04T00:12:00Z,3154.28225012,3155.50581368,3150.29174702,3151.51423686,2376.37756646,237
2026-01-04T00:13:00Z,3151.51423686,3151.84394459,3150.12144436,3150.45104086,974.41236107,97
2026-01-04T00:14:00Z,3150.45104086,3156.62587671,3147.07083885,3153.24267948,3034.28539863,303
2026-01-04T00:15:00Z,3153.24267948,3153.66632322,3147.69947752,3148.12243335,5149.58444635,514
2026-01-04T00:16:00Z,3148.12243335,3149.95805611,3146.80078324,3148.63619031,2388.50669458,238
2026-01-04T00:17:00Z,3148.63619031,3150.73992655,3145.95322585,3148.05657482,2573.61441473,257
2026-01-04T00:18:00Z,3148.05657482,3154.13258581,3147.72527370,3153.80068018,9376.67526100,937
2026-01-04T00:19:00Z,3153.80068018,3156.91684861,3152.83965060,3155.95516251,756.65080867,75
2026-01-04T00:20:00Z,3155.95516251,3163.75580394,3153.19789426,3160.99413329,511.82078270,51
2026-01-04T00:21:00Z,3160.99413329,3167.02110279,3160.81862183,3166.84526645,9222.46567181,922
2026-01-04T00:22:00Z,3166.84526645,3171.98281646,3165.69854951,3170.83465496,2639.59825914,263
2026-01-04T00:23:00Z,3170.83465496,3172.41213870,3169.39530290,3170.97272396,1846.96838048,184
2026-01-04T00:24:00Z,3170.97272396,3173.68504080,3166.60448054,3169.31537975,917.67881420,91
2026-01-04T00:25:00Z,3169.31537975,3171.26960331,3169.08675758,3171.04085667,2836.99388815,283
2026-01-04T00:26:00Z,3171.04085667,3173.23249279,3167.25168043,3169.44221166,3362.93089111,336
2026-01-04T00:27:00Z,3169.44221166,3174.89004133,3168.98978732,3174.43690402,3249.37054438,324
2026-01-04T00:28:00Z,3174.43690402,3177.38724486,3171.10613234,3174.05611928,890.49475755,89
2026-01-04T00:29:00Z,3174.05611928,3175.90477717,3173.96006679,3175.80867164,3494.95970049,349
2026-01-04T00:30:00Z,3175.80867164,3177.31847423,3174.21839319,3175.72815750,1596.52515467,159
2026-01-04T00:31:00Z,3175.72815750,3178.69519023,3168.20389600,3171.16666700,2174.59583003,217
2026-01-04T00:32:00Z,3171.16666700,3171.59716260,3169.52937047,3169.95970222,755.27069815,75
2026-01-04T00:33:00Z,3169.95970222,3172.89741085,3166.70404288,3169.64145658,1315.86256584,131
2026-01-04T00:34:00Z,3169.64145658,3170.38173161,3168.30847792,3169.04861449,471.56558115,47
2026-01-04T00:35:00Z,3169.04861449,3170.51488577,3168.09336836,3169.55948565,3140.25929169,314
2026-01-04T00:36:00Z,3169.55948565,3169.84670686,3164.95247367,3165.23930339,2016.90568377,201
2026-01-04T00:37:00Z,3165.23930339,3165.96247737,3163.89107371,3164.61410484,1059.25873571,105
2026-01-04T00:38:00Z,3164.61410484,3168.44734523,3163.08338812,3166.91551533,8329.78226875,832
2026-01-04T00:39:00Z,3166.91551533,3167.60596777,3161.36156998,3162.05096185,9046.48242477,904
2026-01-04T00:40:00Z,3162.05096185,3164.48536058,3158.44490643,3160.87840243,3462.67273658,346
2026-01-04T00:41:00Z,3160.87840243,3162.21049208,3157.06659930,3158.39764348,2652.78478995,265
2026-01-04T00:42:00Z,3158.39764348,3158.54320212,3156.48441879,3156.62989597,2356.08989801,235
2026-01-04T00:43:00Z,3156.62989597,3160.13329252,3155.74520683,3159.24786966,1759.88395826,175
2026-01-04T00:44:00Z,3159.24786966,3162.17387174,3156.78084445,3159.70648840,340.60606232,34
2026-01-04T00:45:00Z,3159.70648840,3160.39222118,3159.35695550,3160.04265109,646.33796095,64
2026-01-04T00:46:00Z,3160.04265109,3162.29390051,3157.85635451,3160.10755902,703.64350360,70
2026-01-04T00:47:00Z,3160.10755902,3164.48637993,3156.18367691,3160.56193363,1611.54091842,161
2026-01-04T00:48:00Z,3160.56193363,3162.47599358,3159.87474150,3161.78853476,1138.62500702,113
2026-01-04T00:49:00Z,3161.78853476,3162.22560731,3160.46133041,3160.89827990,2727.47795311,272
2026-01-04T00:50:00Z,3160.89827990,3162.54182805,3160.61361188,3162.25703766,2148.13714100,214
2026-01-04T00:51:00Z,3162.25703766,3165.59044808,3156.39012770,3159.72086468,2769.48142689,276
2026-01-04T00:52:00Z,3159.72086468,3166.82528919,3155.33972352,3162.44037726,3318.27353912,331
2026-01-04T00:53:00Z,3162.44037726,3163.28984211,3161.81483777,3162.66425833,1304.32762962,130
2026-01-04T00:54:00Z,3162.66425833,3163.17967163,3161.00128469,3161.51651094,2331.00169895,233
2026-01-04T00:55:00Z,3161.51651094,3163.92275995,3152.75972289,3155.16113478,641.22741404,64
2026-01-04T00:56:00Z,3155.16113478,3155.62969576,3153.90012106,3154.36856433,2417.50003587,241
2026-01-04T00:57:00Z,3154.36856433,3160.28104881,3152.86918120,3158.77956898,1293.75401639,129
2026-01-04T00:58:00Z,3158.77956898,3162.41838187,3156.24595111,3159.88387825,1207.93111288,120
2026-01-04T00:59:00Z,3159.88387825,3165.91482025,3155.81506339,3161.84348210,479.99695730,47
2026-01-04T01:00:00Z,3161.84348210,3162.78535871,3159.58293309,3160.52441676,3064.84311978,306
2026-01-04T01:01:00Z,3160.52441676,3166.01483051,3157.53984422,3163.02789387,6249.83311161,624
2026-01-04T01:02:00Z,3163.02789387,3167.28748895,3158.08758012,3162.34625725,676.65282106,67
2026-01-04T01:03:00Z,3162.34625725,3164.54861957,3159.21323756,3161.41495129,218.70866519,21
2026-01-04T01:04:00Z,3161.41495129,3163.96909849,3160.85551700,3163.40931129,2898.20521302,289
2026-01-04T01:05:00Z,3163.40931129,3166.02254750,3157.42391406,3160.03436228,12243.19136802,1224
2026-01-04T01:06:00Z,3160.03436228,3161.47995628,3158.34834098,3159.79382493,1251.57286440,125
2026-01-04T01:07:00Z,3159.79382493,3162.56137821,3157.11787765,3159.88535342,2819.52380800,281
2026-01-04T01:08:00Z,3159.88535342,3161.36702677,3158.39259287,3159.87426102,3941.23104463,394
2026-01-04T01:09:00Z,3159.87426102,3163.00947355,3159.34109899,3162.47587255,990.85720898,99
2026-01-04T01:10:00Z,3162.47587255,3165.44078587,3159.82992817,3162.79457485,789.91599535,78
2026-01-04T01:11:00Z,3162.79457485,3163.78306229,3161.09991977,3162.08818644,2373.76502417,237
2026-01-04T01:12:00Z,3162.08818644,3162.34445924,3159.98059752,3160.23672026,983.48766374,98
2026-01-04T01:13:00Z,3160.23672026,3162.81703952,3158.70709917,3161.28691012,954.93227770,95
2026-01-04T01:14:00Z,3161.28691012,3164.37581513,3158.20441025,3161.29330902,2534.39541868,253
2026-01-04T01:15:00Z,3161.29330902,3165.46204047,3156.99872432,3161.16728959,1377.39838412,137
2026-01-04T01:16:00Z,3161.16728959,3163.42797362,3156.49892422,3158.75788518,3741.66215778,374
2026-01-04T01:17:00Z,3158.75788518,3158.94080318,3157.50559788,3157.68845395,662.34393548,66
2026-01-04T01:18:00Z,3157.68845395,3160.65681145,3154.00564259,3156.97332784,1092.31323707,109
2026-01-04T01:19:00Z,3156.97332784,3161.13715174,3154.40495887,3158.56748584,2448.28591940,244
2026-01-04T01:20:00Z,3158.56748584,3160.77011763,3156.30637764,3158.50896861,1850.42144995,185
2026-01-04T01:21:00Z,3158.50896861,3161.10658028,3157.32320633,3159.92028816,5197.87807806,519
2026-01-04T01:22:00Z,3159.92028816,3163.79451822,3158.20279677,3162.07585523,1729.26994648,172
2026-01-04T01:23:00Z,3162.07585523,3166.19274211,3154.44998606,3158.56229844,2995.82154111,299
2026-01-04T01:24:00Z,3158.56229844,3166.33658198,3152.18021359,3159.95168978,2976.61794475,297
2026-01-04T01:25:00Z,3159.95168978,3163.22989991,3159.12696519,3162.40453515,4724.10536578,472
2026-01-04T01:26:00Z,3162.40453515,3165.51736044,3160.74350162,3163.85556477,2433.72915384,243
2026-01-04T01:27:00Z,3163.85556477,3166.95201619,3163.76016433,3166.85652526,1629.44283909,162
2026-01-04T01:28:00Z,3166.85652526,3174.52859510,3161.49380714,3169.16197295,1659.85262922,165
2026-01-04T01:29:00Z,3169.16197295,3174.93267707,3165.77765830,3171.54581673,1928.04893315,192
2026-01-04T01:30:00Z,3171.54581673,3172.20588293,3168.68912885,3169.34873779,1365.32208455,136
2026-01-04T01:31:00Z,3169.34873779,3172.47896174,3166.97196907,3170.10162842,3331.07733654,333
2026-01-04T01:32:00Z,3170.10162842,3170.52751792,3169.70588794,3170.13177368,1709.20986303,170
2026-01-04T01:33:00Z,3170.13177368,3172.85598830,3166.70421606,3169.42782576,1389.31273899,138
2026-01-04T01:34:00Z,3169.42782576,3174.42116596,3166.10958485,3171.10117313,3205.36954746,320
2026-01-04T01:35:00Z,3171.10117313,3175.99071499,3169.59098269,3174.47891595,3877.70506825,387
2026-01-04T01:36:00Z,3174.47891595,3175.74377383,3167.31341069,3168.57591655,6846.93412683,684
2026-01-04T01:37:00Z,3168.57591655,3169.69868060,3164.60048494,3165.72223781,608.35394265,60
2026-01-04T01:38:00Z,3165.72223781,3171.27098496,3163.49762097,3169.04403383,3490.79262165,349
2026-01-04T01:39:00Z,3169.04403383,3170.25233796,3167.84201813,3169.05031988,1294.07335775,129
2026-01-04T01:40:00Z,3169.05031988,3174.53543454,3162.16611159,3167.64880045,2454.13352296,245
2026-01-04T01:41:00Z,3167.64880045,3168.49038313,3165.49032637,3166.33155909,3368.04757787,336
2026-01-04T01:42:00Z,3166.33155909,3171.83307657,3164.81868287,3170.31829548,4194.23264184,419
2026-01-04T01:43:00Z,3170.31829548,3175.70692698,3162.83542431,3168.22049013,8482.68474481,848
2026-01-04T01:44:00Z,3168.22049013,3170.12584339,3158.62026031,3160.52098312,17857.82439257,1785
2026-01-04T01:45:00Z,3160.52098312,3160.69828873,3158.71857013,3158.89578456,1255.29767334,125
2026-01-04T01:46:00Z,3158.89578456,3162.56528075,3158.28262212,3161.95152517,1874.55913447,187
2026-01-04T01:47:00Z,3161.95152517,3162.71731959,3159.82999754,3160.59546353,970.88282074,97
2026-01-04T01:48:00Z,3160.59546353,3160.71481360,3159.26973697,3159.38904148,8561.55664465,856
2026-01-04T01:49:00Z,3159.38904148,3162.22917895,3155.80692389,3158.64639375,2492.72522440,249
2026-01-04T01:50:00Z,3158.64639375,3159.08697993,3155.33300302,3155.77318843,9038.00588629,903
2026-01-04T01:51:00Z,3155.77318843,3163.72756019,3153.22955342,3161.17956750,13776.65194805,1377
2026-01-04T01:52:00Z,3161.17956750,3165.18106707,3159.91519914,3163.91560438,12835.78267255,1283
2026-01-04T01:53:00Z,3163.91560438,3169.72993654,3161.32224236,3167.13393656,1068.93242876,106
2026-01-04T01:54:00Z,3167.13393656,3169.83118736,3165.56538450,3168.26207658,1775.04329735,177
2026-01-04T01:55:00Z,3168.26207658,3170.84202201,3167.76668799,3170.34630754,1775.74193244,177
2026-01-04T01:56:00Z,3170.34630754,3176.55429150,3161.28750679,3167.48989750,4893.23308432,489
2026-01-04T01:57:00Z,3167.48989750,3171.60401058,3162.20337616,3166.31596447,2723.51677699,272
2026-01-04T01:58:00Z,3166.31596447,3167.53622285,3163.13738584,3164.35688921,6174.09379556,617
2026-01-04T01:59:00Z,3164.35688921,3166.42146028,3163.94904364,3166.01340119,3214.04519256,321
2026-01-04T02:00:00Z,3166.01340119,3171.50151309,3165.60115118,3171.08860223,8507.21013467,850
2026-01-04T02:01:00Z,3171.08860223,3174.47182140,3168.81743817,3172.19986145,2274.63563436,227
2026-01-04T02:02:00Z,3172.19986145,3179.45809158,3171.91740314,3179.17501219,3136.11505011,313
2026-01-04T02:03:00Z,3179.17501219,3187.57468329,3178.32561832,3186.72327272,5030.23073730,503
2026-01-04T02:04:00Z,3186.72327272,3188.49118902,3186.67314904,3188.44103832,1309.19258401,130
2026-01-04T02:05:00Z,3188.44103832,3191.21359654,3188.01135305,3190.78359557,2613.51940502,261
2026-01-04T02:06:00Z,3190.78359557,3194.03589436,3188.91531435,3192.16680324,209.36820741,20
2026-01-04T02:07:00Z,3192.16680324,3194.09151791,3189.89676779,3191.82127412,3825.27446671,382
2026-01-04T02:08:00Z,3191.82127412,3194.23787266,3189.45165306,3191.86821674,1442.17784965,144
2026-01-04T02:09:00Z,3191.86821674,3194.89750189,3187.07225358,3190.09986045,6542.80438194,654
2026-01-04T02:10:00Z,3190.09986045,3197.88835637,3187.49069592,3195.27495916,5008.82008830,500
2026-01-04T02:11:00Z,3195.27495916,3197.31660954,3194.18858723,3196.22991294,1549.62673432,154
2026-01-04T02:12:00Z,3196.22991294,3208.60178003,3188.89345926,3201.25379479,2371.00969365,237
2026-01-04T02:13:00Z,3201.25379479,3203.03332721,3198.57472105,3200.35375315,1365.24847189,136
2026-01-04T02:14:00Z,3200.35375315,3203.26498263,3200.24491619,3203.15605036,1874.55145294,187
2026-01-04T02:15:00Z,3203.15605036,3203.80176698,3201.14567170,3201.79111317,2994.95820584,299
2026-01-04T02:16:00Z,3201.79111317,3203.75616305,3199.72617397,3201.69116251,2318.01029358,231
2026-01-04T02:17:00Z,3201.69116251,3208.57543735,3199.53297391,3206.41406515,2869.24070397,286
2026-01-04T02:18:00Z,3206.41406515,3209.42468982,3202.54581262,3205.55563127,2764.04077469,276
2026-01-04T02:19:00Z,3205.55563127,3207.07295416,3203.20912793,3204.72605814,3681.47936416,368
2026-01-04T02:20:00Z,3204.72605814,3205.98933327,3203.68986741,3204.95306914,1831.31281470,183
2026-01-04T02:21:00Z,3204.95306914,3205.88000882,3203.48983686,3204.41662138,533.49478000,53
2026-01-04T02:22:00Z,3204.41662138,3211.10199944,3203.50780727,3210.19154749,2323.94900156,232
2026-01-04T02:23:00Z,3210.19154749,3216.64718422,3202.64191197,3209.09534425,1330.35158996,133
2026-01-04T02:24:00Z,3209.09534425,3213.60671375,3205.17062999,3209.68128289,948.78126810,94
2026-01-04T02:25:00Z,3209.68128289,3212.33943739,3207.92142746,3210.57908970,1747.66126348,174
2026-01-04T02:26:00Z,3210.57908970,3210.93502294,3208.21930579,3208.57501685,3399.69043126,339
2026-01-04T02:27:00Z,3208.57501685,3210.76795814,3207.29290700,3209.48548447,699.28379726,69
2026-01-04T02:28:00Z,3209.48548447,3212.60697862,3203.21300133,3206.33142789,2903.96168433,290
2026-01-04T02:29:00Z,3206.33142789,3210.22350608,3206.11318063,3210.00500877,2995.12494489,299
2026-01-04T02:30:00Z,3210.00500877,3213.09914649,3209.03301639,3212.12651172,3234.21379013,323
2026-01-04T02:31:00Z,3212.12651172,3213.16051640,3210.13103513,3211.16473021,1443.44197175,144
2026-01-04T02:32:00Z,3211.16473021,3215.27031637,3209.97113015,3214.07563432,1590.46027691,159
2026-01-04T02:33:00Z,3214.07563432,3218.65244144,3212.37141526,3216.94670004,2968.59182326,296
2026-01-04T02:34:00Z,3216.94670004,3220.33354361,3216.00144528,3219.38757164,3787.73620527,378
2026-01-04T02:35:00Z,3219.38757164,3223.58559321,3217.09445986,3221.29112557,602.70244667,60
2026-01-04T02:36:00Z,3221.29112557,3224.92855431,3221.12156161,3224.75880782,5565.90126951,556
2026-01-04T02:37:00Z,3224.75880782,3226.02529192,3223.21506710,3224.48144227,446.43988371,44
2026-01-04T02:38:00Z,3224.48144227,3226.36515098,3222.69466788,3224.57832291,2770.92919475,277
2026-01-04T02:39:00Z,3224.57832291,3225.87353441,3223.81402874,3225.10911443,1526.97633271,152
2026-01-04T02:40:00Z,3225.10911443,3225.58478027,3223.98258802,3224.45815786,939.50579869,93
2026-01-04T02:41:00Z,3224.45815786,3224.75376297,3222.88315472,3223.17864253,2154.47609986,215
2026-01-04T02:42:00Z,3223.17864253,3225.79623297,3219.58104776,3222.19784168,1743.83579749,174
2026-01-04T02:43:00Z,3222.19784168,3224.13885674,3220.24387031,3222.18487755,267.71486831,26
2026-01-04T02:44:00Z,3222.18487755,3227.48265356,3217.09226129,3222.38971355,246.08517694,24
2026-01-04T02:45:00Z,3222.38971355,3222.87926040,3221.64010455,3222.12961188,2926.71868842,292
2026-01-04T02:46:00Z,3222.12961188,3222.32810157,3219.12803023,3219.32634723,1804.66878503,180
2026-01-04T02:47:00Z,3219.32634723,3223.27441942,3218.84734629,3222.79490240,2817.34512987,281
2026-01-04T02:48:00Z,3222.79490240,3223.49003647,3216.16575520,3216.85960907,1832.73250039,183
2026-01-04T02:49:00Z,3216.85960907,3219.41002780,3209.09226304,3211.63854235,2245.46536659,224
2026-01-04T02:50:00Z,3211.63854235,3215.46714451,3202.02124188,3205.84293508,2883.27853114,288
2026-01-04T02:51:00Z,3205.84293508,3206.50673282,3204.55753631,3205.22120532,760.52801480,76
2026-01-04T02:52:00Z,3205.22120532,3208.87196572,3201.26147561,3204.91188369,414.92318365,41
2026-01-04T02:53:00Z,3204.91188369,3209.71186454,3204.01352555,3208.81241304,204.24163243,20
2026-01-04T02:54:00Z,3208.81241304,3213.69867208,3204.77353448,3209.65872828,1723.66344839,172
2026-01-04T02:55:00Z,3209.65872828,3213.69538741,3206.79999034,3210.83560126,1612.52618571,161
2026-01-04T02:56:00Z,3210.83560126,3213.19450584,3206.50959862,3208.86705698,3654.73386234,365
2026-01-04T02:57:00Z,3208.86705698,3211.70407530,3207.23815060,3210.07455597,892.20016396,89
2026-01-04T02:58:00Z,3210.07455597,3214.93501003,3209.74015685,3214.60013947,14502.53093178,1450
2026-01-04T02:59:00Z,3214.60013947,3222.35358102,3213.48624318,3221.23738485,2950.10693839,295
2026-01-04T03:00:00Z,3221.23738485,3222.37619928,3220.92745386,3222.06618855,3220.91979824,322
2026-01-04T03:01:00Z,3222.06618855,3225.56808624,3218.77210358,3222.27378903,427.13066408,42
2026-01-04T03:02:00Z,3222.27378903,3225.36773736,3219.61876219,3222.71234916,352.32193642,35
2026-01-04T03:03:00Z,3222.71234916,3223.42967458,3219.15527278,3219.87196597,386.43685506,38
2026-01-04T03:04:00Z,3219.87196597,3220.98482322,3216.00206080,3217.11396483,1900.64313395,190
2026-01-04T03:05:00Z,3217.11396483,3219.00759158,3210.57881247,3212.46970557,28870.07486222,2887
2026-01-04T03:06:00Z,3212.46970557,3213.96407618,3209.43346913,3210.92712216,3670.03774647,367
2026-01-04T03:07:00Z,3210.92712216,3211.52642914,3205.14678413,3205.74512391,10179.47459316,1017
2026-01-04T03:08:00Z,3205.74512391,3206.55847800,3202.70975641,3203.52254658,3238.27758735,323
2026-01-04T03:09:00Z,3203.52254658,3203.94940404,3202.33792645,3202.76468292,875.14870290,87
2026-01-04T03:10:00Z,3202.76468292,3203.17770028,3200.65622376,3201.06902245,1681.79570744,168
2026-01-04T03:11:00Z,3201.06902245,3201.54217298,3200.79939919,3201.27253257,1220.07217484,122
2026-01-04T03:12:00Z,3201.27253257,3202.85781788,3199.79865689,3201.38389093,1010.93525940,101
2026-01-04T03:13:00Z,3201.38389093,3201.80429279,3199.05311834,3199.47326929,1326.89584230,132
2026-01-04T03:14:00Z,3199.47326929,3202.53387364,3198.47001964,3201.52997907,746.18254396,74
2026-01-04T03:15:00Z,3201.52997907,3201.95727018,3200.80759315,3201.23484488,301.74686111,30
2026-01-04T03:16:00Z,3201.23484488,3202.82066466,3196.42473920,3198.00896096,4740.33952057,474
2026-01-04T03:17:00Z,3198.00896096,3199.34560618,3191.03059231,3192.36487852,6688.78265171,668
2026-01-04T03:18:00Z,3192.36487852,3192.95764585,3191.20042402,3191.79308517,1212.94249637,121
2026-01-04T03:19:00Z,3191.79308517,3192.35602063,3188.16125374,3188.72364785,1597.41540382,159
2026-01-04T03:20:00Z,3188.72364785,3189.01684895,3187.11920884,3187.41228936,525.40832535,52
2026-01-04T03:21:00Z,3187.41228936,3187.64776904,3187.41058442,3187.64606398,1403.79587361,140
2026-01-04T03:22:00Z,3187.64606398,3189.29692152,3184.70982494,3186.36001645,1364.12661700,136
2026-01-04T03:23:00Z,3186.36001645,3186.99630047,3186.34813793,3186.98441962,2572.93407349,257
2026-01-04T03:24:00Z,3186.98441962,3187.75868025,3185.20272154,3185.97673736,2853.53823081,285
2026-01-04T03:25:00Z,3185.97673736,3186.26735081,3183.77873183,3184.06917128,2649.07829091,264
2026-01-04T03:26:00Z,3184.06917128,3185.29565928,3182.02549630,3183.25166940,312.61903802,31
2026-01-04T03:27:00Z,3183.25166940,3183.75462907,3179.77918789,3180.28167829,3950.78266453,395
2026-01-04T03:28:00Z,3180.28167829,3182.34477740,3176.65587436,3178.71795906,1635.55101375,163
2026-01-04T03:29:00Z,3178.71795906,3180.22604461,3174.79945716,3176.30639859,6727.35394823,672
2026-01-04T03:30:00Z,3176.30639859,3179.07813748,3173.59108986,3176.36278056,2853.63529674,285
2026-01-04T03:31:00Z,3176.36278056,3178.29887740,3175.82438519,3177.76024516,2287.67704999,228
2026-01-04T03:32:00Z,3177.76024516,3178.29211831,3170.38469569,3170.91542319,14415.18518202,1441
2026-01-04T03:33:00Z,3170.91542319,3171.59771026,3169.41059061,3170.09270065,1186.38630839,118
2026-01-04T03:34:00Z,3170.09270065,3170.98895709,3168.59633441,3169.49242113,1804.71624874,180
2026-01-04T03:35:00Z,3169.49242113,3171.08998028,3166.83666658,3168.43369209,1370.92959469,137
2026-01-04T03:36:00Z,3168.43369209,3172.43888998,3162.48982075,3166.49256487,2293.47742093,229
2026-01-04T03:37:00Z,3166.49256487,3167.77020837,3164.15214325,3165.42935776,1297.83182923,129
2026-01-04T03:38:00Z,3165.42935776,3167.48246995,3159.16260252,3161.21297995,1624.27442126,162
2026-01-04T03:39:00Z,3161.21297995,3161.41384543,3157.90267382,3158.10334171,2985.28461660,298
2026-01-04T03:40:00Z,3158.10334171,3161.63216955,3156.12472058,3159.65257780,3264.98786902,326
2026-01-04T03:41:00Z,3159.65257780,3163.48205287,3157.81854711,3161.64686459,4213.67466287,421
2026-01-04T03:42:00Z,3161.64686459,3162.32904530,3159.52014763,3160.20201659,529.95135276,52
2026-01-04T03:43:00Z,3160.20201659,3162.21428257,3155.87852792,3157.88932128,160.68172384,16
2026-01-04T03:44:00Z,3157.88932128,3161.24506417,3152.88322408,3156.23721134,3311.46929401,331
2026-01-04T03:45:00Z,3156.23721134,3157.54491081,3154.02139926,3155.32872232,264.46339844,26
2026-01-04T03:46:00Z,3155.32872232,3159.96024405,3154.61065929,3159.24129064,9673.65386495,967
2026-01-04T03:47:00Z,3159.24129064,3162.76566055,3153.00025336,3156.52158924,885.30343487,88
2026-01-04T03:48:00Z,3156.52158924,3158.49815166,3155.76406094,3157.74033087,4322.62618474,432
2026-01-04T03:49:00Z,3157.74033087,3160.24681235,3154.96350968,3157.46977641,2367.49037113,236
2026-01-04T03:50:00Z,3157.46977641,3158.07838125,3156.46924655,3157.07777583,5762.19280384,576
2026-01-04T03:51:00Z,3157.07777583,3157.61633836,3153.40268323,3153.94071061,5311.96733779,531
2026-01-04T03:52:00Z,3153.94071061,3156.05614407,3148.37571501,3150.48883321,4532.98528517,453
2026-01-04T03:53:00Z,3150.48883321,3153.94750114,3146.11829839,3149.57596416,1335.96963718,133
2026-01-04T03:54:00Z,3149.57596416,3153.12652847,3148.20186655,3151.75148173,1868.47343067,186
2026-01-04T03:55:00Z,3151.75148173,3153.93514569,3146.10782215,3148.28908722,2037.47613248,203
2026-01-04T03:56:00Z,3148.28908722,3151.36781148,3146.07114677,3149.14926504,3817.74212278,381
2026-01-04T03:57:00Z,3149.14926504,3150.38196862,3145.38930876,3146.62102269,3476.99344120,347
2026-01-04T03:58:00Z,3146.62102269,3146.83977810,3145.59734855,3145.81604800,1720.66361587,172
2026-01-04T03:59:00Z,3145.81604800,3147.25646907,3142.77145013,3144.21113634,2280.55910149,228
2026-01-04T04:00:00Z,3144.21113634,3147.21039764,3144.10727238,3147.10643805,4157.82470007,415
2026-01-04T04:01:00Z,3147.10643805,3147.87065240,3146.57199350,3147.33616884,672.18047451,67
2026-01-04T04:02:00Z,3147.33616884,3149.11673763,3146.86080852,3148.64118021,242.51279149,24
2026-01-04T04:03:00Z,3148.64118021,3148.98109332,3148.16888904,3148.50878786,1515.60388813,151
2026-01-04T04:04:00Z,3148.50878786,3154.88569768,3146.16203606,3152.53594423,5576.13764142,557
2026-01-04T04:05:00Z,3152.53594423,3156.34245412,3149.95105897,3153.75656802,590.39072005,59
2026-01-04T04:06:00Z,3153.75656802,3156.57078544,3148.67222458,3151.48441447,1231.73750058,123
2026-01-04T04:07:00Z,3151.48441447,3153.46701861,3148.61050505,3150.59254811,417.66926565,41
2026-01-04T04:08:00Z,3150.59254811,3153.40861428,3147.18783445,3150.00337401,819.58188672,81
2026-01-04T04:09:00Z,3150.00337401,3151.71241361,3146.46825518,3148.17630349,1882.96809429,188
2026-01-04T04:10:00Z,3148.17630349,3148.65305679,3147.10977197,3147.58643593,2817.10519085,281
2026-01-04T04:11:00Z,3147.58643593,3154.01567543,3143.17945292,3149.60586498,6169.43845315,616
2026-01-04T04:12:00Z,3149.60586498,3150.45554816,3147.77710364,3148.62652262,2026.35334506,202
2026-01-04T04:13:00Z,3148.62652262,3150.59682698,3146.63054016,3148.60082844,517.11173791,51
2026-01-04T04:14:00Z,3148.60082844,3148.99711087,3148.32778072,3148.72405247,1390.10654736,139
2026-01-04T04:15:00Z,3148.72405247,3150.71749526,3147.06196986,3149.05523783,241.78606423,24
2026-01-04T04:16:00Z,3149.05523783,3153.02186940,3147.79075223,3151.75629921,3204.26061234,320
2026-01-04T04:17:00Z,3151.75629921,3155.79384944,3148.22770426,3152.26468532,2026.71605798,202
2026-01-04T04:18:00Z,3152.26468532,3153.57093100,3150.05577041,3151.36164189,2335.56787788,233
2026-01-04T04:19:00Z,3151.36164189,3153.17352353,3150.51422603,3152.32584840,2435.23847030,243
2026-01-04T04:20:00Z,3152.32584840,3155.90640571,3146.47629570,3150.05427285,2579.47121581,257
2026-01-04T04:21:00Z,3150.05427285,3152.97940358,3147.71578384,3150.64047940,4939.81048267,493
2026-01-04T04:22:00Z,3150.64047940,3152.98168123,3143.84465903,3146.18254822,8663.11446873,866
2026-01-04T04:23:00Z,3146.18254822,3148.57725586,3141.74864954,3144.14180387,4162.96536910,416
2026-01-04T04:24:00Z,3144.14180387,3144.31410780,3141.14961566,3141.32176505,1706.99553483,170
2026-01-04T04:25:00Z,3141.32176505,3144.13545843,3136.63989889,3139.45191744,2273.93526365,227
2026-01-04T04:26:00Z,3139.45191744,3141.25409581,3137.16702305,3138.96892417,4198.98430266,419
2026-01-04T04:27:00Z,3138.96892417,3140.70460881,3138.55411226,3140.28962237,772.28799864,77
2026-01-04T04:28:00Z,3140.28962237,3143.35714829,3138.28053769,3141.34738688,1130.28946874,113
2026-01-04T04:29:00Z,3141.34738688,3142.77316397,3138.98176669,3140.40711702,547.69316206,54
2026-01-04T04:30:00Z,3140.40711702,3142.04464080,3136.31337301,3137.94961535,5698.66603633,569
2026-01-04T04:31:00Z,3137.94961535,3139.64208138,3135.20344003,3136.89533743,759.52361202,75
2026-01-04T04:32:00Z,3136.89533743,3141.63059900,3135.02408316,3139.75763728,2030.15413764,203
2026-01-04T04:33:00Z,3139.75763728,3149.06092618,3135.78217470,3145.07872621,2565.31346144,256
2026-01-04T04:34:00Z,3145.07872621,3146.25126932,3143.11341942,3144.28566686,1214.18397499,121
2026-01-04T04:35:00Z,3144.28566686,3144.59566176,3143.74001571,3144.04998738,1624.68552788,162
2026-01-04T04:36:00Z,3144.04998738,3146.19988301,3141.76442354,3143.91422634,375.57898374,37
2026-01-04T04:37:00Z,3143.91422634,3146.63410560,3141.53845141,3144.25807084,629.45026841,62
2026-01-04T04:38:00Z,3144.25807084,3144.63515873,3142.63008265,3143.00702050,2799.24788461,279
2026-01-04T04:39:00Z,3143.00702050,3143.51753981,3140.34214198,3140.85231131,3709.22703786,370
2026-01-04T04:40:00Z,3140.85231131,3142.40502482,3140.31849637,3141.87103675,1606.63973420,160
2026-01-04T04:41:00Z,3141.87103675,3143.08240479,3141.26223986,3142.47349116,1245.81274595,124
2026-01-04T04:42:00Z,3142.47349116,3145.51465840,3139.32768726,3142.36875314,1988.55434849,198
2026-01-04T04:43:00Z,3142.36875314,3145.51389170,3140.94632762,3144.09068673,1459.03091601,145
2026-01-04T04:44:00Z,3144.09068673,3149.63616875,3140.64236514,3146.18554959,1747.92865165,174
2026-01-04T04:45:00Z,3146.18554959,3149.16766340,3143.81144860,3146.79310396,1442.76511654,144
2026-01-04T04:46:00Z,3146.79310396,3149.68022010,3144.87414413,3147.76067024,926.18168784,92
2026-01-04T04:47:00Z,3147.76067024,3149.49354356,3146.09246685,3147.82530591,87.67235480,8
2026-01-04T04:48:00Z,3147.82530591,3154.57630125,3144.64066959,3151.38806052,3566.22605908,356
2026-01-04T04:49:00Z,3151.38806052,3154.96824206,3147.77089228,3151.35103176,1509.68973862,150
2026-01-04T04:50:00Z,3151.35103176,3155.15267501,3147.98445097,3151.78562994,3410.78888698,341
2026-01-04T04:51:00Z,3151.78562994,3153.30636101,3150.31901567,3151.83972157,639.18699777,63
2026-01-04T04:52:00Z,3151.83972157,3153.75243843,3147.84335639,3149.75480800,5367.16331247,536
2026-01-04T04:53:00Z,3149.75480800,3156.78136414,3145.22142521,3152.24439812,1667.96527911,166
2026-01-04T04:54:00Z,3152.24439812,3154.35691181,3152.21746840,3154.32996427,5543.23892784,554
2026-01-04T04:55:00Z,3154.32996427,3157.05939291,3150.91068339,3153.63951459,1546.53269508,154
2026-01-04T04:56:00Z,3153.63951459,3155.63650151,3150.42111333,3152.41732632,2057.92713285,205
2026-01-04T04:57:00Z,3152.41732632,3155.95045621,3151.78260329,3155.31514971,1797.79299474,179
2026-01-04T04:58:00Z,3155.31514971,3156.71502879,3149.95636167,3151.35448358,9112.35937865,911
2026-01-04T04:59:00Z,3151.35448358,3157.16089507,3146.89219637,3152.69670729,1245.89690749,124
2026-01-04T05:00:00Z,3152.69670729,3156.07828361,3146.64018955,3150.01889365,1993.99203006,199
2026-01-04T05:01:00Z,3150.01889365,3155.13986907,3146.53441596,3151.65358313,1639.81067038,163
2026-01-04T05:02:00Z,3151.65358313,3156.01088898,3145.49035627,3149.84516190,888.79217720,88
2026-01-04T05:03:00Z,3149.84516190,3152.48237784,3143.47413883,3146.10822601,3615.88202907,361
2026-01-04T05:04:00Z,3146.10822601,3149.22692641,3144.61762511,3147.73555450,4053.23831202,405
2026-01-04T05:05:00Z,3147.73555450,3148.44114063,3145.14422064,3145.84938398,863.74720163,86
2026-01-04T05:06:00Z,3145.84938398,3151.25870121,3144.43295935,3149.84047959,4200.16500076,420
2026-01-04T05:07:00Z,3149.84047959,3155.28183741,3147.05710360,3152.49611475,5738.47091624,573
2026-01-04T05:08:00Z,3152.49611475,3153.66953561,3152.34518528,3153.51855719,1509.11133179,150
2026-01-04T05:09:00Z,3153.51855719,3155.30046649,3152.94296168,3154.72465083,2044.93459976,204
2026-01-04T05:10:00Z,3154.72465083,3154.86868707,3151.43418328,3151.57807586,7678.78983282,767
2026-01-04T05:11:00Z,3151.57807586,3154.06242227,3150.53009017,3153.01395911,934.60008094,93
2026-01-04T05:12:00Z,3153.01395911,3156.47548009,3150.80772386,3154.26836710,1252.75306793,125
2026-01-04T05:13:00Z,3154.26836710,3154.54429611,3150.55261116,3150.82823924,2745.96855705,274
2026-01-04T05:14:00Z,3150.82823924,3152.37960252,3147.30354222,3148.85393342,3196.46619469,319
2026-01-04T05:15:00Z,3148.85393342,3150.06193799,3148.83779620,3150.04579466,5308.18681570,530
2026-01-04T05:16:00Z,3150.04579466,3151.11605693,3148.33136996,3149.40141330,2321.12013945,232
2026-01-04T05:17:00Z,3149.40141330,3149.50423537,3147.98441242,3148.08719158,2269.85758999,226
2026-01-04T05:18:00Z,3148.08719158,3150.98666974,3146.40736784,3149.30619553,4141.76824441,414
2026-01-04T05:19:00Z,3149.30619553,3153.79378977,3146.19825251,3150.68448656,2299.81494974,229
2026-01-04T05:20:00Z,3150.68448656,3154.81326455,3147.52712531,3151.65493081,8369.26777713,836
2026-01-04T05:21:00Z,3151.65493081,3153.82214623,3148.64212645,3150.80876001,268.38881601,26
2026-01-04T05:22:00Z,3150.80876001,3151.35928697,3147.46519628,3148.01523514,1896.21817755,189
2026-01-04T05:23:00Z,3148.01523514,3152.43995976,3144.50143545,3148.92514444,3726.85456448,372
2026-01-04T05:24:00Z,3148.92514444,3156.76008419,3148.64098447,3156.47524290,8651.96798975,865
2026-01-04T05:25:00Z,3156.47524290,3162.90055593,3153.76113562,3160.18326031,876.73483303,87
2026-01-04T05:26:00Z,3160.18326031,3161.28689367,3159.04631369,3160.14993542,1364.53383701,136
2026-01-04T05:27:00Z,3160.14993542,3163.63689305,3155.50786678,3158.99354844,4111.79088171,411
2026-01-04T05:28:00Z,3158.99354844,3163.75222439,3157.43756819,3162.19466741,4191.08090835,419
2026-01-04T05:29:00Z,3162.19466741,3166.46224513,3156.53090187,3160.79659280,624.95787017,62
2026-01-04T05:30:00Z,3160.79659280,3164.90026008,3156.86926714,3160.97271559,1469.29924263,146
2026-01-04T05:31:00Z,3160.97271559,3164.33712608,3160.70425310,3164.06840067,2525.08753716,252
2026-01-04T05:32:00Z,3164.06840067,3167.30122860,3161.00495269,3164.23761678,4140.10366563,414
2026-01-04T05:33:00Z,3164.23761678,3166.95462588,3160.68682525,3163.40311779,3911.75719412,391
2026-01-04T05:34:00Z,3163.40311779,3163.98941456,3161.37276889,3161.95879797,526.69023078,52
2026-01-04T05:35:00Z,3161.95879797,3162.23136166,3161.45575070,3161.72829453,3028.13755674,302
2026-01-04T05:36:00Z,3161.72829453,3164.34157685,3160.71941943,3163.33218997,2197.78094394,219
2026-01-04T05:37:00Z,3163.33218997,3166.34590690,3161.08442624,3164.09759929,2290.07737023,229
2026-01-04T05:38:00Z,3164.09759929,3164.57745934,3162.57112857,3163.05082987,2750.99445473,275
2026-01-04T05:39:00Z,3163.05082987,3165.64706750,3162.86802574,3165.46412390,1517.32054582,151
2026-01-04T05:40:00Z,3165.46412390,3172.14221056,3162.76895566,3169.44365403,6305.45746478,630
2026-01-04T05:41:00Z,3169.44365403,3170.71333638,3164.14704687,3165.41511538,5322.78591590,532
2026-01-04T05:42:00Z,3165.41511538,3167.91782899,3161.18214877,3163.68349328,3178.23686853,317
2026-01-04T05:43:00Z,3163.68349328,3165.09841805,3160.24719727,3161.66121760,1809.21927907,180
2026-01-04T05:44:00Z,3161.66121760,3164.00790272,3160.69987173,3163.04613574,5737.11240948,573
2026-01-04T05:45:00Z,3163.04613574,3168.04753205,3160.58895863,3165.58838003,2167.68570764,216
2026-01-04T05:46:00Z,3165.58838003,3168.06152307,3160.89825683,3163.36966649,1269.88625169,126
2026-01-04T05:47:00Z,3163.36966649,3166.69491429,3158.32079383,3161.64422789,724.80092705,72
2026-01-04T05:48:00Z,3161.64422789,3162.48158121,3159.71477788,3160.55184188,2386.01199584,238
2026-01-04T05:49:00Z,3160.55184188,3168.89003195,3155.88951561,3164.22229117,5894.05008888,589
2026-01-04T05:50:00Z,3164.22229117,3171.12121204,3160.63797498,3167.53314545,4872.69042455,487
2026-01-04T05:51:00Z,3167.53314545,3169.09109641,3166.05473685,3167.61265071,1912.19909992,191
2026-01-04T05:52:00Z,3167.61265071,3176.37030080,3166.21919517,3174.97360711,1322.84885723,132
2026-01-04T05:53:00Z,3174.97360711,3179.11010184,3173.10946529,3177.24462662,4125.57312141,412
2026-01-04T05:54:00Z,3177.24462662,3181.44162033,3175.75094330,3179.94666673,3015.44253009,301
2026-01-04T05:55:00Z,3179.94666673,3184.25640019,3179.22423174,3183.53315040,2513.67436281,251
2026-01-04T05:56:00Z,3183.53315040,3183.69529384,3180.79832353,3180.96033593,3634.06975410,363
2026-01-04T05:57:00Z,3180.96033593,3181.86202521,3180.38794332,3181.28957336,504.26677552,50
2026-01-04T05:58:00Z,3181.28957336,3181.47383474,3177.87047944,3178.05455345,5202.74768977,520
2026-01-04T05:59:00Z,3178.05455345,3179.30760876,3174.26289354,3175.51494752,1147.68993142,114
2026-01-04T06:00:00Z,3175.51494752,3178.88634306,3171.99305392,3175.36428950,1693.48710827,169
2026-01-04T06:01:00Z,3175.36428950,3180.31001041,3174.43775089,3179.38229939,1327.10035682,132
2026-01-04T06:02:00Z,3179.38229939,3179.62334104,3179.10462358,3179.34566246,271.43343233,27
2026-01-04T06:03:00Z,3179.34566246,3181.14497513,3177.72336936,3179.52259176,2098.65236921,209
2026-01-04T06:04:00Z,3179.52259176,3180.56767973,3176.57513272,3177.61959519,3211.40317357,321
2026-01-04T06:05:00Z,3177.61959519,3178.32770315,3176.46888514,3177.17689444,2171.73118510,217
2026-01-04T06:06:00Z,3177.17689444,3178.45795530,3175.32754000,3176.60837162,527.87304074,52
2026-01-04T06:07:00Z,3176.60837162,3184.48822153,3173.54625847,3181.42146876,5105.58283327,510
2026-01-04T06:08:00Z,3181.42146876,3182.84625937,3176.36255008,3177.78571243,2493.92262293,249
2026-01-04T06:09:00Z,3177.78571243,3180.43674332,3176.52026896,3179.17074831,2290.32346401,229
2026-01-04T06:10:00Z,3179.17074831,3182.79275012,3175.02075054,3178.64215012,2207.58154197,220
2026-01-04T06:11:00Z,3178.64215012,3178.94369957,3174.50453133,3174.80571683,7853.52626636,785
2026-01-04T06:12:00Z,3174.80571683,3181.88243194,3171.48841566,3178.56120672,528.79700636,52
2026-01-04T06:13:00Z,3178.56120672,3180.30328491,3174.76055694,3176.50150626,3381.45259456,338
2026-01-04T06:14:00Z,3176.50150626,3179.73268239,3172.44341761,3175.67375173,1273.01913685,127
2026-01-04T06:15:00Z,3175.67375173,3178.25024854,3174.99220359,3177.56829379,2090.64229111,209
2026-01-04T06:16:00Z,3177.56829379,3178.04287975,3174.47374356,3174.94793816,10225.64856034,1022
2026-01-04T06:17:00Z,3174.94793816,3175.30636008,3170.35740505,3170.71534915,9107.07154261,910
2026-01-04T06:18:00Z,3170.71534915,3171.47458146,3167.61393741,3168.37260874,286.71636638,28
2026-01-04T06:19:00Z,3168.37260874,3171.90009058,3166.74460622,3170.27111254,1945.67129156,194
2026-01-04T06:20:00Z,3170.27111254,3171.24555512,3170.24221135,3171.21664530,2273.97653267,227
2026-01-04T06:21:00Z,3171.21664530,3174.05646422,3170.35817301,3173.19745571,132.20911565,13
2026-01-04T06:22:00Z,3173.19745571,3175.06476268,3170.24765539,3172.11432499,775.45713574,77
2026-01-04T06:23:00Z,3172.11432499,3172.98469540,3170.63019432,3171.50039628,1731.06710857,173
2026-01-04T06:24:00Z,3171.50039628,3175.07512457,3169.83679042,3173.41051676,536.15232794,53
2026-01-04T06:25:00Z,3173.41051676,3175.91996606,3172.76295090,3175.27202034,657.03142297,65
2026-01-04T06:26:00Z,3175.27202034,3176.32005772,3173.17088981,3174.21857948,5677.21287464,567
2026-01-04T06:27:00Z,3174.21857948,3177.08498378,3173.58823109,3176.45419143,4031.02518041,403
2026-01-04T06:28:00Z,3176.45419143,3176.63033066,3176.06410998,3176.24023735,1915.63404946,191
2026-01-04T06:29:00Z,3176.24023735,3177.64294666,3175.37485587,3176.77741882,369.55320729,36
2026-01-04T06:30:00Z,3176.77741882,3179.80694535,3173.98601634,3177.01533381,905.81847135,90
2026-01-04T06:31:00Z,3177.01533381,3178.21964720,3175.24404304,3176.44814143,970.61187383,97
2026-01-04T06:32:00Z,3176.44814143,3177.54446929,3175.91239350,3177.00862683,698.38114032,69
2026-01-04T06:33:00Z,3177.00862683,3180.56876757,3174.44851638,3178.00785193,1931.65394271,193
2026-01-04T06:34:00Z,3178.00785193,3181.24682215,3176.74906572,3179.98725191,368.83252771,36
2026-01-04T06:35:00Z,3179.98725191,3181.08589078,3175.62134872,3176.71885840,5938.84920597,593
2026-01-04T06:36:00Z,3176.71885840,3177.90891371,3175.73438958,3176.92438119,1629.85094787,162
2026-01-04T06:37:00Z,3176.92438119,3178.55763393,3175.29142750,3176.92468009,714.24649396,71
2026-01-04T06:38:00Z,3176.92468009,3179.16454111,3172.66801148,3174.90644957,5803.23452232,580
2026-01-04T06:39:00Z,3174.90644957,3177.75553020,3174.36719264,3177.21588102,2728.64139156,272
2026-01-04T06:40:00Z,3177.21588102,3178.51615520,3174.91336948,3176.21323333,2824.06728202,282
2026-01-04T06:41:00Z,3176.21323333,3177.29715117,3175.80601937,3176.88985046,4668.76781619,466
2026-01-04T06:42:00Z,3176.88985046,3177.15266209,3173.28007490,3173.54260962,8215.61654695,821
2026-01-04T06:43:00Z,3173.54260962,3174.47753620,3171.65885733,3172.59350430,2047.54442195,204
2026-01-04T06:44:00Z,3172.59350430,3174.38882764,3172.14739679,3173.94253044,3142.11244773,314
2026-01-04T06:45:00Z,3173.94253044,3174.36407832,3171.67072815,3172.09203026,14075.88988184,1407
2026-01-04T06:46:00Z,3172.09203026,3174.26436443,3170.92452493,3173.09648941,3096.55718308,309
2026-01-04T06:47:00Z,3173.09648941,3174.80259103,3172.51430985,3174.22020530,1314.79779399,131
2026-01-04T06:48:00Z,3174.22020530,3176.03692702,3171.76581378,3173.58217032,526.53548908,52
2026-01-04T06:49:00Z,3173.58217032,3174.36495877,3170.75878719,3171.54107218,2067.98746687,206
2026-01-04T06:50:00Z,3171.54107218,3171.99090709,3169.17836351,3169.62792707,8216.05738738,821
2026-01-04T06:51:00Z,3169.62792707,3171.29200889,3169.36573299,3171.02969885,9259.23737436,925
2026-01-04T06:52:00Z,3171.02969885,3172.31661863,3169.96736700,3171.25421156,572.29655958,57
2026-01-04T06:53:00Z,3171.25421156,3172.80333652,3168.83553209,3170.38423208,1229.14466170,122
2026-01-04T06:54:00Z,3170.38423208,3173.86522743,3168.59926067,3172.07930168,4233.01475233,423
2026-01-04T06:55:00Z,3172.07930168,3172.90497227,3171.44351412,3172.26914666,485.12245567,48
2026-01-04T06:56:00Z,3172.26914666,3174.35533047,3168.22146517,3170.30635819,2047.90417241,204
2026-01-04T06:57:00Z,3170.30635819,3171.33656208,3169.30712984,3170.33732397,3118.26825411,311
2026-01-04T06:58:00Z,3170.33732397,3170.68654120,3169.58085623,3169.93002859,527.69894664,52
2026-01-04T06:59:00Z,3169.93002859,3173.28368445,3167.08014385,3170.43334721,2118.20987184,211
2026-01-04T07:00:00Z,3170.43334721,3172.98692812,3170.11704839,3172.67040612,2316.76785746,231
2026-01-04T07:01:00Z,3172.67040612,3175.87339929,3171.91586371,3175.11827471,5417.11388331,541
2026-01-04T07:02:00Z,3175.11827471,3178.37504877,3173.46763566,3176.72357517,2219.95624267,221
2026-01-04T07:03:00Z,3176.72357517,3176.97437512,3176.60251606,3176.85331106,2063.95644423,206
2026-01-04T07:04:00Z,3176.85331106,3177.29797471,3176.15181802,3176.59644571,704.86533133,70
2026-01-04T07:05:00Z,3176.59644571,3176.89959467,3175.12159361,3175.42463073,1295.45381652,129
2026-01-04T07:06:00Z,3175.42463073,3175.95054800,3174.01413115,3174.53990189,1353.54055040,135
2026-01-04T07:07:00Z,3174.53990189,3175.99241760,3173.45249901,3174.90488970,361.49416214,36
2026-01-04T07:08:00Z,3174.90488970,3176.29538599,3173.33866119,3174.72908048,3235.64159565,323
2026-01-04T07:09:00Z,3174.72908048,3175.64101404,3173.23481900,3174.14658523,973.60018390,97
2026-01-04T07:10:00Z,3174.14658523,3174.40378356,3172.51622802,3172.77331507,337.08977172,33
2026-01-04T07:11:00Z,3172.77331507,3175.80534926,3170.80159352,3173.83296920,3879.71337141,387
2026-01-04T07:12:00Z,3173.83296920,3176.08086394,3171.56776392,3173.81564639,226.81081277,22
2026-01-04T07:13:00Z,3173.81564639,3174.99088880,3173.71996033,3174.89517019,5709.52617946,570
2026-01-04T07:14:00Z,3174.89517019,3174.94107866,3173.13752362,3173.18340734,9231.80830794,923
2026-01-04T07:15:00Z,3173.18340734,3177.72192996,3168.99337663,3173.53143969,317.08928191,31
2026-01-04T07:16:00Z,3173.53143969,3176.22314081,3172.00104425,3174.69218562,423.10873928,42
2026-01-04T07:17:00Z,3174.69218562,3175.39950891,3171.71387960,3172.42069680,2479.00632590,247
2026-01-04T07:18:00Z,3172.42069680,3172.48650782,3169.94988169,3170.01564281,5454.82455343,545
2026-01-04T07:19:00Z,3170.01564281,3170.55822195,3169.38356078,3169.92612459,1116.38483705,111
2026-01-04T07:20:00Z,3169.92612459,3171.61992072,3168.38686924,3170.08059036,1796.58288786,179
2026-01-04T07:21:00Z,3170.08059036,3171.12525455,3168.86574505,3169.91035315,1540.10021574,154
2026-01-04T07:22:00Z,3169.91035315,3170.09681568,3167.94615460,3168.13251255,5467.78514666,546
2026-01-04T07:23:00Z,3168.13251255,3168.95591064,3166.21120972,3167.03432239,9564.29224079,956
2026-01-04T07:24:00Z,3167.03432239,3170.98046295,3164.08588369,3168.03109628,834.61243495,83
2026-01-04T07:25:00Z,3168.03109628,3168.53501814,3165.32725163,3165.83082351,10205.09925657,1020
2026-01-04T07:26:00Z,3165.83082351,3166.81878700,3165.20658162,3166.19447341,1354.25542825,135
2026-01-04T07:27:00Z,3166.19447341,3166.71080193,3165.44962369,3165.96591494,2082.73841372,208
2026-01-04T07:28:00Z,3165.96591494,3170.20079529,3164.67544707,3168.90912774,847.98659107,84
2026-01-04T07:29:00Z,3168.90912774,3170.02186068,3166.47633144,3167.58860069,9030.46353726,903
2026-01-04T07:30:00Z,3167.58860069,3173.49488364,3165.30159672,3171.20526843,2067.97979449,206
2026-01-04T07:31:00Z,3171.20526843,3173.81689185,3170.37833460,3172.98949276,3536.59744829,353
2026-01-04T07:32:00Z,3172.98949276,3174.21599184,3172.40844040,3173.63482130,926.33564047,92
2026-01-04T07:33:00Z,3173.63482130,3178.27316940,3167.30188739,3171.93775519,4560.07974560,456
2026-01-04T07:34:00Z,3171.93775519,3176.26558008,3166.21048244,3170.53639530,1432.71005103,143
2026-01-04T07:35:00Z,3170.53639530,3170.93038061,3169.25170201,3169.64557663,2505.92743981,250
2026-01-04T07:36:00Z,3169.64557663,3173.35735987,3160.03976948,3163.74464249,1980.59223997,198
2026-01-04T07:37:00Z,3163.74464249,3164.69119909,3161.35121965,3162.29734323,4773.39870022,477
2026-01-04T07:38:00Z,3162.29734323,3163.48952281,3159.60859114,3160.80020631,1158.48514158,115
2026-01-04T07:39:00Z,3160.80020631,3163.66272803,3158.92301209,3161.78494897,1020.68019450,102
2026-01-04T07:40:00Z,3161.78494897,3161.92477224,3160.86139128,3161.00117988,1392.46505964,139
2026-01-04T07:41:00Z,3161.00117988,3163.97966146,3158.77196562,3161.74991917,2386.62945135,238
2026-01-04T07:42:00Z,3161.74991917,3165.99381481,3158.54127088,3162.78411698,3902.65540025,390
2026-01-04T07:43:00Z,3162.78411698,3164.98007296,3155.84101219,3158.03366988,7113.67156807,711
2026-01-04T07:44:00Z,3158.03366988,3160.38355115,3156.85197491,3159.20141921,4893.72943967,489
2026-01-04T07:45:00Z,3159.20141921,3160.92513144,3156.95096352,3158.67438819,885.84013178,88
2026-01-04T07:46:00Z,3158.67438819,3162.46659370,3155.48122263,3159.27282317,579.68140828,57
2026-01-04T07:47:00Z,3159.27282317,3161.47058440,3155.70339146,3157.90019781,714.47766195,71
2026-01-04T07:48:00Z,3157.90019781,3160.11690685,3152.35996890,3154.57434333,7576.06964686,757
2026-01-04T07:49:00Z,3154.57434333,3157.16258850,3153.54249862,3156.13023487,2109.27612408,210
2026-01-04T07:50:00Z,3156.13023487,3162.22460598,3153.95047787,3160.04214724,14838.39681630,1483
2026-01-04T07:51:00Z,3160.04214724,3161.16856609,3155.68214685,3156.80741266,9396.63371934,939
2026-01-04T07:52:00Z,3156.80741266,3163.68983752,3155.10840115,3161.98803777,1690.88299451,169
2026-01-04T07:53:00Z,3161.98803777,3167.48298607,3159.89560956,3165.38830775,2926.74764379,292
2026-01-04T07:54:00Z,3165.38830775,3171.27842721,3160.68789118,3166.57624661,1596.24296498,159
2026-01-04T07:55:00Z,3166.57624661,3168.72708862,3163.63781362,3165.78812031,2463.42759831,246
2026-01-04T07:56:00Z,3165.78812031,3168.00882744,3159.89403266,3162.11216122,7557.00660105,755
2026-01-04T07:57:00Z,3162.11216122,3163.15835590,3160.94760253,3161.99375804,6.23968522,1
2026-01-04T07:58:00Z,3161.99375804,3164.82041435,3160.46075822,3163.28678765,1508.24825731,150
2026-01-04T07:59:00Z,3163.28678765,3166.31501209,3161.28961355,3164.31718744,1644.77846992,164
2026-01-04T08:00:00Z,3164.31718744,3167.01042998,3161.19309707,3163.88597258,1000.00105532,100
2026-01-04T08:01:00Z,3163.88597258,3164.34807948,3163.17777295,3163.63984390,2954.86300685,295
2026-01-04T08:02:00Z,3163.63984390,3167.72430889,3153.94115675,3158.01836405,3185.63991802,318
2026-01-04T08:03:00Z,3158.01836405,3161.06045921,3156.73872813,3159.78010943,1276.66093820,127
2026-01-04T08:04:00Z,3159.78010943,3161.85141952,3159.10823355,3161.17924613,4031.00267104,403
2026-01-04T08:05:00Z,3161.17924613,3163.94544114,3159.85223859,3162.61782971,1471.26483512,147
2026-01-04T08:06:00Z,3162.61782971,3163.13924017,3158.87039583,3159.39127434,2267.17134863,226
2026-01-04T08:07:00Z,3159.39127434,3162.79886684,3156.81031260,3160.21723036,4698.20652612,469
2026-01-04T08:08:00Z,3160.21723036,3163.94649330,3158.37826293,3162.10642652,4534.35974463,453
2026-01-04T08:09:00Z,3162.10642652,3163.89727932,3157.33131106,3159.12047277,3491.53922591,349
2026-01-04T08:10:00Z,3159.12047277,3161.93997752,3158.24706120,3161.06602806,3672.19530775,367
2026-01-04T08:11:00Z,3161.06602806,3161.81034706,3156.54451542,3157.28794481,1066.80872549,106
2026-01-04T08:12:00Z,3157.28794481,3162.03447917,3152.81947250,3157.56561388,2424.82063244,242
2026-01-04T08:13:00Z,3157.56561388,3161.54611375,3156.87414628,3160.85392605,4247.09797118,424
2026-01-04T08:14:00Z,3160.85392605,3169.15390490,3157.86768007,3166.16264346,2287.97752919,228
2026-01-04T08:15:00Z,3166.16264346,3167.52199483,3163.82305504,3165.18198538,2567.53182603,256
2026-01-04T08:16:00Z,3165.18198538,3170.61811492,3162.11509458,3167.54893068,922.04965405,92
2026-01-04T08:17:00Z,3167.54893068,3174.41648702,3161.86435102,3168.72978815,958.11684023,95
2026-01-04T08:18:00Z,3168.72978815,3169.22159849,3167.49461532,3167.98631027,2838.17753020,283
2026-01-04T08:19:00Z,3167.98631027,3170.96271781,3164.13207780,3167.10765983,1923.21486708,192
2026-01-04T08:20:00Z,3167.10765983,3169.62094361,3164.87463036,3167.38771668,2592.55647868,259
2026-01-04T08:21:00Z,3167.38771668,3170.52131174,3166.01536839,3169.14820068,3393.33047513,339
2026-01-04T08:22:00Z,3169.14820068,3177.08365450,3165.24325384,3173.17374747,7086.75170599,708
2026-01-04T08:23:00Z,3173.17374747,3181.10722894,3170.65019861,3178.57938111,2234.53104123,223
2026-01-04T08:24:00Z,3178.57938111,3181.53214300,3171.50080811,3174.44973373,4432.99156784,443
2026-01-04T08:25:00Z,3174.44973373,3177.28555866,3172.29202787,3175.12739218,4179.36729190,417
2026-01-04T08:26:00Z,3175.12739218,3180.21687935,3172.63612179,3177.72357193,4748.64230506,474
2026-01-04T08:27:00Z,3177.72357193,3179.85034119,3173.40027391,3175.52557210,4089.67612353,408
2026-01-04T08:28:00Z,3175.52557210,3177.42664294,3173.99384857,3175.89474134,961.13182586,96
2026-01-04T08:29:00Z,3175.89474134,3178.86056896,3174.01083047,3176.97601669,4022.79729507,402
2026-01-04T08:30:00Z,3176.97601669,3177.08847275,3172.26194271,3172.37423587,5339.82800447,533
2026-01-04T08:31:00Z,3172.37423587,3172.83540766,3172.28416401,3172.74532526,1308.54954498,130
2026-01-04T08:32:00Z,3172.74532526,3174.76813415,3172.54835195,3174.57104749,1690.47692348,169
2026-01-04T08:33:00Z,3174.57104749,3176.09271967,3170.99329493,3172.51398110,2394.41816310,239
2026-01-04T08:34:00Z,3172.51398110,3175.56832997,3165.95672264,3169.00769582,4515.71259845,451
2026-01-04T08:35:00Z,3169.00769582,3173.24448475,3166.62114183,3170.85653841,998.09203218,99
2026-01-04T08:36:00Z,3170.85653841,3171.10850546,3167.41561750,3167.66733113,786.55557089,78
2026-01-04T08:37:00Z,3167.66733113,3168.99158515,3157.91295831,3159.23368662,2475.79637950,247
2026-01-04T08:38:00Z,3159.23368662,3161.10796643,3152.37928632,3154.25060981,19263.29278892,1926
2026-01-04T08:39:00Z,3154.25060981,3156.31456189,3153.49569863,3155.55933749,2086.35115050,208
2026-01-04T08:40:00Z,3155.55933749,3158.47192999,3155.18082663,3158.09311521,1100.33690073,110
2026-01-04T08:41:00Z,3158.09311521,3158.50224347,3153.96945929,3154.37810627,5206.88110390,520
2026-01-04T08:42:00Z,3154.37810627,3156.80416754,3153.82898639,3156.25472097,5483.61227194,548
2026-01-04T08:43:00Z,3156.25472097,3156.29018900,3150.07023017,3150.10562910,8000.30197275,800
2026-01-04T08:44:00Z,3150.10562910,3150.76524764,3145.02120387,3145.67989569,15243.54792775,1524
2026-01-04T08:45:00Z,3145.67989569,3145.84612724,3143.77132777,3143.93746725,6192.54150656,619
2026-01-04T08:46:00Z,3143.93746725,3147.66136455,3134.31882659,3138.03573346,15506.48188796,1550
2026-01-04T08:47:00Z,3138.03573346,3141.88500521,3136.40380013,3140.25191936,210.24281605,21
2026-01-04T08:48:00Z,3140.25191936,3145.61300123,3135.38901178,3140.74932339,1301.55109100,130
2026-01-04T08:49:00Z,3140.74932339,3140.83958114,3138.05171580,3138.14189862,5264.10189071,526
2026-01-04T08:50:00Z,3138.14189862,3139.56384440,3137.25542228,3138.67721684,5008.83117276,500
2026-01-04T08:51:00Z,3138.67721684,3139.81051124,3134.22720195,3135.35929834,2371.81166370,237
2026-01-04T08:52:00Z,3135.35929834,3141.48112867,3128.10388685,3134.22349952,4245.85373829,424
2026-01-04T08:53:00Z,3134.22349952,3135.79055989,3130.83317398,3132.39932229,5483.20360851,548
2026-01-04T08:54:00Z,3132.39932229,3136.55400156,3128.76001741,3132.91409860,8063.81711811,806
2026-01-04T08:55:00Z,3132.91409860,3136.06176499,3131.05060858,3134.19751158,478.93156095,47
2026-01-04T08:56:00Z,3134.19751158,3140.83637454,3132.86354668,3139.50015276,3134.50026024,313
2026-01-04T08:57:00Z,3139.50015276,3139.87811302,3134.61111385,3134.98853096,7998.69940495,799
2026-01-04T08:58:00Z,3134.98853096,3137.73855562,3129.23580652,3131.98319488,5300.74517746,530
2026-01-04T08:59:00Z,3131.98319488,3134.09579359,3125.27942656,3127.38892632,1955.51342539,195
2026-01-04T09:00:00Z,3127.38892632,3130.72587006,3126.27777216,3129.61392537,1299.57467485,129
2026-01-04T09:01:00Z,3129.61392537,3130.40232036,3129.32707497,3130.11542400,1249.02463884,124
2026-01-04T09:02:00Z,3130.11542400,3130.34578517,3128.52483275,3128.75509381,4834.25474934,483
2026-01-04T09:03:00Z,3128.75509381,3133.11400703,3126.33522044,3130.69263511,3819.56371448,381
2026-01-04T09:04:00Z,3130.69263511,3133.25556517,3129.83105057,3132.39351254,1922.56947295,192
2026-01-04T09:05:00Z,3132.39351254,3134.39947145,3131.36254330,3133.36818141,1092.43689412,109
2026-01-04T09:06:00Z,3133.36818141,3152.25278210,3127.21332460,3146.07296935,1748.82915831,174
2026-01-04T09:07:00Z,3146.07296935,3152.93715551,3134.01853586,3140.87137304,3740.33254802,374
2026-01-04T09:08:00Z,3140.87137304,3152.80860999,3132.43814015,3144.36599405,5716.14623939,571
2026-01-04T09:09:00Z,3144.36599405,3146.92716949,3140.13344781,3142.69326076,1487.98527781,148
2026-01-04T09:10:00Z,3142.69326076,3146.66622930,3134.55802336,3138.52572333,1553.96398466,155
2026-01-04T09:11:00Z,3138.52572333,3142.72180387,3126.66538433,3130.85120436,3767.57711858,376
2026-01-04T09:12:00Z,3130.85120436,3142.52265227,3120.11003532,3131.77830259,262.74561923,26
2026-01-04T09:13:00Z,3131.77830259,3137.89394197,3120.17051216,3126.27540566,2090.92764405,209
2026-01-04T09:14:00Z,3126.27540566,3130.19166015,3119.63862964,3123.55147189,245.94637747,24
2026-01-04T09:15:00Z,3123.55147189,3134.78993790,3115.87180714,3127.10154482,2325.31127214,232
2026-01-04T09:16:00Z,3127.10154482,3135.13636395,3122.59545188,3130.62519351,1034.49350710,103
2026-01-04T09:17:00Z,3130.62519351,3135.25813381,3128.58363504,3133.21488654,522.19367359,52
2026-01-04T09:18:00Z,3133.21488654,3134.82862775,3127.16533720,3128.77679260,8861.18082883,886
2026-01-04T09:19:00Z,3128.77679260,3134.75583078,3126.78819031,3132.76469384,6213.62884768,621
2026-01-04T09:20:00Z,3132.76469384,3137.36923993,3130.34773367,3134.95059332,5434.87208854,543
2026-01-04T09:21:00Z,3134.95059332,3137.24499883,3127.82171364,3130.11257831,5824.84237712,582
2026-01-04T09:22:00Z,3130.11257831,3134.81042964,3124.13343038,3128.82935577,772.04655564,77
2026-01-04T09:23:00Z,3128.82935577,3133.99882013,3124.89444816,3130.06236185,2293.37819576,229
2026-01-04T09:24:00Z,3130.06236185,3135.46589023,3121.86280078,3127.26149392,4300.74998403,430
2026-01-04T09:25:00Z,3127.26149392,3127.83435955,3123.29766107,3123.86990541,4157.25711459,415
2026-01-04T09:26:00Z,3123.86990541,3129.40874789,3122.15047322,3127.68721458,2007.78489761,200
2026-01-04T09:27:00Z,3127.68721458,3133.19663807,3123.43699658,3128.94471125,1587.41273960,158
2026-01-04T09:28:00Z,3128.94471125,3132.25388853,3128.21968395,3131.52826258,1727.17770501,172
2026-01-04T09:29:00Z,3131.52826258,3133.06120299,3129.76932876,3131.30215849,776.31499547,77
2026-01-04T09:30:00Z,3131.30215849,3133.32556992,3129.84107975,3131.86422892,829.42544481,82
2026-01-04T09:31:00Z,3131.86422892,3133.68160692,3129.96085833,3131.77818641,1406.05094576,140
2026-01-04T09:32:00Z,3131.77818641,3134.33789493,3125.88132376,3128.43830248,1531.00564969,153
2026-01-04T09:33:00Z,3128.43830248,3134.55681758,3128.00272610,3134.12045007,8163.11557914,816
2026-01-04T09:34:00Z,3134.12045007,3134.60453224,3132.90927825,3133.39324811,2372.31605066,237
2026-01-04T09:35:00Z,3133.39324811,3134.73574505,3132.07107074,3133.41355911,974.85036801,97
2026-01-04T09:36:00Z,3133.41355911,3137.42590107,3125.55377398,3129.56118296,956.46868230,95
2026-01-04T09:37:00Z,3129.56118296,3132.57470579,3127.55109184,3130.56397059,2117.81904989,211
2026-01-04T09:38:00Z,3130.56397059,3134.75816313,3126.98715864,3131.18064660,3654.13708700,365
2026-01-04T09:39:00Z,3131.18064660,3132.06774937,3126.31189881,3127.19787321,2791.68268572,279
2026-01-04T09:40:00Z,3127.19787321,3130.36717149,3127.02277041,3130.19190104,4123.74049001,412
2026-01-04T09:41:00Z,3130.19190104,3133.44659669,3129.21900270,3132.47298936,364.05130550,36
2026-01-04T09:42:00Z,3132.47298936,3133.64108565,3131.84718179,3133.01516976,4496.14132168,449
2026-01-04T09:43:00Z,3133.01516976,3133.27173398,3130.63842940,3130.89481998,3531.84237385,353
2026-01-04T09:44:00Z,3130.89481998,3131.52004465,3129.89286664,3130.51801607,4663.10709833,466
2026-01-04T09:45:00Z,3130.51801607,3133.74959574,3124.15700769,3127.38535357,4086.16617568,408
2026-01-04T09:46:00Z,3127.38535357,3130.75923513,3120.38762848,3123.75759635,1547.67338519,154
2026-01-04T09:47:00Z,3123.75759635,3125.65739030,3120.78596209,3122.68510377,820.87995357,82
2026-01-04T09:48:00Z,3122.68510377,3124.70830649,3118.29300118,3120.31466808,2686.02542669,268
2026-01-04T09:49:00Z,3120.31466808,3121.08932728,3118.09978132,3118.87408287,1270.53684837,127
2026-01-04T09:50:00Z,3118.87408287,3122.47556317,3117.97929703,3121.58000101,1829.25251403,182
2026-01-04T09:51:00Z,3121.58000101,3122.14958661,3115.88979915,3116.45845023,1586.64346052,158
2026-01-04T09:52:00Z,3116.45845023,3122.52890341,3114.98723551,3121.05551850,3302.29081357,330
2026-01-04T09:53:00Z,3121.05551850,3122.18195336,3119.14338877,3120.26953995,1790.59992158,179
2026-01-04T09:54:00Z,3120.26953995,3124.66005792,3117.46733259,3121.85642542,1051.50222513,105
2026-01-04T09:55:00Z,3121.85642542,3122.29821285,3119.52718504,3119.96870533,3283.07071996,328
2026-01-04T09:56:00Z,3119.96870533,3124.08660273,3119.40210394,3123.51935653,6621.04448725,662
2026-01-04T09:57:00Z,3123.51935653,3125.72702032,3120.38411411,3122.59112184,1995.90655879,199
2026-01-04T09:58:00Z,3122.59112184,3124.32917922,3118.26624257,3120.00285931,5261.58295836,526
2026-01-04T09:59:00Z,3120.00285931,3122.78771945,3115.03394919,3117.81685814,2275.45401681,227
2026-01-04T10:00:00Z,3117.81685814,3119.16687194,3115.19401268,3116.54347511,1237.53154987,123
2026-01-04T10:01:00Z,3116.54347511,3118.02012954,3116.24486822,3117.72140980,3036.53770542,303
2026-01-04T10:02:00Z,3117.72140980,3119.32537557,3114.31941754,3115.92245781,4361.99493272,436
2026-01-04T10:03:00Z,3115.92245781,3116.26397367,3115.65149516,3115.99300489,779.14045091,77
2026-01-04T10:04:00Z,3115.99300489,3120.20220662,3109.58079816,3113.78701997,1544.41440760,154
2026-01-04T10:05:00Z,3113.78701997,3118.09063343,3111.40674572,3115.70889005,2654.58151309,265
2026-01-04T10:06:00Z,3115.70889005,3116.95037267,3111.03342101,3112.27353478,14943.26814132,1494
2026-01-04T10:07:00Z,3112.27353478,3118.01039682,3110.23207976,3115.96651944,3347.82059982,334
2026-01-04T10:08:00Z,3115.96651944,3118.94663861,3114.09999135,3117.07944385,4236.20971863,423
2026-01-04T10:09:00Z,3117.07944385,3118.00427575,3115.16742617,3116.09196508,270.54957891,27
2026-01-04T10:10:00Z,3116.09196508,3117.67126747,3115.74969665,3117.32886318,689.01707111,68
2026-01-04T10:11:00Z,3117.32886318,3117.59567420,3115.78583083,3116.05253261,3386.43406713,338
2026-01-04T10:12:00Z,3116.05253261,3121.72900799,3113.07825876,3118.75215734,3517.84623458,351
2026-01-04T10:13:00Z,3118.75215734,3120.19200257,3117.80748386,3119.24717914,1354.56360737,135
2026-01-04T10:14:00Z,3119.24717914,3120.49041475,3118.67008924,3119.91320164,4644.49634858,464
2026-01-04T10:15:00Z,3119.91320164,3120.65112895,3119.83705250,3120.57496365,1039.02691469,103
2026-01-04T10:16:00Z,3120.57496365,3126.55504312,3118.27348699,3124.25085542,3591.58002823,359
2026-01-04T10:17:00Z,3124.25085542,3127.73320375,3122.31171589,3125.79310699,5313.94252640,531
2026-01-04T10:18:00Z,3125.79310699,3125.95721289,3125.65533096,3125.81943570,282.98801595,28
2026-01-04T10:19:00Z,3125.81943570,3131.63157040,3125.21942923,3131.03056363,9145.72776931,914
2026-01-04T10:20:00Z,3131.03056363,3134.14304215,3128.32246652,3131.43459557,1995.39476890,199
2026-01-04T10:21:00Z,3131.43459557,3132.21139079,3129.21880068,3129.99523884,2821.57153511,282
2026-01-04T10:22:00Z,3129.99523884,3133.66521818,3128.87414913,3132.54321583,3158.78034237,315
2026-01-04T10:23:00Z,3132.54321583,3134.70650621,3130.13368053,3132.29680073,893.00753954,89
2026-01-04T10:24:00Z,3132.29680073,3133.21003605,3130.41035668,3131.32330817,4607.31417669,460
2026-01-04T10:25:00Z,3131.32330817,3131.63603460,3129.68389876,3129.99649267,1245.59313090,124
2026-01-04T10:26:00Z,3129.99649267,3132.26161619,3129.67212380,3131.93704621,3093.91606468,309
2026-01-04T10:27:00Z,3131.93704621,3135.27403514,3130.48886811,3133.82498408,392.68684413,39
2026-01-04T10:28:00Z,3133.82498408,3135.41102907,3132.48611933,3134.07205877,1245.16752421,124
2026-01-04T10:29:00Z,3134.07205877,3137.64514059,3132.89720800,3136.46939114,1825.98397366,182
2026-01-04T10:30:00Z,3136.46939114,3137.18649362,3136.37099117,3137.08807424,1421.71641122,142
2026-01-04T10:31:00Z,3137.08807424,3139.05676579,3136.52281543,3138.49125415,791.86655669,79
2026-01-04T10:32:00Z,3138.49125415,3139.13420386,3138.24320236,3138.88612087,914.46558575,91
2026-01-04T10:33:00Z,3138.88612087,3139.97892508,3137.32561000,3138.41825133,4264.14779030,426
2026-01-04T10:34:00Z,3138.41825133,3139.14340850,3137.41975351,3138.14484751,855.02170599,85
2026-01-04T10:35:00Z,3138.14484751,3139.87249570,3136.78250082,3138.50999050,2510.59548876,251
2026-01-04T10:36:00Z,3138.50999050,3141.90064253,3138.24798756,3141.63837844,4472.01343160,447
2026-01-04T10:37:00Z,3141.63837844,3143.39974173,3140.95697040,3142.71809950,534.78890616,53
2026-01-04T10:38:00Z,3142.71809950,3144.51797430,3141.55512501,3143.35476420,1447.53546109,144
2026-01-04T10:39:00Z,3143.35476420,3144.65717942,3142.74224927,3144.04453009,2426.10410422,242
2026-01-04T10:40:00Z,3144.04453009,3144.64766634,3143.98504246,3144.58816843,1843.48023819,184
2026-01-04T10:41:00Z,3144.58816843,3145.56268519,3144.29652612,3145.27097955,4907.62447177,490
2026-01-04T10:42:00Z,3145.27097955,3146.23704161,3144.99215803,3145.95815917,6610.18228369,661
2026-01-04T10:43:00Z,3145.95815917,3146.03146266,3142.79257611,3142.86580754,1538.13111206,153
2026-01-04T10:44:00Z,3142.86580754,3143.73169514,3139.91737221,3140.78268589,2190.10422083,219
2026-01-04T10:45:00Z,3140.78268589,3141.05837343,3140.12268191,3140.39833571,1169.61100373,116
2026-01-04T10:46:00Z,3140.39833571,3141.69235464,3138.95242765,3140.24638397,646.27402218,64
2026-01-04T10:47:00Z,3140.24638397,3142.64305510,3139.40560169,3141.80185636,1070.08627475,107
2026-01-04T10:48:00Z,3141.80185636,3142.35713067,3140.43388725,3140.98901790,2975.20767538,297
2026-01-04T10:49:00Z,3140.98901790,3141.72820365,3140.89281092,3141.63197697,1157.66703521,115
2026-01-04T10:50:00Z,3141.63197697,3142.19962356,3140.71579716,3141.28338076,953.83187319,95
2026-01-04T10:51:00Z,3141.28338076,3141.94860341,3140.40353545,3141.06871264,5370.05006297,537
2026-01-04T10:52:00Z,3141.06871264,3143.14896089,3139.50444930,3141.58444071,3982.78746525,398
2026-01-04T10:53:00Z,3141.58444071,3143.78059346,3139.77658758,3141.97251700,691.89840778,69
2026-01-04T10:54:00Z,3141.97251700,3142.63141794,3140.24058489,3140.89926076,2682.90732422,268
2026-01-04T10:55:00Z,3140.89926076,3143.30033189,3138.27175828,3140.67265618,1744.64815914,174
2026-01-04T10:56:00Z,3140.67265618,3143.18088817,3140.03223852,3142.54008972,3496.48474604,349
2026-01-04T10:57:00Z,3142.54008972,3147.83199299,3141.15175536,3146.44193484,1926.29383172,192
2026-01-04T10:58:00Z,3146.44193484,3149.30295974,3144.14725251,3147.00786468,3788.32355155,378
2026-01-04T10:59:00Z,3147.00786468,3150.42246598,3145.01674235,3148.43044359,2648.75343130,264
2026-01-04T11:00:00Z,3148.43044359,3149.86709979,3147.86888764,3149.30538779,3131.03764600,313
2026-01-04T11:01:00Z,3149.30538779,3150.93933803,3148.27224940,3149.90600261,1714.50985638,171
2026-01-04T11:02:00Z,3149.90600261,3150.27454974,3148.43367208,3148.80209004,6185.94311956,618
2026-01-04T11:03:00Z,3148.80209004,3149.53341065,3147.18913182,3147.92024761,2725.55618917,272
2026-01-04T11:04:00Z,3147.92024761,3149.25719073,3146.88792684,3148.22477010,1845.17788769,184
2026-01-04T11:05:00Z,3148.22477010,3152.08653838,3148.09005897,3151.95166778,6487.17867409,648
2026-01-04T11:06:00Z,3151.95166778,3155.30666118,3151.54703190,3154.90164660,3254.05536359,325
2026-01-04T11:07:00Z,3154.90164660,3156.61099286,3153.62700091,3155.33617161,2267.69504841,226
2026-01-04T11:08:00Z,3155.33617161,3157.24677590,3155.30155531,3157.21213901,3571.65804974,357
2026-01-04T11:09:00Z,3157.21213901,3157.86632810,3155.25972048,3155.91364051,614.95701371,61
2026-01-04T11:10:00Z,3155.91364051,3156.39254521,3153.38706669,3153.86566061,1284.29293982,128
2026-01-04T11:11:00Z,3153.86566061,3155.20684365,3153.21659234,3154.55763298,1197.77903751,119
2026-01-04T11:12:00Z,3154.55763298,3156.52179227,3153.04982649,3155.01376776,386.30404935,38
2026-01-04T11:13:00Z,3155.01376776,3155.91997666,3153.33713414,3154.24312169,223.41218176,22
2026-01-04T11:14:00Z,3154.24312169,3157.05575008,3152.39892352,3155.21098603,718.27805782,71
2026-01-04T11:15:00Z,3155.21098603,3158.71022316,3153.07479924,3156.57311416,383.45553566,38
2026-01-04T11:16:00Z,3156.57311416,3156.89075578,3155.67111005,3155.98869286,707.96053644,70
2026-01-04T11:17:00Z,3155.98869286,3157.09500278,3152.43993290,3153.54538634,3449.15189758,344
2026-01-04T11:18:00Z,3153.54538634,3155.14306232,3152.32969045,3153.92721923,1001.82721471,100
2026-01-04T11:19:00Z,3153.92721923,3158.38192071,3151.28892994,3155.74211325,1933.32998446,193
2026-01-04T11:20:00Z,3155.74211325,3158.20906698,3155.54325630,3158.01006712,7481.82420112,748
2026-01-04T11:21:00Z,3158.01006712,3159.47415667,3157.39270684,3158.85663090,2871.05478080,287
2026-01-04T11:22:00Z,3158.85663090,3160.91840812,3158.15092955,3160.21240389,1967.26694948,196
2026-01-04T11:23:00Z,3160.21240389,3160.92326461,3159.00515226,3159.71590130,2433.39337113,243
2026-01-04T11:24:00Z,3159.71590130,3160.65588169,3157.41303897,3158.35261380,5816.71614970,581
2026-01-04T11:25:00Z,3158.35261380,3159.04888437,3157.62501682,3158.32128049,2065.16551767,206
2026-01-04T11:26:00Z,3158.32128049,3158.77826268,3155.22519849,3155.68179878,3128.56143966,312
2026-01-04T11:27:00Z,3155.68179878,3157.05378977,3154.71033181,3156.08219954,754.99085885,75
2026-01-04T11:28:00Z,3156.08219954,3157.38551552,3155.41353490,3156.71671644,1913.17109210,191
2026-01-04T11:29:00Z,3156.71671644,3157.29990088,3153.08310572,3153.66572650,5038.76078810,503
2026-01-04T11:30:00Z,3153.66572650,3155.39106458,3153.47620884,3155.20145463,5328.51627645,532
2026-01-04T11:31:00Z,3155.20145463,3159.98786473,3153.14451654,3157.92914841,914.44945227,91
2026-01-04T11:32:00Z,3157.92914841,3164.25866892,3155.75375071,3162.08041156,2054.55244491,205
2026-01-04T11:33:00Z,3162.08041156,3163.35671616,3161.59115217,3162.86733502,3403.15800302,340
2026-01-04T11:34:00Z,3162.86733502,3163.25807005,3162.41872284,3162.80945073,321.53604555,32
2026-01-04T11:35:00Z,3162.80945073,3164.34673284,3158.17161105,3159.70738541,6589.53061611,658
2026-01-04T11:36:00Z,3159.70738541,3161.31559868,3155.30342027,3156.91020986,4641.29482059,464
2026-01-04T11:37:00Z,3156.91020986,3159.45249820,3151.28005560,3153.81985526,2639.73705854,263
2026-01-04T11:38:00Z,3153.81985526,3157.10811292,3151.46300426,3154.75056639,1996.76120184,199
2026-01-04T11:39:00Z,3154.75056639,3155.32334253,3154.70887525,3155.28164436,144.48453267,14
2026-01-04T11:40:00Z,3155.28164436,3157.14529120,3150.86622905,3152.72836781,6950.42855292,695
2026-01-04T11:41:00Z,3152.72836781,3153.23035187,3148.75311822,3149.25454917,933.57603303,93
2026-01-04T11:42:00Z,3149.25454917,3153.08120992,3148.07033494,3151.89600242,2897.12390177,289
2026-01-04T11:43:00Z,3151.89600242,3153.75639194,3147.83260798,3149.69169642,7028.43306485,702
2026-01-04T11:44:00Z,3149.69169642,3152.20906554,3147.57085728,3150.08795958,778.66512310,77
2026-01-04T11:45:00Z,3150.08795958,3150.12552431,3149.07743481,3149.11498793,5653.31141247,565
2026-01-04T11:46:00Z,3149.11498793,3152.23537501,3142.19328152,3145.30989822,2338.96879603,233
2026-01-04T11:47:00Z,3145.30989822,3149.50984835,3142.40277713,3146.60153344,2514.19586212,251
2026-01-04T11:48:00Z,3146.60153344,3149.18663859,3144.88344988,3147.46808188,3800.00203386,380
2026-01-04T11:49:00Z,3147.46808188,3151.84974470,3145.45354305,3149.83369177,2566.54061935,256
2026-01-04T11:50:00Z,3149.83369177,3154.66845876,3148.35869741,3153.19189184,1657.98231518,165
2026-01-04T11:51:00Z,3153.19189184,3156.26913863,3148.13092008,3151.20622902,3107.68640789,310
2026-01-04T11:52:00Z,3151.20622902,3151.44865963,3150.94374697,3151.18617603,1158.41711162,115
2026-01-04T11:53:00Z,3151.18617603,3152.92555579,3146.82474733,3148.56267899,9825.99386263,982
2026-01-04T11:54:00Z,3148.56267899,3148.94583559,3146.86436171,3147.24735825,3246.59548033,324
2026-01-04T11:55:00Z,3147.24735825,3149.79674855,3143.21710849,3145.76529826,764.50456878,76
2026-01-04T11:56:00Z,3145.76529826,3147.94275314,3145.67996446,3147.85736259,4924.22929646,492
2026-01-04T11:57:00Z,3147.85736259,3148.94425541,3146.26925698,3147.35597668,1023.95981011,102
2026-01-04T11:58:00Z,3147.35597668,3151.35922945,3143.96999223,3147.97258163,1872.37936620,187
2026-01-04T11:59:00Z,3147.97258163,3151.61415904,3144.48552576,3148.12693219,1086.85112431,108
2026-01-04T12:00:00Z,3148.12693219,3153.58773910,3147.96634079,3153.42687734,563.76064188,56
2026-01-04T12:01:00Z,3153.42687734,3155.33915654,3150.45333090,3152.36496615,1276.70213441,127
2026-01-04T12:02:00Z,3152.36496615,3153.07415692,3151.09059376,3151.79965735,5562.29231555,556
2026-01-04T12:03:00Z,3151.79965735,3152.45917105,3147.56219725,3148.22096211,9115.01210630,911
2026-01-04T12:04:00Z,3148.22096211,3153.82896446,3145.38157355,3150.98708114,10218.23951563,1021
2026-01-04T12:05:00Z,3150.98708114,3156.60590949,3148.73634719,3154.35277145,4111.58065403,411
2026-01-04T12:06:00Z,3154.35277145,3158.10191471,3150.83763178,3154.58651456,214.38747492,21
2026-01-04T12:07:00Z,3154.58651456,3155.70004848,3148.30086861,3149.41257619,1272.33980011,127
2026-01-04T12:08:00Z,3149.41257619,3151.52876183,3148.25863861,3150.37447182,1726.31380647,172
2026-01-04T12:09:00Z,3150.37447182,3157.65208288,3147.05354308,3154.32698764,7995.84002321,799
2026-01-04T12:10:00Z,3154.32698764,3154.55235879,3152.25223991,3152.47747891,3371.74515669,337
2026-01-04T12:11:00Z,3152.47747891,3153.09479404,3151.33409011,3151.95130220,911.19426272,91
2026-01-04T12:12:00Z,3151.95130220,3156.16715076,3149.15904372,3153.37363226,992.13667437,99
2026-01-04T12:13:00Z,3153.37363226,3155.54512952,3152.14271187,3154.31384212,3502.24465114,350
2026-01-04T12:14:00Z,3154.31384212,3155.21599927,3153.63404362,3154.53615286,1169.19507361,116
2026-01-04T12:15:00Z,3154.53615286,3158.16152058,3154.47137393,3158.09666853,14899.38394057,1489
2026-01-04T12:16:00Z,3158.09666853,3161.10678639,3154.06068912,3157.06982825,421.54616620,42
2026-01-04T12:17:00Z,3157.06982825,3158.88078236,3156.55646545,3158.36720859,4807.68744085,480
2026-01-04T12:18:00Z,3158.36720859,3159.70630307,3155.46692566,3156.80535794,1131.66851496,113
2026-01-04T12:19:00Z,3156.80535794,3158.11814310,3152.85376701,3154.16545434,1051.16342438,105
2026-01-04T12:20:00Z,3154.16545434,3158.73129580,3153.42936938,3157.99431730,14077.10951981,1407
2026-01-04T12:21:00Z,3157.99431730,3161.99290622,3156.11862144,3160.11595021,2113.05761250,211
2026-01-04T12:22:00Z,3160.11595021,3162.31212744,3159.96046812,3162.15654495,1381.14956002,138
2026-01-04T12:23:00Z,3162.15654495,3162.57066496,3161.39298083,3161.80705507,1513.78788298,151
2026-01-04T12:24:00Z,3161.80705507,3166.13798228,3157.11688712,3161.44732158,3332.37648207,333
2026-01-04T12:25:00Z,3161.44732158,3162.80649577,3159.78542266,3161.14446665,3189.56872540,318
2026-01-04T12:26:00Z,3161.14446665,3162.59758880,3157.14852470,3158.60047743,10412.06417202,1041
2026-01-04T12:27:00Z,3158.60047743,3161.11231106,3156.95728695,3159.46866893,3113.84267369,311
2026-01-04T12:28:00Z,3159.46866893,3160.84013762,3158.85738880,3160.22871045,509.24210354,50
2026-01-04T12:29:00Z,3160.22871045,3166.41141243,3159.57604279,3165.75760291,10311.41040902,1031
2026-01-04T12:30:00Z,3165.75760291,3167.83657916,3159.47549106,3161.55170527,8125.85799422,812
2026-01-04T12:31:00Z,3161.55170527,3164.47974610,3160.39479076,3163.32218372,7771.72276750,777
2026-01-04T12:32:00Z,3163.32218372,3165.60472694,3162.02044344,3164.30258321,2685.56013589,268
2026-01-04T12:33:00Z,3164.30258321,3165.12838255,3161.66544228,3162.49076879,4193.62817838,419
2026-01-04T12:34:00Z,3162.49076879,3167.49319470,3157.99972617,3163.00142689,1506.68123998,150
2026-01-04T12:35:00Z,3163.00142689,3163.65966843,3161.74271771,3162.40083426,1725.08988939,172
2026-01-04T12:36:00Z,3162.40083426,3166.70445442,3157.52227946,3161.82511614,3213.93888380,321
2026-01-04T12:37:00Z,3161.82511614,3162.45285724,3160.77132083,3161.39897733,3121.78128728,312
2026-01-04T12:38:00Z,3161.39897733,3164.51100194,3160.77409039,3163.88562348,2252.61198681,225
2026-01-04T12:39:00Z,3163.88562348,3166.66505225,3162.47420970,3165.25302847,4470.42351963,447
2026-01-04T12:40:00Z,3165.25302847,3168.35078824,3163.92119909,3167.01821612,3491.04009551,349
2026-01-04T12:41:00Z,3167.01821612,3167.91156131,3166.88837510,3167.78168899,1275.67292664,127
2026-01-04T12:42:00Z,3167.78168899,3168.95067657,3165.34314496,3166.51166388,2424.69893474,242
2026-01-04T12:43:00Z,3166.51166388,3172.22300911,3164.82497842,3170.53418100,3461.21924990,346
2026-01-04T12:44:00Z,3170.53418100,3174.98033925,3165.71768588,3170.16332406,4001.95173657,400
2026-01-04T12:45:00Z,3170.16332406,3172.68554882,3164.77787606,3167.29782099,11841.26960774,1184
2026-01-04T12:46:00Z,3167.29782099,3175.20894909,3165.37621640,3173.28371286,13990.89381601,1399
2026-01-04T12:47:00Z,3173.28371286,3176.94803847,3171.20343761,3174.86672546,3583.86085723,358
2026-01-04T12:48:00Z,3174.86672546,3176.93503551,3172.02724514,3174.09505247,442.52858794,44
2026-01-04T12:49:00Z,3174.09505247,3178.03139523,3167.06330707,3170.99580631,5809.22045582,580
2026-01-04T12:50:00Z,3170.99580631,3173.67040806,3167.22011239,3169.89378463,562.19588619,56
2026-01-04T12:51:00Z,3169.89378463,3171.26852865,3169.51224871,3170.88687321,2266.01387082,226
2026-01-04T12:52:00Z,3170.88687321,3171.24777765,3168.52797855,3168.88865556,707.83516633,70
2026-01-04T12:53:00Z,3168.88865556,3170.01543215,3167.28927669,3168.41588518,2506.35067490,250
2026-01-04T12:54:00Z,3168.41588518,3171.91302032,3168.36699803,3171.86407997,3951.55543722,395
2026-01-04T12:55:00Z,3171.86407997,3174.19421291,3169.75360668,3172.08359356,644.16662193,64
2026-01-04T12:56:00Z,3172.08359356,3177.44632353,3167.98202520,3173.34312657,1159.09633488,115
2026-01-04T12:57:00Z,3173.34312657,3174.51732751,3172.68574513,3173.85983902,2319.84825099,231
2026-01-04T12:58:00Z,3173.85983902,3174.84007171,3169.21694282,3170.19604397,5312.61344686,531
2026-01-04T12:59:00Z,3170.19604397,3170.28344684,3168.99440161,3169.08177377,1072.67405723,107
2026-01-04T13:00:00Z,3169.08177377,3169.67903166,3167.79325782,3168.39038541,2774.10448349,277
2026-01-04T13:01:00Z,3168.39038541,3170.29156200,3164.79631871,3166.69647888,1335.47924307,133
2026-01-04T13:02:00Z,3166.69647888,3166.81737728,3166.50775501,3166.62865083,3702.20104105,370
2026-01-04T13:03:00Z,3166.62865083,3167.21605116,3165.41059140,3165.99787473,452.44215593,45
2026-01-04T13:04:00Z,3165.99787473,3168.11118343,3163.08606642,3165.19884177,1382.48741135,138
2026-01-04T13:05:00Z,3165.19884177,3165.84127483,3163.35887384,3164.00106379,2991.26092157,299
2026-01-04T13:06:00Z,3164.00106379,3164.59605246,3162.49266420,3163.08748107,2113.95235754,211
2026-01-04T13:07:00Z,3163.08748107,3164.63809033,3160.51448467,3162.06459249,1656.76059671,165
2026-01-04T13:08:00Z,3162.06459249,3163.09174243,3160.37199632,3161.39893002,1650.92752011,165
2026-01-04T13:09:00Z,3161.39893002,3164.17569524,3158.56442145,3161.34113590,369.11282346,36
2026-01-04T13:10:00Z,3161.34113590,3161.93423683,3160.80650634,3161.39959738,2332.82646552,233
2026-01-04T13:11:00Z,3161.39959738,3161.46787014,3159.01651258,3159.08473534,4062.20621602,406
2026-01-04T13:12:00Z,3159.08473534,3161.62768441,3155.64174412,3158.18396810,778.01978828,77
2026-01-04T13:13:00Z,3158.18396810,3159.10845073,3155.19188785,3156.11576506,5076.90863543,507
2026-01-04T13:14:00Z,3156.11576506,3157.04658027,3155.32046244,3156.25124351,304.65862796,30
2026-01-04T13:15:00Z,3156.25124351,3157.14582650,3155.81254873,3156.70706837,2314.39589231,231
2026-01-04T13:16:00Z,3156.70706837,3157.08048857,3155.98280540,3156.35618410,1550.22051727,155
2026-01-04T13:17:00Z,3156.35618410,3160.19336756,3153.55305266,3157.38931861,1967.74706096,196
2026-01-04T13:18:00Z,3157.38931861,3158.55690693,3154.64842916,3155.81543546,4518.90827551,451
2026-01-04T13:19:00Z,3155.81543546,3156.09834288,3153.35278660,3153.63549860,12417.92940784,1241
2026-01-04T13:20:00Z,3153.63549860,3155.60171703,3151.64448561,3153.61068858,807.24610321,80
2026-01-04T13:21:00Z,3153.61068858,3156.23500333,3152.63316229,3155.25696675,2027.95538776,202
2026-01-04T13:22:00Z,3155.25696675,3156.42824917,3153.30240968,3154.47340123,3689.86263057,368
2026-01-04T13:23:00Z,3154.47340123,3154.84944298,3154.41620776,3154.79224372,3369.71031941,336
2026-01-04T13:24:00Z,3154.79224372,3157.87012477,3152.86945010,3155.94662757,466.32385539,46
2026-01-04T13:25:00Z,3155.94662757,3156.99278829,3155.56961517,3156.61569595,1157.31542827,115
2026-01-04T13:26:00Z,3156.61569595,3158.75636692,3156.43436171,3158.57492012,2945.82268695,294
2026-01-04T13:27:00Z,3158.57492012,3159.47707112,3155.20342548,3156.10487098,3089.20846800,308
2026-01-04T13:28:00Z,3156.10487098,3156.58628481,3152.29275786,3152.77366357,3682.41438918,368
2026-01-04T13:29:00Z,3152.77366357,3153.71246650,3148.56030759,3149.49813517,1478.60329598,147
2026-01-04T13:30:00Z,3149.49813517,3151.35863420,3149.43089462,3151.29135536,2446.60518812,244
2026-01-04T13:31:00Z,3151.29135536,3152.53972248,3150.96868043,3152.21695277,2286.60946017,228
2026-01-04T13:32:00Z,3152.21695277,3152.72665907,3149.61446714,3150.12383499,1109.85843555,110
2026-01-04T13:33:00Z,3150.12383499,3156.71746084,3149.62477171,3156.21743218,1324.83479355,132
2026-01-04T13:34:00Z,3156.21743218,3161.01195253,3155.04322259,3159.83639658,2867.61237630,286
2026-01-04T13:35:00Z,3159.83639658,3160.91420172,3159.68257647,3160.76033664,1525.11991408,152
2026-01-04T13:36:00Z,3160.76033664,3164.92544417,3160.28968863,3164.45424612,18580.44363357,1858
2026-01-04T13:37:00Z,3164.45424612,3167.86607095,3162.09649234,3165.50753239,2368.36683271,236
2026-01-04T13:38:00Z,3165.50753239,3171.61442870,3157.25881014,3163.36156646,4918.68025556,491
2026-01-04T13:39:00Z,3163.36156646,3165.04752129,3162.27308653,3163.95883585,6333.78970355,633
2026-01-04T13:40:00Z,3163.95883585,3165.10832358,3163.03269902,3164.18212139,1087.06323954,108
2026-01-04T13:41:00Z,3164.18212139,3173.74496487,3161.48325018,3171.04024407,3699.42489519,369
2026-01-04T13:42:00Z,3171.04024407,3174.47851195,3168.29119270,3171.72886360,3627.54975415,362
2026-01-04T13:43:00Z,3171.72886360,3172.25318874,3170.83059926,3171.35486258,1303.53444054,130
2026-01-04T13:44:00Z,3171.35486258,3172.78306692,3170.69858985,3172.12663448,1384.16790783,138
2026-01-04T13:45:00Z,3172.12663448,3172.87508479,3167.31609023,3168.06358187,4375.34537385,437
2026-01-04T13:46:00Z,3168.06358187,3172.76145024,3166.86710961,3171.56365611,2792.07418346,279
2026-01-04T13:47:00Z,3171.56365611,3173.48546806,3169.90575399,3171.82742805,1612.64144518,161
2026-01-04T13:48:00Z,3171.82742805,3174.68475025,3169.99391625,3172.85064696,385.91212009,38
2026-01-04T13:49:00Z,3172.85064696,3181.15175955,3170.46248322,3178.75914855,3904.11028128,390
2026-01-04T13:50:00Z,3178.75914855,3181.53606301,3173.50236992,3176.27711613,2394.82509705,239
2026-01-04T13:51:00Z,3176.27711613,3177.17182728,3173.75289329,3174.64714530,876.47566235,87
2026-01-04T13:52:00Z,3174.64714530,3175.34605781,3174.54780980,3175.24670356,5766.66862127,576
2026-01-04T13:53:00Z,3175.24670356,3177.06493249,3172.68278493,3174.50058662,3777.54093082,377
2026-01-04T13:54:00Z,3174.50058662,3178.38743698,3172.11777966,3176.00350192,3495.28975265,349
2026-01-04T13:55:00Z,3176.00350192,3176.90355977,3173.97935021,3174.87908942,4121.05741548,412
2026-01-04T13:56:00Z,3174.87908942,3177.17279973,3173.36696471,3175.66030294,4459.63026841,445
2026-01-04T13:57:00Z,3175.66030294,3177.78885049,3172.24939960,3174.37708705,2207.27664546,220
2026-01-04T13:58:00Z,3174.37708705,3174.42211380,3168.53259523,3168.57753972,11468.66625091,1146
2026-01-04T13:59:00Z,3168.57753972,3174.91574888,3167.12241439,3173.45838209,2796.68320419,279
2026-01-04T14:00:00Z,3173.45838209,3176.55572488,3171.53210849,3174.62874089,1408.09700405,140
2026-01-04T14:01:00Z,3174.62874089,3179.02635199,3172.79915522,3177.19528718,2136.92174962,213
2026-01-04T14:02:00Z,3177.19528718,3187.46519770,3173.48385398,3183.74611217,3290.59303112,329
2026-01-04T14:03:00Z,3183.74611217,3183.76423867,3181.52313656,3181.54125051,2715.32142790,271
2026-01-04T14:04:00Z,3181.54125051,3183.39827181,3177.85220046,3179.70815180,1146.55160103,114
2026-01-04T14:05:00Z,3179.70815180,3182.17450954,3179.19509469,3181.66113731,2122.02182952,212
2026-01-04T14:06:00Z,3181.66113731,3186.50757357,3179.57757279,3184.42220092,1878.21311788,187
2026-01-04T14:07:00Z,3184.42220092,3184.79292029,3183.45989906,3183.83054955,1829.67629220,182
2026-01-04T14:08:00Z,3183.83054955,3186.12662185,3182.03823513,3184.33402400,858.78066668,85
2026-01-04T14:09:00Z,3184.33402400,3187.95452473,3182.13305422,3185.75257447,2667.48658220,266
2026-01-04T14:10:00Z,3185.75257447,3186.34442790,3180.83502483,3181.42607448,1133.49156326,113
2026-01-04T14:11:00Z,3181.42607448,3182.67318161,3178.34873463,3179.59512403,2150.83985972,215
2026-01-04T14:12:00Z,3179.59512403,3182.67881200,3179.07501659,3182.15828529,3677.64439060,367
2026-01-04T14:13:00Z,3182.15828529,3184.93345195,3180.85116650,3183.62573039,1284.04346146,128
2026-01-04T14:14:00Z,3183.62573039,3187.67494686,3175.90838167,3179.95292674,1583.70041121,158
2026-01-04T14:15:00Z,3179.95292674,3183.28368523,3173.73063251,3177.05835916,4622.84213440,462
2026-01-04T14:16:00Z,3177.05835916,3177.71636995,3173.69072320,3174.34817268,6625.08901904,662
2026-01-04T14:17:00Z,3174.34817268,3175.30862305,3171.40080600,3172.36065502,2067.36555471,206
2026-01-04T14:18:00Z,3172.36065502,3173.60666306,3168.88218549,3170.12731634,6010.61854931,601
2026-01-04T14:19:00Z,3170.12731634,3170.69539630,3168.20122942,3168.76906599,3473.37357130,347
2026-01-04T14:20:00Z,3168.76906599,3170.87558429,3163.93886429,3166.04357075,2904.21805078,290
2026-01-04T14:21:00Z,3166.04357075,3168.27161012,3163.17090102,3165.39848643,8880.61564975,888
2026-01-04T14:22:00Z,3165.39848643,3167.82247663,3161.66248553,3164.08547025,5776.02908426,577
2026-01-04T14:23:00Z,3164.08547025,3165.43783949,3161.37679503,3162.72858433,5348.47038978,534
2026-01-04T14:24:00Z,3162.72858433,3163.22706696,3162.09779396,3162.59625574,855.40531293,85
2026-01-04T14:25:00Z,3162.59625574,3163.97651073,3160.71919538,3162.09923346,1798.74212109,179
2026-01-04T14:26:00Z,3162.09923346,3162.17703449,3159.01883223,3159.09655939,8425.99797719,842
2026-01-04T14:27:00Z,3159.09655939,3161.90332605,3154.90196598,3157.70749851,801.14662858,80
2026-01-04T14:28:00Z,3157.70749851,3164.71800108,3150.37337407,3157.38315656,1724.69116034,172
2026-01-04T14:29:00Z,3157.38315656,3158.31366693,3151.87921162,3152.80837376,3445.35829173,344
2026-01-04T14:30:00Z,3152.80837376,3154.83983488,3145.82261675,3147.85088359,6202.33197447,620
2026-01-04T14:31:00Z,3147.85088359,3156.71573277,3146.41546059,3155.27692349,3878.11046254,387
2026-01-04T14:32:00Z,3155.27692349,3156.71438328,3154.98714915,3156.42450355,2033.75558323,203
2026-01-04T14:33:00Z,3156.42450355,3157.64278952,3152.93147820,3154.14888586,3550.84082805,355
2026-01-04T14:34:00Z,3154.14888586,3156.83677021,3154.02922253,3156.71700945,3432.63638361,343
2026-01-04T14:35:00Z,3156.71700945,3158.06956448,3154.33566507,3155.68777911,1862.11366374,186
2026-01-04T14:36:00Z,3155.68777911,3160.17447922,3150.80844357,3155.29458464,370.68927437,37
2026-01-04T14:37:00Z,3155.29458464,3157.58406483,3151.46837663,3153.75674097,3303.26246103,330
2026-01-04T14:38:00Z,3153.75674097,3154.00279271,3153.31492661,3153.56096308,487.13376500,48
2026-01-04T14:39:00Z,3153.56096308,3154.97118079,3150.67934121,3152.08890064,3989.86148478,398
2026-01-04T14:40:00Z,3152.08890064,3152.45945545,3151.04069109,3151.41116623,2590.47787240,259
2026-01-04T14:41:00Z,3151.41116623,3155.19559697,3148.97329045,3152.75668033,2484.06017017,248
2026-01-04T14:42:00Z,3152.75668033,3153.60315443,3151.34640883,3152.19273152,1669.10293173,166
2026-01-04T14:43:00Z,3152.19273152,3154.39002135,3146.85283495,3149.04793265,3695.07126880,369
2026-01-04T14:44:00Z,3149.04793265,3151.36510824,3146.84749340,3149.16458748,290.74124142,29
2026-01-04T14:45:00Z,3149.16458748,3149.99244608,3145.55055990,3146.37768587,2788.98859835,278
2026-01-04T14:46:00Z,3146.37768587,3150.64473093,3140.54846635,3144.81338996,2379.10252869,237
2026-01-04T14:47:00Z,3144.81338996,3145.86758326,3140.32861280,3141.38165573,11840.17623835,1184
2026-01-04T14:48:00Z,3141.38165573,3143.36300752,3140.16087134,3142.14192767,251.94190593,25
2026-01-04T14:49:00Z,3142.14192767,3142.61186069,3139.96530186,3140.43497958,554.98329909,55
2026-01-04T14:50:00Z,3140.43497958,3143.50853064,3138.56389856,3141.63673361,672.87955671,67
2026-01-04T14:51:00Z,3141.63673361,3143.08927575,3140.53467772,3141.98709697,775.72745948,77
2026-01-04T14:52:00Z,3141.98709697,3146.08358080,3138.84132242,3142.93685536,1230.89821917,123
2026-01-04T14:53:00Z,3142.93685536,3147.30778365,3135.00135403,3139.36731812,8760.40253723,876
2026-01-04T14:54:00Z,3139.36731812,3140.40442010,3137.83845038,3138.87538985,2939.45536462,293
2026-01-04T14:55:00Z,3138.87538985,3139.70744505,3133.71358254,3134.54448970,8340.91766973,834
2026-01-04T14:56:00Z,3134.54448970,3137.49364414,3131.43797557,3134.38698181,330.67632802,33
2026-01-04T14:57:00Z,3134.38698181,3138.89712731,3131.39236958,3135.90106850,1169.66954786,116
2026-01-04T14:58:00Z,3135.90106850,3141.29534416,3134.93928117,3140.33219779,5700.61427599,570
2026-01-04T14:59:00Z,3140.33219779,3140.84191868,3135.80115875,3136.31022682,2912.53720299,291
2026-01-04T15:00:00Z,3136.31022682,3142.04210187,3133.27330727,3139.00257529,1907.78519970,190
2026-01-04T15:01:00Z,3139.00257529,3144.26177100,3134.31076873,3139.56911764,1356.35683869,135
2026-01-04T15:02:00Z,3139.56911764,3142.30254831,3132.04527425,3134.77453057,1359.91487705,135
2026-01-04T15:03:00Z,3134.77453057,3135.12949703,3134.23665552,3134.59160127,1096.69184317,109
2026-01-04T15:04:00Z,3134.59160127,3135.10577143,3133.43000579,3133.94406974,1712.86873474,171
2026-01-04T15:05:00Z,3133.94406974,3137.13010524,3130.66982179,3133.85576752,2640.70836946,264
2026-01-04T15:06:00Z,3133.85576752,3137.25602718,3133.14578876,3136.54543907,2016.94431504,201
2026-01-04T15:07:00Z,3136.54543907,3138.59366392,3136.35066720,3138.39877696,1627.13447680,162
2026-01-04T15:08:00Z,3138.39877696,3139.86601196,3137.33019609,3138.79729540,1130.83802524,113
2026-01-04T15:09:00Z,3138.79729540,3140.25657496,3137.58455717,3139.04374151,950.88089885,95
2026-01-04T15:10:00Z,3139.04374151,3140.18933671,3136.26077053,3137.40576795,2745.43512877,274
2026-01-04T15:11:00Z,3137.40576795,3140.45107146,3133.81541139,3136.86018534,2841.70731099,284
2026-01-04T15:12:00Z,3136.86018534,3140.41720752,3135.72922311,3139.28537091,2448.23168307,244
2026-01-04T15:13:00Z,3139.28537091,3141.80022430,3134.79880027,3137.31207287,5852.50293367,585
2026-01-04T15:14:00Z,3137.31207287,3137.64906791,3134.47867853,3134.81540539,3573.78300053,357
2026-01-04T15:15:00Z,3134.81540539,3140.15142841,3130.48779271,3135.82242553,1916.53695084,191
2026-01-04T15:16:00Z,3135.82242553,3137.11808054,3133.13175730,3134.42683567,2567.44434293,256
2026-01-04T15:17:00Z,3134.42683567,3135.71689154,3132.73423360,3134.02412372,728.43928245,72
2026-01-04T15:18:00Z,3134.02412372,3140.52766310,3128.79951957,3135.30093044,697.14035626,69
2026-01-04T15:19:00Z,3135.30093044,3138.02404302,3126.98927869,3129.70753322,5029.23698958,502
2026-01-04T15:20:00Z,3129.70753322,3133.26748271,3127.58844079,3131.14741535,1375.55839480,137
2026-01-04T15:21:00Z,3131.14741535,3132.14981209,3130.03866530,3131.04102798,475.03382685,47
2026-01-04T15:22:00Z,3131.04102798,3132.35170744,3130.12391945,3131.43448366,1565.87158467,156
2026-01-04T15:23:00Z,3131.43448366,3140.69861027,3125.74577467,3135.00341778,1694.74835031,169
2026-01-04T15:24:00Z,3135.00341778,3138.36549921,3126.16577688,3129.52197984,1574.96716118,157
2026-01-04T15:25:00Z,3129.52197984,3132.21157142,3125.96748339,3128.65633101,3553.10659365,355
2026-01-04T15:26:00Z,3128.65633101,3131.90494977,3125.10508374,3128.35338794,546.32781790,54
2026-01-04T15:27:00Z,3128.35338794,3130.04507198,3124.40228211,3126.09274368,3343.51913785,334
2026-01-04T15:28:00Z,3126.09274368,3128.54881917,3123.93906964,3126.39493693,486.50014169,48
2026-01-04T15:29:00Z,3126.39493693,3129.12817978,3122.30712199,3125.03917958,613.06820432,61
2026-01-04T15:30:00Z,3125.03917958,3125.45942562,3121.12145043,3121.54122607,2473.18941658,247
2026-01-04T15:31:00Z,3121.54122607,3124.17205914,3121.20145983,3123.83204355,3830.90657329,383
2026-01-04T15:32:00Z,3123.83204355,3127.29928750,3122.69209071,3126.15848570,2111.27941167,211
2026-01-04T15:33:00Z,3126.15848570,3127.99115273,3125.60962866,3127.44207034,921.31711753,92
2026-01-04T15:34:00Z,3127.44207034,3131.54779787,3126.65130239,3130.75619196,1563.71309221,156
2026-01-04T15:35:00Z,3130.75619196,3133.57884020,3129.64639455,3132.46843583,1473.94831422,147
2026-01-04T15:36:00Z,3132.46843583,3135.16314941,3130.05005634,3132.74455675,1189.99414908,118
2026-01-04T15:37:00Z,3132.74455675,3135.78171830,3130.81626388,3133.85274330,1781.32768655,178
2026-01-04T15:38:00Z,3133.85274330,3135.92437897,3130.77893956,3132.84991230,1678.77692535,167
2026-01-04T15:39:00Z,3132.84991230,3138.49212092,3128.71469070,3134.35491278,1688.90048785,168
2026-01-04T15:40:00Z,3134.35491278,3139.39841008,3125.29589476,3130.33292025,1524.64308206,152
2026-01-04T15:41:00Z,3130.33292025,3131.19949066,3127.47598472,3128.34200397,2217.48963377,221
2026-01-04T15:42:00Z,3128.34200397,3128.91729492,3125.86186426,3126.43680485,3769.69939341,376
2026-01-04T15:43:00Z,3126.43680485,3129.99739498,3124.14172674,3127.70138855,390.31695609,39
2026-01-04T15:44:00Z,3127.70138855,3133.98527023,3124.15695964,3130.43774039,7405.77399805,740
2026-01-04T15:45:00Z,3130.43774039,3132.10995464,3129.35408517,3131.02609576,487.75232141,48
2026-01-04T15:46:00Z,3131.02609576,3135.93200112,3130.85565592,3135.76130352,2060.08183482,206
2026-01-04T15:47:00Z,3135.76130352,3141.74402164,3126.72002542,3132.69689696,2594.79442028,259
2026-01-04T15:48:00Z,3132.69689696,3133.35579863,3132.05921127,3132.71810862,1903.17296108,190
2026-01-04T15:49:00Z,3132.71810862,3133.80941548,3130.22278909,3131.31360668,3610.18638842,361
2026-01-04T15:50:00Z,3131.31360668,3131.82038748,3128.20332935,3128.70968873,777.07949804,77
2026-01-04T15:51:00Z,3128.70968873,3128.97994101,3127.16421276,3127.43435487,1005.86025018,100
2026-01-04T15:52:00Z,3127.43435487,3128.42143655,3124.19692649,3125.18329769,3718.76527784,371
2026-01-04T15:53:00Z,3125.18329769,3125.81568276,3121.78658716,3122.41841276,997.35230780,99
2026-01-04T15:54:00Z,3122.41841276,3123.45906085,3122.22352899,3123.26412430,2657.11361900,265
2026-01-04T15:55:00Z,3123.26412430,3127.35906197,3119.87167672,3123.96585219,2904.99231955,290
2026-01-04T15:56:00Z,3123.96585219,3133.10007753,3117.90638496,3127.03465783,4733.52391620,473
2026-01-04T15:57:00Z,3127.03465783,3129.73035332,3122.30206053,3124.99599858,7205.58184712,720
2026-01-04T15:58:00Z,3124.99599858,3126.69239436,3120.00286806,3121.69747324,4550.81466814,455
2026-01-04T15:59:00Z,3121.69747324,3125.10818244,3118.65460280,3122.06495380,1192.57253646,119
2026-01-04T16:00:00Z,3122.06495380,3123.48533201,3116.54572413,3117.96423673,6443.64267072,644
2026-01-04T16:01:00Z,3117.96423673,3123.83588743,3113.61755317,3119.48708090,2418.08500497,241
2026-01-04T16:02:00Z,3119.48708090,3120.39044131,3114.68327751,3115.58550808,4635.50574148,463
2026-01-04T16:03:00Z,3115.58550808,3117.02032695,3107.23119589,3108.66282667,2081.21328743,208
2026-01-04T16:04:00Z,3108.66282667,3113.77827410,3105.45739294,3110.57087293,2820.07477288,282
2026-01-04T16:05:00Z,3110.57087293,3114.31924191,3104.19931443,3107.94451854,625.81385563,62
2026-01-04T16:06:00Z,3107.94451854,3110.88451423,3103.55085339,3106.48947267,7071.34346168,707
2026-01-04T16:07:00Z,3106.48947267,3107.60976976,3104.25673007,3105.37662583,1342.24811697,134
2026-01-04T16:08:00Z,3105.37662583,3106.81025720,3105.07303424,3106.50655514,1219.96746797,121
2026-01-04T16:09:00Z,3106.50655514,3108.44072237,3105.23579219,3107.16968816,1669.74514528,166
2026-01-04T16:10:00Z,3107.16968816,3118.44672197,3104.28345410,3115.55270098,4092.79413311,409
2026-01-04T16:11:00Z,3115.55270098,3118.04866069,3114.16844356,3116.66390955,3400.40660331,340
2026-01-04T16:12:00Z,3116.66390955,3117.41907822,3116.12807843,3116.88320940,879.03199990,87
2026-01-04T16:13:00Z,3116.88320940,3117.18710206,3115.41552091,3115.71930009,3491.31856516,349
2026-01-04T16:14:00Z,3115.71930009,3118.68112766,3114.41644710,3117.37758126,6202.67938638,620
2026-01-04T16:15:00Z,3117.37758126,3117.76368910,3116.70765428,3117.09372697,114.23404128,11
2026-01-04T16:16:00Z,3117.09372697,3122.98377585,3113.39343989,3119.28089240,3885.38137581,388
2026-01-04T16:17:00Z,3119.28089240,3119.42308511,3118.38347382,3118.52563210,1093.39125906,109
2026-01-04T16:18:00Z,3118.52563210,3122.90989407,3108.43696908,3112.81320008,9216.24809921,921
2026-01-04T16:19:00Z,3112.81320008,3118.77554058,3112.57312761,3118.53502683,4571.28086328,457
2026-01-04T16:20:00Z,3118.53502683,3120.81407770,3118.24807401,3120.52694160,3019.70702253,301
2026-01-04T16:21:00Z,3120.52694160,3123.23095561,3116.41212461,3119.11491506,4177.42370203,417
2026-01-04T16:22:00Z,3119.11491506,3121.03487749,3110.84886585,3112.76491956,5088.51116076,508
2026-01-04T16:23:00Z,3112.76491956,3113.53549146,3112.20509745,3112.97563146,1711.26217004,171
2026-01-04T16:24:00Z,3112.97563146,3114.39270651,3107.60854907,3109.02382520,3109.54079539,310
2026-01-04T16:25:00Z,3109.02382520,3115.52798383,3107.20527472,3113.70669422,3286.23234878,328
2026-01-04T16:26:00Z,3113.70669422,3118.18486076,3112.94411156,3117.42136833,688.01000759,68
2026-01-04T16:27:00Z,3117.42136833,3119.87931723,3116.09062753,3118.54809547,1548.83046515,154
2026-01-04T16:28:00Z,3118.54809547,3119.33314667,3118.09179637,3118.87679948,485.22927683,48
2026-01-04T16:29:00Z,3118.87679948,3119.28937065,3118.76434076,3119.17690111,838.33624578,83
2026-01-04T16:30:00Z,3119.17690111,3120.27232429,3118.89411049,3119.98946001,5484.40688015,548
2026-01-04T16:31:00Z,3119.98946001,3122.51589249,3118.73249975,3121.25842100,5063.32278461,506
2026-01-04T16:32:00Z,3121.25842100,3121.67379265,3120.67572761,3121.09107699,665.87165583,66
2026-01-04T16:33:00Z,3121.09107699,3124.23579686,3120.70059394,3123.84496927,3293.08139674,329
2026-01-04T16:34:00Z,3123.84496927,3123.92983715,3123.55847713,3123.64333954,1219.37142739,121
2026-01-04T16:35:00Z,3123.64333954,3126.76835792,3123.40013663,3126.52493066,16289.08394524,1628
2026-01-04T16:36:00Z,3126.52493066,3127.95119978,3126.08730124,3127.51343200,5039.24117569,503
2026-01-04T16:37:00Z,3127.51343200,3129.96345332,3127.11307410,3129.56283307,2014.68701779,201
2026-01-04T16:38:00Z,3129.56283307,3132.43698643,3127.53439043,3130.40799600,1031.07092404,103
2026-01-04T16:39:00Z,3130.40799600,3134.49234071,3129.65154857,3133.73508930,17620.19133544,1762
2026-01-04T16:40:00Z,3133.73508930,3136.26959488,3132.91282835,3135.44688477,8007.35822641,800
2026-01-04T16:41:00Z,3135.44688477,3136.55984829,3133.70354116,3134.81628083,1250.78635299,125
2026-01-04T16:42:00Z,3134.81628083,3139.70721035,3133.72920105,3138.61881194,373.98499575,37
2026-01-04T16:43:00Z,3138.61881194,3140.57174957,3137.58698264,3139.53961756,2081.95282635,208
2026-01-04T16:44:00Z,3139.53961756,3140.10484864,3137.25086933,3137.81579005,1531.72010853,153
2026-01-04T16:45:00Z,3137.81579005,3140.58012218,3136.81677048,3139.58054074,674.17322817,67
2026-01-04T16:46:00Z,3139.58054074,3142.09717770,3139.56374327,3142.08036685,10970.11391360,1097
2026-01-04T16:47:00Z,3142.08036685,3143.90782934,3140.82309054,3142.65032496,601.33164543,60
2026-01-04T16:48:00Z,3142.65032496,3146.04950196,3141.70493794,3145.10337700,3517.64698163,351
2026-01-04T16:49:00Z,3145.10337700,3147.40476394,3143.69588595,3145.99687303,804.57034109,80
2026-01-04T16:50:00Z,3145.99687303,3147.41960984,3143.16580063,3144.58790024,2460.22223845,246
2026-01-04T16:51:00Z,3144.58790024,3146.52973751,3142.79147012,3144.73322437,2201.28497850,220
2026-01-04T16:52:00Z,3144.73322437,3148.01046682,3144.59880804,3147.87591617,6067.98795910,606
2026-01-04T16:53:00Z,3147.87591617,3150.88869387,3147.37103850,3150.38341403,4776.83358721,477
2026-01-04T16:54:00Z,3150.38341403,3153.39982903,3148.55826731,3151.57399256,2218.17004000,221
2026-01-04T16:55:00Z,3151.57399256,3151.72084795,3149.38121159,3149.52797164,8903.52495780,890
2026-01-04T16:56:00Z,3149.52797164,3149.61553133,3148.78704122,3148.87458274,1352.39209655,135
2026-01-04T16:57:00Z,3148.87458274,3150.27815936,3148.46987020,3149.87331846,1971.18214067,197
2026-01-04T16:58:00Z,3149.87331846,3151.65802714,3145.64188905,3147.42521064,4410.80493950,441
2026-01-04T16:59:00Z,3147.42521064,3149.09896782,3146.33845468,3148.01200925,2308.32703411,230
2026-01-04T17:00:00Z,3148.01200925,3148.12689419,3147.65093963,3147.76581559,802.91315641,80
2026-01-04T17:01:00Z,3147.76581559,3150.33292023,3146.14181130,3148.70842962,6219.90477249,621
2026-01-04T17:02:00Z,3148.70842962,3149.89656888,3148.27167919,3149.45971424,810.83765547,81
2026-01-04T17:03:00Z,3149.45971424,3150.91888817,3145.62795148,3147.08602566,6065.01289314,606
2026-01-04T17:04:00Z,3147.08602566,3148.58965962,3146.19721478,3147.70067515,930.87285654,93
2026-01-04T17:05:00Z,3147.70067515,3149.92938189,3144.55972508,3146.78778546,289.48601499,28
2026-01-04T17:06:00Z,3146.78778546,3148.20828390,3143.92128281,3145.34112822,3359.24896868,335
2026-01-04T17:07:00Z,3145.34112822,3146.51052094,3143.16440130,3144.33341938,1719.58261412,171
2026-01-04T17:08:00Z,3144.33341938,3146.53270304,3143.82567234,3146.02468289,6035.40309728,603
2026-01-04T17:09:00Z,3146.02468289,3146.80158040,3145.57710560,3146.35395626,4996.08235074,499
2026-01-04T17:10:00Z,3146.35395626,3148.59839218,3144.95752520,3147.20158492,3477.81591528,347
2026-01-04T17:11:00Z,3147.20158492,3149.25816469,3145.28301613,3147.33951182,3274.61909670,327
2026-01-04T17:12:00Z,3147.33951182,3150.12057553,3146.87713445,3149.65785758,4937.51711191,493
2026-01-04T17:13:00Z,3149.65785758,3151.46559138,3148.91166200,3150.71914437,3788.40074980,378
2026-01-04T17:14:00Z,3150.71914437,3151.21688390,3150.31052636,3150.80825434,401.09453158,40
2026-01-04T17:15:00Z,3150.80825434,3154.73817193,3149.03507674,3152.96378127,1580.56921429,158
2026-01-04T17:16:00Z,3152.96378127,3154.60800367,3150.15602384,3151.79963916,3822.84272598,382
2026-01-04T17:17:00Z,3151.79963916,3153.71493257,3149.19725957,3151.11213520,1513.49653445,151
2026-01-04T17:18:00Z,3151.11213520,3151.58057725,3148.47387766,3148.94199710,3089.80078601,308
2026-01-04T17:19:00Z,3148.94199710,3153.57361744,3148.31720743,3152.94803293,7872.17386284,787
2026-01-04T17:20:00Z,3152.94803293,3153.69890613,3151.39647729,3152.14715976,2352.58891190,235
2026-01-04T17:21:00Z,3152.14715976,3154.68907851,3151.15178927,3153.69321982,1724.11955055,172
2026-01-04T17:22:00Z,3153.69321982,3156.88609680,3152.90204589,3156.09432051,1074.02384074,107
2026-01-04T17:23:00Z,3156.09432051,3156.32439678,3155.92052486,3156.15059804,433.82163808,43
2026-01-04T17:24:00Z,3156.15059804,3161.60923090,3153.00780092,3158.46413004,4323.00494635,432
2026-01-04T17:25:00Z,3158.46413004,3158.91563593,3157.93121844,3158.38271268,1529.75942785,152
2026-01-04T17:26:00Z,3158.38271268,3162.87701707,3155.34737885,3159.84028245,3550.63872247,355
2026-01-04T17:27:00Z,3159.84028245,3163.62371538,3156.12277137,3159.90612683,1165.30650682,116
2026-01-04T17:28:00Z,3159.90612683,3163.32762517,3158.49557885,3161.91617992,848.15165459,84
2026-01-04T17:29:00Z,3161.91617992,3162.85728699,3160.21887543,3161.15975737,1183.91831512,118
2026-01-04T17:30:00Z,3161.15975737,3164.27626131,3158.57926484,3161.69533159,283.78936396,28
2026-01-04T17:31:00Z,3161.69533159,3162.92448789,3158.67689894,3159.90535937,752.98976405,75
2026-01-04T17:32:00Z,3159.90535937,3161.01604335,3158.94365606,3160.05429471,773.85670623,77
2026-01-04T17:33:00Z,3160.05429471,3164.02557187,3156.61981459,3160.59050897,1292.82827009,129
2026-01-04T17:34:00Z,3160.59050897,3164.81894229,3158.87475900,3163.10182903,7595.40231583,759
2026-01-04T17:35:00Z,3163.10182903,3165.65522306,3157.57308400,3160.12407426,2344.62879708,234
2026-01-04T17:36:00Z,3160.12407426,3178.26940402,3154.71607438,3172.83964366,2777.14934201,277
2026-01-04T17:37:00Z,3172.83964366,3179.09260177,3159.74076817,3165.98020785,1854.11052673,185
2026-01-04T17:38:00Z,3165.98020785,3174.81095896,3154.86736807,3163.69173603,850.62465364,85
2026-01-04T17:39:00Z,3163.69173603,3192.23139033,3154.56802240,3183.05184444,4189.11157472,418
2026-01-04T17:40:00Z,3183.05184444,3192.24289018,3174.54678737,3183.73600505,1463.03814647,146
2026-01-04T17:41:00Z,3183.73600505,3201.16211219,3180.54693881,3197.95879935,7559.19416992,755
2026-01-04T17:42:00Z,3197.95879935,3205.82160784,3189.45419822,3197.31542485,1249.15913691,124
2026-01-04T17:43:00Z,3197.31542485,3206.45188809,3179.20717827,3188.31793080,5827.38977679,582
2026-01-04T17:44:00Z,3188.31793080,3189.94508266,3185.86493909,3187.49166927,3116.18416581,311
2026-01-04T17:45:00Z,3187.49166927,3194.45465480,3187.00745809,3193.96945958,4632.55618294,463
2026-01-04T17:46:00Z,3193.96945958,3200.29075589,3182.77944865,3189.09109001,1738.00650960,173
2026-01-04T17:47:00Z,3189.09109001,3198.33507944,3175.26114243,3184.49180022,3012.59945837,301
2026-01-04T17:48:00Z,3184.49180022,3190.83983511,3127.22997021,3133.47630971,16413.60467502,1641
2026-01-04T17:49:00Z,3133.47630971,3151.77982748,3128.47926292,3146.76159425,4757.36565867,475
2026-01-04T17:50:00Z,3146.76159425,3151.25217935,3144.39553629,3148.88452515,1399.11475228,139
2026-01-04T17:51:00Z,3148.88452515,3150.26127502,3145.49773912,3146.87360978,1920.63979551,192
2026-01-04T17:52:00Z,3146.87360978,3149.30264570,3143.49061441,3145.91891341,1778.58599447,177
2026-01-04T17:53:00Z,3145.91891341,3149.82719523,3144.99105916,3148.89846220,4034.10480440,403
2026-01-04T17:54:00Z,3148.89846220,3154.05022139,3145.86210816,3151.01182951,2138.74474702,213
2026-01-04T17:55:00Z,3151.01182951,3153.82107940,3148.74303392,3151.55189494,2730.12732880,273
2026-01-04T17:56:00Z,3151.55189494,3153.59286181,3147.07605765,3149.11544666,2001.76152397,200
2026-01-04T17:57:00Z,3149.11544666,3153.41042594,3147.31070171,3151.60425467,3848.81637615,384
2026-01-04T17:58:00Z,3151.60425467,3157.77825181,3150.84231869,3157.01500772,3015.12928972,301
2026-01-04T17:59:00Z,3157.01500772,3159.58335511,3156.34733414,3158.91527965,4310.89288272,431
2026-01-04T18:00:00Z,3158.91527965,3162.16205309,3154.76563332,3158.01147782,1568.58251148,156
2026-01-04T18:01:00Z,3158.01147782,3161.08327193,3157.47412776,3160.54549069,3959.53362822,395
2026-01-04T18:02:00Z,3160.54549069,3163.79301707,3154.82304341,3158.06802414,2512.06892010,251
2026-01-04T18:03:00Z,3158.06802414,3160.46866604,3155.51602973,3157.91655649,427.82192482,42
2026-01-04T18:04:00Z,3157.91655649,3158.32164071,3150.63450549,3151.03870745,3376.26671555,337
2026-01-04T18:05:00Z,3151.03870745,3151.08275788,3147.08377919,3147.12777494,1145.70347347,114
2026-01-04T18:06:00Z,3147.12777494,3150.87888386,3142.55234912,3146.30247434,2738.49581561,273
2026-01-04T18:07:00Z,3146.30247434,3148.21873342,3141.59538346,3143.50994173,3586.19225414,358
2026-01-04T18:08:00Z,3143.50994173,3144.74215194,3142.40795423,3143.64011881,3564.80899366,356
2026-01-04T18:09:00Z,3143.64011881,3144.21326618,3142.92533709,3143.49845863,895.42912794,89
2026-01-04T18:10:00Z,3143.49845863,3146.05834300,3139.67079972,3142.22965085,4200.28305610,420
2026-01-04T18:11:00Z,3142.22965085,3143.90865191,3141.24060509,3142.91938905,5694.71828914,569
2026-01-04T18:12:00Z,3142.91938905,3143.59058456,3139.81129770,3140.48197268,2556.32646254,255
2026-01-04T18:13:00Z,3140.48197268,3141.53399120,3138.64500656,3139.69676204,8038.67338978,803
2026-01-04T18:14:00Z,3139.69676204,3144.16701730,3139.56121211,3144.03128024,7092.92248479,709
2026-01-04T18:15:00Z,3144.03128024,3149.04767107,3143.19976564,3148.21504997,1522.46994799,152
2026-01-04T18:16:00Z,3148.21504997,3148.82348656,3147.78254189,3148.39095432,2915.66827988,291
2026-01-04T18:17:00Z,3148.39095432,3149.48253439,3146.36315735,3147.45441271,2471.64903856,247
2026-01-04T18:18:00Z,3147.45441271,3150.65963482,3145.96686431,3149.17127500,3167.60801434,316
2026-01-04T18:19:00Z,3149.17127500,3153.25252069,3146.13315084,3150.21339116,713.28442824,71
2026-01-04T18:20:00Z,3150.21339116,3150.31787676,3150.03691059,3150.14139380,2158.50063003,215
2026-01-04T18:21:00Z,3150.14139380,3154.52804409,3148.83401870,3153.21939156,3443.48405969,344
2026-01-04T18:22:00Z,3153.21939156,3155.61888997,3152.27301598,3154.67207840,417.31917034,41
2026-01-04T18:23:00Z,3154.67207840,3158.63241208,3153.06454929,3157.02368466,2711.00978210,271
2026-01-04T18:24:00Z,3157.02368466,3169.73337907,3148.79581433,3161.49385852,397.67359613,39
2026-01-04T18:25:00Z,3161.49385852,3164.12843106,3152.14355940,3154.77253084,3379.30314026,337
2026-01-04T18:26:00Z,3154.77253084,3156.60756075,3140.49378189,3142.32156948,4357.64896759,435
2026-01-04T18:27:00Z,3142.32156948,3159.66905578,3126.48586958,3143.82577545,439.08858030,43
2026-01-04T18:28:00Z,3143.82577545,3157.58736042,3136.94612804,3150.69268612,4172.02881249,417
2026-01-04T18:29:00Z,3150.69268612,3156.34727974,3149.85849215,3155.51180983,10962.99372603,1096
2026-01-04T18:30:00Z,3155.51180983,3157.80321681,3150.61013880,3152.89964894,1757.29975347,175
2026-01-04T18:31:00Z,3152.89964894,3155.70758395,3152.19625744,3155.00372305,4739.62201243,473
2026-01-04T18:32:00Z,3155.00372305,3158.03665503,3153.16380054,3156.19603720,2515.62951148,251
2026-01-04T18:33:00Z,3156.19603720,3161.31644970,3151.37184158,3156.49180201,2013.61203250,201
2026-01-04T18:34:00Z,3156.49180201,3158.79316556,3150.59257425,3152.89131272,3770.48356883,377
2026-01-04T18:35:00Z,3152.89131272,3155.04289143,3151.30168607,3153.45298159,2254.09333365,225
2026-01-04T18:36:00Z,3153.45298159,3155.35077276,3150.06138537,3151.95827700,2816.13126584,281
2026-01-04T18:37:00Z,3151.95827700,3153.73764076,3149.88399442,3151.66319160,3720.37062102,372
2026-01-04T18:38:00Z,3151.66319160,3154.24314303,3146.34528234,3148.92299064,2792.66842564,279
2026-01-04T18:39:00Z,3148.92299064,3155.58986338,3143.70286223,3150.36734059,996.56475553,99
2026-01-04T18:40:00Z,3150.36734059,3155.85184347,3147.55455635,3153.03667593,3527.57882996,352
2026-01-04T18:41:00Z,3153.03667593,3157.00892712,3149.17069021,3153.14281127,226.95905724,22
2026-01-04T18:42:00Z,3153.14281127,3157.47507937,3149.33458954,3153.66622549,5689.71732377,568
2026-01-04T18:43:00Z,3153.66622549,3154.35923291,3152.16653094,3152.85936106,1614.21391361,161
2026-01-04T18:44:00Z,3152.85936106,3154.94019339,3152.27722251,3154.35777818,5894.74314044,589
2026-01-04T18:45:00Z,3154.35777818,3155.07104430,3149.93703903,3150.64946662,5688.54487452,568
2026-01-04T18:46:00Z,3150.64946662,3153.98599018,3148.95593292,3152.29157382,4026.62208438,402
2026-01-04T18:47:00Z,3152.29157382,3152.95960793,3150.33280052,3151.00056105,7890.37283098,789
2026-01-04T18:48:00Z,3151.00056105,3152.31691270,3149.75062414,3151.06694946,1431.62244464,143
2026-01-04T18:49:00Z,3151.06694946,3151.61848075,3143.38202359,3143.93230611,6913.47343814,691
2026-01-04T18:50:00Z,3143.93230611,3148.11481250,3142.00935398,3146.19047918,6366.79336315,636
2026-01-04T18:51:00Z,3146.19047918,3147.25042164,3145.00024566,3146.06014421,1719.54200214,171
2026-01-04T18:52:00Z,3146.06014421,3146.27795173,3141.26591044,3141.48340111,5462.66017817,546
2026-01-04T18:53:00Z,3141.48340111,3150.57683760,3135.23933683,3144.32712111,2017.76035735,201
2026-01-04T18:54:00Z,3144.32712111,3147.31475511,3141.65494891,3144.64231505,861.47457799,86
2026-01-04T18:55:00Z,3144.64231505,3145.09050932,3141.69619900,3142.14403719,1385.94358241,138
2026-01-04T18:56:00Z,3142.14403719,3143.05672272,3141.93488919,3142.84752789,1686.88002361,168
2026-01-04T18:57:00Z,3142.84752789,3144.35869107,3142.52431016,3144.03535118,2485.14764961,248
2026-01-04T18:58:00Z,3144.03535118,3148.93557966,3143.90707487,3148.80710865,6944.68226206,694
2026-01-04T18:59:00Z,3148.80710865,3152.22950443,3144.22367519,3147.64480768,1271.92400924,127
2026-01-04T19:00:00Z,3147.64480768,3150.53546875,3145.39821864,3148.28842034,855.46410966,85
2026-01-04T19:01:00Z,3148.28842034,3148.66216299,3147.08011415,3147.45375772,3559.20471918,355
2026-01-04T19:02:00Z,3147.45375772,3151.46891273,3143.93300910,3147.94761168,2069.46612313,206
2026-01-04T19:03:00Z,3147.94761168,3149.49155982,3147.56726268,3149.11107024,855.93115782,85
2026-01-04T19:04:00Z,3149.11107024,3152.87853467,3145.11712500,3148.88431815,2994.46618790,299
2026-01-04T19:05:00Z,3148.88431815,3156.08708748,3146.02300477,3153.22183272,4698.41691130,469
2026-01-04T19:06:00Z,3153.22183272,3155.33559616,3150.97238258,3153.08605500,2638.65258505,263
2026-01-04T19:07:00Z,3153.08605500,3161.55828268,3147.96529375,3156.43208732,985.53550728,98
2026-01-04T19:08:00Z,3156.43208732,3158.35647384,3152.46013885,3154.38327627,4479.80669893,447
2026-01-04T19:09:00Z,3154.38327627,3158.13400310,3152.99580105,3156.74548885,8113.81178207,811
2026-01-04T19:10:00Z,3156.74548885,3159.53707313,3151.31697728,3154.10622759,1260.33034052,126
2026-01-04T19:11:00Z,3154.10622759,3161.40425443,3151.24207318,3158.53607739,4736.37502296,473
2026-01-04T19:12:00Z,3158.53607739,3161.19671311,3154.74991124,3157.40959805,519.27337776,51
2026-01-04T19:13:00Z,3157.40959805,3168.37395399,3152.40215741,3163.35708104,4069.51968347,406
2026-01-04T19:14:00Z,3163.35708104,3167.24877537,3160.87028525,3164.76087603,4628.65803411,462
2026-01-04T19:15:00Z,3164.76087603,3166.44284912,3161.43461271,3163.11571144,2464.30204697,246
2026-01-04T19:16:00Z,3163.11571144,3165.93601244,3161.49762549,3164.31731181,576.71706375,57
2026-01-04T19:17:00Z,3164.31731181,3166.68799838,3164.15008166,3166.52065179,3718.66592192,371
2026-01-04T19:18:00Z,3166.52065179,3169.24718980,3165.78746765,3168.51354422,1630.39809994,163
2026-01-04T19:19:00Z,3168.51354422,3168.97352215,3167.05978365,3167.51961729,3737.26453276,373
2026-01-04T19:20:00Z,3167.51961729,3168.81415857,3163.37305425,3164.66642946,543.56082015,54
2026-01-04T19:21:00Z,3164.66642946,3165.55098740,3162.70292762,3163.58718390,1749.55116675,174
2026-01-04T19:22:00Z,3163.58718390,3169.30301462,3159.93529639,3165.64874734,2163.07424535,216
2026-01-04T19:23:00Z,3165.64874734,3166.38606558,3165.07230885,3165.80959780,213.93664380,21
2026-01-04T19:24:00Z,3165.80959780,3166.07847720,3162.37276190,3162.64137222,3782.96265779,378
2026-01-04T19:25:00Z,3162.64137222,3167.99671217,3159.84808306,3165.20116217,1570.82699085,157
2026-01-04T19:26:00Z,3165.20116217,3165.30009476,3160.95881478,3161.05761787,856.80554418,85
2026-01-04T19:27:00Z,3161.05761787,3163.28837033,3157.02734469,3159.25682633,12240.70442664,1224
2026-01-04T19:28:00Z,3159.25682633,3159.39793642,3158.32267794,3158.46375261,141.70327068,14
2026-01-04T19:29:00Z,3158.46375261,3158.91647281,3158.27618927,3158.72889372,1740.49039680,174
2026-01-04T19:30:00Z,3158.72889372,3161.39769391,3154.39496892,3157.06236105,3034.62320163,303
2026-01-04T19:31:00Z,3157.06236105,3166.26064281,3156.46474589,3165.66139989,7325.53604781,732
2026-01-04T19:32:00Z,3165.66139989,3168.35584347,3162.28473165,3164.97859405,273.27618734,27
2026-01-04T19:33:00Z,3164.97859405,3166.62845742,3158.81563329,3160.46314280,6495.51128299,649
2026-01-04T19:34:00Z,3160.46314280,3162.53181297,3157.45405528,3159.52210950,2241.19775224,224
2026-01-04T19:35:00Z,3159.52210950,3165.94766223,3154.96464854,3161.38751052,1289.01040520,128
2026-01-04T19:36:00Z,3161.38751052,3161.87327827,3160.47533936,3160.96104158,1117.14893949,111
2026-01-04T19:37:00Z,3160.96104158,3165.47683677,3160.62932492,3165.14468107,3105.95282541,310
2026-01-04T19:38:00Z,3165.14468107,3167.20274228,3161.71849610,3163.77566714,2861.41076942,286
2026-01-04T19:39:00Z,3163.77566714,3167.49966797,3161.13977493,3164.86286996,426.17259710,42
2026-01-04T19:40:00Z,3164.86286996,3164.95372605,3161.52378749,3161.61455033,1300.33897177,130
2026-01-04T19:41:00Z,3161.61455033,3163.94535233,3156.68215634,3159.01103899,921.75402082,92
2026-01-04T19:42:00Z,3159.01103899,3160.09022739,3156.59744713,3157.67617951,2281.80283772,228
2026-01-04T19:43:00Z,3157.67617951,3161.24134208,3154.04076507,3157.60584824,2858.25999046,285
2026-01-04T19:44:00Z,3157.60584824,3161.35063038,3151.72651069,3155.46875834,2216.17754912,221
2026-01-04T19:45:00Z,3155.46875834,3157.56073244,3150.62150102,3152.71164725,6854.10678036,685
2026-01-04T19:46:00Z,3152.71164725,3159.33630686,3148.96119158,3155.58243611,959.69816154,95
2026-01-04T19:47:00Z,3155.58243611,3160.35284020,3154.31099346,3159.07998832,5020.33550490,502
2026-01-04T19:48:00Z,3159.07998832,3163.20533861,3153.63081624,3157.75443553,1585.99321642,158
2026-01-04T19:49:00Z,3157.75443553,3159.67629902,3153.87513270,3155.79580414,4006.90649772,400
2026-01-04T19:50:00Z,3155.79580414,3157.59578471,3153.54206214,3155.34178376,1280.98795856,128
2026-01-04T19:51:00Z,3155.34178376,3159.08929436,3151.06968643,3154.81657326,433.16622062,43
2026-01-04T19:52:00Z,3154.81657326,3156.37462600,3153.88963861,3155.44750597,1973.18841927,197
2026-01-04T19:53:00Z,3155.44750597,3156.77702734,3150.18596196,3151.51382590,2526.34777021,252
2026-01-04T19:54:00Z,3151.51382590,3154.23722624,3151.07268860,3153.79576952,3093.14802262,309
2026-01-04T19:55:00Z,3153.79576952,3154.64114572,3151.85891418,3152.70399773,4493.19186227,449
2026-01-04T19:56:00Z,3152.70399773,3153.44904241,3152.55548072,3153.30049729,666.72578809,66
2026-01-04T19:57:00Z,3153.30049729,3155.20120546,3152.59888622,3154.49932765,600.69019367,60
2026-01-04T19:58:00Z,3154.49932765,3157.59127927,3153.38003658,3156.47128850,683.95535838,68
2026-01-04T19:59:00Z,3156.47128850,3159.04239321,3152.17469061,3154.74438867,636.85532807,63
2026-01-04T20:00:00Z,3154.74438867,3156.57592393,3149.57729451,3151.40689214,1901.60910967,190
2026-01-04T20:01:00Z,3151.40689214,3154.25223157,3149.28705531,3152.13190705,1820.26554330,182
2026-01-04T20:02:00Z,3152.13190705,3154.32263471,3150.37900825,3152.56949257,689.48136142,68
2026-01-04T20:03:00Z,3152.56949257,3154.92203310,3152.05541702,3154.40765782,409.82235012,40
2026-01-04T20:04:00Z,3154.40765782,3156.61322310,3153.07285136,3155.27804832,1791.86030409,179
2026-01-04T20:05:00Z,3155.27804832,3158.27764490,3150.53030173,3153.52823483,5650.34244596,565
2026-01-04T20:06:00Z,3153.52823483,3157.30838872,3149.18643747,3152.96591730,924.41454610,92
2026-01-04T20:07:00Z,3152.96591730,3153.31203145,3149.41275561,3149.75851768,1581.60427235,158
2026-01-04T20:08:00Z,3149.75851768,3149.79672771,3148.85568282,3148.89388236,349.64592000,34
2026-01-04T20:09:00Z,3148.89388236,3149.52324603,3145.85849824,3146.48738093,254.36961820,25
2026-01-04T20:10:00Z,3146.48738093,3151.16867311,3139.71656675,3144.39474555,921.69962147,92
2026-01-04T20:11:00Z,3144.39474555,3146.52929446,3136.33992283,3138.47045009,1811.77319971,181
2026-01-04T20:12:00Z,3138.47045009,3144.96097813,3136.24313637,3142.73064105,4392.40793201,439
2026-01-04T20:13:00Z,3142.73064105,3147.71893295,3141.39558523,3146.38232587,9412.66281358,941
2026-01-04T20:14:00Z,3146.38232587,3146.55359024,3142.14751286,3142.31855603,3226.75042342,322
2026-01-04T20:15:00Z,3142.31855603,3144.30321987,3141.67958102,3143.66397128,2233.93067341,223
2026-01-04T20:16:00Z,3143.66397128,3146.97967440,3142.63568655,3145.95064171,8333.75922388,833
2026-01-04T20:17:00Z,3145.95064171,3150.77281799,3138.97829641,3143.79717180,3384.04965347,338
2026-01-04T20:18:00Z,3143.79717180,3148.23013956,3142.30965463,3146.74122938,5089.62584381,508
2026-01-04T20:19:00Z,3146.74122938,3147.58920145,3142.78750507,3143.63463998,6145.85911377,614
2026-01-04T20:20:00Z,3143.63463998,3148.88642671,3139.77120965,3145.02129222,2198.09975022,219
2026-01-04T20:21:00Z,3145.02129222,3148.56734106,3140.33348895,3143.87824899,2677.42250106,267
2026-01-04T20:22:00Z,3143.87824899,3148.05391988,3139.28401305,3143.45912726,1465.96999962,146
2026-01-04T20:23:00Z,3143.45912726,3144.38763987,3142.88772697,3143.81617468,1495.92976300,149
2026-01-04T20:24:00Z,3143.81617468,3149.35670161,3140.13653044,3145.67488187,1582.78290856,158
2026-01-04T20:25:00Z,3145.67488187,3150.31405610,3142.58163817,3147.21929373,2518.72327917,251
2026-01-04T20:26:00Z,3147.21929373,3149.61356880,3141.15243239,3143.54391138,4849.53653488,484
2026-01-04T20:27:00Z,3143.54391138,3144.52932496,3142.05422873,3143.03948419,2023.68916463,202
2026-01-04T20:28:00Z,3143.03948419,3143.20527810,3139.29648531,3139.46209052,4510.49839906,451
2026-01-04T20:29:00Z,3139.46209052,3140.51160892,3138.53512341,3139.58460564,336.79913782,33
2026-01-04T20:30:00Z,3139.58460564,3145.97241161,3136.06589625,3142.45049026,2695.68762713,269
2026-01-04T20:31:00Z,3142.45049026,3144.95428900,3139.04474731,3141.54782684,7799.66653051,779
2026-01-04T20:32:00Z,3141.54782684,3145.24062825,3141.52466865,3145.21744301,1012.89540932,101
2026-01-04T20:33:00Z,3145.21744301,3147.95100302,3140.46991830,3143.20172642,2663.28761074,266
2026-01-04T20:34:00Z,3143.20172642,3148.75969123,3143.01364000,3148.57128350,16059.11995934,1605
2026-01-04T20:35:00Z,3148.57128350,3155.18939121,3146.61675377,3153.23196827,472.88107750,47
2026-01-04T20:36:00Z,3153.23196827,3156.83693916,3152.75536450,3156.35986261,3232.45609140,323
2026-01-04T20:37:00Z,3156.35986261,3160.54361862,3151.18382623,3155.36626522,1086.67489727,108
2026-01-04T20:38:00Z,3155.36626522,3156.04914324,3150.95429024,3151.63636104,6233.72280341,623
2026-01-04T20:39:00Z,3151.63636104,3151.95590951,3148.36808023,3148.68732969,1922.76356217,192
2026-01-04T20:40:00Z,3148.68732969,3148.92977592,3148.02765618,3148.27007028,1836.08234164,183
2026-01-04T20:41:00Z,3148.27007028,3149.37863908,3147.39910737,3148.50761046,111.19441831,11
2026-01-04T20:42:00Z,3148.50761046,3150.06548975,3147.37828932,3148.93601495,2764.73754885,276
2026-01-04T20:43:00Z,3148.93601495,3149.48544702,3148.61839006,3149.16779875,941.13468723,94
2026-01-04T20:44:00Z,3149.16779875,3152.43207238,3146.40332297,3149.66715824,1702.75667268,170
2026-01-04T20:45:00Z,3149.66715824,3152.96290706,3146.13419312,3149.42969345,3315.74634641,331
2026-01-04T20:46:00Z,3149.42969345,3153.23555757,3147.57114315,3151.37585879,5668.98948324,566
2026-01-04T20:47:00Z,3151.37585879,3157.60091226,3147.89048535,3154.11251212,4576.56136161,457
2026-01-04T20:48:00Z,3154.11251212,3158.89719918,3152.78779253,3157.57102701,8721.99954535,872
2026-01-04T20:49:00Z,3157.57102701,3158.03461393,3155.76817277,3156.23156303,899.14289809,89
2026-01-04T20:50:00Z,3156.23156303,3157.19865935,3155.19007533,3156.15714885,1403.14514516,140
2026-01-04T20:51:00Z,3156.15714885,3160.93594774,3155.74692995,3160.52516111,7029.27527436,702
2026-01-04T20:52:00Z,3160.52516111,3162.71791344,3157.78116004,3159.97352966,569.86375200,56
2026-01-04T20:53:00Z,3159.97352966,3161.53811851,3157.91784373,3159.48218931,1278.55020557,127
2026-01-04T20:54:00Z,3159.48218931,3165.53932069,3159.29511944,3165.35190329,10268.78670459,1026
2026-01-04T20:55:00Z,3165.35190329,3165.63769737,3163.37097297,3163.65661399,4838.76456786,483
2026-01-04T20:56:00Z,3163.65661399,3168.49032703,3160.92310269,3165.75500265,1741.03485828,174
2026-01-04T20:57:00Z,3165.75500265,3169.29728947,3163.16922773,3166.71073391,1619.28905095,161
2026-01-04T20:58:00Z,3166.71073391,3175.12079861,3162.79117719,3171.19569069,3432.24577893,343
2026-01-04T20:59:00Z,3171.19569069,3173.55899077,3167.91090172,3170.27351456,1729.33768386,172
2026-01-04T21:00:00Z,3170.27351456,3172.71752444,3169.10025458,3171.54379435,2357.70845578,235
2026-01-04T21:01:00Z,3171.54379435,3173.75975630,3170.34585053,3172.56142810,1176.97135139,117
2026-01-04T21:02:00Z,3172.56142810,3176.04502498,3170.49498637,3173.97766078,1116.61334345,111
2026-01-04T21:03:00Z,3173.97766078,3181.07799041,3171.81576298,3178.91273117,6212.20103560,621
2026-01-04T21:04:00Z,3178.91273117,3180.24007581,3178.69198100,3180.01924879,3677.51200748,367
2026-01-04T21:05:00Z,3180.01924879,3182.42340756,3177.69559356,3180.09969354,1439.54353716,143
2026-01-04T21:06:00Z,3180.09969354,3180.52050670,3179.49828611,3179.91907537,1808.85375501,180
2026-01-04T21:07:00Z,3179.91907537,3180.94687757,3179.32935624,3180.35707722,2709.99946728,270
2026-01-04T21:08:00Z,3180.35707722,3182.92186770,3178.25959829,3180.82408078,827.76844518,82
2026-01-04T21:09:00Z,3180.82408078,3181.99106512,3177.64291735,3178.80916245,2480.90312916,248
2026-01-04T21:10:00Z,3178.80916245,3179.65511630,3177.56004417,3178.40589070,2228.83378178,222
2026-01-04T21:11:00Z,3178.40589070,3179.53867307,3175.99040199,3177.12272704,1082.16831538,108
2026-01-04T21:12:00Z,3177.12272704,3177.47302761,3173.88860512,3174.23858768,2964.91972567,296
2026-01-04T21:13:00Z,3174.23858768,3175.69084813,3174.06844701,3175.52063874,2711.66653680,271
2026-01-04T21:14:00Z,3175.52063874,3180.91337357,3173.47581068,3178.86639106,2531.72500341,253
2026-01-04T21:15:00Z,3178.86639106,3178.98826884,3174.10742559,3174.22912557,4853.77339800,485
2026-01-04T21:16:00Z,3174.22912557,3177.33906554,3174.04291159,3177.15268005,1865.04899783,186
2026-01-04T21:17:00Z,3177.15268005,3177.94101150,3175.53004456,3176.31816895,1502.74015706,150
2026-01-04T21:18:00Z,3176.31816895,3180.98153644,3166.48663431,3171.14240291,5870.45363227,587
2026-01-04T21:19:00Z,3171.14240291,3173.58047403,3169.78530960,3172.22291831,498.48350796,49
2026-01-04T21:20:00Z,3172.22291831,3173.49119127,3168.84181357,3170.10924146,6390.78494317,639
2026-01-04T21:21:00Z,3170.10924146,3176.26499152,3168.98805493,3175.14202502,5781.26341428,578
2026-01-04T21:22:00Z,3175.14202502,3179.28786208,3172.75465310,3176.89916898,5688.72882584,568
2026-01-04T21:23:00Z,3176.89916898,3179.01209945,3173.21327730,3175.32516090,2282.76702272,228
2026-01-04T21:24:00Z,3175.32516090,3177.47806422,3174.92163386,3177.07431489,1496.74665525,149
2026-01-04T21:25:00Z,3177.07431489,3177.83452881,3171.73366949,3172.49278714,6296.96876393,629
2026-01-04T21:26:00Z,3172.49278714,3176.31169676,3171.06039289,3174.87822547,1579.70662286,157
2026-01-04T21:27:00Z,3174.87822547,3176.39787995,3174.52990008,3176.04942605,1704.50009072,170
2026-01-04T21:28:00Z,3176.04942605,3176.54616745,3172.54253601,3173.03880654,4996.10756973,499
2026-01-04T21:29:00Z,3173.03880654,3173.88861449,3171.00969262,3171.85918464,813.93146038,81
2026-01-04T21:30:00Z,3171.85918464,3178.27030969,3171.24874018,3177.65874907,7089.37545412,708
2026-01-04T21:31:00Z,3177.65874907,3180.07577067,3176.47663591,3178.89319828,3329.61271988,332
2026-01-04T21:32:00Z,3178.89319828,3180.91595287,3174.25831185,3176.27940326,2209.70229401,220
2026-01-04T21:33:00Z,3176.27940326,3178.00763029,3175.77605057,3177.50408352,679.98305291,67
2026-01-04T21:34:00Z,3177.50408352,3179.13966345,3177.20548429,3178.84093859,477.97210720,47
2026-01-04T21:35:00Z,3178.84093859,3184.97839972,3176.18880124,3182.32335697,2865.51112104,286
2026-01-04T21:36:00Z,3182.32335697,3185.39098188,3174.17845218,3177.24117809,4357.46102339,435
2026-01-04T21:37:00Z,3177.24117809,3179.79835327,3176.33740874,3178.89411374,903.17904144,90
2026-01-04T21:38:00Z,3178.89411374,3180.62024352,3175.62997956,3177.35527376,425.93239687,42
2026-01-04T21:39:00Z,3177.35527376,3179.98742414,3173.79443025,3176.42581065,503.17029911,50
2026-01-04T21:40:00Z,3176.42581065,3179.26355044,3175.48097094,3178.31814784,6669.71211602,666
2026-01-04T21:41:00Z,3178.31814784,3180.28873991,3171.44607240,3173.41362361,1807.16686808,180
2026-01-04T21:42:00Z,3173.41362361,3173.98011043,3171.32842744,3171.89464310,3190.22746703,319
2026-01-04T21:43:00Z,3171.89464310,3175.15412988,3166.41037997,3169.66757818,5429.21053413,542
2026-01-04T21:44:00Z,3169.66757818,3172.12661014,3168.64112994,3171.09969812,3377.26184188,337
2026-01-04T21:45:00Z,3171.09969812,3176.29331767,3169.08777599,3174.27937817,2602.89274908,260
2026-01-04T21:46:00Z,3174.27937817,3175.90213901,3173.15212460,3174.77470953,879.97304225,87
2026-01-04T21:47:00Z,3174.77470953,3185.32721775,3157.10871984,3167.63750498,814.04637292,81
2026-01-04T21:48:00Z,3167.63750498,3177.64129259,3158.86817388,3168.86855343,477.18342679,47
2026-01-04T21:49:00Z,3168.86855343,3187.96822207,3165.85307291,3184.93745046,5067.92050257,506
2026-01-04T21:50:00Z,3184.93745046,3192.37980211,3172.96447640,3180.39621639,205.19067264,20
2026-01-04T21:51:00Z,3180.39621639,3190.27544244,3156.00479697,3165.83880351,3751.63010216,375
2026-01-04T21:52:00Z,3165.83880351,3169.63741223,3163.34816271,3167.14574323,3102.63283095,310
2026-01-04T21:53:00Z,3167.14574323,3169.73479877,3163.95025789,3166.53881729,1267.82751998,126
2026-01-04T21:54:00Z,3166.53881729,3168.44611327,3165.26664683,3167.17368776,3662.58907916,366
2026-01-04T21:55:00Z,3167.17368776,3168.68007184,3162.72165769,3164.22664008,4000.36079238,400
2026-01-04T21:56:00Z,3164.22664008,3166.51419407,3164.16734678,3166.45485901,2011.02352188,201
2026-01-04T21:57:00Z,3166.45485901,3170.89026179,3166.03607559,3170.47094722,5303.13730786,530
2026-01-04T21:58:00Z,3170.47094722,3171.34928982,3169.90022677,3170.77851401,1114.93667722,111
2026-01-04T21:59:00Z,3170.77851401,3177.08768299,3161.77304930,3168.07684253,6052.38562335,605
2026-01-04T22:00:00Z,3168.07684253,3169.62626237,3167.42871457,3168.97795006,3772.25884293,377
2026-01-04T22:01:00Z,3168.97795006,3170.38002670,3166.21117684,3167.61264941,1264.03916951,126
2026-01-04T22:02:00Z,3167.61264941,3171.52504433,3164.66314637,3168.57464553,1398.47508791,139
2026-01-04T22:03:00Z,3168.57464553,3171.35585622,3162.59218490,3165.37058324,7209.92055470,720
2026-01-04T22:04:00Z,3165.37058324,3170.54146839,3161.91688063,3167.08589423,583.25358729,58
2026-01-04T22:05:00Z,3167.08589423,3169.14661501,3162.72104837,3164.78026897,4477.09276607,447
2026-01-04T22:06:00Z,3164.78026897,3166.53019546,3159.93035949,3161.67857094,4754.13809685,475
2026-01-04T22:07:00Z,3161.67857094,3162.14951420,3161.55363448,3162.02456407,746.20548350,74
2026-01-04T22:08:00Z,3162.02456407,3166.12702993,3155.26249993,3159.36151069,3388.26283088,338
2026-01-04T22:09:00Z,3159.36151069,3160.70627264,3157.00075916,3158.34508848,1895.84493978,189
2026-01-04T22:10:00Z,3158.34508848,3162.07659510,3157.73038041,3161.46128053,3690.47659392,369
2026-01-04T22:11:00Z,3161.46128053,3164.08138093,3158.53905704,3161.15890685,2265.82320131,226
2026-01-04T22:12:00Z,3161.15890685,3162.37294332,3160.92729014,3162.14125463,3853.27022540,385
2026-01-04T22:13:00Z,3162.14125463,3162.19924724,3159.50427231,3159.56221762,2701.72002225,270
2026-01-04T22:14:00Z,3159.56221762,3164.41201388,3157.18344672,3162.03138399,3052.65711791,305
2026-01-04T22:15:00Z,3162.03138399,3166.80787423,3159.69559689,3164.47028552,742.93839075,74
2026-01-04T22:16:00Z,3164.47028552,3165.95054786,3163.83700975,3165.31710263,2894.71801303,289
2026-01-04T22:17:00Z,3165.31710263,3169.86984358,3162.57538966,3167.12656331,658.95195789,65
2026-01-04T22:18:00Z,3167.12656331,3167.79843144,3164.44948613,3165.12092879,4362.22760501,436
2026-01-04T22:19:00Z,3165.12092879,3170.63426674,3162.28342077,3167.79436200,1983.07971443,198
2026-01-04T22:20:00Z,3167.79436200,3169.34342642,3162.38772103,3163.93489815,332.01995640,33
2026-01-04T22:21:00Z,3163.93489815,3166.10567482,3157.92238402,3160.09052306,8935.58586218,893
2026-01-04T22:22:00Z,3160.09052306,3162.27225942,3158.29722365,3160.47873970,845.02943501,84
2026-01-04T22:23:00Z,3160.47873970,3161.15432913,3159.42916679,3160.10467626,1783.74946146,178
2026-01-04T22:24:00Z,3160.10467626,3160.56421712,3159.38208445,3159.84158705,3044.85650281,304
2026-01-04T22:25:00Z,3159.84158705,3162.18441795,3157.83055404,3160.17317391,1554.80263942,155
2026-01-04T22:26:00Z,3160.17317391,3160.36446918,3157.13891083,3157.33003400,1781.10730529,178
2026-01-04T22:27:00Z,3157.33003400,3160.92582833,3155.97417319,3159.56900603,899.20917773,89
2026-01-04T22:28:00Z,3159.56900603,3163.17986438,3157.29564447,3160.90554116,839.34303805,83
2026-01-04T22:29:00Z,3160.90554116,3161.19704710,3160.66485694,3160.95635901,2504.05275460,250
2026-01-04T22:30:00Z,3160.95635901,3164.42723777,3160.51024840,3163.98070033,8568.40864500,856
2026-01-04T22:31:00Z,3163.98070033,3168.71188708,3161.08684144,3165.81634926,2147.98463136,214
2026-01-04T22:32:00Z,3165.81634926,3166.93097426,3164.95280595,3166.06736249,3981.83597778,398
2026-01-04T22:33:00Z,3166.06736249,3171.02428039,3161.66179562,3166.61794739,1092.22125850,109
2026-01-04T22:34:00Z,3166.61794739,3171.23123510,3164.91205981,3169.52378211,2070.04502450,207
2026-01-04T22:35:00Z,3169.52378211,3170.62874611,3167.78726754,3168.89201130,491.11361067,49
2026-01-04T22:36:00Z,3168.89201130,3170.75693972,3167.79574711,3169.66040971,2457.38548766,245
2026-01-04T22:37:00Z,3169.66040971,3173.81241317,3168.62287074,3172.77385506,2036.00632843,203
2026-01-04T22:38:00Z,3172.77385506,3172.80262604,3171.19675159,3171.22550853,734.56667624,73
2026-01-04T22:39:00Z,3171.22550853,3172.14079386,3170.16543689,3171.08068043,1699.69342626,169
2026-01-04T22:40:00Z,3171.08068043,3172.53827957,3165.45683187,3166.91251510,501.99271411,50
2026-01-04T22:41:00Z,3166.91251510,3169.00626847,3165.36620447,3167.45969068,785.93834045,78
2026-01-04T22:42:00Z,3167.45969068,3169.37623516,3164.38527084,3166.30111430,628.16531948,62
2026-01-04T22:43:00Z,3166.30111430,3167.05584628,3162.16643307,3162.92035920,3336.65878713,333
2026-01-04T22:44:00Z,3162.92035920,3165.01084148,3161.52177662,3163.61195309,886.61254792,88
2026-01-04T22:45:00Z,3163.61195309,3166.71360870,3161.62995429,3164.73090888,808.70467277,80
2026-01-04T22:46:00Z,3164.73090888,3166.10577632,3160.71274287,3162.08646147,1432.44506776,143
2026-01-04T22:47:00Z,3162.08646147,3163.39800069,3160.50452035,3161.81594736,1290.24325531,129
2026-01-04T22:48:00Z,3161.81594736,3167.35372759,3158.49581853,3164.03127251,419.86003116,41
2026-01-04T22:49:00Z,3164.03127251,3166.37805908,3157.77143363,3160.11531570,2226.51402255,222
2026-01-04T22:50:00Z,3160.11531570,3161.45825835,3157.68784927,3159.03033084,2797.51363711,279
2026-01-04T22:51:00Z,3159.03033084,3167.54062724,3155.21653807,3163.72117137,1632.01412287,163
2026-01-04T22:52:00Z,3163.72117137,3167.92459352,3159.48473694,3163.68811518,573.34618780,57
2026-01-04T22:53:00Z,3163.68811518,3169.75912090,3160.97004559,3167.03817312,2238.78126876,223
2026-01-04T22:54:00Z,3167.03817312,3177.49988609,3158.20923314,3168.66640698,5375.34736830,537
2026-01-04T22:55:00Z,3168.66640698,3184.81027508,3167.56451765,3183.70315679,14997.11506558,1499
2026-01-04T22:56:00Z,3183.70315679,3195.63813939,3173.68339396,3185.61236788,1885.37080332,188
2026-01-04T22:57:00Z,3185.61236788,3197.41357449,3182.07036083,3193.86239443,1728.84869263,172
2026-01-04T22:58:00Z,3193.86239443,3198.24262145,3192.00691007,3196.38567118,989.07293588,98
2026-01-04T22:59:00Z,3196.38567118,3215.65148224,3195.02423585,3214.28242415,9150.23519439,915
2026-01-04T23:00:00Z,3214.28242415,3242.74131525,3193.72511680,3222.13379358,483.02276527,48
2026-01-04T23:01:00Z,3222.13379358,3224.80590572,3220.58861582,3223.26018779,1501.72219064,150
2026-01-04T23:02:00Z,3223.26018779,3228.76737159,3216.48209913,3221.98710777,1753.83379443,175
2026-01-04T23:03:00Z,3221.98710777,3227.36758681,3218.61011168,3223.98849305,561.05263193,56
2026-01-04T23:04:00Z,3223.98849305,3233.49514531,3211.25027214,3220.74736721,1994.68791101,199
2026-01-04T23:05:00Z,3220.74736721,3239.78912801,3217.31982211,3236.34498380,9816.76536272,981
2026-01-04T23:06:00Z,3236.34498380,3238.87213657,3226.75061058,3229.27224049,2837.12281374,283
2026-01-04T23:07:00Z,3229.27224049,3239.28885684,3220.09111866,3230.10536635,1372.92971051,137
2026-01-04T23:08:00Z,3230.10536635,3247.07842007,3223.19850929,3240.15008463,933.45711686,93
2026-01-04T23:09:00Z,3240.15008463,3242.87536043,3235.92687120,3238.65088603,3909.88425844,390
2026-01-04T23:10:00Z,3238.65088603,3242.10297817,3232.52509562,3235.97433481,1071.40673117,107
2026-01-04T23:11:00Z,3235.97433481,3242.93617590,3220.68223263,3227.62611344,1539.55641507,153
2026-01-04T23:12:00Z,3227.62611344,3230.89127374,3218.86088863,3222.12047928,618.03999337,61
2026-01-04T23:13:00Z,3222.12047928,3225.03094159,3215.54607044,3218.45322021,2220.00390526,222
2026-01-04T23:14:00Z,3218.45322021,3226.91399375,3212.33310055,3220.78943162,2961.48359921,296
2026-01-04T23:15:00Z,3220.78943162,3228.33533098,3210.35191443,3217.89102320,861.24810710,86
2026-01-04T23:16:00Z,3217.89102320,3233.56053987,3214.41930964,3230.07568055,7000.85679291,700
2026-01-04T23:17:00Z,3230.07568055,3245.20105013,3226.78144199,3241.89475772,3510.69343731,351
2026-01-04T23:18:00Z,3241.89475772,3248.42106327,3227.54992534,3234.06045955,920.12695565,92
2026-01-04T23:19:00Z,3234.06045955,3242.68436305,3227.12878873,3235.74907297,214.80964686,21
2026-01-04T23:20:00Z,3235.74907297,3242.60987910,3229.65093435,3236.51030585,1447.48866183,144
2026-01-04T23:21:00Z,3236.51030585,3242.98583271,3234.95630565,3241.42947059,1457.68220026,145
2026-01-04T23:22:00Z,3241.42947059,3247.93478005,3234.17718676,3240.68099408,657.54217766,65
2026-01-04T23:23:00Z,3240.68099408,3250.33680850,3225.79934686,3235.43954405,793.21200848,79
2026-01-04T23:24:00Z,3235.43954405,3236.77839245,3232.00010963,3233.33808843,2230.95995896,223
2026-01-04T23:25:00Z,3233.33808843,3237.86247019,3232.87697609,3237.40077847,5302.47932458,530
2026-01-04T23:26:00Z,3237.40077847,3255.74182741,3225.10605938,3243.42423297,2772.28319354,277
2026-01-04T23:27:00Z,3243.42423297,3248.70821943,3241.09636080,3246.37822711,3636.71894081,363
2026-01-04T23:28:00Z,3246.37822711,3254.07904518,3245.38671107,3253.08548059,835.29481565,83
2026-01-04T23:29:00Z,3253.08548059,3263.74807299,3246.52590634,3257.18024199,1049.05447355,104
2026-01-04T23:30:00Z,3257.18024199,3266.70596901,3250.82780474,3260.34735497,1004.20683111,100
2026-01-04T23:31:00Z,3260.34735497,3267.37315072,3257.14033016,3264.16237329,1103.51123839,110
2026-01-04T23:32:00Z,3264.16237329,3285.02020554,3260.52894257,3281.36762317,8915.03057629,891
2026-01-04T23:33:00Z,3281.36762317,3287.72807574,3275.21069618,3281.57076757,2675.48213199,267
2026-01-04T23:34:00Z,3281.57076757,3285.63084601,3275.00875106,3279.06573018,3614.75639154,361
2026-01-04T23:35:00Z,3279.06573018,3284.12916293,3278.66932766,3283.73219629,1639.40191739,163
2026-01-04T23:36:00Z,3283.73219629,3286.08175733,3281.53300806,3283.88246846,468.36971328,46
2026-01-04T23:37:00Z,3283.88246846,3287.19691193,3279.62161409,3282.93510138,2943.48875977,294
2026-01-04T23:38:00Z,3282.93510138,3284.70918184,3276.61136690,3278.38298742,3931.31954132,393
2026-01-04T23:39:00Z,3278.38298742,3282.41806757,3268.77959107,3272.80780920,2645.62577539,264
2026-01-04T23:40:00Z,3272.80780920,3275.18559040,3258.34327851,3260.71227198,6407.90251100,640
2026-01-04T23:41:00Z,3260.71227198,3272.67687742,3257.06502911,3269.02034162,3990.19863086,399
2026-01-04T23:42:00Z,3269.02034162,3279.68973031,3260.08767834,3270.75233432,1203.12600773,120
2026-01-04T23:43:00Z,3270.75233432,3284.46199706,3261.69076524,3275.38758609,3166.20746266,316
2026-01-04T23:44:00Z,3275.38758609,3308.29036356,3265.67297949,3298.50718559,5957.34648859,595
2026-01-04T23:45:00Z,3298.50718559,3306.36287203,3289.52401290,3297.37700772,1662.72643439,166
2026-01-04T23:46:00Z,3297.37700772,3303.65090998,3295.28504822,3301.55629901,104.13458665,10
2026-01-04T23:47:00Z,3301.55629901,3304.41133174,3290.50992625,3293.35786936,3089.96801483,308
2026-01-04T23:48:00Z,3293.35786936,3294.29581479,3291.20168920,3292.13928758,3584.79409610,358
2026-01-04T23:49:00Z,3292.13928758,3304.61871353,3276.04166848,3288.50732686,3716.66770997,371
2026-01-04T23:50:00Z,3288.50732686,3309.01628180,3274.68981571,3295.17077247,4849.35512675,484
2026-01-04T23:51:00Z,3295.17077247,3297.84841273,3280.18970132,3282.85733574,3848.37011151,384
2026-01-04T23:52:00Z,3282.85733574,3295.11697414,3278.83706862,3291.08662922,5822.43944846,582
2026-01-04T23:53:00Z,3291.08662922,3293.83114166,3280.25656115,3282.99432523,2423.73998425,242
2026-01-04T23:54:00Z,3282.99432523,3287.80602239,3274.54087150,3279.34722332,1478.95846432,147
2026-01-04T23:55:00Z,3279.34722332,3283.19712679,3277.60334196,3281.45212610,3660.22210139,366
2026-01-04T23:56:00Z,3281.45212610,3284.99275246,3274.91186563,3278.44925195,3399.01366405,339
2026-01-04T23:57:00Z,3278.44925195,3279.56396442,3266.86828181,3267.97943443,2899.98359110,289
2026-01-04T23:58:00Z,3267.97943443,3282.78822530,3261.42495095,3276.21721956,3166.01504163,316
2026-01-04T23:59:00Z,3276.21721956,3288.06211606,3268.87789681,3280.71272256,3724.79590712,372
2026-01-05T00:00:00Z,3280.71272256,3285.86341089,3266.91267812,3272.04976569,4440.24446542,444
2026-01-05T00:01:00Z,3272.04976569,3277.79629728,3266.69829475,3272.44418127,1507.66103969,150
2026-01-05T00:02:00Z,3272.44418127,3279.64378079,3259.53694414,3266.72395878,660.79797132,66
2026-01-05T00:03:00Z,3266.72395878,3282.10350310,3264.36432162,3279.73446812,4940.15636179,494
2026-01-05T00:04:00Z,3279.73446812,3290.60117376,3267.95311184,3278.81677691,611.66999246,61
2026-01-05T00:05:00Z,3278.81677691,3280.81959610,3264.67900265,3266.67440484,1784.85956927,178
2026-01-05T00:06:00Z,3266.67440484,3268.05432976,3254.59497569,3255.97037896,1071.95443326,107
2026-01-05T00:07:00Z,3255.97037896,3262.83153177,3239.01686366,3245.85670440,2066.64102160,206
2026-01-05T00:08:00Z,3245.85670440,3252.05554775,3237.68942765,3243.88450455,2014.00201261,201
2026-01-05T00:09:00Z,3243.88450455,3254.71633576,3234.28076492,3245.10897101,2752.79587079,275
2026-01-05T00:10:00Z,3245.10897101,3252.35093413,3243.46085648,3250.69998005,2008.73859755,200
2026-01-05T00:11:00Z,3250.69998005,3254.29314456,3239.63645419,3243.22135219,7113.89498037,711
2026-01-05T00:12:00Z,3243.22135219,3246.61285804,3241.19631377,3244.58696694,1889.30800606,188
2026-01-05T00:13:00Z,3244.58696694,3246.10869550,3242.14703615,3243.66833386,105.64888268,10
2026-01-05T00:14:00Z,3243.66833386,3249.72169281,3239.41393492,3245.46493744,507.09997878,50
2026-01-05T00:15:00Z,3245.46493744,3246.32470196,3243.63521606,3244.49472356,333.35674431,33
2026-01-05T00:16:00Z,3244.49472356,3255.43996225,3225.04548622,3235.96193974,9660.70940029,966
2026-01-05T00:17:00Z,3235.96193974,3246.21113757,3232.58147421,3242.82350407,2498.59381679,249
2026-01-05T00:18:00Z,3242.82350407,3247.33788494,3229.71378413,3234.21618263,6282.00839980,628
2026-01-05T00:19:00Z,3234.21618263,3235.23720242,3223.38493665,3224.40285845,3080.55016330,308
2026-01-05T00:20:00Z,3224.40285845,3230.36150137,3202.47319425,3208.40226835,5668.82851614,566
2026-01-05T00:21:00Z,3208.40226835,3224.75906272,3200.44111069,3216.77712414,7502.00290460,750
2026-01-05T00:22:00Z,3216.77712414,3217.51451216,3213.07779134,3213.81450024,2496.74919295,249
2026-01-05T00:23:00Z,3213.81450024,3223.15273587,3206.71004410,3216.04335263,923.95389398,92
2026-01-05T00:24:00Z,3216.04335263,3218.53788442,3214.20272212,3216.69687988,1752.48742259,175
2026-01-05T00:25:00Z,3216.69687988,3235.24805910,3208.59990722,3227.12483750,6507.65802408,650
2026-01-05T00:26:00Z,3227.12483750,3230.35957110,3215.74431270,3218.97087311,4213.36385332,421
2026-01-05T00:27:00Z,3218.97087311,3226.17912015,3208.57083426,3215.77191788,1554.63522225,155
2026-01-05T00:28:00Z,3215.77191788,3220.68181853,3194.84248900,3199.72789334,3170.39809485,317
2026-01-05T00:29:00Z,3199.72789334,3224.55719228,3198.12321033,3222.94086782,4251.91255369,425
2026-01-05T00:30:00Z,3222.94086782,3225.27803985,3212.72696997,3215.05842591,8201.73639070,820
2026-01-05T00:31:00Z,3215.05842591,3240.31230257,3198.57992203,3223.78905063,2763.40376903,276
2026-01-05T00:32:00Z,3223.78905063,3239.74121049,3222.65017891,3238.59710752,6303.99700194,630
2026-01-05T00:33:00Z,3238.59710752,3253.63652224,3223.42140391,3238.46018278,2313.45985657,231
2026-01-05T00:34:00Z,3238.46018278,3255.50684762,3227.63541754,3244.66135455,6293.56547637,629
2026-01-05T00:35:00Z,3244.66135455,3244.77179816,3235.82874550,3235.93889221,7736.96701735,773
2026-01-05T00:36:00Z,3235.93889221,3237.27317138,3230.92663312,3232.25939512,1079.90035602,107
2026-01-05T00:37:00Z,3232.25939512,3245.25396457,3232.19946748,3245.19379712,4162.06756117,416
2026-01-05T00:38:00Z,3245.19379712,3252.34015146,3241.76156598,3248.90399627,3688.32516714,368
2026-01-05T00:39:00Z,3248.90399627,3251.62271421,3242.26169024,3244.97712212,1321.64987687,132
2026-01-05T00:40:00Z,3244.97712212,3252.75682238,3236.21259598,3243.98992949,1761.61256677,176
2026-01-05T00:41:00Z,3243.98992949,3244.32244107,3230.82378490,3231.15498089,6489.21213135,648
2026-01-05T00:42:00Z,3231.15498089,3232.45673664,3228.63034656,3229.93160944,2858.76433849,285
2026-01-05T00:43:00Z,3229.93160944,3242.25412959,3206.78309432,3219.06415401,3065.83360258,306
2026-01-05T00:44:00Z,3219.06415401,3224.47965390,3217.14940766,3222.56282649,974.71001820,97
2026-01-05T00:45:00Z,3222.56282649,3233.56182303,3219.37826858,3230.36955047,12068.60727644,1206
2026-01-05T00:46:00Z,3230.36955047,3241.05801052,3223.86805368,3234.54810391,2447.51053217,244
2026-01-05T00:47:00Z,3234.54810391,3236.75661580,3224.92680198,3227.13024905,1098.19754204,109
2026-01-05T00:48:00Z,3227.13024905,3231.89839211,3213.89113109,3218.64673961,2207.97324126,220
2026-01-05T00:49:00Z,3218.64673961,3226.41759202,3212.48354773,3220.25132761,585.50732785,58
2026-01-05T00:50:00Z,3220.25132761,3220.82116281,3216.21104510,3216.78026608,3031.72947664,303
2026-01-05T00:51:00Z,3216.78026608,3238.57287091,3210.45601621,3232.21826964,4028.39433941,402
2026-01-05T00:52:00Z,3232.21826964,3235.74647326,3223.65126728,3227.17396467,1819.81722442,181
2026-01-05T00:53:00Z,3227.17396467,3231.16513305,3210.03913139,3214.01402437,17841.02232196,1784
2026-01-05T00:54:00Z,3214.01402437,3216.21550050,3205.77381215,3207.97114914,1653.27915949,165
2026-01-05T00:55:00Z,3207.97114914,3216.56850411,3206.65951145,3215.25388874,3060.30941924,306
2026-01-05T00:56:00Z,3215.25388874,3220.22902502,3211.70566179,3216.67922512,893.52381612,89
2026-01-05T00:57:00Z,3216.67922512,3223.22552547,3215.60450496,3222.14897781,2749.48557240,274
2026-01-05T00:58:00Z,3222.14897781,3230.74586676,3205.46594969,3214.04120661,2125.60312369,212
2026-01-05T00:59:00Z,3214.04120661,3222.27656569,3198.98153738,3207.19936557,9424.49096495,942
2026-01-05T01:00:00Z,3207.19936557,3209.17505367,3199.16967115,3201.14162758,3161.90279212,316
2026-01-05T01:01:00Z,3201.14162758,3203.52273334,3200.49496343,3202.87571888,3224.64050821,322
2026-01-05T01:02:00Z,3202.87571888,3207.44798616,3192.71983674,3197.28412173,3173.93293805,317
2026-01-05T01:03:00Z,3197.28412173,3215.35131833,3186.99315730,3205.03540517,1890.84686464,189
2026-01-05T01:04:00Z,3205.03540517,3218.71108671,3201.15817908,3214.82202146,991.10226880,99
2026-01-05T01:05:00Z,3214.82202146,3217.66876798,3209.05049009,3211.89464440,568.32878858,56
2026-01-05T01:06:00Z,3211.89464440,3220.75673524,3205.70308012,3214.56003290,227.54718368,22
2026-01-05T01:07:00Z,3214.56003290,3216.44531968,3207.35494575,3209.23711073,8301.11113186,830
2026-01-05T01:08:00Z,3209.23711073,3224.12362529,3194.37148337,3209.25790163,1601.06432280,160
2026-01-05T01:09:00Z,3209.25790163,3221.04218745,3191.14249468,3202.90344716,1330.02475319,133
2026-01-05T01:10:00Z,3202.90344716,3215.13554084,3188.78704688,3201.01191668,1386.12653850,138
2026-01-05T01:11:00Z,3201.01191668,3210.16377053,3179.83432440,3188.95169748,2005.28768420,200
2026-01-05T01:12:00Z,3188.95169748,3189.97851703,3183.52544765,3184.55085016,452.91481906,45
2026-01-05T01:13:00Z,3184.55085016,3196.57335511,3178.34869929,3190.35989069,1526.77401979,152
2026-01-05T01:14:00Z,3190.35989069,3200.75536624,3189.80980653,3200.20358482,2582.19198427,258
2026-01-05T01:15:00Z,3200.20358482,3203.07647856,3198.40686705,3201.27915692,3422.70263657,342
2026-01-05T01:16:00Z,3201.27915692,3203.53584955,3191.19899807,3193.45017177,1429.25461701,142
2026-01-05T01:17:00Z,3193.45017177,3194.16032098,3191.17466172,3191.88446275,1968.83061486,196
2026-01-05T01:18:00Z,3191.88446275,3194.25276627,3190.93452135,3193.30240287,1232.42748696,123
2026-01-05T01:19:00Z,3193.30240287,3197.80667157,3190.92119753,3195.42388427,2426.86897400,242
2026-01-05T01:20:00Z,3195.42388427,3198.49255697,3194.18441575,3197.25237920,4057.42537020,405
2026-01-05T01:21:00Z,3197.25237920,3199.29288569,3196.84068436,3198.88098115,4059.53900165,405
2026-01-05T01:22:00Z,3198.88098115,3203.30882592,3194.05231622,3198.47960541,584.57097031,58
2026-01-05T01:23:00Z,3198.47960541,3200.73446815,3190.96642775,3193.21758087,2122.34891378,212
2026-01-05T01:24:00Z,3193.21758087,3196.25929444,3187.40306466,3190.44213447,4224.62252694,422
2026-01-05T01:25:00Z,3190.44213447,3191.81460250,3185.15917022,3186.52995531,1426.66725246,142
2026-01-05T01:26:00Z,3186.52995531,3188.62979605,3184.16707458,3186.26674187,414.01301409,41
2026-01-05T01:27:00Z,3186.26674187,3186.95521286,3183.29906532,3183.98704373,889.18054539,88
2026-01-05T01:28:00Z,3183.98704373,3188.10128566,3182.28617592,3186.39912932,3048.99858673,304
2026-01-05T01:29:00Z,3186.39912932,3189.02812410,3184.10844252,3186.73719427,1694.39192572,169
2026-01-05T01:30:00Z,3186.73719427,3193.07472591,3185.18240555,3191.51760486,14294.57472253,1429
2026-01-05T01:31:00Z,3191.51760486,3198.51097254,3187.83843846,3194.82798994,3403.22166620,340
2026-01-05T01:32:00Z,3194.82798994,3195.32767183,3191.81825830,3192.31754755,9336.92129856,933
2026-01-05T01:33:00Z,3192.31754755,3194.22707075,3186.47792204,3188.38509299,5876.71521100,587
2026-01-05T01:34:00Z,3188.38509299,3190.35110326,3186.72650646,3188.69235690,1649.14324234,164
2026-01-05T01:35:00Z,3188.69235690,3189.37537570,3187.07659032,3187.75940929,691.40914296,69
2026-01-05T01:36:00Z,3187.75940929,3189.63500711,3184.20894588,3186.08355767,7187.54419508,718
2026-01-05T01:37:00Z,3186.08355767,3186.29375938,3185.74180742,3185.95200045,880.80302056,88
2026-01-05T01:38:00Z,3185.95200045,3187.36808664,3185.37283300,3186.78876707,2468.97556454,246
2026-01-05T01:39:00Z,3186.78876707,3188.30528884,3183.01533229,3184.53077953,2244.61936718,224
2026-01-05T01:40:00Z,3184.53077953,3185.66473091,3184.01335722,3185.14720844,2733.41200795,273
2026-01-05T01:41:00Z,3185.14720844,3187.28553625,3184.21831237,3186.35628758,2481.08405805,248
2026-01-05T01:42:00Z,3186.35628758,3187.87913267,3182.48844352,3184.01016735,5882.37955155,588
2026-01-05T01:43:00Z,3184.01016735,3187.67336588,3179.46847538,3183.13066205,2388.13820281,238
2026-01-05T01:44:00Z,3183.13066205,3183.88103168,3181.96285420,3182.71312541,1833.22790186,183
2026-01-05T01:45:00Z,3182.71312541,3184.25109486,3178.44369422,3179.98034312,6508.44845382,650
2026-01-05T01:46:00Z,3179.98034312,3180.12055332,3178.73933266,3178.87949433,1798.10352410,179
2026-01-05T01:47:00Z,3178.87949433,3179.82995743,3176.31629426,3177.26627503,3824.33948994,382
2026-01-05T01:48:00Z,3177.26627503,3178.20277354,3175.48512746,3176.42137694,8478.58277406,847
2026-01-05T01:49:00Z,3176.42137694,3178.56134038,3175.68982711,3177.82946626,1789.93598877,178
2026-01-05T01:50:00Z,3177.82946626,3178.78762007,3176.37176534,3177.32976848,718.47674769,71
2026-01-05T01:51:00Z,3177.32976848,3177.81121667,3177.04220192,3177.52363256,2267.83181788,226
2026-01-05T01:52:00Z,3177.52363256,3179.28912696,3176.09220323,3177.85754720,3110.63205735,311
2026-01-05T01:53:00Z,3177.85754720,3178.00693090,3177.36960786,3177.51897565,3453.90234793,345
2026-01-05T01:54:00Z,3177.51897565,3178.04142270,3175.98613618,3176.50841708,2098.37161382,209
2026-01-05T01:55:00Z,3176.50841708,3179.23460435,3172.62427311,3175.34946573,3225.19834490,322
2026-01-05T01:56:00Z,3175.34946573,3175.41166079,3172.44793349,3172.51007292,1219.01181768,121
2026-01-05T01:57:00Z,3172.51007292,3173.36858507,3171.88865252,3172.74711824,748.81327320,74
2026-01-05T01:58:00Z,3172.74711824,3174.09052902,3170.60960981,3171.95268421,262.33722815,26
2026-01-05T01:59:00Z,3171.95268421,3172.43316189,3169.53480241,3170.01498657,3324.53767669,332
2026-01-05T02:00:00Z,3170.01498657,3171.65786459,3165.96231883,3167.60394733,8492.78101011,849
2026-01-05T02:01:00Z,3167.60394733,3168.14865665,3167.36268656,3167.90737277,1275.77942827,127
2026-01-05T02:02:00Z,3167.90737277,3168.45589838,3167.11081538,3167.65929804,1000.21307714,100
2026-01-05T02:03:00Z,3167.65929804,3167.70656032,3167.65569259,3167.70295482,1941.35488670,194
2026-01-05T02:04:00Z,3167.70295482,3170.50234352,3166.08195552,3168.88074151,6502.18660049,650
2026-01-05T02:05:00Z,3168.88074151,3172.63310934,3166.05456013,3169.80610267,399.84311692,39
2026-01-05T02:06:00Z,3169.80610267,3172.83263146,3166.97993012,3170.00628043,173.97476263,17
2026-01-05T02:07:00Z,3170.00628043,3172.30364052,3169.11809856,3171.41506393,634.16042061,63
2026-01-05T02:08:00Z,3171.41506393,3171.59737864,3168.24364825,3168.42579111,7137.60752061,713
2026-01-05T02:09:00Z,3168.42579111,3169.90011565,3166.33142349,3167.80545938,1267.94957282,126
2026-01-05T02:10:00Z,3167.80545938,3169.71796860,3167.45497942,3169.36731583,6775.40163531,677
2026-01-05T02:11:00Z,3169.36731583,3169.73218308,3166.25235238,3166.61690300,8023.26132093,802
2026-01-05T02:12:00Z,3166.61690300,3171.31340897,3163.65413776,3168.34902311,3018.05095562,301
2026-01-05T02:13:00Z,3168.34902311,3168.91470554,3167.57208302,3168.13772772,1213.27162356,121
2026-01-05T02:14:00Z,3168.13772772,3178.96000337,3163.77345530,3174.58684696,3787.38516654,378
2026-01-05T02:15:00Z,3174.58684696,3185.52429151,3174.12884683,3185.06477972,2147.60657005,214
2026-01-05T02:16:00Z,3185.06477972,3193.31289148,3171.47927358,3179.71352762,1462.38662391,146
2026-01-05T02:17:00Z,3179.71352762,3183.97032329,3158.52922309,3162.76332693,3487.54422070,348
2026-01-05T02:18:00Z,3162.76332693,3176.69043973,3160.09621461,3174.01384001,2975.51303903,297
2026-01-05T02:19:00Z,3174.01384001,3181.43849189,3171.71573869,3179.13668144,5733.54774604,573
2026-01-05T02:20:00Z,3179.13668144,3188.34966482,3161.83071991,3171.02018207,4622.60280018,462
2026-01-05T02:21:00Z,3171.02018207,3181.57346524,3164.53491808,3175.07989845,1367.91330932,136
2026-01-05T02:22:00Z,3175.07989845,3178.17508794,3172.03565022,3175.13079091,209.47160832,20
2026-01-05T02:23:00Z,3175.13079091,3180.21953412,3162.65589243,3167.73277893,3905.27744311,390
2026-01-05T02:24:00Z,3167.73277893,3176.00323229,3155.62215489,3163.88255593,459.99323686,45
2026-01-05T02:25:00Z,3163.88255593,3168.79708658,3154.78094291,3159.68895955,1033.85016337,103
2026-01-05T02:26:00Z,3159.68895955,3171.08855652,3158.70604894,3170.10240651,4322.75251450,432
2026-01-05T02:27:00Z,3170.10240651,3183.53247626,3159.30160564,3172.72274767,627.47594284,62
2026-01-05T02:28:00Z,3172.72274767,3177.90404448,3171.85280527,3177.03292026,1556.25851711,155
2026-01-05T02:29:00Z,3177.03292026,3183.96979563,3175.76933251,3182.70395235,6643.94992189,664
2026-01-05T02:30:00Z,3182.70395235,3187.21525122,3179.23340275,3183.74356798,3135.16742826,313
2026-01-05T02:31:00Z,3183.74356798,3188.44316401,3178.65400566,3183.35302519,1407.57536468,140
2026-01-05T02:32:00Z,3183.35302519,3184.75519241,3179.39625010,3180.79729160,2125.35015545,212
2026-01-05T02:33:00Z,3180.79729160,3181.52226986,3176.48394217,3177.20810236,3988.41755742,398
2026-01-05T02:34:00Z,3177.20810236,3177.63185124,3174.54400192,3174.96745196,1522.11003393,152
2026-01-05T02:35:00Z,3174.96745196,3178.58684877,3171.04718511,3174.66623854,2115.67448727,211
2026-01-05T02:36:00Z,3174.66623854,3176.59997426,3169.55678219,3171.48858235,3103.58750781,310
2026-01-05T02:37:00Z,3171.48858235,3177.63492543,3168.58495990,3174.72833687,4398.57170730,439
2026-01-05T02:38:00Z,3174.72833687,3177.35151002,3174.31177062,3176.93465428,4591.13687857,459
2026-01-05T02:39:00Z,3176.93465428,3181.09532817,3171.00106916,3175.15941811,1330.32408591,133
2026-01-05T02:40:00Z,3175.15941811,3178.63958466,3174.35489612,3177.83438489,2264.74694476,226
2026-01-05T02:41:00Z,3177.83438489,3185.37180376,3171.29554823,3178.83091659,1062.39453496,106
2026-01-05T02:42:00Z,3178.83091659,3186.23444111,3163.23348886,3170.61788516,4235.30514850,423
2026-01-05T02:43:00Z,3170.61788516,3177.88235182,3153.71019562,3160.95251716,1056.38209350,105
2026-01-05T02:44:00Z,3160.95251716,3170.43483400,3134.65228889,3144.08400307,24465.30290957,2446
2026-01-05T02:45:00Z,3144.08400307,3150.30384479,3132.04741633,3138.25572815,2301.93704501,230
2026-01-05T02:46:00Z,3138.25572815,3142.80740611,3126.67169381,3131.21315733,1193.35682215,119
2026-01-05T02:47:00Z,3131.21315733,3149.76520089,3118.75677604,3137.28466633,4264.27413449,426
2026-01-05T02:48:00Z,3137.28466633,3143.95399676,3135.22876618,3141.89507535,1163.12220425,116
2026-01-05T02:49:00Z,3141.89507535,3149.34474946,3129.75251902,3137.19103950,1020.95896280,102
2026-01-05T02:50:00Z,3137.19103950,3149.20824013,3127.79820778,3139.80757443,286.43016617,28
2026-01-05T02:51:00Z,3139.80757443,3141.41920901,3138.99766298,3140.60909081,2337.25707153,233
2026-01-05T02:52:00Z,3140.60909081,3140.69079724,3135.94484038,3136.02642759,174.88156376,17
2026-01-05T02:53:00Z,3136.02642759,3137.01373804,3134.50208834,3135.48922967,1915.16115197,191
2026-01-05T02:54:00Z,3135.48922967,3137.59402767,3128.51105934,3130.61258373,5058.08237537,505
2026-01-05T02:55:00Z,3130.61258373,3132.14979657,3124.87594458,3126.41109437,272.24044250,27
2026-01-05T02:56:00Z,3126.41109437,3129.77992384,3117.49034438,3120.85318499,2701.57056047,270
2026-01-05T02:57:00Z,3120.85318499,3127.68421416,3115.76528684,3122.59347882,5307.51610111,530
2026-01-05T02:58:00Z,3122.59347882,3131.06238582,3105.67387701,3114.11980223,3080.59489276,308
2026-01-05T02:59:00Z,3114.11980223,3126.13314989,3096.24799739,3108.23865735,4483.69863525,448
2026-01-05T03:00:00Z,3108.23865735,3119.70409197,3084.23152756,3095.65052805,3169.84404251,316
2026-01-05T03:01:00Z,3095.65052805,3103.91907244,3088.68816656,3096.95377982,879.76738311,87
2026-01-05T03:02:00Z,3096.95377982,3096.98271679,3090.19659843,3090.22547253,6423.14400057,642
2026-01-05T03:03:00Z,3090.22547253,3094.37792032,3081.97402312,3086.12095552,465.80434867,46
2026-01-05T03:04:00Z,3086.12095552,3094.38309754,3073.62002539,3081.87078889,3479.21807667,347
2026-01-05T03:05:00Z,3081.87078889,3097.90562586,3072.10652159,3088.12155431,1366.36721952,136
2026-01-05T03:06:00Z,3088.12155431,3091.18974532,3088.00714919,3091.07523078,1079.54222151,107
2026-01-05T03:07:00Z,3091.07523078,3097.26316650,3084.83408700,3091.02191599,696.79455115,69
2026-01-05T03:08:00Z,3091.02191599,3093.73762153,3088.32676881,3091.04245644,1142.55572031,114
2026-01-05T03:09:00Z,3091.04245644,3094.55622779,3079.78361270,3083.28856974,9216.73853128,921
2026-01-05T03:10:00Z,3083.28856974,3085.61875231,3071.73491257,3074.05811926,2143.29829836,214
2026-01-05T03:11:00Z,3074.05811926,3087.76755988,3065.43789283,3079.13310226,2894.30440154,289
2026-01-05T03:12:00Z,3079.13310226,3081.27967898,3074.87070292,3077.01580359,2594.75332888,259
2026-01-05T03:13:00Z,3077.01580359,3089.95878198,3065.97941690,3078.91558132,2270.29888562,227
2026-01-05T03:14:00Z,3078.91558132,3093.62594450,3071.01702974,3085.70996283,1319.74847516,131
2026-01-05T03:15:00Z,3085.70996283,3102.90049052,3076.13239660,3093.29936794,5147.79474012,514
2026-01-05T03:16:00Z,3093.29936794,3095.84198666,3092.96078562,3095.50316311,881.55117239,88
2026-01-05T03:17:00Z,3095.50316311,3101.97719861,3091.54452855,3098.01535138,1897.66773939,189
2026-01-05T03:18:00Z,3098.01535138,3098.24479592,3089.86804848,3090.09690657,1852.36461423,185
2026-01-05T03:19:00Z,3090.09690657,3097.00682093,3081.58961190,3088.49594627,601.87221275,60
2026-01-05T03:20:00Z,3088.49594627,3092.40223889,3088.06495639,3091.97076411,2572.49194257,257
2026-01-05T03:21:00Z,3091.97076411,3093.56872481,3087.17911590,3088.77542522,2850.06663239,285
2026-01-05T03:22:00Z,3088.77542522,3090.01267382,3085.49033969,3086.72676767,757.50651203,75
2026-01-05T03:23:00Z,3086.72676767,3089.97607959,3083.14138416,3086.39034193,324.88955837,32
2026-01-05T03:24:00Z,3086.39034193,3088.05118619,3084.41018024,3086.07085258,1897.94233085,189
2026-01-05T03:25:00Z,3086.07085258,3091.48020281,3083.90803600,3089.31511254,3127.89871189,312
2026-01-05T03:26:00Z,3089.31511254,3091.51489707,3085.45246244,3087.65106206,5523.46057546,552
2026-01-05T03:27:00Z,3087.65106206,3090.03617509,3085.61955649,3088.00443702,178.56320735,17
2026-01-05T03:28:00Z,3088.00443702,3089.98450471,3087.33610903,3089.31589288,3360.49447542,336
2026-01-05T03:29:00Z,3089.31589288,3091.38792313,3089.27265086,3091.34465271,721.12536149,72
2026-01-05T03:30:00Z,3091.34465271,3092.38597958,3089.44207983,3090.48311648,599.02614826,59
2026-01-05T03:31:00Z,3090.48311648,3094.74075308,3087.26041296,3091.51697147,1704.52091241,170
2026-01-05T03:32:00Z,3091.51697147,3092.69571906,3086.73694810,3087.91432206,6356.51855814,635
2026-01-05T03:33:00Z,3087.91432206,3094.84690071,3087.16398924,3094.09506603,4365.63763888,436
2026-01-05T03:34:00Z,3094.09506603,3094.69909789,3093.44970918,3094.05373297,408.34021281,40
2026-01-05T03:35:00Z,3094.05373297,3094.55694263,3091.51441382,3092.01729227,3295.18666829,329
2026-01-05T03:36:00Z,3092.01729227,3092.43103921,3084.43094146,3084.84372849,10582.51858265,1058
2026-01-05T03:37:00Z,3084.84372849,3085.12174900,3082.99712434,3083.27500347,2016.93304079,201
2026-01-05T03:38:00Z,3083.27500347,3087.94602687,3081.52485624,3086.19422261,5112.31665868,511
2026-01-05T03:39:00Z,3086.19422261,3089.83546471,3082.35628278,3085.99729253,995.92511951,99
2026-01-05T03:40:00Z,3085.99729253,3089.59909368,3083.45739597,3087.05832385,821.24042727,82
2026-01-05T03:41:00Z,3087.05832385,3092.09269555,3085.11065552,3090.14308100,2825.01706052,282
2026-01-05T03:42:00Z,3090.14308100,3092.05840538,3087.31572426,3089.23048299,2573.47844130,257
2026-01-05T03:43:00Z,3089.23048299,3090.11276814,3086.03282924,3086.91445292,4716.50410301,471
2026-01-05T03:44:00Z,3086.91445292,3087.03347991,3085.76886812,3085.88785552,391.32538500,39
2026-01-05T03:45:00Z,3085.88785552,3093.47213609,3083.24997410,3090.83003000,10098.02913005,1009
2026-01-05T03:46:00Z,3090.83003000,3091.91384018,3090.78180107,3091.86559510,1819.53254937,181
2026-01-05T03:47:00Z,3091.86559510,3096.01230081,3088.12228506,3092.26850298,1107.31798566,110
2026-01-05T03:48:00Z,3092.26850298,3100.61111128,3087.54533616,3095.88242453,1527.16525805,152
2026-01-05T03:49:00Z,3095.88242453,3098.79451552,3092.84913798,3095.76111487,826.90283941,82
2026-01-05T03:50:00Z,3095.76111487,3096.64062811,3089.94877118,3090.82688259,6612.96641466,661
2026-01-05T03:51:00Z,3090.82688259,3091.46434611,3090.27937303,3090.91682062,808.59401278,80
2026-01-05T03:52:00Z,3090.91682062,3094.31557006,3090.71260321,3094.11114160,1221.43995883,122
2026-01-05T03:53:00Z,3094.11114160,3094.18991452,3092.32605655,3092.40478603,920.14717544,92
2026-01-05T03:54:00Z,3092.40478603,3099.09717617,3091.69002045,3098.38102926,2930.52010199,293
2026-01-05T03:55:00Z,3098.38102926,3101.26712920,3096.58969345,3099.47516081,1979.06914969,197
2026-01-05T03:56:00Z,3099.47516081,3103.02103513,3094.10375728,3097.64754076,3294.66812064,329
2026-01-05T03:57:00Z,3097.64754076,3099.93774868,3095.94461924,3098.23450449,1888.25148860,188
2026-01-05T03:58:00Z,3098.23450449,3100.85803489,3095.81116838,3098.43454232,1164.12796364,116
2026-01-05T03:59:00Z,3098.43454232,3100.86925059,3095.92282779,3098.35747551,304.33221218,30
2026-01-05T04:00:00Z,3098.35747551,3100.16458967,3091.93622331,3093.74064470,10001.18538173,1000
2026-01-05T04:01:00Z,3093.74064470,3097.92979710,3093.06575791,3097.25414386,4371.35254553,437
2026-01-05T04:02:00Z,3097.25414386,3098.49489614,3092.95383117,3094.19335731,5329.59924620,532
2026-01-05T04:03:00Z,3094.19335731,3097.49978512,3092.03515045,3095.34077793,1841.26055681,184
2026-01-05T04:04:00Z,3095.34077793,3098.64084996,3095.19893946,3098.49886677,1493.39411604,149
2026-01-05T04:05:00Z,3098.49886677,3099.35604762,3097.30708280,3098.16417105,3100.63269925,310
2026-01-05T04:06:00Z,3098.16417105,3102.05280767,3095.56526565,3099.45282127,5424.65375291,542
2026-01-05T04:07:00Z,3099.45282127,3102.05506395,3095.57092073,3098.17208813,1560.66231882,156
2026-01-05T04:08:00Z,3098.17208813,3098.88950131,3097.05120938,3097.76852911,2572.92942666,257
2026-01-05T04:09:00Z,3097.76852911,3098.97089677,3094.42717802,3095.62871515,3719.86591551,371
2026-01-05T04:10:00Z,3095.62871515,3097.08486166,3095.01076432,3096.46674355,577.33693717,57
2026-01-05T04:11:00Z,3096.46674355,3097.51197862,3093.43065013,3094.47521295,1327.71181165,132
2026-01-05T04:12:00Z,3094.47521295,3098.05102729,3092.65592029,3096.23070255,2595.32695278,259
2026-01-05T04:13:00Z,3096.23070255,3096.91666731,3096.18326640,3096.86922138,1342.99777978,134
2026-01-05T04:14:00Z,3096.86922138,3099.54336966,3092.03997376,3094.71225950,517.04889234,51
2026-01-05T04:15:00Z,3094.71225950,3098.78922583,3093.17769927,3097.25340553,2391.11235253,239
2026-01-05T04:16:00Z,3097.25340553,3100.22559660,3095.35809357,3098.32962606,932.95574279,93
2026-01-05T04:17:00Z,3098.32962606,3101.30985611,3093.86316997,3096.84196907,5157.12887082,515
2026-01-05T04:18:00Z,3096.84196907,3100.91757457,3093.37354845,3097.44847467,2200.95075932,220
2026-01-05T04:19:00Z,3097.44847467,3098.86470629,3092.74253842,3094.15726521,4554.86114804,455
2026-01-05T04:20:00Z,3094.15726521,3097.21273702,3090.02299630,3093.07740176,1157.80435279,115
2026-01-05T04:21:00Z,3093.07740176,3096.02140942,3090.91038040,3093.85384408,4009.22871098,400
2026-01-05T04:22:00Z,3093.85384408,3095.99571522,3087.93841523,3090.07767213,16079.80573510,1607
2026-01-05T04:23:00Z,3090.07767213,3090.21923461,3089.29102193,3089.43255486,3521.93901723,352
2026-01-05T04:24:00Z,3089.43255486,3089.73439624,3088.48513688,3088.78691517,1468.62706970,146
2026-01-05T04:25:00Z,3088.78691517,3089.21583848,3083.88466566,3084.31296769,8341.78505076,834
2026-01-05T04:26:00Z,3084.31296769,3087.76215185,3082.68926203,3086.13748569,2483.29356669,248
2026-01-05T04:27:00Z,3086.13748569,3092.37715091,3081.13038479,3087.36805348,4096.37965152,409
2026-01-05T04:28:00Z,3087.36805348,3090.18968420,3085.55660898,3088.37764734,1111.57552291,111
2026-01-05T04:29:00Z,3088.37764734,3094.92924967,3084.33835996,3090.88668072,1795.56420745,179
2026-01-05T04:30:00Z,3090.88668072,3093.89413052,3090.75185539,3093.75917989,7627.05155770,762
2026-01-05T04:31:00Z,3093.75917989,3095.69161369,3091.88691657,3093.81931398,2301.29313699,230
2026-01-05T04:32:00Z,3093.81931398,3094.16019110,3091.82690747,3092.16760261,1696.17314327,169
2026-01-05T04:33:00Z,3092.16760261,3095.70239937,3090.36290939,3093.89669699,231.07477692,23
2026-01-05T04:34:00Z,3093.89669699,3094.99791506,3090.73651808,3091.83700304,2418.06726875,241
2026-01-05T04:35:00Z,3091.83700304,3095.29613965,3090.74906262,3094.20736516,2784.22748675,278
2026-01-05T04:36:00Z,3094.20736516,3094.48468619,3093.86110434,3094.13841919,1681.84089879,168
2026-01-05T04:37:00Z,3094.13841919,3096.32958069,3091.07516274,3093.26570622,728.50614171,72
2026-01-05T04:38:00Z,3093.26570622,3095.99772541,3092.25095300,3094.98240902,848.49385200,84
2026-01-05T04:39:00Z,3094.98240902,3096.98473791,3094.14503194,3096.14704573,4065.93471967,406
2026-01-05T04:40:00Z,3096.14704573,3099.25422058,3095.71985215,3098.82665728,3042.63059780,304
2026-01-05T04:41:00Z,3098.82665728,3099.82270363,3098.58830261,3099.58429069,614.17373472,61
2026-01-05T04:42:00Z,3099.58429069,3102.46687727,3099.43274183,3102.31519489,5271.10462130,527
2026-01-05T04:43:00Z,3102.31519489,3105.88145778,3101.08394069,3104.64927723,3123.51177381,312
2026-01-05T04:44:00Z,3104.64927723,3107.79071497,3104.45320360,3107.59445534,2951.18117686,295
2026-01-05T04:45:00Z,3107.59445534,3110.09158675,3106.60866260,3109.10531474,833.33664756,83
2026-01-05T04:46:00Z,3109.10531474,3111.29728005,3108.31284811,3110.50445681,3733.51056296,373
2026-01-05T04:47:00Z,3110.50445681,3114.57903697,3108.97506668,3113.04839602,6733.76250455,673
2026-01-05T04:48:00Z,3113.04839602,3115.41178523,3112.59395577,3114.95706635,825.01508832,82
2026-01-05T04:49:00Z,3114.95706635,3117.06920949,3112.65079740,3114.76280882,1464.08598408,146
2026-01-05T04:50:00Z,3114.76280882,3119.57737616,3113.63869845,3118.45193438,7588.90168191,758
2026-01-05T04:51:00Z,3118.45193438,3123.23622764,3116.45119990,3121.23370843,1355.35232330,135
2026-01-05T04:52:00Z,3121.23370843,3123.70640896,3119.18228643,3121.65471025,2761.76073201,276
2026-01-05T04:53:00Z,3121.65471025,3124.14883969,3121.05202541,3123.54578974,887.69783360,88
2026-01-05T04:54:00Z,3123.54578974,3128.87377065,3121.27742315,3126.60318373,795.09141241,79
2026-01-05T04:55:00Z,3126.60318373,3130.28214818,3126.19863438,3129.87717520,6152.09707171,615
2026-01-05T04:56:00Z,3129.87717520,3134.80435960,3129.35053973,3134.27698381,4880.70330578,488
2026-01-05T04:57:00Z,3134.27698381,3137.04358241,3132.01816965,3134.78440256,3799.04290331,379
2026-01-05T04:58:00Z,3134.78440256,3139.99551293,3132.02230704,3137.23126146,5000.00040552,500
2026-01-05T04:59:00Z,3137.23126146,3141.07980525,3135.85630057,3139.70376074,1840.12763492,184
2026-01-05T05:00:00Z,3139.70376074,3141.65732881,3139.44942740,3141.40285784,5491.04533727,549
2026-01-05T05:01:00Z,3141.40285784,3144.16843940,3139.58232238,3142.34735658,2723.62871038,272
2026-01-05T05:02:00Z,3142.34735658,3144.81063301,3141.35627083,3143.81908308,4599.40207765,459
2026-01-05T05:03:00Z,3143.81908308,3146.62128155,3141.99805781,3144.79968828,635.75240076,63
2026-01-05T05:04:00Z,3144.79968828,3146.46292834,3143.48189970,3145.14499506,720.41985246,72
2026-01-05T05:05:00Z,3145.14499506,3147.39574207,3144.40987494,3146.66026778,426.99742839,42
2026-01-05T05:06:00Z,3146.66026778,3153.73543701,3143.11680848,3150.18800512,9631.22883000,963
2026-01-05T05:07:00Z,3150.18800512,3151.12377349,3149.79442725,3150.73012789,2742.91346422,274
2026-01-05T05:08:00Z,3150.73012789,3151.15408952,3150.60097870,3151.02492824,1582.21626052,158
2026-01-05T05:09:00Z,3151.02492824,3154.11365886,3149.28557223,3152.37355840,4429.07264522,442
2026-01-05T05:10:00Z,3152.37355840,3155.28601242,3151.35283881,3154.26468050,754.09911435,75
2026-01-05T05:11:00Z,3154.26468050,3159.38299592,3152.26303250,3157.37937139,3599.02293779,359
2026-01-05T05:12:00Z,3157.37937139,3159.02245689,3153.70725380,3155.34928285,9206.28672323,920
2026-01-05T05:13:00Z,3155.34928285,3157.17085880,3154.39891591,3156.22022954,4056.57097341,405
2026-01-05T05:14:00Z,3156.22022954,3157.69763742,3155.48258144,3156.95981647,3570.01485871,357
2026-01-05T05:15:00Z,3156.95981647,3157.80850003,3153.36873619,3154.21668231,6396.98827432,639
2026-01-05T05:16:00Z,3154.21668231,3155.51080683,3152.77774309,3154.07180817,688.96698823,68
2026-01-05T05:17:00Z,3154.07180817,3155.35277671,3149.31143676,3150.59099164,7377.30097622,737
2026-01-05T05:18:00Z,3150.59099164,3151.53147391,3148.54252710,3149.48267852,656.57063531,65
2026-01-05T05:19:00Z,3149.48267852,3151.79857626,3145.85491932,3148.16985170,6781.45120504,678
2026-01-05T05:20:00Z,3148.16985170,3149.32734552,3145.83366660,3146.99072688,3876.66294341,387
2026-01-05T05:21:00Z,3146.99072688,3149.66948854,3145.84928408,3148.52748834,5319.04000693,531
2026-01-05T05:22:00Z,3148.52748834,3149.57926522,3147.05836509,3148.11000251,2527.24354645,252
2026-01-05T05:23:00Z,3148.11000251,3148.82051514,3147.76431036,3148.47478293,2009.76675282,200
2026-01-05T05:24:00Z,3148.47478293,3149.06764873,3146.30528370,3146.89785256,3692.71530615,369
2026-01-05T05:25:00Z,3146.89785256,3149.42368903,3146.86880444,3149.39461786,3604.15061915,360
2026-01-05T05:26:00Z,3149.39461786,3154.30151842,3147.24459182,3152.14961160,3554.45732768,355
2026-01-05T05:27:00Z,3152.14961160,3154.36925719,3151.90214193,3154.12163270,4208.44025865,420
2026-01-05T05:28:00Z,3154.12163270,3156.27259121,3150.95728623,3153.10755319,1962.57508024,196
2026-01-05T05:29:00Z,3153.10755319,3156.64150540,3151.48148769,3155.01445651,5147.10806595,514
2026-01-05T05:30:00Z,3155.01445651,3159.34404593,3152.76960636,3157.09771351,6287.25962747,628
2026-01-05T05:31:00Z,3157.09771351,3157.11971287,3155.50071091,3155.52269929,2536.63602313,253
2026-01-05T05:32:00Z,3155.52269929,3157.63818730,3154.87535275,3156.99053963,3926.10395374,392
2026-01-05T05:33:00Z,3156.99053963,3157.91280574,3155.75572952,3156.67790430,3173.31564864,317
2026-01-05T05:34:00Z,3156.67790430,3159.41130629,3156.09378651,3158.82679087,2034.11896578,203
2026-01-05T05:35:00Z,3158.82679087,3159.94120928,3156.79667263,3157.91076786,3491.95017506,349
2026-01-05T05:36:00Z,3157.91076786,3158.28986721,3157.30378423,3157.68285622,1265.69413921,126
2026-01-05T05:37:00Z,3157.68285622,3158.68639696,3156.35922741,3157.36266639,1217.86229391,121
2026-01-05T05:38:00Z,3157.36266639,3158.57594408,3157.07349818,3158.28669125,3561.67927915,356
2026-01-05T05:39:00Z,3158.28669125,3161.44656586,3156.53830695,3159.69740061,4690.27908354,469
2026-01-05T05:40:00Z,3159.69740061,3160.57445279,3158.87415779,3159.75119595,713.22002924,71
2026-01-05T05:41:00Z,3159.75119595,3160.41097917,3159.68332921,3160.34309971,6374.88219001,637
2026-01-05T05:42:00Z,3160.34309971,3163.99886053,3158.12840047,3161.78315213,1127.39178916,112
2026-01-05T05:43:00Z,3161.78315213,3162.97674468,3157.41317711,3158.60557010,7396.63642572,739
2026-01-05T05:44:00Z,3158.60557010,3160.62105921,3158.45453873,3160.46993869,2417.35614350,241
2026-01-05T05:45:00Z,3160.46993869,3161.95097874,3159.39094645,3160.87184929,896.40470861,89
2026-01-05T05:46:00Z,3160.87184929,3162.88688618,3160.20647349,3162.22122633,1721.41635023,172
2026-01-05T05:47:00Z,3162.22122633,3165.12366300,3159.19480585,3162.09712861,1212.68473307,121
2026-01-05T05:48:00Z,3162.09712861,3162.45722000,3160.55174438,3160.91170077,3322.66539562,332
2026-01-05T05:49:00Z,3160.91170077,3162.96490825,3159.32240670,3161.37538103,2065.41367909,206
2026-01-05T05:50:00Z,3161.37538103,3161.38031531,3160.54073722,3160.54567020,1527.23377488,152
2026-01-05T05:51:00Z,3160.54567020,3162.28873044,3159.41102203,3161.15386393,2004.52125659,200
2026-01-05T05:52:00Z,3161.15386393,3162.67830286,3159.29945600,3160.82373572,1101.31125632,110
2026-01-05T05:53:00Z,3160.82373572,3162.98720923,3159.23492102,3161.39810581,1619.12106467,161
2026-01-05T05:54:00Z,3161.39810581,3165.41064941,3159.16171825,3163.17300628,5646.95021950,564
2026-01-05T05:55:00Z,3163.17300628,3166.27909611,3160.45256771,3163.55832616,1615.43720666,161
2026-01-05T05:56:00Z,3163.55832616,3165.69234416,3162.97400292,3165.10773473,8955.89940973,895
2026-01-05T05:57:00Z,3165.10773473,3166.26354396,3163.64365034,3164.79934695,2983.14384494,298
2026-01-05T05:58:00Z,3164.79934695,3168.76101917,3161.50661412,3165.46759107,1763.33081258,176
2026-01-05T05:59:00Z,3165.46759107,3166.40358963,3162.15990282,3163.09519988,2889.31216376,288
2026-01-05T06:00:00Z,3163.09519988,3163.56161099,3162.42655356,3162.89293484,1082.24207074,108
2026-01-05T06:01:00Z,3162.89293484,3163.39669710,3161.69578949,3162.19944130,6184.28831687,618
2026-01-05T06:02:00Z,3162.19944130,3162.82719513,3161.30446248,3161.93216325,2529.22276007,252
2026-01-05T06:03:00Z,3161.93216325,3163.42658457,3158.93705159,3160.43076331,2152.13811215,215
2026-01-05T06:04:00Z,3160.43076331,3161.17034762,3159.53985409,3160.27940298,259.00644092,25
2026-01-05T06:05:00Z,3160.27940298,3161.19472091,3158.22004774,3159.13503422,1921.62520347,192
2026-01-05T06:06:00Z,3159.13503422,3159.15847288,3157.52641420,3157.54984110,816.35961153,81
2026-01-05T06:07:00Z,3157.54984110,3160.39191268,3155.89542818,3158.73687780,1402.50027916,140
2026-01-05T06:08:00Z,3158.73687780,3159.58329906,3156.97323614,3157.81941155,1021.37316646,102
2026-01-05T06:09:00Z,3157.81941155,3160.13746306,3157.17518107,3159.49289117,2598.28728360,259
2026-01-05T06:10:00Z,3159.49289117,3161.22929669,3156.04199679,3157.77745953,3559.31495364,355
2026-01-05T06:11:00Z,3157.77745953,3158.53459464,3154.01386465,3154.77027873,7512.62860347,751
2026-01-05T06:12:00Z,3154.77027873,3155.40815032,3151.73583942,3152.37322634,3592.34127587,359
2026-01-05T06:13:00Z,3152.37322634,3155.13630688,3151.22326953,3153.98576183,7507.45850391,750
2026-01-05T06:14:00Z,3153.98576183,3154.02223956,3153.51871309,3153.55518584,3354.60558596,335
2026-01-05T06:15:00Z,3153.55518584,3154.31496158,3150.10722447,3150.86635240,13594.45058047,1359
2026-01-05T06:16:00Z,3150.86635240,3154.23004503,3143.90258162,3147.26242689,2670.90663588,267
2026-01-05T06:17:00Z,3147.26242689,3150.57433352,3146.19502999,3149.50617566,1280.18437370,128
2026-01-05T06:18:00Z,3149.50617566,3150.95504729,3147.36071052,3148.80926156,1638.29721618,163
2026-01-05T06:19:00Z,3148.80926156,3149.17011957,3148.45061686,3148.81147462,855.55898117,85
2026-01-05T06:20:00Z,3148.81147462,3152.91575070,3145.53003378,3149.63345327,2010.45711369,201
2026-01-05T06:21:00Z,3149.63345327,3152.25437692,3148.08245264,3150.70284968,1257.31171804,125
2026-01-05T06:22:00Z,3150.70284968,3154.59615930,3147.97864060,3151.87094024,3523.58342255,352
2026-01-05T06:23:00Z,3151.87094024,3153.19225921,3145.66174849,3146.98101751,2775.12860115,277
2026-01-05T06:24:00Z,3146.98101751,3149.32054482,3144.38415787,3146.72349373,3301.61150219,330
2026-01-05T06:25:00Z,3146.72349373,3146.97451871,3145.96090454,3146.21188871,958.37405566,95
2026-01-05T06:26:00Z,3146.21188871,3152.23048440,3144.57024859,3150.58656166,1952.25084196,195
2026-01-05T06:27:00Z,3150.58656166,3151.69684678,3150.40971942,3151.51995214,3423.15469659,342
2026-01-05T06:28:00Z,3151.51995214,3152.06138075,3149.43669204,3149.97785572,5718.30222284,571
2026-01-05T06:29:00Z,3149.97785572,3150.49507949,3149.21511321,3149.73229666,2702.02237207,270
2026-01-05T06:30:00Z,3149.73229666,3153.36524553,3148.96941242,3152.60166631,633.08620615,63
2026-01-05T06:31:00Z,3152.60166631,3156.85647181,3149.47230046,3153.72598993,2188.72011130,218
2026-01-05T06:32:00Z,3153.72598993,3161.13341869,3150.81692279,3158.22020598,2897.25515291,289
2026-01-05T06:33:00Z,3158.22020598,3159.26942306,3154.26750381,3155.31575598,3645.57921632,364
2026-01-05T06:34:00Z,3155.31575598,3158.94095082,3154.48156679,3158.10602395,1925.30343585,192
2026-01-05T06:35:00Z,3158.10602395,3160.65345941,3158.09755975,3160.64498840,8361.75361882,836
2026-01-05T06:36:00Z,3160.64498840,3163.92799468,3156.75941183,3160.04179156,186.08183910,18
2026-01-05T06:37:00Z,3160.04179156,3162.28918950,3158.31105732,3160.55817244,3221.83401922,322
2026-01-05T06:38:00Z,3160.55817244,3162.54862916,3160.19959368,3162.18986527,1822.05177484,182
2026-01-05T06:39:00Z,3162.18986527,3164.49055006,3160.35600831,3162.65642252,391.02560757,39
2026-01-05T06:40:00Z,3162.65642252,3164.56916621,3157.43356002,3159.34430057,2805.51439520,280
2026-01-05T06:41:00Z,3159.34430057,3160.63805363,3152.47841137,3153.76988171,960.30360657,96
2026-01-05T06:42:00Z,3153.76988171,3155.47106087,3147.87901898,3149.57793697,5179.98507237,517
2026-01-05T06:43:00Z,3149.57793697,3151.37119664,3147.76487326,3149.55812164,770.10418716,77
2026-01-05T06:44:00Z,3149.55812164,3157.39451892,3147.43853561,3155.27108818,4579.61742634,457
2026-01-05T06:45:00Z,3155.27108818,3161.34845285,3153.70125228,3159.77637544,858.87531815,85
2026-01-05T06:46:00Z,3159.77637544,3165.84438430,3157.24143401,3163.30661073,3480.72942360,348
2026-01-05T06:47:00Z,3163.30661073,3171.86648872,3158.31021214,3166.86447055,3969.07320201,396
2026-01-05T06:48:00Z,3166.86447055,3166.90368175,3165.49037437,3165.52956903,1512.94228693,151
2026-01-05T06:49:00Z,3165.52956903,3166.35423940,3162.43547383,3163.25955282,1548.18239068,154
2026-01-05T06:50:00Z,3163.25955282,3164.19551216,3163.04334936,3163.97925952,1789.00917125,178
2026-01-05T06:51:00Z,3163.97925952,3166.29814237,3160.35892857,3162.67685689,3474.02149937,347
2026-01-05T06:52:00Z,3162.67685689,3162.69461166,3160.16592204,3160.18366282,2830.03625535,283
2026-01-05T06:53:00Z,3160.18366282,3162.04752841,3156.49313942,3158.35592702,4215.78733792,421
2026-01-05T06:54:00Z,3158.35592702,3160.79245368,3154.80587402,3157.24154098,1418.93337122,141
2026-01-05T06:55:00Z,3157.24154098,3159.07425022,3156.81145834,3158.64397654,824.86917592,82
2026-01-05T06:56:00Z,3158.64397654,3159.06534503,3155.39436210,3155.81535325,4665.53350396,466
2026-01-05T06:57:00Z,3155.81535325,3157.61538611,3155.08506585,3156.88485122,4340.17520478,434
2026-01-05T06:58:00Z,3156.88485122,3157.34617990,3155.46004260,3155.92123047,3574.99798013,357
2026-01-05T06:59:00Z,3155.92123047,3156.40848809,3152.98807586,3153.47495579,2113.47667139,211
2026-01-05T07:00:00Z,3153.47495579,3156.33597367,3152.76625184,3155.62678612,6522.50543179,652
2026-01-05T07:01:00Z,3155.62678612,3157.48099027,3155.53745121,3157.39160540,2279.27511800,227
2026-01-05T07:02:00Z,3157.39160540,3158.25742586,3153.99277743,3154.85790310,4555.02448037,455
2026-01-05T07:03:00Z,3154.85790310,3156.52238811,3153.38793092,3155.05232534,4013.49860378,401
2026-01-05T07:04:00Z,3155.05232534,3155.51392014,3154.37735121,3154.83891479,2506.54280735,250
2026-01-05T07:05:00Z,3154.83891479,3156.05577661,3154.01791770,3155.23467653,1305.85675615,130
2026-01-05T07:06:00Z,3155.23467653,3156.73320732,3155.08826856,3156.58673661,2677.44297307,267
2026-01-05T07:07:00Z,3156.58673661,3158.38697445,3154.23407754,3156.03400014,1232.86748825,123
2026-01-05T07:08:00Z,3156.03400014,3157.43480987,3154.82857537,3156.22931049,2098.53867120,209
2026-01-05T07:09:00Z,3156.22931049,3156.75133793,3153.80729172,3154.32900486,4160.69623452,416
2026-01-05T07:10:00Z,3154.32900486,3155.18405958,3151.29311830,3152.14758169,1667.24219202,166
2026-01-05T07:11:00Z,3152.14758169,3154.72855656,3150.27874706,3152.85929997,717.31991975,71
2026-01-05T07:12:00Z,3152.85929997,3153.40986641,3151.86139308,3152.41188139,2109.06561697,210
2026-01-05T07:13:00Z,3152.41188139,3153.95955262,3151.69530224,3153.24278459,3803.55195750,380
2026-01-05T07:14:00Z,3153.24278459,3158.51633203,3149.68650938,3154.95812223,298.74261777,29
2026-01-05T07:15:00Z,3154.95812223,3157.34915021,3153.06508356,3155.45581291,5164.84405685,516
2026-01-05T07:16:00Z,3155.45581291,3156.49774301,3154.93419418,3155.97603828,3209.40435804,320
2026-01-05T07:17:00Z,3155.97603828,3159.09283193,3154.97913000,3158.09525423,3624.38354740,362
2026-01-05T07:18:00Z,3158.09525423,3159.15303713,3155.77562939,3156.83298950,406.51350242,40
2026-01-05T07:19:00Z,3156.83298950,3157.46774635,3155.48017774,3156.11479017,424.54669152,42
2026-01-05T07:20:00Z,3156.11479017,3157.44966517,3152.57897144,3153.91291516,5359.66584703,535
2026-01-05T07:21:00Z,3153.91291516,3155.59158339,3148.81562799,3150.49247569,1842.49912211,184
2026-01-05T07:22:00Z,3150.49247569,3152.03268426,3149.73903976,3151.27906022,1864.73352981,186
2026-01-05T07:23:00Z,3151.27906022,3153.19192100,3149.54859029,3151.46135097,1294.76389690,129
2026-01-05T07:24:00Z,3151.46135097,3152.68427627,3150.28534586,3151.50825366,705.31740059,70
2026-01-05T07:25:00Z,3151.50825366,3154.10299270,3150.72449072,3153.31877949,1826.67423431,182
2026-01-05T07:26:00Z,3153.31877949,3153.63350905,3151.52605695,3151.84063899,2793.70338996,279
2026-01-05T07:27:00Z,3151.84063899,3155.07028655,3150.38228380,3153.61111217,10712.99866680,1071
2026-01-05T07:28:00Z,3153.61111217,3157.08966335,3153.41892613,3156.89727705,2704.67204061,270
2026-01-05T07:29:00Z,3156.89727705,3160.30368114,3153.29629640,3156.70249031,614.93417009,61
2026-01-05T07:30:00Z,3156.70249031,3156.85870470,3155.06859761,3155.22473887,14970.78228664,1497
2026-01-05T07:31:00Z,3155.22473887,3155.57883856,3153.88251503,3154.23650381,3918.04769525,391
2026-01-05T07:32:00Z,3154.23650381,3158.41715614,3153.94091985,3158.12120814,13542.37709041,1354
2026-01-05T07:33:00Z,3158.12120814,3160.55205890,3157.96952357,3160.40026486,4411.03239106,441
2026-01-05T07:34:00Z,3160.40026486,3162.63481143,3156.45906231,3158.69240134,3165.62052253,316
2026-01-05T07:35:00Z,3158.69240134,3162.90147255,3150.53768302,3154.74148950,4772.66011067,477
2026-01-05T07:36:00Z,3154.74148950,3158.51911660,3153.13805864,3156.91458124,3010.43039669,301
2026-01-05T07:37:00Z,3156.91458124,3157.89058702,3155.00948391,3155.98520236,2112.56921096,211
2026-01-05T07:38:00Z,3155.98520236,3162.05667033,3153.63497400,3159.70367286,724.25170206,72
2026-01-05T07:39:00Z,3159.70367286,3160.42023482,3158.00279587,3158.71913455,3657.59916014,365
2026-01-05T07:40:00Z,3158.71913455,3160.25262083,3158.45208737,3159.98546659,3025.89574525,302
2026-01-05T07:41:00Z,3159.98546659,3164.84214191,3158.13391336,3162.98882889,544.25330545,54
2026-01-05T07:42:00Z,3162.98882889,3164.74370676,3158.31485384,3160.06811125,2017.14309965,201
2026-01-05T07:43:00Z,3160.06811125,3162.31795987,3159.34343406,3161.59293300,4331.18978816,433
2026-01-05T07:44:00Z,3161.59293300,3162.52598429,3159.58622653,3160.51896087,5180.79803018,518
2026-01-05T07:45:00Z,3160.51896087,3165.74737729,3159.52831307,3164.75540160,4730.18143153,473
2026-01-05T07:46:00Z,3164.75540160,3168.48586291,3157.83767305,3161.56437293,2847.15435067,284
2026-01-05T07:47:00Z,3161.56437293,3165.62194396,3159.26921337,3163.32550589,7795.92141177,779
2026-01-05T07:48:00Z,3163.32550589,3169.48882274,3158.69960769,3164.86067958,1739.32687002,173
2026-01-05T07:49:00Z,3164.86067958,3166.82560994,3163.36989575,3165.33460287,4502.75341194,450
2026-01-05T07:50:00Z,3165.33460287,3168.63008452,3163.06508693,3166.35983349,1749.65354415,174
2026-01-05T07:51:00Z,3166.35983349,3167.16405074,3162.93546469,3163.73901628,2066.32503235,206
2026-01-05T07:52:00Z,3163.73901628,3164.76258450,3161.77146958,3162.79473229,1546.17026455,154
2026-01-05T07:53:00Z,3162.79473229,3163.98902448,3162.69700733,3163.89126563,1181.81970004,118
2026-01-05T07:54:00Z,3163.89126563,3165.69457245,3163.41134176,3165.21444787,3543.41496350,354
2026-01-05T07:55:00Z,3165.21444787,3171.32404382,3161.64755155,3167.75428534,773.43180828,77
2026-01-05T07:56:00Z,3167.75428534,3173.83888234,3165.73593283,3171.81794065,5809.01508576,580
2026-01-05T07:57:00Z,3171.81794065,3179.36965747,3170.57225861,3178.12149981,5492.01619312,549
2026-01-05T07:58:00Z,3178.12149981,3180.75826646,3176.89317670,3179.52939921,3507.62684620,350
2026-01-05T07:59:00Z,3179.52939921,3183.73991962,3177.50008761,3181.70921676,8498.93391632,849
2026-01-05T08:00:00Z,3181.70921676,3183.28371793,3180.90409001,3182.47839653,392.35335972,39
2026-01-05T08:01:00Z,3182.47839653,3185.17351109,3182.18589325,3184.88078700,599.62542915,59
2026-01-05T08:02:00Z,3184.88078700,3186.31765912,3184.17807170,3185.61478186,2214.21363617,221
2026-01-05T08:03:00Z,3185.61478186,3189.14934803,3184.23508580,3187.76871910,6262.55781935,626
2026-01-05T08:04:00Z,3187.76871910,3189.13771980,3184.10292187,3185.47093578,5234.15337749,523
2026-01-05T08:05:00Z,3185.47093578,3189.28697891,3184.88424486,3188.69969333,7162.70186852,716
2026-01-05T08:06:00Z,3188.69969333,3190.62998267,3186.22576653,3188.15572658,389.52781748,38
2026-01-05T08:07:00Z,3188.15572658,3188.64818894,3183.54154018,3184.03336577,5452.52335443,545
2026-01-05T08:08:00Z,3184.03336577,3191.68848678,3180.74843146,3188.39904844,11147.31657602,1114
2026-01-05T08:09:00Z,3188.39904844,3188.89182992,3187.27178286,3187.76446627,3498.34253802,349
2026-01-05T08:10:00Z,3187.76446627,3188.12855791,3187.11655840,3187.48061762,856.16937370,85
2026-01-05T08:11:00Z,3187.48061762,3188.10676173,3187.27368374,3187.89980063,344.11077870,34
2026-01-05T08:12:00Z,3187.89980063,3190.40799376,3187.22622300,3189.73402858,1958.99926102,195
2026-01-05T08:13:00Z,3189.73402858,3192.05379136,3184.58690731,3186.90461238,7893.13415253,789
2026-01-05T08:14:00Z,3186.90461238,3190.82392669,3185.14427891,3189.06240133,2852.16553905,285
2026-01-05T08:15:00Z,3189.06240133,3191.24426676,3185.72888535,3187.90996230,4464.54981330,446
2026-01-05T08:16:00Z,3187.90996230,3188.29523667,3184.88854553,3185.27350127,13459.00244070,1345
2026-01-05T08:17:00Z,3185.27350127,3188.31299127,3184.15877022,3187.19758686,4064.81626792,406
2026-01-05T08:18:00Z,3187.19758686,3188.57332597,3184.16121299,3185.53623498,3891.68872672,389
2026-01-05T08:19:00Z,3185.53623498,3186.45984352,3185.28132864,3186.20488367,4166.21927007,416
2026-01-05T08:20:00Z,3186.20488367,3186.77570753,3180.87282768,3181.44279839,169.52331856,16
2026-01-05T08:21:00Z,3181.44279839,3182.69535089,3178.06255835,3179.31427283,1062.92238215,106
2026-01-05T08:22:00Z,3179.31427283,3183.16480370,3177.59716598,3181.44654524,2952.49854129,295
2026-01-05T08:23:00Z,3181.44654524,3181.71845240,3181.15440960,3181.42631502,2000.19389723,200
2026-01-05T08:24:00Z,3181.42631502,3182.66821274,3180.34549576,3181.58733877,1678.29029717,167
2026-01-05T08:25:00Z,3181.58733877,3184.60825901,3176.49666295,3179.51561609,4329.97944956,432
2026-01-05T08:26:00Z,3179.51561609,3180.57113383,3179.00032215,3180.05575234,735.31423505,73
2026-01-05T08:27:00Z,3180.05575234,3185.15033051,3175.37534930,3180.46931878,2486.25205927,248
2026-01-05T08:28:00Z,3180.46931878,3187.34645853,3176.81387295,3183.68731413,3941.28637429,394
2026-01-05T08:29:00Z,3183.68731413,3187.39019022,3182.84941273,3186.55153500,2562.00510592,256
2026-01-05T08:30:00Z,3186.55153500,3186.57911515,3185.50573030,3185.53330164,521.92042691,52
2026-01-05T08:31:00Z,3185.53330164,3190.08581519,3184.05954031,3188.61063016,4043.17209130,404
2026-01-05T08:32:00Z,3188.61063016,3190.76581566,3187.06736851,3189.22225798,1244.57649959,124
2026-01-05T08:33:00Z,3189.22225798,3192.60450111,3188.18716536,3191.56864695,1376.97606385,137
2026-01-05T08:34:00Z,3191.56864695,3192.11866677,3189.28914160,3189.83886332,1746.02434388,174
2026-01-05T08:35:00Z,3189.83886332,3193.30781608,3184.51401494,3187.98094721,2897.79342936,289
2026-01-05T08:36:00Z,3187.98094721,3193.89488947,3187.82382140,3193.73747994,7194.37709306,719
2026-01-05T08:37:00Z,3193.73747994,3194.56189557,3191.41526327,3192.23929216,3031.88652365,303
2026-01-05T08:38:00Z,3192.23929216,3193.18419797,3191.30412263,3192.24902558,901.67612902,90
2026-01-05T08:39:00Z,3192.24902558,3193.94353136,3192.11412963,3193.80856951,4269.43683413,426
2026-01-05T08:40:00Z,3193.80856951,3195.02975381,3188.88779297,3190.10756217,794.70130327,79
2026-01-05T08:41:00Z,3190.10756217,3190.99951779,3186.53757242,3187.42877906,8622.03820843,862
2026-01-05T08:42:00Z,3187.42877906,3191.53219968,3184.67853838,3188.78079243,2630.37042205,263
2026-01-05T08:43:00Z,3188.78079243,3188.80834077,3187.59366786,3187.62120619,614.58727470,61
2026-01-05T08:44:00Z,3187.62120619,3188.15674135,3183.66365568,3184.19861583,4188.38026983,418
2026-01-05T08:45:00Z,3184.19861583,3186.58689739,3182.60533000,3184.99321397,2170.60056772,217
2026-01-05T08:46:00Z,3184.99321397,3189.49504582,3181.96592398,3186.46635563,2662.89099048,266
2026-01-05T08:47:00Z,3186.46635563,3187.97899198,3182.41535467,3183.92678547,10651.55759943,1065
2026-01-05T08:48:00Z,3183.92678547,3184.52820093,3183.72137787,3184.32276778,1533.62798749,153
2026-01-05T08:49:00Z,3184.32276778,3186.79708403,3182.72280057,3185.19667772,732.43232949,73
2026-01-05T08:50:00Z,3185.19667772,3186.34438088,3183.28305311,3184.43048018,1480.18311572,148
2026-01-05T08:51:00Z,3184.43048018,3192.87723152,3180.10613819,3188.54729904,5937.24172541,593
2026-01-05T08:52:00Z,3188.54729904,3190.74870189,3187.03351944,3189.23459599,1485.93356654,148
2026-01-05T08:53:00Z,3189.23459599,3194.67228247,3187.23915949,3192.67469357,4116.58425192,411
2026-01-05T08:54:00Z,3192.67469357,3201.81624000,3189.51537714,3198.65100969,1183.23512377,118
2026-01-05T08:55:00Z,3198.65100969,3200.53324083,3194.58866541,3196.46961292,2757.32888745,275
2026-01-05T08:56:00Z,3196.46961292,3198.75665569,3193.95132994,3196.23820714,3175.93188041,317
2026-01-05T08:57:00Z,3196.23820714,3196.63220783,3196.18595268,3196.57994777,1371.58614721,137
2026-01-05T08:58:00Z,3196.57994777,3198.80421714,3191.04632383,3193.26828886,1208.86506370,120
2026-01-05T08:59:00Z,3193.26828886,3196.91283186,3187.37475927,3191.01673253,6705.53156166,670
2026-01-05T09:00:00Z,3191.01673253,3194.61407062,3189.67096380,3193.26735272,2506.94818538,250
2026-01-05T09:01:00Z,3193.26735272,3195.05187024,3190.23556566,3192.01938576,3931.84024993,393
2026-01-05T09:02:00Z,3192.01938576,3192.14520455,3191.83681006,3191.96262661,810.31158024,81
2026-01-05T09:03:00Z,3191.96262661,3194.49686923,3190.40400698,3192.93777345,711.10903392,71
2026-01-05T09:04:00Z,3192.93777345,3196.44657736,3189.96654995,3193.47485408,1708.89925783,170
2026-01-05T09:05:00Z,3193.47485408,3194.55203900,3192.60188772,3193.67901684,2397.08810585,239
2026-01-05T09:06:00Z,3193.67901684,3195.30513244,3188.13361590,3189.75773491,1503.65480554,150
2026-01-05T09:07:00Z,3189.75773491,3193.71830617,3185.74093530,3189.70143666,2564.32876563,256
2026-01-05T09:08:00Z,3189.70143666,3190.89662617,3185.96974659,3187.16398531,3269.59891093,326
2026-01-05T09:09:00Z,3187.16398531,3189.54848024,3183.83184377,3186.21562919,3133.46613249,313
2026-01-05T09:10:00Z,3186.21562919,3189.17774880,3181.49112326,3184.45160291,3066.51250214,306
2026-01-05T09:11:00Z,3184.45160291,3185.84991358,3184.28329352,3185.68153918,2455.68848289,245
2026-01-05T09:12:00Z,3185.68153918,3190.83426949,3183.03986144,3188.19051123,4662.38099242,466
2026-01-05T09:13:00Z,3188.19051123,3192.37450496,3178.42904898,3182.60571355,3928.12901768,392
2026-01-05T09:14:00Z,3182.60571355,3188.23157227,3178.73167756,3184.35540646,2199.38465554,219
2026-01-05T09:15:00Z,3184.35540646,3186.52408260,3177.94265790,3180.10844168,17111.66867854,1711
2026-01-05T09:16:00Z,3180.10844168,3180.76206785,3179.51399449,3180.16760960,1927.07068408,192
2026-01-05T09:17:00Z,3180.16760960,3181.96406454,3179.25206045,3181.04826187,538.63216628,53
2026-01-05T09:18:00Z,3181.04826187,3183.94895097,3176.08278769,3178.98159227,1784.71036543,178
2026-01-05T09:19:00Z,3178.98159227,3179.90317873,3176.87185945,3177.79310136,3391.19406459,339
2026-01-05T09:20:00Z,3177.79310136,3179.15247002,3175.23699415,3176.59585066,1296.18491224,129
2026-01-05T09:21:00Z,3176.59585066,3176.71502686,3171.17404339,3171.29302065,5540.46206275,554
2026-01-05T09:22:00Z,3171.29302065,3173.77227880,3166.39201217,3168.86937557,7089.58802882,708
2026-01-05T09:23:00Z,3168.86937557,3171.46363959,3165.93166187,3168.52564449,1751.88413202,175
2026-01-05T09:24:00Z,3168.52564449,3168.89945397,3167.43683977,3167.81056488,7037.97576205,703
2026-01-05T09:25:00Z,3167.81056488,3171.06092588,3163.98647297,3167.23624468,354.58120104,35
2026-01-05T09:26:00Z,3167.23624468,3168.00181265,3163.56072216,3164.32558658,1546.01026801,154
2026-01-05T09:27:00Z,3164.32558658,3165.87951553,3160.15311001,3161.70575242,4904.58435273,490
2026-01-05T09:28:00Z,3161.70575242,3164.48745511,3156.56983083,3159.34946042,3269.18756253,326
2026-01-05T09:29:00Z,3159.34946042,3162.52562077,3156.31678876,3159.49281150,1311.07593354,131
2026-01-05T09:30:00Z,3159.49281150,3160.80781949,3158.69380085,3160.00867837,1273.50586416,127
2026-01-05T09:31:00Z,3160.00867837,3162.68663140,3154.78869005,3157.46448699,4661.21069379,466
2026-01-05T09:32:00Z,3157.46448699,3162.63306992,3152.88957622,3158.05730020,1541.70804432,154
2026-01-05T09:33:00Z,3158.05730020,3158.69760391,3152.84076924,3153.48014492,2466.55511726,246
2026-01-05T09:34:00Z,3153.48014492,3154.34253780,3152.12925868,3152.99151794,1366.55924077,136
2026-01-05T09:35:00Z,3152.99151794,3156.83190212,3149.46909784,3153.30912720,174.87168204,17
2026-01-05T09:36:00Z,3153.30912720,3154.39861440,3151.39397632,3152.48317814,1457.11691986,145
2026-01-05T09:37:00Z,3152.48317814,3155.28604130,3148.40673628,3151.20846610,2423.21621331,242
2026-01-05T09:38:00Z,3151.20846610,3151.77257156,3148.76625395,3149.33002315,2550.63146272,255
2026-01-05T09:39:00Z,3149.33002315,3152.43091445,3144.97178381,3148.07143589,1207.88939443,120
2026-01-05T09:40:00Z,3148.07143589,3149.31473254,3141.82838212,3143.06970340,10443.07943861,1044
2026-01-05T09:41:00Z,3143.06970340,3144.38260744,3142.09560267,3143.40840173,2373.33706264,237
2026-01-05T09:42:00Z,3143.40840173,3144.01262745,3143.16743435,3143.77163223,2157.30676256,215
2026-01-05T09:43:00Z,3143.77163223,3144.40979139,3143.76963612,3144.40779488,762.47305023,76
2026-01-05T09:44:00Z,3144.40779488,3149.46286026,3141.16474736,3146.21794581,3500.44322434,350
2026-01-05T09:45:00Z,3146.21794581,3147.77150510,3143.59436757,3145.14739824,3208.16425409,320
2026-01-05T09:46:00Z,3145.14739824,3151.31255277,3141.14990241,3147.31230534,2819.39890739,281
2026-01-05T09:47:00Z,3147.31230534,3149.21928198,3145.18182280,3147.08866394,3055.15472327,305
2026-01-05T09:48:00Z,3147.08866394,3147.47135708,3146.50925894,3146.89192815,1757.53703672,175
2026-01-05T09:49:00Z,3146.89192815,3148.38208452,3143.23795042,3144.72708166,1919.25377422,191
2026-01-05T09:50:00Z,3144.72708166,3146.59378573,3141.61983053,3143.48579778,2365.65590798,236
2026-01-05T09:51:00Z,3143.48579778,3145.64776206,3141.45501936,3143.61689895,1643.15925442,164
2026-01-05T09:52:00Z,3143.61689895,3145.87428286,3143.43193054,3145.68919252,5720.52854674,572
2026-01-05T09:53:00Z,3145.68919252,3147.97822395,3144.99334087,3147.28201996,1848.23930009,184
2026-01-05T09:54:00Z,3147.28201996,3149.81906753,3146.24467748,3148.78123091,1089.24236777,108
2026-01-05T09:55:00Z,3148.78123091,3150.53026552,3144.14484551,3145.89227542,3929.37721096,392
2026-01-05T09:56:00Z,3145.89227542,3145.98424342,3145.82328462,3145.91525212,914.45989136,91
2026-01-05T09:57:00Z,3145.91525212,3146.02731861,3144.38410658,3144.49612252,2204.11823813,220
2026-01-05T09:58:00Z,3144.49612252,3146.50445316,3143.02153347,3145.02961394,291.40806909,29
2026-01-05T09:59:00Z,3145.02961394,3148.41160412,3144.52253628,3147.90406301,6591.64140363,659
2026-01-05T10:00:00Z,3147.90406301,3151.27579566,3147.36151719,3150.73276231,9231.24079952,923
2026-01-05T10:01:00Z,3150.73276231,3157.03004238,3147.26902912,3153.56319758,9147.94686818,914
2026-01-05T10:02:00Z,3153.56319758,3154.28291606,3152.08630315,3152.80584878,3257.14940370,325
2026-01-05T10:03:00Z,3152.80584878,3155.66605109,3150.92519252,3153.78481087,5645.76811893,564
2026-01-05T10:04:00Z,3153.78481087,3153.83956002,3153.03532384,3153.09006093,30.15668054,3
2026-01-05T10:05:00Z,3153.09006093,3157.08530773,3152.37387099,3156.36837316,9591.44144726,959
2026-01-05T10:06:00Z,3156.36837316,3158.19707292,3156.11192216,3157.94049419,1676.00745085,167
2026-01-05T10:07:00Z,3157.94049419,3158.56561955,3156.22626491,3156.85117464,6691.98648774,669
2026-01-05T10:08:00Z,3156.85117464,3160.50446108,3156.00357449,3159.65610782,1787.41504567,178
2026-01-05T10:09:00Z,3159.65610782,3160.72477576,3158.79465942,3159.86327088,331.09956964,33
2026-01-05T10:10:00Z,3159.86327088,3162.75674184,3158.48437604,3161.37718637,3251.40807581,325
2026-01-05T10:11:00Z,3161.37718637,3161.56246055,3159.13389795,3159.31905151,3311.92699685,331
2026-01-05T10:12:00Z,3159.31905151,3160.99505862,3155.28143448,3156.95618810,948.94736631,94
2026-01-05T10:13:00Z,3156.95618810,3159.52695752,3155.58772080,3158.15796927,945.84464344,94
2026-01-05T10:14:00Z,3158.15796927,3158.47269213,3157.48624399,3157.80093126,937.79784095,93
2026-01-05T10:15:00Z,3157.80093126,3158.60364382,3153.77814418,3154.58003799,4429.12969137,442
2026-01-05T10:16:00Z,3154.58003799,3155.67390027,3153.16532659,3154.25907758,1175.76929300,117
2026-01-05T10:17:00Z,3154.25907758,3156.23440339,3153.21597657,3155.19099420,1905.58843237,190
2026-01-05T10:18:00Z,3155.19099420,3158.78213800,3153.41726201,3157.00738470,4889.14855810,488
2026-01-05T10:19:00Z,3157.00738470,3158.05198462,3156.92689401,3157.97146935,666.58966791,66
2026-01-05T10:20:00Z,3157.97146935,3159.08476768,3156.64174785,3157.75496986,172.75195630,17
2026-01-05T10:21:00Z,3157.75496986,3161.39786190,3157.37125647,3161.01375252,5839.49972505,583
2026-01-05T10:22:00Z,3161.01375252,3164.68949351,3160.30676467,3163.98184182,2867.64607431,286
2026-01-05T10:23:00Z,3163.98184182,3165.04934017,3162.21353242,3163.28079425,271.73468216,27
2026-01-05T10:24:00Z,3163.28079425,3164.98801592,3158.23936660,3159.94478783,2112.33640997,211
2026-01-05T10:25:00Z,3159.94478783,3160.15525933,3159.36898776,3159.57943493,1668.92317213,166
2026-01-05T10:26:00Z,3159.57943493,3161.20871621,3157.69758294,3159.32673391,189.79722986,18
2026-01-05T10:27:00Z,3159.32673391,3161.29429504,3156.33475923,3158.30168198,4086.61768858,408
2026-01-05T10:28:00Z,3158.30168198,3158.32907985,3157.60152614,3157.62891818,3383.65772257,338
2026-01-05T10:29:00Z,3157.62891818,3158.80622181,3156.25231855,3157.42954785,3064.57410676,306
2026-01-05T10:30:00Z,3157.42954785,3157.94557997,3157.19970188,3157.71571318,474.73236976,47
2026-01-05T10:31:00Z,3157.71571318,3158.14374111,3155.97134560,3156.39919507,7825.98706772,782
2026-01-05T10:32:00Z,3156.39919507,3157.15535709,3156.26463197,3157.02076749,3604.77509675,360
2026-01-05T10:33:00Z,3157.02076749,3157.66710570,3155.66915443,3156.31534823,1695.53906416,169
2026-01-05T10:34:00Z,3156.31534823,3156.53759747,3154.82864701,3155.05080720,1726.43909376,172
2026-01-05T10:35:00Z,3155.05080720,3162.47508221,3152.65206949,3160.07252656,10533.39679492,1053
2026-01-05T10:36:00Z,3160.07252656,3163.87258444,3158.30872124,3162.10764322,7705.62671046,770
2026-01-05T10:37:00Z,3162.10764322,3166.09247195,3161.61980447,3165.60409379,1522.22463215,152
2026-01-05T10:38:00Z,3165.60409379,3165.92833340,3162.83076946,3163.15475819,763.01488283,76
2026-01-05T10:39:00Z,3163.15475819,3165.17850244,3160.89393286,3162.91752533,1231.33368406,123
2026-01-05T10:40:00Z,3162.91752533,3164.39628587,3160.35888179,3161.83713721,5984.53403954,598
2026-01-05T10:41:00Z,3161.83713721,3162.03423358,3154.53158480,3154.72823802,4910.75482295,491
2026-01-05T10:42:00Z,3154.72823802,3156.28395506,3152.75525701,3154.31076817,1637.71761808,163
2026-01-05T10:43:00Z,3154.31076817,3158.17253549,3151.96888344,3155.82952317,2017.19795985,201
2026-01-05T10:44:00Z,3155.82952317,3156.22447836,3153.59602495,3153.99075002,4025.52567899,402
2026-01-05T10:45:00Z,3153.99075002,3157.42479177,3152.70419438,3156.13736050,2141.76078001,214
2026-01-05T10:46:00Z,3156.13736050,3156.74460315,3155.15614896,3155.76331964,2807.66364227,280
2026-01-05T10:47:00Z,3155.76331964,3158.40490479,3153.60958152,3156.25083396,1386.37799175,138
2026-01-05T10:48:00Z,3156.25083396,3159.58196259,3155.70500104,3159.03564807,4953.40991533,495
2026-01-05T10:49:00Z,3159.03564807,3161.41651347,3158.59219771,3160.97279119,1628.73034668,162
2026-01-05T10:50:00Z,3160.97279119,3161.99088359,3158.18566598,3159.20318843,976.67118926,97
2026-01-05T10:51:00Z,3159.20318843,3163.74623045,3154.90958393,3159.45228740,1168.24897111,116
2026-01-05T10:52:00Z,3159.45228740,3160.00888622,3157.02820204,3157.58447180,1786.07759497,178
2026-01-05T10:53:00Z,3157.58447180,3161.97500054,3151.85173378,3156.24039362,7238.14274786,723
2026-01-05T10:54:00Z,3156.24039362,3157.74161127,3149.80900755,3151.30787912,6778.52492075,677
2026-01-05T10:55:00Z,3151.30787912,3160.47150761,3148.21640169,3157.37407915,10621.24847090,1062
2026-01-05T10:56:00Z,3157.37407915,3160.67191124,3156.87149701,3160.16888424,38.46361394,3
2026-01-05T10:57:00Z,3160.16888424,3160.36084443,3158.58124887,3158.77312427,992.73622908,99
2026-01-05T10:58:00Z,3158.77312427,3162.84643497,3157.44147920,3161.51363458,10097.50524782,1009
2026-01-05T10:59:00Z,3161.51363458,3164.43479636,3161.13951527,3164.06037568,871.33863395,87
2026-01-05T11:00:00Z,3164.06037568,3166.74078809,3161.10301075,3163.78318834,1543.79269247,154
2026-01-05T11:01:00Z,3163.78318834,3166.21949467,3161.92037465,3164.35634350,766.11782815,76
2026-01-05T11:02:00Z,3164.35634350,3165.82344896,3160.91189211,3162.37808038,424.36689504,42
2026-01-05T11:03:00Z,3162.37808038,3163.41263331,3159.38598573,3160.41989805,2145.25836288,214
2026-01-05T11:04:00Z,3160.41989805,3163.67495095,3159.13021278,3162.38446400,759.77720455,75
2026-01-05T11:05:00Z,3162.38446400,3164.45475465,3157.60846077,3159.67697894,216.93942685,21
2026-01-05T11:06:00Z,3159.67697894,3165.06469187,3153.18215039,3158.56797230,3086.64719527,308
2026-01-05T11:07:00Z,3158.56797230,3161.35293274,3156.66898303,3159.45341113,590.70798695,59
2026-01-05T11:08:00Z,3159.45341113,3159.57956247,3154.83680095,3154.96277299,9304.25597421,930
2026-01-05T11:09:00Z,3154.96277299,3161.47634591,3151.72871491,3158.23892954,6047.05611596,604
2026-01-05T11:10:00Z,3158.23892954,3158.67897070,3154.51427597,3154.95385942,1764.59977611,176
2026-01-05T11:11:00Z,3154.95385942,3155.05494907,3153.35943442,3153.46047622,744.54487525,74
2026-01-05T11:12:00Z,3153.46047622,3156.10177688,3151.14560742,3153.78666864,658.25289337,65
2026-01-05T11:13:00Z,3153.78666864,3154.37925140,3153.72259038,3154.31516240,927.16810425,92
2026-01-05T11:14:00Z,3154.31516240,3155.20869153,3151.72901051,3152.62206003,3167.42469323,316
2026-01-05T11:15:00Z,3152.62206003,3157.70338144,3149.40276053,3154.48218248,255.86414878,25
2026-01-05T11:16:00Z,3154.48218248,3154.82505429,3153.83164808,3154.17448644,2269.05510530,226
2026-01-05T11:17:00Z,3154.17448644,3157.25363481,3152.86649121,3155.94490542,1743.88883224,174
2026-01-05T11:18:00Z,3155.94490542,3157.74486870,3151.99769905,3153.79643697,1598.63237362,159
2026-01-05T11:19:00Z,3153.79643697,3156.51646346,3151.60462358,3154.32428323,1611.49781634,161
2026-01-05T11:20:00Z,3154.32428323,3154.35496568,3153.26630342,3153.29697588,1256.07103631,125
2026-01-05T11:21:00Z,3153.29697588,3155.79342187,3144.81565716,3147.30736121,7272.28045483,727
2026-01-05T11:22:00Z,3147.30736121,3150.16781857,3146.85083825,3149.71094696,4100.56584380,410
2026-01-05T11:23:00Z,3149.71094696,3150.26873022,3142.70136029,3143.25800079,3196.09393945,319
2026-01-05T11:24:00Z,3143.25800079,3145.49194894,3141.27403825,3143.50782872,2319.02980051,231
2026-01-05T11:25:00Z,3143.50782872,3145.84489678,3142.39570663,3144.73234148,854.00509758,85
2026-01-05T11:26:00Z,3144.73234148,3144.82060951,3143.73615603,3143.82439857,1119.47497547,111
2026-01-05T11:27:00Z,3143.82439857,3148.60264136,3141.28181657,3146.05825272,3410.63946506,341
2026-01-05T11:28:00Z,3146.05825272,3147.60927691,3142.65967679,3144.20978968,7575.82705719,757
2026-01-05T11:29:00Z,3144.20978968,3146.90704889,3140.01220586,3142.70817691,6743.91378978,674
2026-01-05T11:30:00Z,3142.70817691,3145.90722109,3141.65988369,3144.85821069,2062.00117256,206
2026-01-05T11:31:00Z,3144.85821069,3145.00368364,3141.95940591,3142.10475149,2059.95255643,205
2026-01-05T11:32:00Z,3142.10475149,3146.53671346,3135.32054423,3139.74918365,2854.60929411,285
2026-01-05T11:33:00Z,3139.74918365,3142.34471927,3134.92787077,3137.52156488,1239.09865289,123
2026-01-05T11:34:00Z,3137.52156488,3137.81706522,3136.74524965,3137.04070470,1724.15030249,172
2026-01-05T11:35:00Z,3137.04070470,3139.68751024,3130.28767647,3132.93101455,1814.30517074,181
2026-01-05T11:36:00Z,3132.93101455,3135.62274574,3131.75006005,3134.44122198,833.27861716,83
2026-01-05T11:37:00Z,3134.44122198,3136.69273179,3133.38345171,3135.63455881,574.96641076,57
2026-01-05T11:38:00Z,3135.63455881,3139.00315415,3135.28545446,3138.65371366,1258.77963877,125
2026-01-05T11:39:00Z,3138.65371366,3140.27418854,3135.98951055,3137.60944628,1452.32195505,145
2026-01-05T11:40:00Z,3137.60944628,3138.89765873,3132.30356507,3133.59012731,4811.27415686,481
2026-01-05T11:41:00Z,3133.59012731,3134.07843069,3131.97980327,3132.46793179,1572.81625881,157
2026-01-05T11:42:00Z,3132.46793179,3133.06155962,3129.05642151,3129.64951523,594.08257766,59
2026-01-05T11:43:00Z,3129.64951523,3132.20626121,3126.71605395,3129.27249193,2253.05226734,225
2026-01-05T11:44:00Z,3129.27249193,3131.89606447,3128.49603948,3131.11915382,2250.19381723,225
2026-01-05T11:45:00Z,3131.11915382,3131.34530122,3126.14985261,3126.37565741,6794.43861019,679
2026-01-05T11:46:00Z,3126.37565741,3128.83198225,3120.92502970,3123.37900014,489.05917707,48
2026-01-05T11:47:00Z,3123.37900014,3124.92311431,3121.70698865,3123.25103957,614.87577546,61
2026-01-05T11:48:00Z,3123.25103957,3128.37829598,3120.17792377,3125.30316100,4439.79744539,443
2026-01-05T11:49:00Z,3125.30316100,3126.62653323,3120.92218192,3122.24425889,3420.54897528,342
2026-01-05T11:50:00Z,3122.24425889,3126.07406018,3121.99541378,3125.82492969,4928.23964060,492
2026-01-05T11:51:00Z,3125.82492969,3128.05623110,3124.67940068,3126.91030433,3201.70781565,320
2026-01-05T11:52:00Z,3126.91030433,3129.54595417,3125.66826083,3128.30335734,4990.09462658,499
2026-01-05T11:53:00Z,3128.30335734,3130.50083077,3127.05965398,3129.25674838,2393.18939602,239
2026-01-05T11:54:00Z,3129.25674838,3131.85384052,3128.31476866,3130.91136272,6259.00967739,625
2026-01-05T11:55:00Z,3130.91136272,3131.55693991,3130.04494131,3130.69047296,1023.03011308,102
2026-01-05T11:56:00Z,3130.69047296,3132.52930977,3129.74926615,3131.58783319,5107.34938654,510
2026-01-05T11:57:00Z,3131.58783319,3138.93239057,3127.88618391,3135.22644033,7591.37851664,759
2026-01-05T11:58:00Z,3135.22644033,3139.30596333,3128.34074156,3132.41660844,1463.90648420,146
2026-01-05T11:59:00Z,3132.41660844,3134.32087554,3131.85136979,3133.75539531,800.74586629,80
2026-01-05T12:00:00Z,3133.75539531,3134.68877542,3132.42812442,3133.36138717,1734.79625238,173
2026-01-05T12:01:00Z,3133.36138717,3139.01139661,3132.57757211,3138.22636457,5261.87526259,526
2026-01-05T12:02:00Z,3138.22636457,3144.36458480,3136.62853965,3142.76444931,8811.22534440,881
2026-01-05T12:03:00Z,3142.76444931,3148.93034796,3138.07388847,3144.23758847,1907.90767851,190
2026-01-05T12:04:00Z,3144.23758847,3145.56865721,3141.15850775,3142.48883618,5755.27410458,575
2026-01-05T12:05:00Z,3142.48883618,3146.30551430,3141.78877377,3145.60475774,4008.58860801,400
2026-01-05T12:06:00Z,3145.60475774,3147.28828048,3143.64522626,3145.32860119,3371.06128210,337
2026-01-05T12:07:00Z,3145.32860119,3146.07849216,3143.24778756,3143.99736114,2820.05310528,282
2026-01-05T12:08:00Z,3143.99736114,3146.01371137,3141.36585161,3143.38180706,1044.88836352,104
2026-01-05T12:09:00Z,3143.38180706,3145.75214850,3140.09989507,3142.46954860,4648.48245585,464
2026-01-05T12:10:00Z,3142.46954860,3145.31219681,3140.12375523,3142.96603282,3062.22959397,306
2026-01-05T12:11:00Z,3142.96603282,3143.82059535,3142.67280193,3143.52731210,823.93721139,82
2026-01-05T12:12:00Z,3143.52731210,3146.78495663,3140.92487512,3144.18197767,1295.39827709,129
2026-01-05T12:13:00Z,3144.18197767,3149.12234910,3136.99263277,3141.92946488,3168.09790066,316
2026-01-05T12:14:00Z,3141.92946488,3142.33854270,3141.62969067,3142.03875807,2293.19498706,229
2026-01-05T12:15:00Z,3142.03875807,3146.61229345,3140.20668152,3144.77861933,1275.80427184,127
2026-01-05T12:16:00Z,3144.77861933,3148.56657254,3141.42670614,3145.21419509,4463.17726873,446
2026-01-05T12:17:00Z,3145.21419509,3146.86901892,3141.94968920,3143.60366567,2795.63463742,279
2026-01-05T12:18:00Z,3143.60366567,3145.76880003,3141.61266168,3143.77768582,3320.89604227,332
2026-01-05T12:19:00Z,3143.77768582,3147.88672685,3142.99045491,3147.09866434,771.71403252,77
2026-01-05T12:20:00Z,3147.09866434,3153.26908270,3144.44784085,3150.61529713,3824.75807881,382
2026-01-05T12:21:00Z,3150.61529713,3152.20858704,3147.83679974,3149.42948998,2908.59987110,290
2026-01-05T12:22:00Z,3149.42948998,3153.83580211,3148.34888557,3152.75405702,4477.73724713,447
2026-01-05T12:23:00Z,3152.75405702,3161.23251647,3151.46322138,3159.93873921,4707.59154484,470
2026-01-05T12:24:00Z,3159.93873921,3166.92311526,3155.04970055,3162.03083971,3686.95803567,368
2026-01-05T12:25:00Z,3162.03083971,3162.73791330,3159.37514236,3160.08178010,1235.59508100,123
2026-01-05T12:26:00Z,3160.08178010,3162.99571134,3155.82876404,3158.74145936,408.87260458,40
2026-01-05T12:27:00Z,3158.74145936,3161.50658342,3156.78784542,3159.55246789,1080.99457771,108
2026-01-05T12:28:00Z,3159.55246789,3160.03079380,3154.29355859,3154.77116066,771.77679346,77
2026-01-05T12:29:00Z,3154.77116066,3155.96046724,3146.57998751,3147.76665349,4852.97342692,485
2026-01-05T12:30:00Z,3147.76665349,3149.50313617,3146.00395442,3147.74042263,839.85075255,83
2026-01-05T12:31:00Z,3147.74042263,3152.19000167,3147.08066466,3151.52944953,3938.19391040,393
2026-01-05T12:32:00Z,3151.52944953,3152.41993761,3149.49804803,3150.38821365,1000.62719428,100
2026-01-05T12:33:00Z,3150.38821365,3151.79409957,3145.68663769,3147.09105222,627.57914145,62
2026-01-05T12:34:00Z,3147.09105222,3148.03800680,3146.04575008,3146.99267506,3869.27568462,386
2026-01-05T12:35:00Z,3146.99267506,3151.88677808,3141.29839332,3146.19124999,3605.21103081,360
2026-01-05T12:36:00Z,3146.19124999,3146.92579175,3141.59166087,3142.32530004,4607.21005019,460
2026-01-05T12:37:00Z,3142.32530004,3145.34451301,3139.28804795,3142.30724357,3064.95243824,306
2026-01-05T12:38:00Z,3142.30724357,3146.86573467,3139.72265525,3144.27952413,2948.42012272,294
2026-01-05T12:39:00Z,3144.27952413,3145.01936698,3140.02400774,3140.76302317,1002.45308285,100
2026-01-05T12:40:00Z,3140.76302317,3141.19147889,3139.62290901,3140.05126763,2982.27186613,298
2026-01-05T12:41:00Z,3140.05126763,3141.38333775,3138.14368823,3139.47551409,1979.98949403,197
2026-01-05T12:42:00Z,3139.47551409,3143.24140544,3136.10212862,3139.86759867,765.38262590,76
2026-01-05T12:43:00Z,3139.86759867,3142.30355295,3138.00844364,3140.44405659,3262.79863991,326
2026-01-05T12:44:00Z,3140.44405659,3143.82506174,3138.74092993,3142.12102562,4017.93491832,401
2026-01-05T12:45:00Z,3142.12102562,3144.72613693,3140.80178792,3143.40635959,2006.93092530,200
2026-01-05T12:46:00Z,3143.40635959,3143.67259166,3141.84862388,3142.11474656,5168.83897773,516
2026-01-05T12:47:00Z,3142.11474656,3143.86238267,3139.80332184,3141.55064420,1101.00767454,110
2026-01-05T12:48:00Z,3141.55064420,3142.20212567,3140.55614133,3141.20755165,2576.61002214,257
2026-01-05T12:49:00Z,3141.20755165,3141.24380331,3140.50571057,3140.54195454,3205.09786478,320
2026-01-05T12:50:00Z,3140.54195454,3144.77889623,3134.11066241,3138.34463967,2902.21468519,290
2026-01-05T12:51:00Z,3138.34463967,3139.89164578,3137.63227339,3139.17909008,3854.98560786,385
2026-01-05T12:52:00Z,3139.17909008,3140.42039400,3135.60835866,3136.84874111,7092.80612040,709
2026-01-05T12:53:00Z,3136.84874111,3140.75895739,3132.41292530,3136.32248558,912.04388030,91
2026-01-05T12:54:00Z,3136.32248558,3144.15484860,3131.64923672,3139.47689954,3278.92373370,327
2026-01-05T12:55:00Z,3139.47689954,3142.63029706,3137.64577913,3140.79840586,3030.93188429,303
2026-01-05T12:56:00Z,3140.79840586,3145.43237932,3140.69821871,3145.33204755,3991.40802867,399
2026-01-05T12:57:00Z,3145.33204755,3149.80623974,3143.78089577,3148.25364715,4049.13528915,404
2026-01-05T12:58:00Z,3148.25364715,3152.46901426,3143.11797837,3147.33211159,1939.11863640,193
2026-01-05T12:59:00Z,3147.33211159,3154.41018098,3143.06847427,3150.14273616,1035.77190828,103
2026-01-05T13:00:00Z,3150.14273616,3152.76552125,3148.90687946,3151.52912065,5755.45646055,575
2026-01-05T13:01:00Z,3151.52912065,3155.86989285,3149.55057354,3153.88986365,2392.98507223,239
2026-01-05T13:02:00Z,3153.88986365,3155.30098003,3151.67637259,3153.08712980,2181.19571752,218
2026-01-05T13:03:00Z,3153.08712980,3154.33694888,3151.41578400,3152.66543592,1141.14159088,114
2026-01-05T13:04:00Z,3152.66543592,3154.31578880,3148.11854456,3149.76738037,2690.80996125,269
2026-01-05T13:05:00Z,3149.76738037,3154.12542319,3145.57831353,3149.93613192,2509.80745318,250
2026-01-05T13:06:00Z,3149.93613192,3151.32658462,3149.13150497,3150.52180807,1587.57538125,158
2026-01-05T13:07:00Z,3150.52180807,3151.73728981,3149.32975548,3150.54522836,839.32357811,83
2026-01-05T13:08:00Z,3150.54522836,3150.80479586,3147.44329964,3147.70263294,2670.62943914,267
2026-01-05T13:09:00Z,3147.70263294,3148.43359509,3146.20165526,3146.93243856,2199.68499455,219
2026-01-05T13:10:00Z,3146.93243856,3151.16277073,3146.19603034,3150.42554510,2105.87048670,210
2026-01-05T13:11:00Z,3150.42554510,3152.32075812,3149.10754656,3151.00251820,1051.75993975,105
2026-01-05T13:12:00Z,3151.00251820,3152.72245166,3147.59087651,3149.30988607,1252.92504318,125
2026-01-05T13:13:00Z,3149.30988607,3158.55497566,3145.92478326,3155.16358087,8978.06586890,897
2026-01-05T13:14:00Z,3155.16358087,3157.60492732,3153.75177710,3156.19266308,1037.90675117,103
2026-01-05T13:15:00Z,3156.19266308,3156.37304571,3155.79867362,3155.97904404,1028.60171157,102
2026-01-05T13:16:00Z,3155.97904404,3158.53910390,3154.94720913,3157.50676951,939.05199729,93
2026-01-05T13:17:00Z,3157.50676951,3160.40480298,3152.08836943,3154.98408752,6519.24326286,651
2026-01-05T13:18:00Z,3154.98408752,3155.71768260,3146.07891496,3146.81060954,7570.29811252,757
2026-01-05T13:19:00Z,3146.81060954,3152.04184566,3142.41134855,3147.64142318,1991.96378297,199
2026-01-05T13:20:00Z,3147.64142318,3147.99833815,3145.93103189,3146.28779336,2638.56995995,263
2026-01-05T13:21:00Z,3146.28779336,3146.52205580,3142.33182090,3142.56580621,440.41389393,44
2026-01-05T13:22:00Z,3142.56580621,3145.30292623,3139.44839644,3142.18518495,1064.20302733,106
2026-01-05T13:23:00Z,3142.18518495,3142.74352886,3141.41086614,3141.96917167,1475.51957313,147
2026-01-05T13:24:00Z,3141.96917167,3144.00231913,3138.70849285,3140.74084546,1690.97910222,169
2026-01-05T13:25:00Z,3140.74084546,3141.14837204,3139.23744481,3139.64482918,2066.10658522,206
2026-01-05T13:26:00Z,3139.64482918,3143.79146890,3137.69161420,3141.83689022,7589.34902875,758
2026-01-05T13:27:00Z,3141.83689022,3142.06521125,3140.33528381,3140.56351231,3570.52278611,357
2026-01-05T13:28:00Z,3140.56351231,3141.00311874,3136.50208782,3136.94118721,9132.85780964,913
2026-01-05T13:29:00Z,3136.94118721,3141.28721993,3134.21458004,3138.55920639,2733.77764789,273
2026-01-05T13:30:00Z,3138.55920639,3140.85437723,3134.55972779,3136.85365139,3263.85633520,326
2026-01-05T13:31:00Z,3136.85365139,3142.83183170,3132.38742214,3138.36345280,3384.59631489,338
2026-01-05T13:32:00Z,3138.36345280,3139.05676850,3137.82827518,3138.52156392,1523.88314790,152
2026-01-05T13:33:00Z,3138.52156392,3143.57408224,3136.32391494,3141.37443563,4069.41322805,406
2026-01-05T13:34:00Z,3141.37443563,3145.49622328,3140.26461604,3144.38533996,2623.40594757,262
2026-01-05T13:35:00Z,3144.38533996,3147.78350861,3138.98949733,3142.38550473,3842.53570774,384
2026-01-05T13:36:00Z,3142.38550473,3142.77656588,3141.11812728,3141.50907936,1554.48127095,155
2026-01-05T13:37:00Z,3141.50907936,3147.69201299,3137.29344823,3143.47374544,2016.00632008,201
2026-01-05T13:38:00Z,3143.47374544,3148.84327085,3141.36426094,3146.73160010,2014.91192578,201
2026-01-05T13:39:00Z,3146.73160010,3148.49917607,3146.56942886,3148.33692210,2822.58680995,282
2026-01-05T13:40:00Z,3148.33692210,3149.98546704,3148.26642236,3149.91493197,3012.81819019,301
2026-01-05T13:41:00Z,3149.91493197,3153.41568780,3148.87765961,3152.37760448,4096.91778564,409
2026-01-05T13:42:00Z,3152.37760448,3153.58396416,3145.12167500,3146.32571872,3809.81149175,380
2026-01-05T13:43:00Z,3146.32571872,3148.11569143,3143.19724570,3144.98645649,3332.84509320,333
2026-01-05T13:44:00Z,3144.98645649,3150.63337845,3139.24440540,3144.89115626,1483.32857693,148
2026-01-05T13:45:00Z,3144.89115626,3145.98394621,3143.46944481,3144.56212044,2055.69856872,205
2026-01-05T13:46:00Z,3144.56212044,3147.25003940,3144.34258565,3147.03033230,1398.63097240,139
2026-01-05T13:47:00Z,3147.03033230,3148.08480782,3146.60669576,3147.66108637,1477.01612859,147
2026-01-05T13:48:00Z,3147.66108637,3148.31195377,3143.56427550,3144.21443021,2908.88333080,290
2026-01-05T13:49:00Z,3144.21443021,3145.13693989,3140.54002519,3141.46172723,5857.25324256,585
2026-01-05T13:50:00Z,3141.46172723,3144.79119813,3135.25003734,3138.57645029,481.12846559,48
2026-01-05T13:51:00Z,3138.57645029,3140.70742014,3138.25353588,3140.38431973,6146.57481361,614
2026-01-05T13:52:00Z,3140.38431973,3140.47756352,3139.70793365,3139.80116013,1939.92531096,193
2026-01-05T13:53:00Z,3139.80116013,3143.07529469,3137.15977515,3140.43337785,4009.75627660,400
2026-01-05T13:54:00Z,3140.43337785,3141.07628592,3139.59490522,3140.23777324,1785.31597862,178
2026-01-05T13:55:00Z,3140.23777324,3148.11131057,3136.80131401,3144.67000101,2078.75412614,207
2026-01-05T13:56:00Z,3144.67000101,3147.64556453,3139.14539742,3142.11854669,2912.83061977,291
2026-01-05T13:57:00Z,3142.11854669,3146.71669323,3140.52273947,3145.11936196,398.95332510,39
2026-01-05T13:58:00Z,3145.11936196,3145.38073385,3142.05465898,3142.31579788,3700.76151588,370
2026-01-05T13:59:00Z,3142.31579788,3143.39055811,3139.19527547,3140.26933575,1856.50978595,185
2026-01-05T14:00:00Z,3140.26933575,3146.39503671,3135.16770410,3141.29174408,3323.33040037,332
2026-01-05T14:01:00Z,3141.29174408,3143.62000010,3138.32565097,3140.65343389,777.14272315,77
2026-01-05T14:02:00Z,3140.65343389,3151.03713319,3136.91566554,3147.29146475,320.27790296,32
2026-01-05T14:03:00Z,3147.29146475,3149.86257623,3142.88405017,3145.45366030,693.71265752,69
2026-01-05T14:04:00Z,3145.45366030,3145.97840834,3145.19192017,3145.71664632,4279.61495613,427
2026-01-05T14:05:00Z,3145.71664632,3145.88812468,3145.17366792,3145.34512603,680.37034610,68
2026-01-05T14:06:00Z,3145.34512603,3149.16144292,3144.04898741,3147.86426622,2487.22439261,248
2026-01-05T14:07:00Z,3147.86426622,3149.07705219,3143.71777833,3144.92943360,3289.93380757,328
2026-01-05T14:08:00Z,3144.92943360,3153.88074529,3141.43069965,3150.37595209,18196.93856484,1819
2026-01-05T14:09:00Z,3150.37595209,3152.60135408,3145.41068040,3147.63414561,2821.52308709,282
2026-01-05T14:10:00Z,3147.63414561,3149.24398603,3142.74938436,3144.35754899,3016.37563956,301
2026-01-05T14:11:00Z,3144.35754899,3146.93066836,3144.19017917,3146.76317050,643.75418709,64
2026-01-05T14:12:00Z,3146.76317050,3147.47787898,3142.30908359,3143.02294257,2612.72869266,261
2026-01-05T14:13:00Z,3143.02294257,3146.61302663,3135.81575576,3139.40170350,6445.12275501,644
2026-01-05T14:14:00Z,3139.40170350,3139.45824732,3138.86448441,3138.92101957,2719.50645004,271
2026-01-05T14:15:00Z,3138.92101957,3139.17463435,3137.32143750,3137.57494352,470.70042592,47
2026-01-05T14:16:00Z,3137.57494352,3138.47632467,3133.94445538,3134.84505227,2736.65496367,273
2026-01-05T14:17:00Z,3134.84505227,3136.81654329,3132.81541048,3134.78686491,644.31009485,64
2026-01-05T14:18:00Z,3134.78686491,3136.09459815,3133.41486221,3134.72256863,267.03986582,26
2026-01-05T14:19:00Z,3134.72256863,3135.32548941,3133.48141046,3134.08420847,1298.77525125,129
2026-01-05T14:20:00Z,3134.08420847,3140.52807593,3130.49767571,3136.93827708,2565.59849623,256
2026-01-05T14:21:00Z,3136.93827708,3137.06415933,3136.82300493,3136.94888679,295.01483888,29
2026-01-05T14:22:00Z,3136.94888679,3139.27975175,3133.83524340,3136.16552630,812.86131106,81
2026-01-05T14:23:00Z,3136.16552630,3141.09968654,3135.26078971,3140.19378785,1851.23402693,185
2026-01-05T14:24:00Z,3140.19378785,3143.86711409,3138.45015638,3142.12241173,1321.48292019,132
2026-01-05T14:25:00Z,3142.12241173,3142.71888073,3140.68339318,3141.27970222,2754.45356808,275
2026-01-05T14:26:00Z,3141.27970222,3146.92228390,3138.42782627,3144.06787666,4836.57122708,483
2026-01-05T14:27:00Z,3144.06787666,3144.94918070,3142.75963352,3143.64081785,2995.74590871,299
2026-01-05T14:28:00Z,3143.64081785,3145.11066674,3141.85775436,3143.32745674,1627.83280687,162
2026-01-05T14:29:00Z,3143.32745674,3147.14855505,3143.21277679,3147.03373988,5402.75257574,540
2026-01-05T14:30:00Z,3147.03373988,3147.95680303,3145.39072846,3146.31358037,1287.23295732,128
2026-01-05T14:31:00Z,3146.31358037,3149.02274503,3144.34802796,3147.05672836,419.37999957,41
2026-01-05T14:32:00Z,3147.05672836,3149.61610208,3144.86593943,3147.42505673,925.34060879,92
2026-01-05T14:33:00Z,3147.42505673,3148.61769605,3147.19496867,3148.38753763,699.35194091,69
2026-01-05T14:34:00Z,3148.38753763,3151.34081600,3143.37662076,3146.32796720,1816.48047734,181
2026-01-05T14:35:00Z,3146.32796720,3148.29795800,3139.75166945,3141.71877432,870.38891872,87
2026-01-05T14:36:00Z,3141.71877432,3142.32540191,3139.59051503,3140.19684875,2273.02501447,227
2026-01-05T14:37:00Z,3140.19684875,3140.36451093,3139.15244541,3139.32006079,1768.95308435,176
2026-01-05T14:38:00Z,3139.32006079,3144.70954685,3138.66408403,3144.05258121,1147.47981095,114
2026-01-05T14:39:00Z,3144.05258121,3145.96716826,3141.86154854,3143.77596715,441.48354533,44
2026-01-05T14:40:00Z,3143.77596715,3143.93286075,3142.88856573,3143.04542288,1471.05083211,147
2026-01-05T14:41:00Z,3143.04542288,3143.85919345,3142.59299237,3143.40671094,1484.47132788,148
2026-01-05T14:42:00Z,3143.40671094,3144.20168510,3140.53655934,3141.33100856,1382.73399117,138
2026-01-05T14:43:00Z,3141.33100856,3144.42088392,3139.94100601,3143.03012953,1063.36037398,106
2026-01-05T14:44:00Z,3143.03012953,3144.00194524,3141.48754611,3142.45918528,3242.91311580,324
2026-01-05T14:45:00Z,3142.45918528,3145.95303026,3141.23571230,3144.72867368,799.93106891,79
2026-01-05T14:46:00Z,3144.72867368,3145.54254421,3143.67147059,3144.48527813,1512.90217562,151
2026-01-05T14:47:00Z,3144.48527813,3145.47667834,3141.87871073,3142.86960154,357.48291973,35
2026-01-05T14:48:00Z,3142.86960154,3145.06028898,3141.23237106,3143.42277034,4496.92109731,449
2026-01-05T14:49:00Z,3143.42277034,3147.40880660,3143.24824034,3147.23406499,5409.49475592,540
2026-01-05T14:50:00Z,3147.23406499,3150.29317098,3141.80647437,3144.86327596,4219.52774654,421
2026-01-05T14:51:00Z,3144.86327596,3145.33178499,3142.30289726,3142.77109461,939.08435229,93
2026-01-05T14:52:00Z,3142.77109461,3143.19953968,3141.92923291,3142.35762162,2604.07354675,260
2026-01-05T14:53:00Z,3142.35762162,3146.47907700,3139.65781360,3143.77804860,450.20417966,45
2026-01-05T14:54:00Z,3143.77804860,3152.44956703,3141.77014806,3150.43741322,7528.29609644,752
2026-01-05T14:55:00Z,3150.43741322,3154.22311086,3147.65652013,3151.44133161,3326.03846577,332
2026-01-05T14:56:00Z,3151.44133161,3154.01590675,3147.82600406,3150.39972825,376.24971611,37
2026-01-05T14:57:00Z,3150.39972825,3153.45411695,3147.96825337,3151.02216167,2262.51246256,226
2026-01-05T14:58:00Z,3151.02216167,3158.24370330,3146.62701838,3153.84462315,4344.53369859,434
2026-01-05T14:59:00Z,3153.84462315,3154.01359681,3152.41994647,3152.58885285,1143.09955966,114
2026-01-05T15:00:00Z,3152.58885285,3156.58244973,3148.20498203,3152.19808389,3032.26688125,303
2026-01-05T15:01:00Z,3152.19808389,3155.72449924,3150.29184110,3153.81727726,2558.43303577,255
2026-01-05T15:02:00Z,3153.81727726,3160.56693543,3146.38529780,3153.13349257,986.42791709,98
2026-01-05T15:03:00Z,3153.13349257,3153.19829387,3152.91705247,3152.98185065,212.45588940,21
2026-01-05T15:04:00Z,3152.98185065,3158.18412601,3151.94663921,3157.14754685,6691.67553804,669
2026-01-05T15:05:00Z,3157.14754685,3158.87172581,3151.34637832,3153.06832955,157.09199104,15
2026-01-05T15:06:00Z,3153.06832955,3154.79184195,3145.01957417,3146.73962721,3514.47839548,351
2026-01-05T15:07:00Z,3146.73962721,3151.73808019,3146.19407611,3151.19175722,6172.37855074,617
2026-01-05T15:08:00Z,3151.19175722,3154.87479442,3148.78357931,3152.46564299,3684.29574090,368
2026-01-05T15:09:00Z,3152.46564299,3157.65405839,3149.07842765,3154.26490980,670.01765234,67
2026-01-05T15:10:00Z,3154.26490980,3162.72388364,3149.62476648,3158.07813081,3636.96189347,363
2026-01-05T15:11:00Z,3158.07813081,3159.22327734,3156.53470682,3157.67970888,230.45869428,23
2026-01-05T15:12:00Z,3157.67970888,3161.64454028,3154.29407151,3158.25828256,502.55432673,50
2026-01-05T15:13:00Z,3158.25828256,3159.45121657,3155.56974305,3156.76211192,1422.22363120,142
2026-01-05T15:14:00Z,3156.76211192,3157.90932821,3156.35195026,3157.49907079,1319.30752876,131
2026-01-05T15:15:00Z,3157.49907079,3161.77914675,3156.84895672,3161.12828544,1709.55004390,170
2026-01-05T15:16:00Z,3161.12828544,3162.88535674,3160.50817958,3162.26502789,464.50600512,46
2026-01-05T15:17:00Z,3162.26502789,3166.96447855,3158.99644154,3163.69441476,2331.30468250,233
2026-01-05T15:18:00Z,3163.69441476,3165.53904140,3162.66687873,3164.51124007,4144.05607239,414
2026-01-05T15:19:00Z,3164.51124007,3169.64204342,3161.29251023,3166.42137072,3447.14227847,344
2026-01-05T15:20:00Z,3166.42137072,3167.08206302,3164.60836876,3165.26882058,809.86007905,80
2026-01-05T15:21:00Z,3165.26882058,3167.53560493,3161.51203086,3163.77774739,414.83395989,41
2026-01-05T15:22:00Z,3163.77774739,3166.18521815,3162.37400075,3164.78102636,1736.24744713,173
2026-01-05T15:23:00Z,3164.78102636,3165.55711143,3161.15220675,3161.92759208,886.12721398,88
2026-01-05T15:24:00Z,3161.92759208,3164.97680771,3161.68485098,3164.73385117,7464.50708344,746
2026-01-05T15:25:00Z,3164.73385117,3168.29735887,3158.61211024,3162.17273411,2314.15187878,231
2026-01-05T15:26:00Z,3162.17273411,3166.05472079,3157.74802958,3161.62934918,2647.42633535,264
2026-01-05T15:27:00Z,3161.62934918,3162.30801103,3160.58885333,3161.26743750,776.97619701,77
2026-01-05T15:28:00Z,3161.26743750,3162.02986847,3160.36858329,3161.13098135,810.63541415,81
2026-01-05T15:29:00Z,3161.13098135,3163.97447560,3155.00659102,3157.84713138,789.34285557,78
2026-01-05T15:30:00Z,3157.84713138,3160.46231731,3153.10451174,3155.71793436,2076.02787284,207
2026-01-05T15:31:00Z,3155.71793436,3161.31230422,3149.95146908,3155.54553332,1666.31411642,166
2026-01-05T15:32:00Z,3155.54553332,3156.72318550,3151.17645542,3152.35291610,2414.08737561,241
2026-01-05T15:33:00Z,3152.35291610,3153.12005492,3150.26887261,3151.03569088,1755.20752758,175
2026-01-05T15:34:00Z,3151.03569088,3151.53305335,3150.81340337,3151.31074644,1053.27595103,105
2026-01-05T15:35:00Z,3151.31074644,3152.67458214,3147.54433780,3148.90713326,6848.86161511,684
2026-01-05T15:36:00Z,3148.90713326,3153.38001821,3148.85351401,3153.32632371,2069.02652181,206
2026-01-05T15:37:00Z,3153.32632371,3153.34668079,3152.18706178,3152.20741164,1243.15309712,124
2026-01-05T15:38:00Z,3152.20741164,3154.54868265,3149.97288364,3152.31407903,650.73752252,65
2026-01-05T15:39:00Z,3152.31407903,3153.28013662,3148.22443797,3149.18953800,4346.96202404,434
2026-01-05T15:40:00Z,3149.18953800,3151.27934028,3143.52191436,3145.60934082,2793.56384279,279
2026-01-05T15:41:00Z,3145.60934082,3146.42769625,3142.85060697,3143.66845747,1857.02967642,185
2026-01-05T15:42:00Z,3143.66845747,3147.48032242,3137.87919748,3141.68866182,2183.46063629,218
2026-01-05T15:43:00Z,3141.68866182,3142.01445905,3140.33232945,3140.65801980,2535.51132298,253
2026-01-05T15:44:00Z,3140.65801980,3143.94604403,3139.20124381,3142.48841902,203.43825691,20
2026-01-05T15:45:00Z,3142.48841902,3146.28902782,3136.09463408,3139.89210282,2574.53963578,257
2026-01-05T15:46:00Z,3139.89210282,3142.28814753,3138.66993816,3141.06552613,2729.32028828,272
2026-01-05T15:47:00Z,3141.06552613,3142.83069873,3137.59867959,3139.36289537,661.80091191,66
2026-01-05T15:48:00Z,3139.36289537,3144.42870163,3134.05293467,3139.11834632,784.49452336,78
2026-01-05T15:49:00Z,3139.11834632,3140.23451150,3135.91856167,3137.03398573,1074.36524093,107
2026-01-05T15:50:00Z,3137.03398573,3141.92201548,3131.23288513,3136.11948995,1713.12120051,171
2026-01-05T15:51:00Z,3136.11948995,3141.85436944,3135.07240038,3140.80571523,2860.71037054,286
2026-01-05T15:52:00Z,3140.80571523,3143.05198170,3140.26664300,3142.51261651,6401.70929014,640
2026-01-05T15:53:00Z,3142.51261651,3144.04352452,3139.93119051,3141.46158650,2249.41821064,224
2026-01-05T15:54:00Z,3141.46158650,3141.84895293,3134.66470136,3135.05127736,2849.08923817,284
2026-01-05T15:55:00Z,3135.05127736,3138.38319463,3134.04078048,3137.37194975,2261.11906010,226
2026-01-05T15:56:00Z,3137.37194975,3143.62110805,3135.36440289,3141.61084880,3190.15745197,319
2026-01-05T15:57:00Z,3141.61084880,3141.73139192,3138.99596131,3139.11640873,1664.05185564,166
2026-01-05T15:58:00Z,3139.11640873,3141.02633748,3136.67290429,3138.58250820,1987.92950821,198
2026-01-05T15:59:00Z,3138.58250820,3142.67841857,3137.43427227,3141.52910464,355.37106525,35
2026-01-05T16:00:00Z,3141.52910464,3147.10780048,3133.03655811,3138.61007036,4998.01313909,499
2026-01-05T16:01:00Z,3138.61007036,3139.00997804,3138.40450559,3138.80440055,281.94342538,28
2026-01-05T16:02:00Z,3138.80440055,3141.43303684,3130.10055890,3132.72410316,3387.08389496,338
2026-01-05T16:03:00Z,3132.72410316,3134.08897644,3132.53606687,3133.90086952,785.44907207,78
2026-01-05T16:04:00Z,3133.90086952,3134.58320781,3129.18811172,3129.86957229,1576.45117642,157
2026-01-05T16:05:00Z,3129.86957229,3130.25856984,3126.69929446,3127.08794630,2196.49283563,219
2026-01-05T16:06:00Z,3127.08794630,3127.23953340,3123.84807795,3123.99951534,4546.66640309,454
2026-01-05T16:07:00Z,3123.99951534,3128.62834825,3121.39862678,3126.02577273,3707.62199303,370
2026-01-05T16:08:00Z,3126.02577273,3130.64591114,3123.95078406,3128.56923417,5297.72362623,529
2026-01-05T16:09:00Z,3128.56923417,3130.85341413,3127.71337509,3129.99716442,2638.42395786,263
2026-01-05T16:10:00Z,3129.99716442,3133.31379673,3128.96197458,3132.27785260,1991.14532974,199
2026-01-05T16:11:00Z,3132.27785260,3133.70310603,3121.25558205,3122.67646664,5540.61122120,554
2026-01-05T16:12:00Z,3122.67646664,3123.40969018,3119.67095521,3120.40364507,10174.67642188,1017
2026-01-05T16:13:00Z,3120.40364507,3123.18193886,3120.03306851,3122.81107639,2096.20199152,209
2026-01-05T16:14:00Z,3122.81107639,3126.71963540,3121.46968829,3125.37714506,950.83394096,95
2026-01-05T16:15:00Z,3125.37714506,3128.17807204,3122.43856713,3125.23937064,955.44866100,95
2026-01-05T16:16:00Z,3125.23937064,3127.66892666,3121.43710518,3123.86559323,3070.31018993,307
2026-01-05T16:17:00Z,3123.86559323,3130.79645769,3122.79319253,3129.72204650,10393.75995119,1039
2026-01-05T16:18:00Z,3129.72204650,3131.17733962,3125.56025730,3127.01429133,2439.47554937,243
2026-01-05T16:19:00Z,3127.01429133,3131.25897412,3124.54095563,3128.78423847,2504.01400058,250
2026-01-05T16:20:00Z,3128.78423847,3132.33173545,3128.29379373,3131.84081158,1480.39529188,148
2026-01-05T16:21:00Z,3131.84081158,3132.53821912,3127.80555348,3128.50221757,3580.16900253,358
2026-01-05T16:22:00Z,3128.50221757,3129.40419409,3126.80158906,3127.70333526,553.52372043,55
2026-01-05T16:23:00Z,3127.70333526,3129.21104702,3127.20274625,3128.71029684,3167.37646793,316
2026-01-05T16:24:00Z,3128.71029684,3129.95638823,3127.13136218,3128.37732095,948.89395481,94
2026-01-05T16:25:00Z,3128.37732095,3128.95081419,3123.86580444,3124.43857563,2014.90434138,201
2026-01-05T16:26:00Z,3124.43857563,3125.44038734,3121.46625733,3122.46743702,3739.04415581,373
2026-01-05T16:27:00Z,3122.46743702,3123.85369967,3122.08756389,3123.47370412,409.29208235,40
2026-01-05T16:28:00Z,3123.47370412,3125.11424172,3123.43497956,3125.07549730,2076.03698783,207
2026-01-05T16:29:00Z,3125.07549730,3131.70084723,3121.49131952,3128.11318549,2819.88130855,281
2026-01-05T16:30:00Z,3128.11318549,3131.49029853,3126.22713360,3129.60334817,1926.31263930,192
2026-01-05T16:31:00Z,3129.60334817,3133.59130468,3126.66971505,3130.65668419,734.38164148,73
2026-01-05T16:32:00Z,3130.65668419,3132.90592371,3124.97922936,3127.22600409,1622.81129977,162
2026-01-05T16:33:00Z,3127.22600409,3136.63949401,3125.27870413,3134.68754780,2254.58642850,225
2026-01-05T16:34:00Z,3134.68754780,3151.63544601,3127.56093045,3144.48655091,7016.93834135,701
2026-01-05T16:35:00Z,3144.48655091,3149.84606233,3132.20394024,3137.55163167,2462.37601094,246
2026-01-05T16:36:00Z,3137.55163167,3158.59773557,3132.30968269,3153.32942642,3749.10454505,374
2026-01-05T16:37:00Z,3153.32942642,3165.59432724,3149.80247092,3162.05760938,2115.14506615,211
2026-01-05T16:38:00Z,3162.05760938,3179.78042692,3151.79631981,3169.49500204,12823.77690781,1282
2026-01-05T16:39:00Z,3169.49500204,3171.44845295,3158.79322982,3160.74128557,2166.33375387,216
2026-01-05T16:40:00Z,3160.74128557,3175.72298849,3157.72711346,3172.69741468,5572.23918977,557
2026-01-05T16:41:00Z,3172.69741468,3176.39448288,3163.50009857,3167.19074999,620.56930788,62
2026-01-05T16:42:00Z,3167.19074999,3167.89410921,3164.76059728,3165.46357293,2128.40708802,212
2026-01-05T16:43:00Z,3165.46357293,3188.64717056,3156.19425500,3179.33722689,5795.01552342,579
2026-01-05T16:44:00Z,3179.33722689,3184.38740093,3166.60158126,3171.63952800,1795.67724339,179
2026-01-05T16:45:00Z,3171.63952800,3182.07752375,3153.44499299,3163.85737736,3638.61200194,363
2026-01-05T16:46:00Z,3163.85737736,3175.44048165,3161.78304121,3173.35991531,4755.74791697,475
2026-01-05T16:47:00Z,3173.35991531,3180.84259609,3161.65281808,3169.12551428,4956.66748094,495
2026-01-05T16:48:00Z,3169.12551428,3184.84415487,3159.31397992,3175.01438869,3912.01936476,391
2026-01-05T16:49:00Z,3175.01438869,3184.54471693,3169.90628357,3179.42950856,4491.78408540,449
2026-01-05T16:50:00Z,3179.42950856,3181.43593242,3177.93887622,3179.94505837,2671.36002405,267
2026-01-05T16:51:00Z,3179.94505837,3188.65104398,3179.87181576,3188.57760255,9845.28935161,984
2026-01-05T16:52:00Z,3188.57760255,3191.25307258,3187.96255739,3190.63763006,1321.35848550,132
2026-01-05T16:53:00Z,3190.63763006,3192.74753107,3182.93640745,3185.04260859,4497.85166885,449
2026-01-05T16:54:00Z,3185.04260859,3188.26412287,3177.15855521,3180.37534879,2704.02344610,270
2026-01-05T16:55:00Z,3180.37534879,3182.81258930,3176.23301591,3178.66894874,4512.82502982,451
2026-01-05T16:56:00Z,3178.66894874,3184.29043311,3176.56977015,3182.18892994,1648.54186732,164
2026-01-05T16:57:00Z,3182.18892994,3183.64897761,3179.82272889,3181.28236060,2745.17307094,274
2026-01-05T16:58:00Z,3181.28236060,3187.12977282,3177.76235321,3183.60719306,1504.64252828,150
2026-01-05T16:59:00Z,3183.60719306,3191.21276860,3170.53095116,3178.12342608,5478.05625235,547
2026-01-05T17:00:00Z,3178.12342608,3187.85629548,3173.82726353,3183.55279354,1254.07191980,125
2026-01-05T17:01:00Z,3183.55279354,3194.09429094,3176.17846189,3186.71263986,1871.11735354,187
2026-01-05T17:02:00Z,3186.71263986,3201.47965519,3175.85351404,3190.60725796,3966.60496247,396
2026-01-05T17:03:00Z,3190.60725796,3201.71215603,3182.69069842,3193.78770514,4256.12168834,425
2026-01-05T17:04:00Z,3193.78770514,3203.16635393,3189.71733162,3199.08922380,2715.47223087,271
2026-01-05T17:05:00Z,3199.08922380,3204.86848903,3192.06553698,3197.84255004,1766.92815847,176
2026-01-05T17:06:00Z,3197.84255004,3205.39839591,3197.23088652,3204.78540440,7858.47325234,785
2026-01-05T17:07:00Z,3204.78540440,3223.91455477,3200.59611446,3219.70576097,1683.81339177,168
2026-01-05T17:08:00Z,3219.70576097,3225.33346678,3212.33346313,3217.95811424,1735.40288833,173
2026-01-05T17:09:00Z,3217.95811424,3226.09734945,3208.30196012,3216.43734883,2610.94769462,261
2026-01-05T17:10:00Z,3216.43734883,3222.79113663,3210.10080556,3216.45455945,2276.02381912,227
2026-01-05T17:11:00Z,3216.45455945,3224.79954904,3203.24909550,3211.58144195,3602.77451288,360
2026-01-05T17:12:00Z,3211.58144195,3227.09665510,3184.75203337,3200.21232209,4535.43610190,453
2026-01-05T17:13:00Z,3200.21232209,3207.00964675,3194.66752964,3201.46268788,3001.07347208,300
2026-01-05T17:14:00Z,3201.46268788,3204.51444710,3200.35453182,3203.40561852,1792.97563052,179
2026-01-05T17:15:00Z,3203.40561852,3205.45014816,3197.67338757,3199.71556208,1838.98189284,183
2026-01-05T17:16:00Z,3199.71556208,3202.52607052,3198.23128971,3201.04118322,4667.03762419,466
2026-01-05T17:17:00Z,3201.04118322,3204.22009733,3195.57238124,3198.74901902,1875.44954958,187
2026-01-05T17:18:00Z,3198.74901902,3199.56485048,3195.60473681,3196.41997425,1501.14487394,150
2026-01-05T17:19:00Z,3196.41997425,3196.97730343,3194.09596611,3194.65298719,366.06910734,36
2026-01-05T17:20:00Z,3194.65298719,3196.64372752,3192.91142527,3194.90202984,781.52740005,78
2026-01-05T17:21:00Z,3194.90202984,3197.97569888,3193.42785538,3196.50078673,4349.94471537,434
2026-01-05T17:22:00Z,3196.50078673,3198.89819353,3189.64574734,3192.03980836,2875.60376339,287
2026-01-05T17:23:00Z,3192.03980836,3193.39887973,3189.63613376,3190.99476019,451.29081693,45
2026-01-05T17:24:00Z,3190.99476019,3192.68840205,3190.22546848,3191.91888755,1903.53041471,190
2026-01-05T17:25:00Z,3191.91888755,3192.87979160,3189.67022391,3190.63074018,2697.76029773,269
2026-01-05T17:26:00Z,3190.63074018,3191.72113258,3186.03526803,3187.12446216,1785.20650901,178
2026-01-05T17:27:00Z,3187.12446216,3192.50801905,3184.09835971,3189.47968037,1672.29259199,167
2026-01-05T17:28:00Z,3189.47968037,3191.60784575,3188.10707839,3190.23491876,1715.82320236,171
2026-01-05T17:29:00Z,3190.23491876,3192.17428204,3189.35578132,3191.29485251,685.92603055,68
2026-01-05T17:30:00Z,3191.29485251,3194.39700107,3188.86624288,3191.96787926,538.94043293,53
2026-01-05T17:31:00Z,3191.96787926,3194.80479811,3189.10436639,3191.94126158,1148.20577529,114
2026-01-05T17:32:00Z,3191.94126158,3196.73479308,3189.56464857,3194.35638186,2968.23880994,296
2026-01-05T17:33:00Z,3194.35638186,3195.56062012,3192.37228839,3193.57623255,1361.47147451,136
2026-01-05T17:34:00Z,3193.57623255,3195.38301681,3192.43810324,3194.24464930,2188.86452723,218
2026-01-05T17:35:00Z,3194.24464930,3195.17737133,3191.99534244,3192.92767991,1940.55849251,194
2026-01-05T17:36:00Z,3192.92767991,3194.07971259,3188.48623679,3189.63708220,8361.19738163,836
2026-01-05T17:37:00Z,3189.63708220,3192.33585774,3183.72615002,3186.42220542,2282.94743737,228
2026-01-05T17:38:00Z,3186.42220542,3188.84693799,3180.56868414,3182.99080556,590.41578564,59
2026-01-05T17:39:00Z,3182.99080556,3187.61945206,3182.14253113,3186.77017042,4352.69788335,435
2026-01-05T17:40:00Z,3186.77017042,3189.87807507,3183.09882724,3186.20618185,1354.62024656,135
2026-01-05T17:41:00Z,3186.20618185,3187.38326818,3180.22650055,3181.40181199,2961.31939505,296
2026-01-05T17:42:00Z,3181.40181199,3183.32455064,3178.57450928,3180.49670092,1592.71169541,159
2026-01-05T17:43:00Z,3180.49670092,3182.62980008,3177.28076892,3179.41314136,2744.15228784,274
2026-01-05T17:44:00Z,3179.41314136,3181.68600838,3177.32205112,3179.59479866,2496.94537514,249
2026-01-05T17:45:00Z,3179.59479866,3182.78034319,3173.01908226,3176.20122687,731.12851263,73
2026-01-05T17:46:00Z,3176.20122687,3177.78684039,3174.72992588,3176.31548647,261.04714144,26
2026-01-05T17:47:00Z,3176.31548647,3180.02612925,3175.21089915,3178.92063597,1540.57681756,154
2026-01-05T17:48:00Z,3178.92063597,3180.74750936,3177.29229901,3179.11907075,1621.51140497,162
2026-01-05T17:49:00Z,3179.11907075,3180.77359310,3178.43554129,3180.08985493,2722.77129369,272
2026-01-05T17:50:00Z,3180.08985493,3185.35413629,3175.44623119,3180.70960758,678.72361357,67
2026-01-05T17:51:00Z,3180.70960758,3186.15902033,3179.68073907,3185.12872237,3545.76012668,354
2026-01-05T17:52:00Z,3185.12872237,3187.31045131,3183.54382356,3185.72525566,212.69453790,21
2026-01-05T17:53:00Z,3185.72525566,3193.24033492,3179.41619047,3186.92888603,845.29763460,84
2026-01-05T17:54:00Z,3186.92888603,3190.31262760,3180.06393041,3183.44397184,4573.57997944,457
2026-01-05T17:55:00Z,3183.44397184,3187.16215613,3179.44637253,3183.16423008,1486.21002855,148
2026-01-05T17:56:00Z,3183.16423008,3186.22442291,3174.28710361,3177.34169884,2588.22733901,258
2026-01-05T17:57:00Z,3177.34169884,3178.68204464,3175.62086190,3176.96104713,2588.69288439,258
2026-01-05T17:58:00Z,3176.96104713,3177.15566164,3174.54561135,3174.74008981,3789.97882767,378
2026-01-05T17:59:00Z,3174.74008981,3176.58808603,3169.50419299,3171.35021598,2672.90849298,267
2026-01-05T18:00:00Z,3171.35021598,3174.09074245,3164.28188039,3167.01866374,6554.34386309,655
2026-01-05T18:01:00Z,3167.01866374,3170.00432580,3159.81942025,3162.80110627,3781.95032333,378
2026-01-05T18:02:00Z,3162.80110627,3167.73367075,3160.43981251,3165.37045875,2764.81131370,276
2026-01-05T18:03:00Z,3165.37045875,3167.95349729,3164.99771605,3167.58049434,5092.34268864,509
2026-01-05T18:04:00Z,3167.58049434,3173.66722518,3160.56480818,3166.64975052,1974.30161568,197
2026-01-05T18:05:00Z,3166.64975052,3168.53546050,3165.10151205,3166.98705711,177.57467920,17
2026-01-05T18:06:00Z,3166.98705711,3171.24493761,3159.12823931,3163.38127198,4779.47931451,477
2026-01-05T18:07:00Z,3163.38127198,3166.21990189,3160.06583746,3162.90403913,2183.74728189,218
2026-01-05T18:08:00Z,3162.90403913,3163.51929943,3159.25229747,3159.86696699,3327.15693011,332
2026-01-05T18:09:00Z,3159.86696699,3165.67052967,3157.79835587,3163.59947506,8139.29733965,813
2026-01-05T18:10:00Z,3163.59947506,3164.49322325,3162.23126735,3163.12488145,7217.57196675,721
2026-01-05T18:11:00Z,3163.12488145,3163.62809982,3161.75536673,3162.25844725,1484.86139946,148
2026-01-05T18:12:00Z,3162.25844725,3164.52237690,3154.64758436,3156.90768328,6399.31975332,639
2026-01-05T18:13:00Z,3156.90768328,3158.91749778,3147.57572540,3149.58087536,3565.35556304,356
2026-01-05T18:14:00Z,3149.58087536,3155.36344242,3148.24416386,3154.02484486,6593.99210193,659
2026-01-05T18:15:00Z,3154.02484486,3157.51382484,3147.00351330,3150.48858147,595.62519676,59
2026-01-05T18:16:00Z,3150.48858147,3155.52802001,3148.65663042,3153.69420495,6086.25259583,608
2026-01-05T18:17:00Z,3153.69420495,3153.89574159,3149.35089019,3149.55216214,2076.18628922,207
2026-01-05T18:18:00Z,3149.55216214,3153.30765347,3148.54496133,3152.29957406,1396.29908559,139
2026-01-05T18:19:00Z,3152.29957406,3154.68214757,3151.62511440,3154.00732252,177.90660249,17
2026-01-05T18:20:00Z,3154.00732252,3157.49705405,3148.72859387,3152.21634378,2193.20964335,219
2026-01-05T18:21:00Z,3152.21634378,3155.31879960,3148.79324771,3151.89538764,966.68184064,96
2026-01-05T18:22:00Z,3151.89538764,3157.86279421,3142.81839613,3148.77990423,4339.39576925,433
2026-01-05T18:23:00Z,3148.77990423,3154.90484940,3146.64266087,3152.76490120,4439.69843487,443
2026-01-05T18:24:00Z,3152.76490120,3155.43654863,3150.46902988,3153.14040387,1413.66200629,141
2026-01-05T18:25:00Z,3153.14040387,3155.41271213,3151.85570667,3154.12761271,3224.27546534,322
2026-01-05T18:26:00Z,3154.12761271,3169.13501203,3147.40343174,3162.39320991,1973.93710874,197
2026-01-05T18:27:00Z,3162.39320991,3162.52589963,3158.39217460,3158.52470200,3246.42715166,324
2026-01-05T18:28:00Z,3158.52470200,3162.04893253,3155.64858847,3159.17222936,603.37457736,60
2026-01-05T18:29:00Z,3159.17222936,3161.29715311,3154.16363581,3156.28661864,6002.25141711,600
2026-01-05T18:30:00Z,3156.28661864,3158.83964005,3155.17040678,3157.72292024,456.55920088,45
2026-01-05T18:31:00Z,3157.72292024,3158.21374835,3153.56188893,3154.05214646,6630.54501643,663
2026-01-05T18:32:00Z,3154.05214646,3161.33751963,3149.99194223,3157.27316899,1458.98663917,145
2026-01-05T18:33:00Z,3157.27316899,3163.66019552,3155.11978738,3161.50392838,1948.47846534,194
2026-01-05T18:34:00Z,3161.50392838,3162.89158027,3159.25521909,3160.64249288,3318.34663340,331
2026-01-05T18:35:00Z,3160.64249288,3161.97777850,3156.90963150,3158.24390379,5060.12444076,506
2026-01-05T18:36:00Z,3158.24390379,3169.25461817,3154.87760479,3165.88017984,1439.51475038,143
2026-01-05T18:37:00Z,3165.88017984,3169.30024542,3165.79129755,3169.21126961,5018.21713604,501
2026-01-05T18:38:00Z,3169.21126961,3170.65241995,3166.78681037,3168.22751336,609.80614028,60
2026-01-05T18:39:00Z,3168.22751336,3171.97975174,3165.53034374,3169.28168469,2371.28928269,237
2026-01-05T18:40:00Z,3169.28168469,3170.36332591,3167.52858822,3168.61000021,4595.52647613,459
2026-01-05T18:41:00Z,3168.61000021,3169.93311700,3165.59154138,3166.91394996,310.61926240,31
2026-01-05T18:42:00Z,3166.91394996,3171.53587846,3165.22215178,3169.84251581,1107.76175392,110
2026-01-05T18:43:00Z,3169.84251581,3175.11112887,3167.57948110,3172.84594992,4841.66306417,484
2026-01-05T18:44:00Z,3172.84594992,3173.80380126,3171.61680705,3172.57457646,1161.55265770,116
2026-01-05T18:45:00Z,3172.57457646,3175.27527586,3169.51526811,3172.21566198,1156.61757688,115
2026-01-05T18:46:00Z,3172.21566198,3176.21794155,3168.86571064,3172.86730205,920.01109305,92
2026-01-05T18:47:00Z,3172.86730205,3177.08854432,3169.92386088,3174.14391884,1828.19152506,182
2026-01-05T18:48:00Z,3174.14391884,3175.08608287,3172.81807388,3173.76012399,1927.94285777,192
2026-01-05T18:49:00Z,3173.76012399,3174.34008057,3170.04208123,3170.62146426,3494.57526910,349
2026-01-05T18:50:00Z,3170.62146426,3176.36592876,3169.19318237,3174.93570341,9004.08908621,900
2026-01-05T18:51:00Z,3174.93570341,3176.51727678,3169.66846310,3171.24819956,6139.56988824,613
2026-01-05T18:52:00Z,3171.24819956,3173.47434932,3165.77655180,3168.00042169,1694.50537293,169
2026-01-05T18:53:00Z,3168.00042169,3168.80230460,3164.23513103,3165.03626366,4024.89346764,402
2026-01-05T18:54:00Z,3165.03626366,3170.05946571,3163.75653733,3168.77822638,4859.30989485,485
2026-01-05T18:55:00Z,3168.77822638,3169.91564521,3164.91924845,3166.05569003,1758.88250440,175
2026-01-05T18:56:00Z,3166.05569003,3169.33144725,3165.75411407,3169.02958801,4221.35141670,422
2026-01-05T18:57:00Z,3169.02958801,3169.21852381,3167.60826415,3167.79712646,2491.15188302,249
2026-01-05T18:58:00Z,3167.79712646,3172.24874012,3160.74617935,3165.19413510,3426.24145315,342
2026-01-05T18:59:00Z,3165.19413510,3165.89504308,3163.76249455,3164.46324067,1637.94138043,163
2026-01-05T19:00:00Z,3164.46324067,3177.84767896,3160.90250640,3174.27590324,8423.07414553,842
2026-01-05T19:01:00Z,3174.27590324,3190.71723613,3167.41824661,3183.83891971,975.13160668,97
2026-01-05T19:02:00Z,3183.83891971,3184.67429453,3179.24640241,3180.08079118,3168.37991103,316
2026-01-05T19:03:00Z,3180.08079118,3200.47938478,3172.75502926,3193.12357698,2996.19194199,299
2026-01-05T19:04:00Z,3193.12357698,3207.81384209,3183.37099164,3198.04622177,769.84517849,76
2026-01-05T19:05:00Z,3198.04622177,3210.80668312,3188.33467266,3201.08590336,1509.60536028,150
2026-01-05T19:06:00Z,3201.08590336,3202.48755572,3169.57780760,3170.96627155,4147.17145794,414
2026-01-05T19:07:00Z,3170.96627155,3172.14034311,3165.99221611,3167.16488017,2523.45180345,252
2026-01-05T19:08:00Z,3167.16488017,3176.57284277,3165.92084695,3175.32560409,3145.80980289,314
2026-01-05T19:09:00Z,3175.32560409,3183.49376778,3161.52942778,3169.68307671,1976.75958377,197
2026-01-05T19:10:00Z,3169.68307671,3174.32514291,3166.87539984,3171.51584259,1578.33745127,157
2026-01-05T19:11:00Z,3171.51584259,3186.65660935,3168.01430765,3183.14223820,6361.52646165,636
2026-01-05T19:12:00Z,3183.14223820,3189.60260720,3180.20385696,3186.66097780,1115.11095309,111
2026-01-05T19:13:00Z,3186.66097780,3192.25340213,3174.19242536,3179.77276123,4298.86043935,429
2026-01-05T19:14:00Z,3179.77276123,3190.73121230,3161.46425281,3172.39728578,1577.77212085,157
2026-01-05T19:15:00Z,3172.39728578,3177.94428738,3170.84759058,3176.39264047,2735.29440691,273
2026-01-05T19:16:00Z,3176.39264047,3189.67599742,3174.06800221,3187.34334490,10300.02042731,1030
2026-01-05T19:17:00Z,3187.34334490,3188.62674164,3186.60675552,3187.89002592,1628.28952957,162
2026-01-05T19:18:00Z,3187.89002592,3192.93905790,3183.98961395,3189.03724230,1855.53733730,185
2026-01-05T19:19:00Z,3189.03724230,3189.40451097,3186.54416287,3186.91118669,14699.14242143,1469
2026-01-05T19:20:00Z,3186.91118669,3187.49982484,3186.06911720,3186.65770853,2526.61461170,252
2026-01-05T19:21:00Z,3186.65770853,3188.32655014,3184.67269884,3186.34137479,1369.61316731,136
2026-01-05T19:22:00Z,3186.34137479,3188.51584371,3185.81547537,3187.98967224,2812.65246956,281
2026-01-05T19:23:00Z,3187.98967224,3188.62598943,3183.40521769,3184.04074668,3644.14878517,364
2026-01-05T19:24:00Z,3184.04074668,3185.75602865,3181.27525298,3182.98996888,960.12719168,96
2026-01-05T19:25:00Z,3182.98996888,3185.26261743,3180.84037543,3183.11294095,1578.81296183,157
2026-01-05T19:26:00Z,3183.11294095,3183.48494659,3180.52201380,3180.89376009,1584.94662393,158
2026-01-05T19:27:00Z,3180.89376009,3182.01913846,3180.63655580,3181.76186397,2949.68515706,294
2026-01-05T19:28:00Z,3181.76186397,3183.14858319,3180.72407398,3182.11067942,217.78511669,21
2026-01-05T19:29:00Z,3182.11067942,3182.59790844,3180.50727160,3180.99432969,266.60475088,26
2026-01-05T19:30:00Z,3180.99432969,3181.79981957,3180.03921834,3180.84467032,2411.34156694,241
2026-01-05T19:31:00Z,3180.84467032,3181.87060285,3180.75622437,3181.78213082,3850.27557054,385
2026-01-05T19:32:00Z,3181.78213082,3182.72862806,3179.25538537,3180.20141238,1515.36983379,151
2026-01-05T19:33:00Z,3180.20141238,3182.28421854,3177.41674815,3179.49909435,5433.47823399,543
2026-01-05T19:34:00Z,3179.49909435,3180.92707228,3176.48450963,3177.91177467,1129.86002246,112
2026-01-05T19:35:00Z,3177.91177467,3179.56967761,3176.42911753,3178.08693875,759.22112102,75
2026-01-05T19:36:00Z,3178.08693875,3181.68984358,3172.52440063,3176.12508135,8591.44178228,859
2026-01-05T19:37:00Z,3176.12508135,3177.92185257,3171.26597737,3173.06101521,3476.90315900,347
2026-01-05T19:38:00Z,3173.06101521,3173.67452865,3172.07198709,3172.68542791,2994.93724410,299
2026-01-05T19:39:00Z,3172.68542791,3173.12511078,3169.61123784,3170.05055555,8271.31010162,827
2026-01-05T19:40:00Z,3170.05055555,3171.42596291,3166.95746520,3168.33212697,3542.82325063,354
2026-01-05T19:41:00Z,3168.33212697,3170.68149119,3166.50871467,3168.85777636,3086.33556222,308
2026-01-05T19:42:00Z,3168.85777636,3171.57849174,3166.64674110,3169.36710110,3804.10919156,380
2026-01-05T19:43:00Z,3169.36710110,3170.30044725,3167.79085242,3168.72400919,4675.97603578,467
2026-01-05T19:44:00Z,3168.72400919,3171.85523204,3168.28097156,3171.41181861,4281.38037062,428
2026-01-05T19:45:00Z,3171.41181861,3173.02522939,3170.89114521,3172.50437661,6412.49765181,641
2026-01-05T19:46:00Z,3172.50437661,3172.76029193,3170.79426337,3171.05006137,9744.89568344,974
2026-01-05T19:47:00Z,3171.05006137,3173.20210931,3166.26069008,3168.41094697,1512.00060738,151
2026-01-05T19:48:00Z,3168.41094697,3171.35353783,3167.02862605,3169.97053650,524.12624319,52
2026-01-05T19:49:00Z,3169.97053650,3171.28991148,3166.07826030,3167.39656396,830.00337658,83
2026-01-05T19:50:00Z,3167.39656396,3171.81158462,3163.79663408,3168.21072939,2968.58373786,296
2026-01-05T19:51:00Z,3168.21072939,3169.72154850,3163.07891643,3164.58800798,2827.00708840,282
2026-01-05T19:52:00Z,3164.58800798,3166.07899017,3162.52583861,3164.01655157,2697.58821764,269
2026-01-05T19:53:00Z,3164.01655157,3166.04118907,3160.72913282,3162.75296175,1246.81283908,124
2026-01-05T19:54:00Z,3162.75296175,3163.88764321,3160.50225482,3161.63653574,2200.57513521,220
2026-01-05T19:55:00Z,3161.63653574,3167.43639575,3159.05588819,3164.85312270,7186.99181796,718
2026-01-05T19:56:00Z,3164.85312270,3167.11235933,3162.74872264,3165.00785638,1236.07124645,123
2026-01-05T19:57:00Z,3165.00785638,3165.11532792,3162.99520505,3163.10261189,870.66748179,87
2026-01-05T19:58:00Z,3163.10261189,3171.00012386,3159.26658048,3167.15917289,2487.77790865,248
2026-01-05T19:59:00Z,3167.15917289,3168.31595854,3165.44977597,3166.60635971,588.18505220,58
2026-01-05T20:00:00Z,3166.60635971,3170.38977742,3160.81357312,3164.59458719,4518.20327834,451
2026-01-05T20:01:00Z,3164.59458719,3165.70552548,3157.34116944,3158.44995065,7077.94207609,707
2026-01-05T20:02:00Z,3158.44995065,3162.12496744,3153.56686630,3157.24047581,685.16362750,68
2026-01-05T20:03:00Z,3157.24047581,3160.09246157,3151.78520092,3154.63483297,2781.76404241,278
2026-01-05T20:04:00Z,3154.63483297,3164.81519025,3149.26564180,3159.43782439,287.79836589,28
2026-01-05T20:05:00Z,3159.43782439,3161.11117958,3155.81198623,3157.48430676,1950.90528664,195
2026-01-05T20:06:00Z,3157.48430676,3162.28054353,3155.38688006,3160.18132527,1246.93300667,124
2026-01-05T20:07:00Z,3160.18132527,3162.87652618,3155.83008903,3158.52387636,378.09481444,37
2026-01-05T20:08:00Z,3158.52387636,3162.52706669,3155.38547704,3159.38780895,1400.72750375,140
2026-01-05T20:09:00Z,3159.38780895,3160.53064388,3158.96856413,3160.11130305,1505.40371971,150
2026-01-05T20:10:00Z,3160.11130305,3165.35948049,3157.98696229,3163.23304118,3050.11688054,305
2026-01-05T20:11:00Z,3163.23304118,3163.64719307,3156.84116777,3157.25453692,7701.64075365,770
2026-01-05T20:12:00Z,3157.25453692,3158.17346407,3155.07285670,3155.99141622,4189.51991954,418
2026-01-05T20:13:00Z,3155.99141622,3156.84018224,3152.52293312,3153.37099442,6080.42673382,608
2026-01-05T20:14:00Z,3153.37099442,3157.69871956,3148.61547706,3152.94261429,3803.12426386,380
2026-01-05T20:15:00Z,3152.94261429,3156.09095733,3150.09732995,3153.24539975,6833.73468959,683
2026-01-05T20:16:00Z,3153.24539975,3154.44358404,3150.11215551,3151.30960423,5695.17140839,569
2026-01-05T20:17:00Z,3151.30960423,3151.91736180,3150.20664286,3150.81430490,4299.37259642,429
2026-01-05T20:18:00Z,3150.81430490,3156.87217400,3148.31337169,3154.36841974,5239.80831651,523
2026-01-05T20:19:00Z,3154.36841974,3156.70841302,3147.97503486,3150.31201900,6641.70479242,664
2026-01-05T20:20:00Z,3150.31201900,3152.55575418,3149.59398152,3151.83736904,2752.01970753,275
2026-01-05T20:21:00Z,3151.83736904,3152.13457448,3150.77118528,3151.06831821,392.72662144,39
2026-01-05T20:22:00Z,3151.06831821,3154.04574456,3146.09563196,3149.07117122,2205.43012280,220
2026-01-05T20:23:00Z,3149.07117122,3150.90588873,3148.06662547,3149.90107825,3414.26759534,341
2026-01-05T20:24:00Z,3149.90107825,3151.42861073,3147.82401956,3149.35128542,1167.89646581,116
2026-01-05T20:25:00Z,3149.35128542,3158.08278399,3144.72609358,3153.45157040,5174.52417724,517
2026-01-05T20:26:00Z,3153.45157040,3160.76535399,3150.79244260,3158.10230448,5440.35039691,544
2026-01-05T20:27:00Z,3158.10230448,3162.26604466,3157.89265935,3162.05613707,8940.76561703,894
2026-01-05T20:28:00Z,3162.05613707,3167.64487628,3158.23314265,3163.81974961,3433.38415184,343
2026-01-05T20:29:00Z,3163.81974961,3167.46699176,3162.03130300,3165.67749500,2042.67347901,204
2026-01-05T20:30:00Z,3165.67749500,3168.94545200,3163.36358396,3166.63084412,1305.54723674,130
2026-01-05T20:31:00Z,3166.63084412,3167.58153028,3165.66473247,3166.61541400,3569.93716255,356
2026-01-05T20:32:00Z,3166.61541400,3175.51550635,3161.47883081,3170.37282824,2317.34255273,231
2026-01-05T20:33:00Z,3170.37282824,3172.91674518,3167.93078857,3170.47462709,447.67797564,44
2026-01-05T20:34:00Z,3170.47462709,3171.64730460,3168.58139680,3169.75380769,3522.50222774,352
2026-01-05T20:35:00Z,3169.75380769,3171.42294549,3168.96803596,3170.63695484,5017.12541343,501
2026-01-05T20:36:00Z,3170.63695484,3171.82271512,3168.70022778,3169.88570711,1975.37128832,197
2026-01-05T20:37:00Z,3169.88570711,3173.72293603,3168.91602603,3172.75237801,1062.29509227,106
2026-01-05T20:38:00Z,3172.75237801,3175.78930676,3167.86201271,3170.89716567,272.49001067,27
2026-01-05T20:39:00Z,3170.89716567,3172.14359937,3164.21360471,3165.45790032,9575.52615354,957
2026-01-05T20:40:00Z,3165.45790032,3167.82283394,3164.20335045,3166.56784417,1140.50304121,114
2026-01-05T20:41:00Z,3166.56784417,3168.21953734,3161.49172934,3163.14163538,1309.06955689,130
2026-01-05T20:42:00Z,3163.14163538,3164.27643738,3159.36460777,3160.49846152,2743.19532208,274
2026-01-05T20:43:00Z,3160.49846152,3161.37513657,3158.51978477,3159.39615406,847.03757149,84
2026-01-05T20:44:00Z,3159.39615406,3164.66506459,3159.27696511,3164.54568138,4830.80915521,483
2026-01-05T20:45:00Z,3164.54568138,3167.27142250,3164.39136233,3167.11697806,4194.75434219,419
2026-01-05T20:46:00Z,3167.11697806,3169.13169867,3164.20996845,3166.22412107,990.00308118,99
2026-01-05T20:47:00Z,3166.22412107,3168.67616785,3161.92206754,3164.37268050,3583.57099585,358
2026-01-05T20:48:00Z,3164.37268050,3168.04463261,3159.85601676,3163.52698752,806.65953842,80
2026-01-05T20:49:00Z,3163.52698752,3164.63836817,3163.41671945,3164.52806521,1734.00674357,173
2026-01-05T20:50:00Z,3164.52806521,3166.99349776,3160.78190144,3163.24633542,4864.82262895,486
2026-01-05T20:51:00Z,3163.24633542,3166.57008383,3160.21173623,3163.53520752,800.86706100,80
2026-01-05T20:52:00Z,3163.53520752,3165.18817794,3161.08759298,3162.74014797,296.60628786,29
2026-01-05T20:53:00Z,3162.74014797,3166.47218259,3161.57523327,3165.30632271,2418.71897653,241
2026-01-05T20:54:00Z,3165.30632271,3169.87710751,3160.13418391,3164.70409908,5215.96047873,521
2026-01-05T20:55:00Z,3164.70409908,3167.14785211,3161.94898779,3164.39250021,961.90090120,96
2026-01-05T20:56:00Z,3164.39250021,3166.30440365,3160.55181144,3162.46254882,2924.88978664,292
2026-01-05T20:57:00Z,3162.46254882,3168.28358764,3160.63742945,3166.45616348,2880.85602640,288
2026-01-05T20:58:00Z,3166.45616348,3166.52672800,3164.04916880,3164.11968126,3261.29850742,326
2026-01-05T20:59:00Z,3164.11968126,3164.53064048,3162.36016877,3162.77095282,2495.62739718,249
2026-01-05T21:00:00Z,3162.77095282,3167.65434517,3160.95937794,3165.84101182,504.89028106,50
2026-01-05T21:01:00Z,3165.84101182,3166.60466705,3161.01059536,3161.77326938,2950.18726875,295
2026-01-05T21:02:00Z,3161.77326938,3164.94467389,3159.03972775,3162.21075404,786.56211747,78
2026-01-05T21:03:00Z,3162.21075404,3169.56998898,3158.27714905,3165.63212801,8800.77639002,880
2026-01-05T21:04:00Z,3165.63212801,3166.71643406,3159.99450647,3161.07725237,3831.33067133,383
2026-01-05T21:05:00Z,3161.07725237,3162.18047769,3159.45492665,3160.55797074,1992.34910202,199
2026-01-05T21:06:00Z,3160.55797074,3167.28597572,3159.68800298,3166.41439593,2496.06501876,249
2026-01-05T21:07:00Z,3166.41439593,3168.27328772,3163.30850616,3165.16666545,3184.18191298,318
2026-01-05T21:08:00Z,3165.16666545,3170.59281078,3161.08739694,3166.51180864,441.64493199,44
2026-01-05T21:09:00Z,3166.51180864,3174.43116480,3149.16059524,3157.05630345,5509.82331711,550
2026-01-05T21:10:00Z,3157.05630345,3159.86180931,3152.34469335,3155.14850386,5539.57428635,553
2026-01-05T21:11:00Z,3155.14850386,3156.93438132,3152.64309018,3154.42856014,1589.80059824,158
2026-01-05T21:12:00Z,3154.42856014,3155.94523926,3147.43026694,3148.94430918,1860.95065364,186
2026-01-05T21:13:00Z,3148.94430918,3152.71165536,3146.77770403,3150.54394959,2386.18637151,238
2026-01-05T21:14:00Z,3150.54394959,3152.52225531,3148.74480119,3150.72300466,1586.39347084,158
2026-01-05T21:15:00Z,3150.72300466,3153.61625209,3143.26173992,3146.15078877,1857.69726996,185
2026-01-05T21:16:00Z,3146.15078877,3147.07706244,3145.90462497,3146.83084543,3103.06920801,310
2026-01-05T21:17:00Z,3146.83084543,3147.85108062,3144.35171963,3145.37148168,1619.30140371,161
2026-01-05T21:18:00Z,3145.37148168,3145.69147622,3143.71992577,3144.03978483,1560.28429828,156
2026-01-05T21:19:00Z,3144.03978483,3146.31918046,3141.51823868,3143.79745863,731.16361931,73
2026-01-05T21:20:00Z,3143.79745863,3146.31554132,3141.77821891,3144.29598140,1721.64583505,172
2026-01-05T21:21:00Z,3144.29598140,3146.27319077,3141.14018450,3143.11665228,4025.23154582,402
2026-01-05T21:22:00Z,3143.11665228,3144.91071336,3140.25568190,3142.04913365,4284.30370531,428
2026-01-05T21:23:00Z,3142.04913365,3143.96724227,3141.08349760,3143.00131359,2510.70224960,251
2026-01-05T21:24:00Z,3143.00131359,3146.80629323,3142.52076719,3146.32523862,4600.29157688,460
2026-01-05T21:25:00Z,3146.32523862,3148.66629352,3140.88852682,3143.22727666,5381.74887338,538
2026-01-05T21:26:00Z,3143.22727666,3144.75145599,3141.54464544,3143.06874789,2046.22746269,204
2026-01-05T21:27:00Z,3143.06874789,3143.98259938,3142.18366002,3143.09750341,1255.03832134,125
2026-01-05T21:28:00Z,3143.09750341,3145.70571247,3142.97311846,3145.58122923,4533.72560203,453
2026-01-05T21:29:00Z,3145.58122923,3146.46649252,3145.24683428,3146.13203901,2295.98107195,229
2026-01-05T21:30:00Z,3146.13203901,3147.53400297,3146.07513652,3147.47707614,6163.62362761,616
2026-01-05T21:31:00Z,3147.47707614,3148.88033313,3145.25025873,3146.65314838,1501.21038791,150
2026-01-05T21:32:00Z,3146.65314838,3148.02455005,3146.28611571,3147.65740024,2164.49786761,216
2026-01-05T21:33:00Z,3147.65740024,3149.82850055,3147.47918917,3149.65017666,4636.38998808,463
2026-01-05T21:34:00Z,3149.65017666,3150.21701105,3146.81654846,3147.38297483,6533.16517284,653
2026-01-05T21:35:00Z,3147.38297483,3148.19212933,3147.07015446,3147.87925963,852.41567396,85
2026-01-05T21:36:00Z,3147.87925963,3150.30269777,3147.84885716,3150.27227219,3061.27632623,306
2026-01-05T21:37:00Z,3150.27227219,3153.44083653,3149.69509138,3152.86318103,4837.98403213,483
2026-01-05T21:38:00Z,3152.86318103,3153.81972333,3152.06143942,3153.01794237,1661.08074398,166
2026-01-05T21:39:00Z,3153.01794237,3154.79831246,3151.77551905,3153.55567725,2010.44714599,201
2026-01-05T21:40:00Z,3153.55567725,3155.01890992,3150.02100148,3151.48327256,20437.88057908,2043
2026-01-05T21:41:00Z,3151.48327256,3153.32232429,3150.55246590,3152.39124945,4750.26835803,475
2026-01-05T21:42:00Z,3152.39124945,3153.47335430,3149.98973743,3151.07138921,3047.30434923,304
2026-01-05T21:43:00Z,3151.07138921,3153.35994075,3147.68634693,3149.97410153,701.39402884,70
2026-01-05T21:44:00Z,3149.97410153,3150.31074923,3148.43785199,3148.77437146,4083.19411446,408
2026-01-05T21:45:00Z,3148.77437146,3149.49635181,3148.29363444,3149.01557796,1264.81545308,126
2026-01-05T21:46:00Z,3149.01557796,3150.41352790,3146.96239621,3148.36005514,3465.93823319,346
2026-01-05T21:47:00Z,3148.36005514,3149.28807988,3147.96730153,3148.89525951,2732.98614550,273
2026-01-05T21:48:00Z,3148.89525951,3152.52003248,3148.42400369,3152.04830478,4556.69229191,455
2026-01-05T21:49:00Z,3152.04830478,3153.45015993,3146.51263544,3147.91265128,5993.56942931,599
2026-01-05T21:50:00Z,3147.91265128,3148.68268578,3147.02908057,3147.79908728,592.77350964,59
2026-01-05T21:51:00Z,3147.79908728,3152.08811645,3144.81631152,3149.10410409,4076.04457538,407
2026-01-05T21:52:00Z,3149.10410409,3154.32808289,3148.59441543,3153.81763134,5925.99419498,592
2026-01-05T21:53:00Z,3153.81763134,3155.13447803,3152.72473383,3154.04150294,630.82431243,63
2026-01-05T21:54:00Z,3154.04150294,3156.05307244,3152.24110680,3154.25255583,463.77739032,46
2026-01-05T21:55:00Z,3154.25255583,3154.96640762,3154.10115545,3154.81498025,3011.39471531,301
2026-01-05T21:56:00Z,3154.81498025,3156.32857468,3153.91523890,3155.42865831,153.86118143,15
2026-01-05T21:57:00Z,3155.42865831,3157.16499140,3152.60257956,3154.33831267,961.22006583,96
2026-01-05T21:58:00Z,3154.33831267,3154.80111264,3154.22774989,3154.69053752,863.83795460,86
2026-01-05T21:59:00Z,3154.69053752,3157.48117200,3153.60732330,3156.39737171,3958.45704331,395
2026-01-05T22:00:00Z,3156.39737171,3157.13623052,3155.99537794,3156.73419385,2341.95767157,234
2026-01-05T22:01:00Z,3156.73419385,3159.36748503,3156.63610074,3159.26931314,4360.21418327,436
2026-01-05T22:02:00Z,3159.26931314,3161.79116999,3158.24927847,3160.77065058,1283.94263415,128
2026-01-05T22:03:00Z,3160.77065058,3161.99174166,3159.97413914,3161.19512326,1337.37144783,133
2026-01-05T22:04:00Z,3161.19512326,3164.52009641,3160.81647291,3164.14109320,2314.91692157,231
2026-01-05T22:05:00Z,3164.14109320,3165.43918495,3164.12594504,3165.42403065,2371.38807598,237
2026-01-05T22:06:00Z,3165.42403065,3167.34566719,3164.84595187,3166.76734308,6254.64480895,625
2026-01-05T22:07:00Z,3166.76734308,3168.57195007,3166.45527187,3168.25973178,3917.72158158,391
2026-01-05T22:08:00Z,3168.25973178,3170.07168607,3166.42978905,3168.24173304,2411.57239632,241
2026-01-05T22:09:00Z,3168.24173304,3170.46593431,3164.07730687,3166.30014509,1897.36496865,189
2026-01-05T22:10:00Z,3166.30014509,3169.19110378,3162.18445563,3165.07429508,10479.87933000,1047
2026-01-05T22:11:00Z,3165.07429508,3167.07624318,3163.77347957,3165.77513964,4469.74682610,446
2026-01-05T22:12:00Z,3165.77513964,3167.38921196,3163.20049985,3164.81408218,5198.88298937,519
2026-01-05T22:13:00Z,3164.81408218,3165.80270764,3162.24815780,3163.23629038,2953.23368988,295
2026-01-05T22:14:00Z,3163.23629038,3167.31697957,3162.42851390,3166.50836751,5110.36354744,511
2026-01-05T22:15:00Z,3166.50836751,3169.02685845,3165.27082462,3167.78881513,1132.98804813,113
2026-01-05T22:16:00Z,3167.78881513,3168.15068350,3164.70063297,3165.06218986,4612.08626274,461
2026-01-05T22:17:00Z,3165.06218986,3168.89476993,3163.54431911,3167.37578965,2232.79802797,223
2026-01-05T22:18:00Z,3167.37578965,3168.37541545,3166.24884541,3167.24843103,334.33128772,33
2026-01-05T22:19:00Z,3167.24843103,3168.07218951,3166.67526958,3167.49898272,2407.72407729,240
2026-01-05T22:20:00Z,3167.49898272,3170.93347543,3166.63165493,3170.06544489,7735.31773199,773
2026-01-05T22:21:00Z,3170.06544489,3170.07513817,3168.69303721,3168.70272632,2326.62454795,232
2026-01-05T22:22:00Z,3168.70272632,3169.49417210,3166.46882153,3167.25990694,2771.51146550,277
2026-01-05T22:23:00Z,3167.25990694,3168.98934637,3166.56728080,3168.29649354,448.18393247,44
2026-01-05T22:24:00Z,3168.29649354,3170.36618176,3167.34359731,3169.41294974,3450.31204906,345
2026-01-05T22:25:00Z,3169.41294974,3169.43916228,3167.25526542,3167.28146033,4304.74716505,430
2026-01-05T22:26:00Z,3167.28146033,3169.17261132,3162.51061539,3164.40004592,4221.23191738,422
2026-01-05T22:27:00Z,3164.40004592,3165.51455005,3162.36328291,3163.47746210,1204.76592799,120
2026-01-05T22:28:00Z,3163.47746210,3164.88990443,3159.55823978,3160.96956237,2106.80172148,210
2026-01-05T22:29:00Z,3160.96956237,3161.69682532,3160.51406452,3161.24128831,192.22726094,19
2026-01-05T22:30:00Z,3161.24128831,3161.36032093,3158.91075819,3159.02970753,8613.55673071,861
2026-01-05T22:31:00Z,3159.02970753,3160.89061647,3155.28109392,3157.14089021,3419.12057031,341
2026-01-05T22:32:00Z,3157.14089021,3157.56499094,3154.50559793,3154.92940159,2368.32022849,236
2026-01-05T22:33:00Z,3154.92940159,3156.97638162,3154.41663749,3156.46336821,688.09053765,68
2026-01-05T22:34:00Z,3156.46336821,3156.59118303,3154.48983872,3154.61757880,3097.14676774,309
2026-01-05T22:35:00Z,3154.61757880,3154.74374393,3151.15764133,3151.28367312,1997.59525172,199
2026-01-05T22:36:00Z,3151.28367312,3153.35333758,3150.11923737,3152.18856746,2185.40415374,218
2026-01-05T22:37:00Z,3152.18856746,3153.27485466,3151.47326672,3152.55946976,2179.14674193,217
2026-01-05T22:38:00Z,3152.55946976,3152.88196073,3152.39212391,3152.71460665,1636.59329289,163
2026-01-05T22:39:00Z,3152.71460665,3152.80228836,3152.38928118,3152.47695628,1559.90032990,155
2026-01-05T22:40:00Z,3152.47695628,3154.70882292,3151.00800012,3153.23951143,6569.62727256,656
2026-01-05T22:41:00Z,3153.23951143,3154.92748730,3149.36524843,3151.05205332,4100.19234266,410
2026-01-05T22:42:00Z,3151.05205332,3155.60408368,3146.18055998,3150.73212817,1193.99928657,119
2026-01-05T22:43:00Z,3150.73212817,3150.89012099,3147.42122718,3147.57906189,749.35862321,74
2026-01-05T22:44:00Z,3147.57906189,3149.19994207,3139.31161100,3140.92906670,6909.41688066,690
2026-01-05T22:45:00Z,3140.92906670,3145.40998632,3136.03758205,3140.51791512,1467.38934966,146
2026-01-05T22:46:00Z,3140.51791512,3144.48782199,3139.97198794,3143.94129971,2613.48459360,261
2026-01-05T22:47:00Z,3143.94129971,3146.35067721,3140.46019241,3142.86874796,595.16768959,59
2026-01-05T22:48:00Z,3142.86874796,3145.78191853,3141.37682949,3144.28932571,2768.09233660,276
2026-01-05T22:49:00Z,3144.28932571,3148.81397930,3142.41016598,3146.93323945,1916.57469892,191
2026-01-05T22:50:00Z,3146.93323945,3151.73448866,3140.48574498,3145.28447869,62.63359661,6
2026-01-05T22:51:00Z,3145.28447869,3149.54441248,3143.92518379,3148.18386455,3858.23794954,385
2026-01-05T22:52:00Z,3148.18386455,3150.51209265,3147.13904457,3149.46684688,2476.08852486,247
2026-01-05T22:53:00Z,3149.46684688,3152.76747140,3148.65713504,3151.95711933,4288.09815841,428
2026-01-05T22:54:00Z,3151.95711933,3152.91016072,3148.53967055,3149.49196657,3768.13484361,376
2026-01-05T22:55:00Z,3149.49196657,3155.44771504,3147.08770652,3153.04074592,1901.22070878,190
2026-01-05T22:56:00Z,3153.04074592,3153.65535498,3150.36017917,3150.97438544,1026.20675023,102
2026-01-05T22:57:00Z,3150.97438544,3153.13502239,3149.82187525,3151.98214360,223.79377525,22
2026-01-05T22:58:00Z,3151.98214360,3154.81445968,3149.01883864,3151.85103692,3189.39121754,318
2026-01-05T22:59:00Z,3151.85103692,3157.22412115,3149.08930869,3154.46010679,1562.32805176,156
2026-01-05T23:00:00Z,3154.46010679,3154.56181683,3152.70400252,3152.80565921,1816.14327375,181
2026-01-05T23:01:00Z,3152.80565921,3156.78936433,3151.41257200,3155.39513295,2688.61458573,268
2026-01-05T23:02:00Z,3155.39513295,3155.44625271,3154.64844855,3154.69955704,4330.96677626,433
2026-01-05T23:03:00Z,3154.69955704,3155.19478853,3152.95364823,3153.44868335,3597.83308118,359
2026-01-05T23:04:00Z,3153.44868335,3161.60281684,3152.03624953,3160.18736475,2149.76439170,214
2026-01-05T23:05:00Z,3160.18736475,3160.26186265,3159.37601793,3159.45049845,995.12189192,99
2026-01-05T23:06:00Z,3159.45049845,3159.88131967,3158.71610021,3159.14688003,1693.20352478,169
2026-01-05T23:07:00Z,3159.14688003,3168.12145736,3157.31511853,3166.28555666,8635.36082333,863
2026-01-05T23:08:00Z,3166.28555666,3169.29104855,3164.69771317,3167.70249449,5166.15903827,516
2026-01-05T23:09:00Z,3167.70249449,3169.60098063,3166.57678695,3168.47499856,625.72271856,62
2026-01-05T23:10:00Z,3168.47499856,3169.01746435,3162.47839926,3163.01993110,5878.05498148,587
2026-01-05T23:11:00Z,3163.01993110,3164.73070045,3160.82504631,3162.53555368,591.41101215,59
2026-01-05T23:12:00Z,3162.53555368,3164.34818731,3159.41606180,3161.22794596,3172.42114451,317
2026-01-05T23:13:00Z,3161.22794596,3163.19278749,3156.75372748,3158.71700835,3157.18419605,315
2026-01-05T23:14:00Z,3158.71700835,3159.98396098,3156.08239058,3157.34879443,4723.71594022,472
2026-01-05T23:15:00Z,3157.34879443,3158.74033592,3149.71460742,3151.10339638,1661.42404781,166
2026-01-05T23:16:00Z,3151.10339638,3155.35559683,3145.02447636,3149.27420844,3022.43703302,302
2026-01-05T23:17:00Z,3149.27420844,3151.96175451,3145.71911239,3148.40591747,2292.05934845,229
2026-01-05T23:18:00Z,3148.40591747,3151.85476653,3143.11818356,3146.56501604,4479.75995277,447
2026-01-05T23:19:00Z,3146.56501604,3154.02548692,3144.24813038,3151.70481671,22542.34868368,2254
2026-01-05T23:20:00Z,3151.70481671,3154.90653454,3145.43330211,3148.63189826,1643.14193844,164
2026-01-05T23:21:00Z,3148.63189826,3149.00035832,3147.70700170,3148.07539664,2299.75186619,229
2026-01-05T23:22:00Z,3148.07539664,3149.33385175,3141.73963015,3142.99605478,3270.27515574,327
2026-01-05T23:23:00Z,3142.99605478,3145.94701210,3140.04343725,3142.99439302,996.90419037,99
2026-01-05T23:24:00Z,3142.99439302,3145.53822951,3139.25496708,3141.79783512,1813.36290772,181
2026-01-05T23:25:00Z,3141.79783512,3142.83045515,3139.07395287,3140.10601685,461.32590556,46
2026-01-05T23:26:00Z,3140.10601685,3143.34798990,3138.52478992,3141.76592711,4159.98982575,415
2026-01-05T23:27:00Z,3141.76592711,3145.97640820,3137.59592528,3141.80635271,293.73420158,29
2026-01-05T23:28:00Z,3141.80635271,3147.83304915,3137.71484618,3143.73902574,1168.74160760,116
2026-01-05T23:29:00Z,3143.73902574,3147.61040532,3135.21923629,3139.08488449,5277.78005408,527
2026-01-05T23:30:00Z,3139.08488449,3139.71575745,3137.84534301,3138.47609361,1777.20139067,177
2026-01-05T23:31:00Z,3138.47609361,3140.14566598,3135.12058187,3136.78925689,3118.93595325,311
2026-01-05T23:32:00Z,3136.78925689,3140.49557935,3136.19965966,3139.90539640,1234.89232763,123
2026-01-05T23:33:00Z,3139.90539640,3140.89866155,3138.60669561,3139.59986411,1397.57980333,139
2026-01-05T23:34:00Z,3139.59986411,3141.16967215,3135.82643208,3137.39513775,4146.25208674,414
2026-01-05T23:35:00Z,3137.39513775,3138.07756977,3134.84616348,3135.52818941,777.89179786,77
2026-01-05T23:36:00Z,3135.52818941,3136.89919130,3129.53830563,3130.90728704,5715.95998073,571
2026-01-05T23:37:00Z,3130.90728704,3134.45275675,3127.21967370,3130.76498225,446.96722414,44
2026-01-05T23:38:00Z,3130.76498225,3131.25478243,3130.00406336,3130.49382111,2614.49000974,261
2026-01-05T23:39:00Z,3130.49382111,3132.66321486,3128.38706236,3130.55641398,1594.84144975,159
2026-01-05T23:40:00Z,3130.55641398,3130.83605797,3126.68815362,3126.96747702,782.33192666,78
2026-01-05T23:41:00Z,3126.96747702,3133.30362673,3125.51190578,3131.84578469,4394.87005122,439
2026-01-05T23:42:00Z,3131.84578469,3135.46468439,3129.18374184,3132.80182892,2074.57567814,207
2026-01-05T23:43:00Z,3132.80182892,3134.75191922,3129.94677432,3131.89630096,1887.85830865,188
2026-01-05T23:44:00Z,3131.89630096,3134.09185847,3129.36392750,3131.55924874,2417.66601447,241
2026-01-05T23:45:00Z,3131.55924874,3132.57434141,3131.30917961,3132.32421120,2155.29280519,215
2026-01-05T23:46:00Z,3132.32421120,3136.78237948,3127.61655646,3132.07436914,948.86798831,94
2026-01-05T23:47:00Z,3132.07436914,3134.53088615,3129.85495872,3132.31130783,867.82909671,86
2026-01-05T23:48:00Z,3132.31130783,3134.52080389,3131.34493655,3133.55404920,807.58332089,80
2026-01-05T23:49:00Z,3133.55404920,3138.18529153,3131.44090791,3136.07045328,1216.69668688,121
2026-01-05T23:50:00Z,3136.07045328,3147.03353299,3131.94943416,3142.90353470,7126.17987603,712
2026-01-05T23:51:00Z,3142.90353470,3142.96386204,3139.09049020,3139.15074550,3095.50418831,309
2026-01-05T23:52:00Z,3139.15074550,3139.69764415,3137.96468638,3138.51147365,3039.41799025,303
2026-01-05T23:53:00Z,3138.51147365,3143.90402638,3136.83942131,3142.22999298,6517.54555290,651
2026-01-05T23:54:00Z,3142.22999298,3144.66840792,3138.89797512,3141.33569608,704.49387395,70
2026-01-05T23:55:00Z,3141.33569608,3143.41146872,3137.89603545,3139.97090624,2111.67009762,211
2026-01-05T23:56:00Z,3139.97090624,3143.55984163,3138.18174274,3141.76965320,4115.94862295,411
2026-01-05T23:57:00Z,3141.76965320,3144.53348076,3137.87810844,3140.64094307,3097.04376243,309
2026-01-05T23:58:00Z,3140.64094307,3145.38834238,3137.82348699,3142.56915651,3329.13250597,332
2026-01-05T23:59:00Z,3142.56915651,3143.84386537,3141.88146028,3143.15604071,1051.08159175,105
