open_time,open,high,low,close,volume,trade_count
2026-01-02T12:40:00Z,5403.32024586,5403.66153310,5403.01700677,5403.35829187,26803.57159931,2680
2026-01-02T12:41:00Z,5403.35829187,5404.53103049,5401.79392076,5402.96657436,18104.91019631,1810
2026-01-02T12:42:00Z,5402.96657436,5405.23125161,5401.13710480,5403.40163473,9132.84618963,913
2026-01-02T12:43:00Z,5403.40163473,5404.05399709,5399.66703961,5400.31902980,68235.64421554,6823
2026-01-02T12:44:00Z,5400.31902980,5402.45193429,5399.26746171,5401.40015568,4122.42643415,412
2026-01-02T12:45:00Z,5401.40015568,5403.42803515,5400.22631569,5402.25400961,11754.58061744,1175
2026-01-02T12:46:00Z,5402.25400961,5402.56333269,5398.88891877,5399.19806687,36062.40055350,3606
2026-01-02T12:47:00Z,5399.19806687,5401.00039565,5398.93848772,5400.74074233,25757.07747410,2575
2026-01-02T12:48:00Z,5400.74074233,5400.93619822,5399.61621068,5399.81163294,7387.31828742,738
2026-01-02T12:49:00Z,5399.81163294,5412.17569309,5391.46457885,5403.82243907,11483.65466061,1148
2026-01-02T12:50:00Z,5403.82243907,5407.32834943,5396.28063878,5399.78392902,12348.19443687,1234
2026-01-02T12:51:00Z,5399.78392902,5403.33113888,5399.46488139,5403.01190053,21448.02672664,2144
2026-01-02T12:52:00Z,5403.01190053,5404.84308743,5397.46371625,5399.29364296,11162.75312184,1116
2026-01-02T12:53:00Z,5399.29364296,5404.23176430,5395.91921209,5400.85635677,16979.31262315,1697
2026-01-02T12:54:00Z,5400.85635677,5402.42241197,5398.05990829,5399.62560661,1828.01222095,182
2026-01-02T12:55:00Z,5399.62560661,5408.34642939,5392.47298655,5401.19173476,14443.26321180,1444
2026-01-02T12:56:00Z,5401.19173476,5406.53740371,5398.93805835,5404.28243768,5224.84426741,522
2026-01-02T12:57:00Z,5404.28243768,5404.99337966,5402.01502497,5402.72576217,23169.96891456,2316
2026-01-02T12:58:00Z,5402.72576217,5403.92890173,5401.38145867,5402.58456679,4191.21564401,419
2026-01-02T12:59:00Z,5402.58456679,5402.83567467,5400.85330062,5401.10433970,24027.65475774,2402
2026-01-02T13:00:00Z,5401.10433970,5401.91459101,5399.77708992,5400.58726367,31685.77660910,3168
2026-01-02T13:01:00Z,5400.58726367,5401.68467326,5398.57762601,5399.67485020,23080.24221507,2308
2026-01-02T13:02:00Z,5399.67485020,5400.32756480,5396.34931855,5397.00171002,28451.15495738,2845
2026-01-02T13:03:00Z,5397.00171002,5397.90127707,5396.91626574,5397.81581990,43682.85081677,4368
2026-01-02T13:04:00Z,5397.81581990,5398.98021625,5396.57250436,5397.73688368,1899.37351330,189
2026-01-02T13:05:00Z,5397.73688368,5397.79761399,5397.72562494,5397.78635515,18781.49820683,1878
2026-01-02T13:06:00Z,5397.78635515,5397.98813024,5395.75932742,5395.96103427,9574.00546998,957
2026-01-02T13:07:00Z,5395.96103427,5396.20056778,5395.13400612,5395.37351354,18576.63244466,1857
2026-01-02T13:08:00Z,5395.37351354,5397.49460590,5393.83494867,5395.95587496,24028.80978376,2402
2026-01-02T13:09:00Z,5395.95587496,5396.70330089,5395.93201588,5396.67943861,13240.79974325,1324
2026-01-02T13:10:00Z,5396.67943861,5398.02674254,5395.49794460,5396.84521223,10407.54602947,1040
2026-01-02T13:11:00Z,5396.84521223,5397.39530064,5395.83685398,5396.38689566,10908.61315064,1090
2026-01-02T13:12:00Z,5396.38689566,5397.79307764,5395.02863918,5396.43480910,9124.50672659,912
2026-01-02T13:13:00Z,5396.43480910,5397.49969037,5396.33867478,5397.40353878,22383.99526760,2238
2026-01-02T13:14:00Z,5397.40353878,5398.22863854,5396.76335191,5397.58842973,23612.63382170,2361
2026-01-02T13:15:00Z,5397.58842973,5398.27335530,5396.94494033,5397.62986096,9112.97944707,911
2026-01-02T13:16:00Z,5397.62986096,5398.35622061,5395.95877564,5396.68500814,7597.37599568,759
2026-01-02T13:17:00Z,5396.68500814,5397.72583990,5396.24895824,5397.28974113,8608.43102575,860
2026-01-02T13:18:00Z,5397.28974113,5398.37199188,5395.61417955,5396.69631131,9816.90341480,981
2026-01-02T13:19:00Z,5396.69631131,5397.70641415,5393.92602528,5394.93579860,32667.91078806,3266
2026-01-02T13:20:00Z,5394.93579860,5397.52199323,5390.78314105,5393.36858440,50872.69077772,5087
2026-01-02T13:21:00Z,5393.36858440,5394.10142674,5392.73154362,5393.46437464,12787.79321879,1278
2026-01-02T13:22:00Z,5393.46437464,5393.67852128,5393.02878985,5393.24292769,5168.61127587,516
2026-01-02T13:23:00Z,5393.24292769,5393.73758499,5392.61898881,5393.11363425,13831.78268527,1383
2026-01-02T13:24:00Z,5393.11363425,5393.32405530,5391.43739640,5391.64776025,11139.88289035,1113
2026-01-02T13:25:00Z,5391.64776025,5392.99094947,5389.93995026,5391.28304862,4584.22487372,458
2026-01-02T13:26:00Z,5391.28304862,5392.73025518,5390.57638362,5392.02349313,4217.15460588,421
2026-01-02T13:27:00Z,5392.02349313,5393.18611374,5391.56690834,5392.72946917,9028.38826777,902
2026-01-02T13:28:00Z,5392.72946917,5394.87448115,5391.41785797,5393.56266730,16452.51121339,1645
2026-01-02T13:29:00Z,5393.56266730,5394.61146551,5392.96296293,5394.01171121,12510.69766257,1251
2026-01-02T13:30:00Z,5394.01171121,5394.50071965,5392.53618158,5393.02510058,25969.17624207,2596
2026-01-02T13:31:00Z,5393.02510058,5395.90255326,5391.28304619,5394.16013223,12984.20687330,1298
2026-01-02T13:32:00Z,5394.16013223,5395.49442714,5391.55299747,5392.88697746,10005.26297867,1000
2026-01-02T13:33:00Z,5392.88697746,5394.87180092,5391.06780456,5393.05257216,8181.80219518,818
2026-01-02T13:34:00Z,5393.05257216,5393.49787604,5391.82545073,5392.27069005,9598.27349957,959
2026-01-02T13:35:00Z,5392.27069005,5393.12975762,5392.07755313,5392.93659686,5106.93373847,510
2026-01-02T13:36:00Z,5392.93659686,5393.99634250,5390.06410920,5391.12349855,26669.21663421,2666
2026-01-02T13:37:00Z,5391.12349855,5392.76369890,5386.34066728,5387.97991122,20360.28380537,2036
2026-01-02T13:38:00Z,5387.97991122,5389.28347095,5387.44441452,5388.74789792,4590.59761799,459
2026-01-02T13:39:00Z,5388.74789792,5390.47283200,5387.61548931,5389.34029890,36395.30692094,3639
2026-01-02T13:40:00Z,5389.34029890,5390.27782741,5387.18094972,5388.11826564,9506.91347310,950
2026-01-02T13:41:00Z,5388.11826564,5389.18454380,5385.75505877,5386.82108022,18781.31675712,1878
2026-01-02T13:42:00Z,5386.82108022,5389.07690479,5385.97001046,5388.22561313,4691.77621822,469
2026-01-02T13:43:00Z,5388.22561313,5388.59482714,5387.06482974,5387.43398950,6904.47963831,690
2026-01-02T13:44:00Z,5387.43398950,5387.95964249,5387.17757202,5387.70321219,7523.12290062,752
2026-01-02T13:45:00Z,5387.70321219,5388.76622582,5386.53886142,5387.60185505,11543.53496204,1154
2026-01-02T13:46:00Z,5387.60185505,5388.61383229,5387.10105487,5388.11298460,11634.22662602,1163
2026-01-02T13:47:00Z,5388.11298460,5392.49518323,5386.91061712,5391.29210633,31911.18365928,3191
2026-01-02T13:48:00Z,5391.29210633,5392.01272547,5390.92731649,5391.64791155,13721.76748991,1372
2026-01-02T13:49:00Z,5391.64791155,5391.83029411,5391.59179268,5391.77417393,8917.02272364,891
2026-01-02T13:50:00Z,5391.77417393,5393.49034966,5387.85062778,5389.56610069,55378.39896799,5537
2026-01-02T13:51:00Z,5389.56610069,5390.41921557,5388.01839588,5388.87140080,8607.36647889,860
2026-01-02T13:52:00Z,5388.87140080,5390.29833643,5387.73156321,5389.15843813,7089.76810504,708
2026-01-02T13:53:00Z,5389.15843813,5389.61915821,5388.00910965,5388.46977086,15219.54921720,1521
2026-01-02T13:54:00Z,5388.46977086,5390.41800612,5387.55592576,5389.50398562,47415.59746523,4741
2026-01-02T13:55:00Z,5389.50398562,5391.76336049,5389.23413969,5391.49341494,16073.16900751,1607
2026-01-02T13:56:00Z,5391.49341494,5392.46052198,5388.38336362,5389.35008619,43512.01687650,4351
2026-01-02T13:57:00Z,5389.35008619,5390.87400285,5389.14178722,5390.66565303,30899.71262286,3089
2026-01-02T13:58:00Z,5390.66565303,5391.76463167,5390.36187771,5391.46081153,40276.77889461,4027
2026-01-02T13:59:00Z,5391.46081153,5392.60951698,5388.80925269,5389.95763786,12814.75985747,1281
2026-01-02T14:00:00Z,5389.95763786,5391.64744996,5385.70551715,5387.39452568,74865.28338518,7486
2026-01-02T14:01:00Z,5387.39452568,5389.35584316,5385.90141072,5387.86259848,21763.67134955,2176
2026-01-02T14:02:00Z,5387.86259848,5388.30647631,5384.43534756,5384.87897958,39032.52515135,3903
2026-01-02T14:03:00Z,5384.87897958,5385.45798250,5381.95737058,5382.53612160,28240.60797225,2824
2026-01-02T14:04:00Z,5382.53612160,5382.85841073,5381.81985730,5382.14212284,12621.35884939,1262
2026-01-02T14:05:00Z,5382.14212284,5384.11704836,5378.46720716,5380.44150866,23938.15799528,2393
2026-01-02T14:06:00Z,5380.44150866,5381.96017154,5378.31987399,5379.83836663,42986.00796218,4298
2026-01-02T14:07:00Z,5379.83836663,5382.35476856,5379.10640393,5381.62256310,19637.44983038,1963
2026-01-02T14:08:00Z,5381.62256310,5382.52026309,5377.29327448,5378.19040196,59400.25392280,5940
2026-01-02T14:09:00Z,5378.19040196,5380.10978719,5377.66176014,5379.58100868,55508.46256442,5550
2026-01-02T14:10:00Z,5379.58100868,5380.08912705,5379.10675172,5379.61486710,5460.38732000,546
2026-01-02T14:11:00Z,5379.61486710,5380.22198035,5378.00857655,5378.61557702,39382.23175562,3938
2026-01-02T14:12:00Z,5378.61557702,5380.42251490,5377.24875123,5379.05557730,10765.45556986,1076
2026-01-02T14:13:00Z,5379.05557730,5379.78153945,5378.82903973,5379.55498085,14107.39850523,1410
2026-01-02T14:14:00Z,5379.55498085,5380.41558626,5377.72595504,5378.58640550,17307.93871167,1730
2026-01-02T14:15:00Z,5378.58640550,5380.10553496,5377.60393305,5379.12296450,13676.27600382,1367
2026-01-02T14:16:00Z,5379.12296450,5379.84441368,5377.07007671,5377.79134730,31824.93227337,3182
2026-01-02T14:17:00Z,5377.79134730,5379.65580717,5376.72073807,5378.58503994,57534.70234288,5753
2026-01-02T14:18:00Z,5378.58503994,5380.71288162,5375.92231509,5378.04994508,10101.17825926,1010
2026-01-02T14:19:00Z,5378.04994508,5378.87714046,5377.71500176,5378.54216649,16524.57047975,1652
2026-01-02T14:20:00Z,5378.54216649,5379.78708122,5377.32999311,5378.57490046,3347.83198163,334
2026-01-02T14:21:00Z,5378.57490046,5379.24374974,5378.25593659,5378.92476513,2262.71095249,226
2026-01-02T14:22:00Z,5378.92476513,5379.32245203,5377.90853453,5378.30617569,16846.92565872,1684
2026-01-02T14:23:00Z,5378.30617569,5378.62538142,5377.49962371,5377.81880051,20058.18209332,2005
2026-01-02T14:24:00Z,5377.81880051,5378.34743122,5376.87192177,5377.40051137,20369.56473381,2036
2026-01-02T14:25:00Z,5377.40051137,5378.91433670,5376.75123444,5378.26495540,7796.35546306,779
2026-01-02T14:26:00Z,5378.26495540,5379.51171764,5375.06469282,5376.31100211,8664.44118266,866
2026-01-02T14:27:00Z,5376.31100211,5377.43916733,5372.86760794,5373.99528724,28411.82269817,2841
2026-01-02T14:28:00Z,5373.99528724,5375.62105119,5372.82021937,5374.44588480,7151.39849702,715
2026-01-02T14:29:00Z,5374.44588480,5375.38997810,5372.97647103,5373.92047203,6352.01282206,635
2026-01-02T14:30:00Z,5373.92047203,5374.60685669,5372.11577813,5372.80201993,3208.68234556,320
2026-01-02T14:31:00Z,5372.80201993,5375.05147624,5371.57505710,5373.82427996,14477.22997238,1447
2026-01-02T14:32:00Z,5373.82427996,5373.83702530,5373.20568566,5373.21842956,26507.51306366,2650
2026-01-02T14:33:00Z,5373.21842956,5373.42479278,5372.19079982,5372.39713149,21576.73941840,2157
2026-01-02T14:34:00Z,5372.39713149,5372.88258726,5370.45102019,5370.93634396,12597.69341145,1259
2026-01-02T14:35:00Z,5370.93634396,5371.64053359,5369.46918138,5370.17327097,17702.89469615,1770
2026-01-02T14:36:00Z,5370.17327097,5371.07437908,5369.11796543,5370.01904765,6777.52486059,677
2026-01-02T14:37:00Z,5370.01904765,5370.48923641,5369.67377471,5370.14395544,2842.98769353,284
2026-01-02T14:38:00Z,5370.14395544,5370.86392727,5368.90024143,5369.62014303,21734.96826068,2173
2026-01-02T14:39:00Z,5369.62014303,5369.99941438,5368.66869567,5369.04792660,7713.04047217,771
2026-01-02T14:40:00Z,5369.04792660,5369.29259270,5368.61970191,5368.86435964,10819.97672300,1081
2026-01-02T14:41:00Z,5368.86435964,5372.06126420,5362.51319240,5365.70821762,9485.33430364,948
2026-01-02T14:42:00Z,5365.70821762,5366.75162550,5365.62947153,5366.67286525,29064.37108641,2906
2026-01-02T14:43:00Z,5366.67286525,5367.05232105,5365.20092406,5365.58030262,7233.53962625,723
2026-01-02T14:44:00Z,5365.58030262,5366.07394783,5363.59307923,5364.08658701,45802.93409019,4580
2026-01-02T14:45:00Z,5364.08658701,5366.50047808,5361.11571490,5363.52935522,14016.97624154,1401
2026-01-02T14:46:00Z,5363.52935522,5366.26913641,5361.67716821,5364.41664299,40645.47553196,4064
2026-01-02T14:47:00Z,5364.41664299,5366.16178986,5363.62922248,5365.37422879,42782.65006015,4278
2026-01-02T14:48:00Z,5365.37422879,5368.63960710,5364.64203721,5367.90706987,84608.61185836,8460
2026-01-02T14:49:00Z,5367.90706987,5369.96435021,5367.26967094,5369.32678270,25906.30876471,2590
2026-01-02T14:50:00Z,5369.32678270,5372.58224612,5367.45387726,5370.70885859,36517.56871177,3651
2026-01-02T14:51:00Z,5370.70885859,5371.48734694,5370.58439886,5371.36287206,25306.19700818,2530
2026-01-02T14:52:00Z,5371.36287206,5372.43237547,5368.45090128,5369.52003776,53845.74323249,5384
2026-01-02T14:53:00Z,5369.52003776,5370.94551209,5368.67340167,5370.09878475,4406.74697256,440
2026-01-02T14:54:00Z,5370.09878475,5370.52792917,5369.39670685,5369.82582946,7689.87387188,768
2026-01-02T14:55:00Z,5369.82582946,5371.23448393,5368.42216756,5369.83082072,20227.30361922,2022
2026-01-02T14:56:00Z,5369.83082072,5370.02683227,5368.29780305,5368.49376580,19193.91962363,1919
2026-01-02T14:57:00Z,5368.49376580,5369.61245960,5366.53414992,5367.65266845,19234.52238426,1923
2026-01-02T14:58:00Z,5367.65266845,5368.82466464,5366.45823869,5367.63022998,14383.42162930,1438
2026-01-02T14:59:00Z,5367.63022998,5369.46127960,5367.38814103,5369.21911899,3990.27509645,399
2026-01-02T15:00:00Z,5369.21911899,5369.81058165,5368.65566548,5369.24712520,7351.01899725,735
2026-01-02T15:01:00Z,5369.24712520,5370.35452302,5366.94643540,5368.05358705,11120.43478275,1112
2026-01-02T15:02:00Z,5368.05358705,5369.55188797,5365.65738078,5367.15543101,6392.11076368,639
2026-01-02T15:03:00Z,5367.15543101,5368.72147421,5364.99229481,5366.55816374,2839.23253276,283
2026-01-02T15:04:00Z,5366.55816374,5368.24211687,5366.50926153,5368.19319976,3259.42765650,325
2026-01-02T15:05:00Z,5368.19319976,5369.51296644,5365.90862825,5367.22815767,18555.17846223,1855
2026-01-02T15:06:00Z,5367.22815767,5368.15721158,5365.02806336,5365.95689721,51479.65922344,5147
2026-01-02T15:07:00Z,5365.95689721,5366.00683469,5364.25157976,5364.30150184,28255.50550275,2825
2026-01-02T15:08:00Z,5364.30150184,5364.36093602,5362.21627629,5362.27568804,3914.89908553,391
2026-01-02T15:09:00Z,5362.27568804,5365.37334528,5358.26949313,5361.36662523,24967.27551212,2496
2026-01-02T15:10:00Z,5361.36662523,5361.62028176,5359.79003891,5360.04363284,15497.01235155,1549
2026-01-02T15:11:00Z,5360.04363284,5363.19710443,5357.52862085,5360.68179301,5784.47044110,578
2026-01-02T15:12:00Z,5360.68179301,5360.85234696,5360.26097798,5360.43152397,5586.31660909,558
2026-01-02T15:13:00Z,5360.43152397,5360.99215691,5359.10951713,5359.67007044,4614.57026303,461
2026-01-02T15:14:00Z,5359.67007044,5360.52328026,5359.38689350,5360.24007321,14332.79167868,1433
2026-01-02T15:15:00Z,5360.24007321,5360.95504746,5358.92047366,5359.63536725,2428.53064293,242
2026-01-02T15:16:00Z,5359.63536725,5359.90152053,5357.44411010,5357.71016778,45576.72352765,4557
2026-01-02T15:17:00Z,5357.71016778,5359.48027118,5356.12217997,5357.89222941,12518.33830760,1251
2026-01-02T15:18:00Z,5357.89222941,5358.23802702,5356.03823401,5356.38393427,20155.04275110,2015
2026-01-02T15:19:00Z,5356.38393427,5358.20561602,5353.73801487,5355.55941621,12806.67742299,1280
2026-01-02T15:20:00Z,5355.55941621,5356.01399828,5354.56973296,5355.02426961,11797.61975917,1179
2026-01-02T15:21:00Z,5355.02426961,5355.22083141,5354.49545184,5354.69200145,20689.69008125,2068
2026-01-02T15:22:00Z,5354.69200145,5357.75698445,5353.17143330,5356.23597786,44141.59485820,4414
2026-01-02T15:23:00Z,5356.23597786,5356.31277121,5355.50463749,5355.58142145,23654.96986200,2365
2026-01-02T15:24:00Z,5355.58142145,5356.63507147,5353.42514391,5354.47857696,21287.21995290,2128
2026-01-02T15:25:00Z,5354.47857696,5354.69962741,5352.75328812,5352.97427646,24678.21476240,2467
2026-01-02T15:26:00Z,5352.97427646,5354.28978183,5349.96951837,5351.28460850,16352.84662990,1635
2026-01-02T15:27:00Z,5351.28460850,5351.83263819,5349.33425607,5349.88214212,8667.19237568,866
2026-01-02T15:28:00Z,5349.88214212,5350.71693666,5349.01334587,5349.84813510,5278.53039798,527
2026-01-02T15:29:00Z,5349.84813510,5350.64042461,5346.25995296,5347.05182835,51484.63668793,5148
2026-01-02T15:30:00Z,5347.05182835,5347.94025861,5343.90844225,5344.79649778,37526.48396494,3752
2026-01-02T15:31:00Z,5344.79649778,5345.95503057,5343.41114333,5344.56962694,16570.16177070,1657
2026-01-02T15:32:00Z,5344.56962694,5345.27604365,5343.37767566,5344.08402819,7736.18048993,773
2026-01-02T15:33:00Z,5344.08402819,5344.71888484,5343.87789204,5344.51273215,6859.49696648,685
2026-01-02T15:34:00Z,5344.51273215,5345.69695458,5340.83350922,5342.01717869,38289.00395332,3828
2026-01-02T15:35:00Z,5342.01717869,5344.11858569,5341.31671145,5343.41793478,21849.55172030,2184
2026-01-02T15:36:00Z,5343.41793478,5345.31078147,5342.33988544,5344.23256778,26831.38016377,2683
2026-01-02T15:37:00Z,5344.23256778,5345.17452376,5344.15076058,5345.09270340,42484.98078612,4248
2026-01-02T15:38:00Z,5345.09270340,5345.23385360,5343.68191467,5343.82303135,25252.73870522,2525
2026-01-02T15:39:00Z,5343.82303135,5344.26664274,5342.50849294,5342.95203203,16568.37491332,1656
2026-01-02T15:40:00Z,5342.95203203,5345.06792546,5342.29384546,5344.40955935,49444.12462642,4944
2026-01-02T15:41:00Z,5344.40955935,5344.62299926,5343.53494363,5343.74835713,32040.12075510,3204
2026-01-02T15:42:00Z,5343.74835713,5346.45515647,5338.14978717,5340.85512097,45744.94347136,4574
2026-01-02T15:43:00Z,5340.85512097,5342.38709164,5339.83809368,5341.36996631,9865.64522474,986
2026-01-02T15:44:00Z,5341.36996631,5342.90695399,5339.94033361,5341.47729256,5199.36940796,519
2026-01-02T15:45:00Z,5341.47729256,5341.58644904,5340.77899348,5340.88813792,8947.41378941,894
2026-01-02T15:46:00Z,5340.88813792,5342.12033322,5340.66184633,5341.89399902,17028.43838395,1702
2026-01-02T15:47:00Z,5341.89399902,5343.82771442,5339.86992463,5341.80360731,4184.25793948,418
2026-01-02T15:48:00Z,5341.80360731,5344.79880058,5339.21631205,5342.21130785,28594.82071995,2859
2026-01-02T15:49:00Z,5342.21130785,5343.09763837,5341.04214895,5341.92843253,6297.62627615,629
2026-01-02T15:50:00Z,5341.92843253,5343.88429071,5340.41309773,5342.36883098,14810.85708332,1481
2026-01-02T15:51:00Z,5342.36883098,5343.51211901,5339.82208493,5340.96507255,41298.64436053,4129
2026-01-02T15:52:00Z,5340.96507255,5342.50229400,5340.56769581,5342.10483247,14959.18388656,1495
2026-01-02T15:53:00Z,5342.10483247,5342.77017051,5341.94733708,5342.61266015,14022.97988308,1402
2026-01-02T15:54:00Z,5342.61266015,5343.33813147,5342.08729485,5342.81274649,28590.57906151,2859
2026-01-02T15:55:00Z,5342.81274649,5344.10510750,5341.71533402,5343.00765501,12713.81695564,1271
2026-01-02T15:56:00Z,5343.00765501,5345.60841412,5342.08103848,5344.68150730,8100.70293476,810
2026-01-02T15:57:00Z,5344.68150730,5345.94853044,5344.16879364,5345.43574443,2894.53594137,289
2026-01-02T15:58:00Z,5345.43574443,5345.74204147,5344.75319238,5345.05946786,11630.81552699,1163
2026-01-02T15:59:00Z,5345.05946786,5345.84364609,5342.76273300,5343.54668929,27273.79580993,2727
2026-01-02T16:00:00Z,5343.54668929,5344.15348910,5340.72152053,5341.32806840,17317.26533382,1731
2026-01-02T16:01:00Z,5341.32806840,5342.13655498,5339.50713789,5340.31547120,6571.01322744,657
2026-01-02T16:02:00Z,5340.31547120,5342.16630444,5339.23764989,5341.08832715,35775.99853408,3577
2026-01-02T16:03:00Z,5341.08832715,5345.41925849,5339.27357761,5343.60365431,25402.43089108,2540
2026-01-02T16:04:00Z,5343.60365431,5344.49009886,5342.60657621,5343.49300240,705.27011761,70
2026-01-02T16:05:00Z,5343.49300240,5343.74023880,5341.51043561,5341.75759171,41551.85089819,4155
2026-01-02T16:06:00Z,5341.75759171,5341.98613027,5341.06533835,5341.29385707,9902.44533597,990
2026-01-02T16:07:00Z,5341.29385707,5341.97287752,5341.01798306,5341.69698269,17291.17715078,1729
2026-01-02T16:08:00Z,5341.69698269,5342.43278924,5341.46185618,5342.19764069,6564.96773951,656
2026-01-02T16:09:00Z,5342.19764069,5342.88327348,5340.81172509,5341.49726799,23176.31576886,2317
2026-01-02T16:10:00Z,5341.49726799,5342.29795654,5340.85597789,5341.65664731,12294.04338510,1229
2026-01-02T16:11:00Z,5341.65664731,5341.69328005,5340.82595669,5340.86258399,11407.71625444,1140
2026-01-02T16:12:00Z,5340.86258399,5341.77763193,5338.84323485,5339.75809356,24595.49997876,2459
2026-01-02T16:13:00Z,5339.75809356,5341.04505932,5339.60701253,5340.89394614,16214.65941735,1621
2026-01-02T16:14:00Z,5340.89394614,5345.18972494,5339.56879789,5343.86383982,108892.56763823,10889
2026-01-02T16:15:00Z,5343.86383982,5344.70446246,5342.08104288,5342.92151729,7122.50685669,712
2026-01-02T16:16:00Z,5342.92151729,5346.38753967,5340.08147820,5343.54716801,35518.35532018,3551
2026-01-02T16:17:00Z,5343.54716801,5345.06488406,5342.88138251,5344.39899243,33563.39010519,3356
2026-01-02T16:18:00Z,5344.39899243,5345.60119129,5343.42521383,5344.62737108,9934.58235470,993
2026-01-02T16:19:00Z,5344.62737108,5346.17034617,5343.13794126,5344.68090143,19339.85739519,1933
2026-01-02T16:20:00Z,5344.68090143,5344.76438605,5343.81984156,5343.90331403,42241.08256809,4224
2026-01-02T16:21:00Z,5343.90331403,5346.21868057,5343.74339189,5346.05869393,31945.29760426,3194
2026-01-02T16:22:00Z,5346.05869393,5346.94916636,5345.30900678,5346.19945947,6538.32154917,653
2026-01-02T16:23:00Z,5346.19945947,5346.83442752,5344.29591064,5344.93072800,11923.81014636,1192
2026-01-02T16:24:00Z,5344.93072800,5346.30938603,5344.32056968,5345.69913999,6347.91574026,634
2026-01-02T16:25:00Z,5345.69913999,5346.24179768,5343.57479364,5344.11729075,15512.29170258,1551
2026-01-02T16:26:00Z,5344.11729075,5346.82056568,5342.17646140,5344.87945953,9166.93100153,916
2026-01-02T16:27:00Z,5344.87945953,5346.45986917,5342.36083114,5343.94096328,36372.37625287,3637
2026-01-02T16:28:00Z,5343.94096328,5344.38693613,5343.57558459,5344.02155193,2942.36714739,294
2026-01-02T16:29:00Z,5344.02155193,5346.49291039,5342.19368301,5344.66482145,12807.37966162,1280
2026-01-02T16:30:00Z,5344.66482145,5345.95062554,5343.76996876,5345.05570740,13658.06074314,1365
2026-01-02T16:31:00Z,5345.05570740,5345.43636907,5344.13769236,5344.51831576,17893.31566907,1789
2026-01-02T16:32:00Z,5344.51831576,5347.14012527,5343.73924053,5346.36078146,9891.40687098,989
2026-01-02T16:33:00Z,5346.36078146,5346.83058504,5344.10184895,5344.57149529,29015.00141302,2901
2026-01-02T16:34:00Z,5344.57149529,5345.44466691,5343.23800669,5344.11110309,10926.32607150,1092
2026-01-02T16:35:00Z,5344.11110309,5346.82592366,5341.99581147,5344.71039484,6386.50323963,638
2026-01-02T16:36:00Z,5344.71039484,5345.53758146,5343.51999673,5344.34712714,18946.76380537,1894
2026-01-02T16:37:00Z,5344.34712714,5347.17345758,5344.04198712,5346.86817362,5040.80628640,504
2026-01-02T16:38:00Z,5346.86817362,5347.93713843,5345.18314557,5346.25198719,7092.45353989,709
2026-01-02T16:39:00Z,5346.25198719,5347.16593028,5344.35044264,5345.26421687,30091.78625301,3009
2026-01-02T16:40:00Z,5345.26421687,5348.42553283,5345.02850156,5348.18968852,23645.53384137,2364
2026-01-02T16:41:00Z,5348.18968852,5350.68550400,5345.19794164,5347.69352558,8957.39874602,895
2026-01-02T16:42:00Z,5347.69352558,5348.00294085,5344.76353239,5345.07279602,27753.66624521,2775
2026-01-02T16:43:00Z,5345.07279602,5345.30711128,5344.98447415,5345.21878699,4081.61956010,408
2026-01-02T16:44:00Z,5345.21878699,5347.06454821,5342.13261358,5343.97794633,4059.33047298,405
2026-01-02T16:45:00Z,5343.97794633,5344.82276036,5340.71371263,5341.55814413,16842.75002096,1684
2026-01-02T16:46:00Z,5341.55814413,5342.20135250,5339.97989856,5340.62299433,14788.50338887,1478
2026-01-02T16:47:00Z,5340.62299433,5342.29383065,5340.37125891,5342.04202834,14176.47511146,1417
2026-01-02T16:48:00Z,5342.04202834,5343.36278478,5341.92588194,5343.24661218,34840.68238932,3484
2026-01-02T16:49:00Z,5343.24661218,5345.34752212,5342.30989168,5344.41059756,43201.04965784,4320
2026-01-02T16:50:00Z,5344.41059756,5344.53539108,5343.84506021,5343.96984344,22129.34589251,2212
2026-01-02T16:51:00Z,5343.96984344,5344.51925761,5343.49066116,5344.04006903,22412.39179500,2241
2026-01-02T16:52:00Z,5344.04006903,5345.28754444,5340.62938093,5341.87635125,42431.38552833,4243
2026-01-02T16:53:00Z,5341.87635125,5343.03634567,5340.50717190,5341.66712088,9562.70061914,956
2026-01-02T16:54:00Z,5341.66712088,5341.75065430,5341.17999551,5341.26352262,4765.16514209,476
2026-01-02T16:55:00Z,5341.26352262,5342.16468448,5340.69206053,5341.59318713,6064.99316851,606
2026-01-02T16:56:00Z,5341.59318713,5343.16205326,5337.87832467,5339.44656032,42407.52948309,4240
2026-01-02T16:57:00Z,5339.44656032,5342.75635797,5337.89664509,5341.20593203,10489.21560367,1048
2026-01-02T16:58:00Z,5341.20593203,5342.12571181,5340.21673902,5341.13650684,17714.99792912,1771
2026-01-02T16:59:00Z,5341.13650684,5343.63848990,5340.93865379,5343.44055149,11664.85134891,1166
2026-01-02T17:00:00Z,5343.44055149,5344.33324984,5342.14094657,5343.03357693,5787.13031918,578
2026-01-02T17:01:00Z,5343.03357693,5343.16895130,5340.93971754,5341.07504229,2671.28827106,267
2026-01-02T17:02:00Z,5341.07504229,5341.26541344,5339.30200902,5339.49232375,7399.66500564,739
2026-01-02T17:03:00Z,5339.49232375,5340.24097502,5338.51650535,5339.26512476,4297.86195255,429
2026-01-02T17:04:00Z,5339.26512476,5339.72073537,5337.30042022,5337.75590204,13477.34918509,1347
2026-01-02T17:05:00Z,5337.75590204,5339.62990065,5333.54795100,5335.42112991,35391.79830824,3539
2026-01-02T17:06:00Z,5335.42112991,5337.21143993,5334.73841470,5336.52858301,6248.79070249,624
2026-01-02T17:07:00Z,5336.52858301,5338.90472652,5335.03620179,5337.41209822,1840.07164204,184
2026-01-02T17:08:00Z,5337.41209822,5338.42133476,5335.86854826,5336.87768375,5199.21363998,519
2026-01-02T17:09:00Z,5336.87768375,5338.35966452,5336.64025780,5338.12218320,9655.43088847,965
2026-01-02T17:10:00Z,5338.12218320,5338.52205320,5336.92428057,5337.32409078,15363.41469894,1536
2026-01-02T17:11:00Z,5337.32409078,5339.75064775,5336.44795759,5338.87426010,14108.15246741,1410
2026-01-02T17:12:00Z,5338.87426010,5339.59809323,5338.35406203,5339.07787532,5811.70993038,581
2026-01-02T17:13:00Z,5339.07787532,5340.76324730,5337.21706162,5338.90237820,5580.16365670,558
2026-01-02T17:14:00Z,5338.90237820,5340.14981925,5338.76083003,5340.00824176,12689.54474154,1268
2026-01-02T17:15:00Z,5340.00824176,5340.42452902,5338.75520839,5339.17143041,6286.86723077,628
2026-01-02T17:16:00Z,5339.17143041,5339.95042114,5337.23781644,5338.01663868,26366.42493279,2636
2026-01-02T17:17:00Z,5338.01663868,5339.84290979,5336.76239238,5338.58852912,33784.68846748,3378
2026-01-02T17:18:00Z,5338.58852912,5338.85532949,5336.60398270,5336.87069722,5592.33744562,559
2026-01-02T17:19:00Z,5336.87069722,5338.53468918,5335.93964721,5337.60351133,22772.33881367,2277
2026-01-02T17:20:00Z,5337.60351133,5338.11233027,5337.55136288,5338.06017735,22180.04710088,2218
2026-01-02T17:21:00Z,5338.06017735,5340.09322803,5337.14554974,5339.17840882,12119.22971451,1211
2026-01-02T17:22:00Z,5339.17840882,5341.07556871,5336.59438516,5338.49130091,4089.15492087,408
2026-01-02T17:23:00Z,5338.49130091,5339.63705959,5336.66281497,5337.80842708,7719.86908424,771
2026-01-02T17:24:00Z,5337.80842708,5339.40222410,5335.41438556,5337.00794357,22381.89608587,2238
2026-01-02T17:25:00Z,5337.00794357,5337.09913541,5334.71736391,5334.80851817,45915.21444842,4591
2026-01-02T17:26:00Z,5334.80851817,5336.63642316,5331.98505964,5333.81262340,13812.28127777,1381
2026-01-02T17:27:00Z,5333.81262340,5336.06422048,5333.13446025,5335.38585731,14994.57953525,1499
2026-01-02T17:28:00Z,5335.38585731,5335.82855042,5334.40431270,5334.84696110,16320.06106749,1632
2026-01-02T17:29:00Z,5334.84696110,5335.31913619,5334.20600724,5334.67816739,13168.29881392,1316
2026-01-02T17:30:00Z,5334.67816739,5337.23265836,5333.23725929,5335.79144956,8814.98168731,881
2026-01-02T17:31:00Z,5335.79144956,5336.81816886,5334.79524564,5335.82195924,4460.73871562,446
2026-01-02T17:32:00Z,5335.82195924,5336.36549985,5334.66566413,5335.20914231,3831.83470479,383
2026-01-02T17:33:00Z,5335.20914231,5335.50634092,5334.12440413,5334.42155887,45127.10832234,4512
2026-01-02T17:34:00Z,5334.42155887,5335.24608834,5333.52338236,5334.34790044,6109.13095870,610
2026-01-02T17:35:00Z,5334.34790044,5335.15333964,5332.96891687,5333.77426946,25697.27351841,2569
2026-01-02T17:36:00Z,5333.77426946,5335.28673725,5331.99064443,5333.50303531,17602.44004563,1760
2026-01-02T17:37:00Z,5333.50303531,5336.70545145,5330.13924351,5333.34156269,3729.16498165,372
2026-01-02T17:38:00Z,5333.34156269,5334.08648768,5332.72538809,5333.47029821,12976.92771683,1297
2026-01-02T17:39:00Z,5333.47029821,5333.62542466,5332.97618367,5333.13130026,7909.00074156,790
2026-01-02T17:40:00Z,5333.13130026,5333.67260463,5330.77967047,5331.32079107,5324.28836144,532
2026-01-02T17:41:00Z,5331.32079107,5331.75807215,5331.31425939,5331.75153993,20633.10008346,2063
2026-01-02T17:42:00Z,5331.75153993,5332.14651408,5331.66009120,5332.05506013,8047.95733700,804
2026-01-02T17:43:00Z,5332.05506013,5334.60189142,5329.64730310,5332.19407161,10088.87578263,1008
2026-01-02T17:44:00Z,5332.19407161,5334.13896034,5328.78665842,5330.73101351,45926.58896361,4592
2026-01-02T17:45:00Z,5330.73101351,5332.16875965,5327.48782475,5328.92508381,2885.79787486,288
2026-01-02T17:46:00Z,5328.92508381,5329.06822046,5328.68538353,5328.82851758,6559.18389630,655
2026-01-02T17:47:00Z,5328.82851758,5329.01936873,5327.22172887,5327.41252930,26364.32254150,2636
2026-01-02T17:48:00Z,5327.41252930,5330.12466054,5326.89252042,5329.60443770,16029.31333534,1602
2026-01-02T17:49:00Z,5329.60443770,5331.45325625,5327.66215035,5329.51093646,2566.43642546,256
2026-01-02T17:50:00Z,5329.51093646,5329.56371622,5329.50323713,5329.55601682,9292.10225073,929
2026-01-02T17:51:00Z,5329.55601682,5330.11306575,5328.48983595,5329.04683166,4695.59073159,469
2026-01-02T17:52:00Z,5329.04683166,5329.17384260,5328.06623565,5328.19322625,27585.31859598,2758
2026-01-02T17:53:00Z,5328.19322625,5328.24603174,5327.94541455,5327.99821811,5696.91745606,569
2026-01-02T17:54:00Z,5327.99821811,5328.25388013,5326.63655098,5326.89215992,17309.50480512,1730
2026-01-02T17:55:00Z,5326.89215992,5327.83133618,5326.16638465,5327.10553184,6399.01011233,639
2026-01-02T17:56:00Z,5327.10553184,5327.47922002,5326.40226737,5326.77593243,21393.82784638,2139
2026-01-02T17:57:00Z,5326.77593243,5330.01940470,5325.53275052,5328.77575606,11640.20622449,1164
2026-01-02T17:58:00Z,5328.77575606,5329.51086995,5328.66257685,5329.39767752,16374.44092643,1637
2026-01-02T17:59:00Z,5329.39767752,5330.27850979,5325.74704180,5326.62741620,52494.64383947,5249
2026-01-02T18:00:00Z,5326.62741620,5327.45119951,5326.41110046,5327.23485910,21695.28919854,2169
2026-01-02T18:01:00Z,5327.23485910,5330.49055200,5325.98817519,5329.24339804,28425.39489389,2842
2026-01-02T18:02:00Z,5329.24339804,5329.97368334,5326.79616449,5327.52621448,50689.09284683,5068
2026-01-02T18:03:00Z,5327.52621448,5328.35293142,5325.01847471,5325.84493075,31141.34363015,3114
2026-01-02T18:04:00Z,5325.84493075,5326.85588251,5324.48489734,5325.49578282,21851.30479376,2185
2026-01-02T18:05:00Z,5325.49578282,5326.43156810,5323.17090338,5324.10644453,17515.70828799,1751
2026-01-02T18:06:00Z,5324.10644453,5325.54882575,5322.68087687,5324.12325359,12683.29710988,1268
2026-01-02T18:07:00Z,5324.12325359,5326.71253582,5323.22869421,5325.81769174,18353.02117937,1835
2026-01-02T18:08:00Z,5325.81769174,5327.03905711,5323.68873445,5324.90989163,47066.67562648,4706
2026-01-02T18:09:00Z,5324.90989163,5325.97484246,5322.52214882,5323.58683505,9142.03055501,914
2026-01-02T18:10:00Z,5323.58683505,5323.83294087,5322.14232481,5322.38837523,55328.05180343,5532
2026-01-02T18:11:00Z,5322.38837523,5323.01947233,5320.63983857,5321.27080316,19843.45690978,1984
2026-01-02T18:12:00Z,5321.27080316,5322.39349164,5318.32759256,5319.44989687,11501.24520199,1150
2026-01-02T18:13:00Z,5319.44989687,5320.83510725,5318.14983236,5319.53502193,9500.82679498,950
2026-01-02T18:14:00Z,5319.53502193,5320.11938601,5317.79699785,5318.38123518,5564.11393201,556
2026-01-02T18:15:00Z,5318.38123518,5318.93190458,5317.21601177,5317.76661754,3860.91000467,386
2026-01-02T18:16:00Z,5317.76661754,5321.90832935,5315.71034022,5319.85124594,17800.44295347,1780
2026-01-02T18:17:00Z,5319.85124594,5320.88407529,5318.24049995,5319.27321708,16712.19210306,1671
2026-01-02T18:18:00Z,5319.27321708,5319.35977855,5319.05988537,5319.14644477,7322.95480221,732
2026-01-02T18:19:00Z,5319.14644477,5321.25197787,5315.84772764,5317.95278824,17919.50893373,1791
2026-01-02T18:20:00Z,5317.95278824,5318.73107747,5316.76681219,5317.54504175,8152.09269247,815
2026-01-02T18:21:00Z,5317.54504175,5320.56633008,5315.80281826,5318.82368766,7366.46376680,736
2026-01-02T18:22:00Z,5318.82368766,5320.60044753,5318.30578879,5320.08242609,16476.65608424,1647
2026-01-02T18:23:00Z,5320.08242609,5321.14051618,5320.01036189,5321.06843862,18439.72289562,1843
2026-01-02T18:24:00Z,5321.06843862,5324.26105632,5318.25669355,5321.44911009,9112.44026198,911
2026-01-02T18:25:00Z,5321.44911009,5321.89738631,5320.98973012,5321.43800540,7185.99319228,718
2026-01-02T18:26:00Z,5321.43800540,5322.19856090,5319.14375396,5319.90409022,43182.73185553,4318
2026-01-02T18:27:00Z,5319.90409022,5322.25286259,5318.94018423,5321.28870572,17515.41125820,1751
2026-01-02T18:28:00Z,5321.28870572,5324.36786429,5318.25334952,5321.33248311,9389.69067835,938
2026-01-02T18:29:00Z,5321.33248311,5321.89961887,5321.23884239,5321.80596981,28210.27450311,2821
2026-01-02T18:30:00Z,5321.80596981,5329.96451661,5320.65203003,5328.80905833,2524.63247697,252
2026-01-02T18:31:00Z,5328.80905833,5333.45477499,5325.77441952,5330.41921923,3330.45374016,333
2026-01-02T18:32:00Z,5330.41921923,5332.85908304,5328.96984883,5331.40944340,6920.41932286,692
2026-01-02T18:33:00Z,5331.40944340,5337.11298589,5320.96561100,5326.66407690,17368.19431720,1736
2026-01-02T18:34:00Z,5326.66407690,5330.11961456,5323.33044452,5326.78590593,19426.59479425,1942
2026-01-02T18:35:00Z,5326.78590593,5328.62160750,5323.63380012,5325.46904787,3515.26955357,351
2026-01-02T18:36:00Z,5325.46904787,5326.92481248,5319.58299140,5321.03754462,10586.76495282,1058
2026-01-02T18:37:00Z,5321.03754462,5323.43295973,5309.00596968,5311.39704485,62029.84866537,6202
2026-01-02T18:38:00Z,5311.39704485,5315.97003809,5303.82725168,5308.39766253,12995.61311605,1299
2026-01-02T18:39:00Z,5308.39766253,5314.53667636,5306.71199202,5312.84959215,15105.86542005,1510
2026-01-02T18:40:00Z,5312.84959215,5313.03963864,5307.10492491,5307.29477270,12551.87288339,1255
2026-01-02T18:41:00Z,5307.29477270,5310.26947806,5306.14569418,5309.12000435,20551.94141662,2055
2026-01-02T18:42:00Z,5309.12000435,5313.32302825,5307.78050925,5311.98281086,28732.30580712,2873
2026-01-02T18:43:00Z,5311.98281086,5320.46654034,5311.71932050,5320.20264225,45962.37795235,4596
2026-01-02T18:44:00Z,5320.20264225,5321.58211581,5318.98015153,5320.35958903,6335.39226825,633
2026-01-02T18:45:00Z,5320.35958903,5323.30232103,5319.91929075,5322.86181568,4297.52798846,429
2026-01-02T18:46:00Z,5322.86181568,5325.87579261,5319.28309972,5322.29675669,10044.86800278,1004
2026-01-02T18:47:00Z,5322.29675669,5324.14692847,5316.36505475,5318.21380719,25598.22108205,2559
2026-01-02T18:48:00Z,5318.21380719,5318.41099094,5317.41139129,5317.60855261,15452.06250190,1545
2026-01-02T18:49:00Z,5317.60855261,5322.76908601,5311.47252547,5316.63211127,25604.08821526,2560
2026-01-02T18:50:00Z,5316.63211127,5318.82340695,5308.95517408,5311.14420787,20017.93048612,2001
2026-01-02T18:51:00Z,5311.14420787,5314.51878335,5310.33988050,5313.71406680,11379.73293360,1137
2026-01-02T18:52:00Z,5313.71406680,5315.36272801,5308.47730417,5310.12485177,11672.33978624,1167
2026-01-02T18:53:00Z,5310.12485177,5312.96260551,5309.69697728,5312.53453685,9478.61522581,947
2026-01-02T18:54:00Z,5312.53453685,5317.73729416,5309.71926612,5314.92075890,8157.31539782,815
2026-01-02T18:55:00Z,5314.92075890,5320.61874208,5308.45207704,5314.14923310,17775.84453536,1777
2026-01-02T18:56:00Z,5314.14923310,5318.16228081,5307.45172259,5311.46274156,31989.91750917,3198
2026-01-02T18:57:00Z,5311.46274156,5324.14667669,5303.57869274,5316.25551375,31077.61941638,3107
2026-01-02T18:58:00Z,5316.25551375,5320.07551291,5312.21930942,5316.03915312,5742.15720693,574
2026-01-02T18:59:00Z,5316.03915312,5316.99893651,5310.90211164,5311.86114071,26675.70570821,2667
2026-01-02T19:00:00Z,5311.86114071,5327.15946117,5304.20301874,5319.49034017,32038.69777172,3203
2026-01-02T19:01:00Z,5319.49034017,5326.36522412,5311.00157328,5317.87436875,14249.29153422,1424
2026-01-02T19:02:00Z,5317.87436875,5322.06827045,5310.34322808,5314.53449581,49386.12708862,4938
2026-01-02T19:03:00Z,5314.53449581,5314.80244613,5312.73887723,5313.00675053,14884.18681428,1488
2026-01-02T19:04:00Z,5313.00675053,5319.63464170,5311.56592642,5318.19241130,18167.17952010,1816
2026-01-02T19:05:00Z,5318.19241130,5321.61399636,5299.56362408,5302.97541893,42311.07017262,4231
2026-01-02T19:06:00Z,5302.97541893,5316.88543405,5297.24531637,5311.14650227,44395.10650776,4439
2026-01-02T19:07:00Z,5311.14650227,5314.25165105,5309.76644042,5312.87114106,10455.11700956,1045
2026-01-02T19:08:00Z,5312.87114106,5318.95901671,5299.68283633,5305.76256645,33959.77724144,3395
2026-01-02T19:09:00Z,5305.76256645,5307.64193779,5305.55511469,5307.43442066,12391.12812025,1239
2026-01-02T19:10:00Z,5307.43442066,5309.09441896,5306.87602495,5308.53590736,4539.04772249,453
2026-01-02T19:11:00Z,5308.53590736,5311.94773694,5307.89334973,5311.30484415,11193.69694906,1119
2026-01-02T19:12:00Z,5311.30484415,5311.33563108,5304.73938110,5304.77013014,21965.97276779,2196
2026-01-02T19:13:00Z,5304.77013014,5307.15844062,5304.53130989,5306.91952361,16103.57271709,1610
2026-01-02T19:14:00Z,5306.91952361,5308.03022323,5305.91390726,5307.02458697,4169.10897223,416
2026-01-02T19:15:00Z,5307.02458697,5307.85436337,5304.82434651,5305.65390859,8672.00961214,867
2026-01-02T19:16:00Z,5305.65390859,5307.25417133,5303.38551674,5304.98557791,12436.41253849,1243
2026-01-02T19:17:00Z,5304.98557791,5306.40478674,5304.00186502,5305.42099311,22683.87653955,2268
2026-01-02T19:18:00Z,5305.42099311,5308.53958976,5304.93862151,5308.05697849,1378.52464558,137
2026-01-02T19:19:00Z,5308.05697849,5308.10840554,5307.71023757,5307.76166176,17413.68501440,1741
2026-01-02T19:20:00Z,5307.76166176,5309.06806161,5306.00331682,5307.30960540,7572.16914323,757
2026-01-02T19:21:00Z,5307.30960540,5309.45807795,5304.38382034,5306.53197810,10090.08598200,1009
2026-01-02T19:22:00Z,5306.53197810,5307.96561690,5305.12875966,5306.56239042,3645.40819358,364
2026-01-02T19:23:00Z,5306.56239042,5307.49942946,5305.37934710,5306.31634269,6827.45163283,682
2026-01-02T19:24:00Z,5306.31634269,5309.16575853,5305.22415964,5308.07321387,21802.30452891,2180
2026-01-02T19:25:00Z,5308.07321387,5308.73365152,5305.76788060,5306.42811357,27513.17833651,2751
2026-01-02T19:26:00Z,5306.42811357,5306.89429093,5305.23392556,5305.70003896,10533.03201780,1053
2026-01-02T19:27:00Z,5305.70003896,5306.67339496,5300.34138052,5301.31393187,55537.25803444,5553
2026-01-02T19:28:00Z,5301.31393187,5301.50073721,5301.14213407,5301.32893892,23734.77164842,2373
2026-01-02T19:29:00Z,5301.32893892,5303.54417626,5297.14509096,5299.35950534,20377.80103722,2037
2026-01-02T19:30:00Z,5299.35950534,5300.67543120,5298.47061166,5299.78646591,8601.56314536,860
2026-01-02T19:31:00Z,5299.78646591,5302.58443681,5299.42222916,5302.22003281,55296.63652810,5529
2026-01-02T19:32:00Z,5302.22003281,5303.53844630,5301.57061471,5302.88894626,1788.16938586,178
2026-01-02T19:33:00Z,5302.88894626,5303.13412595,5300.05105267,5300.29611248,27196.02444906,2719
2026-01-02T19:34:00Z,5300.29611248,5301.62536216,5299.71207269,5301.04124026,7463.37112434,746
2026-01-02T19:35:00Z,5301.04124026,5301.18296890,5300.99698066,5301.13870848,11230.62639876,1123
2026-01-02T19:36:00Z,5301.13870848,5304.11910703,5300.96415715,5303.94446330,35680.47528142,3568
2026-01-02T19:37:00Z,5303.94446330,5306.19410784,5302.62970984,5304.87912269,14942.31130183,1494
2026-01-02T19:38:00Z,5304.87912269,5307.51394643,5302.85442599,5305.48901695,5802.28101646,580
2026-01-02T19:39:00Z,5305.48901695,5309.04806067,5304.89185472,5308.45056510,43233.19909888,4323
2026-01-02T19:40:00Z,5308.45056510,5312.09199560,5307.14078490,5310.78164024,5192.25113778,519
2026-01-02T19:41:00Z,5310.78164024,5315.84969225,5309.33385670,5314.40092205,38902.80817013,3890
2026-01-02T19:42:00Z,5314.40092205,5317.80831739,5313.97120952,5317.37836410,131159.84907395,13115
2026-01-02T19:43:00Z,5317.37836410,5320.88210643,5316.92289716,5320.42637841,46061.95337960,4606
2026-01-02T19:44:00Z,5320.42637841,5323.13927882,5320.16147731,5322.87425584,13144.19255498,1314
2026-01-02T19:45:00Z,5322.87425584,5326.11260310,5322.59498088,5325.83317289,20809.85627482,2080
2026-01-02T19:46:00Z,5325.83317289,5328.36378443,5325.48328778,5328.01375606,2745.95944982,274
2026-01-02T19:47:00Z,5328.01375606,5330.32506134,5326.98804314,5329.29910098,13114.25520049,1311
2026-01-02T19:48:00Z,5329.29910098,5331.55982908,5329.08642407,5331.34707045,32191.69727144,3219
2026-01-02T19:49:00Z,5331.34707045,5335.16543873,5330.52099879,5334.33890350,65173.35748326,6517
2026-01-02T19:50:00Z,5334.33890350,5337.05483679,5334.11913394,5336.83496439,116395.99882215,11639
2026-01-02T19:51:00Z,5336.83496439,5338.09368511,5336.79271008,5338.05142116,14063.90478678,1406
2026-01-02T19:52:00Z,5338.05142116,5340.40998392,5337.24678222,5339.60511078,13151.72353241,1315
2026-01-02T19:53:00Z,5339.60511078,5342.25543998,5339.18509525,5341.83524903,4584.46103958,458
2026-01-02T19:54:00Z,5341.83524903,5344.57206175,5341.68015108,5344.41688884,99214.12555149,9921
2026-01-02T19:55:00Z,5344.41688884,5346.38558642,5344.03066687,5345.99925010,27043.62746516,2704
2026-01-02T19:56:00Z,5345.99925010,5350.54483795,5345.20773956,5349.75277168,66122.96866379,6612
2026-01-02T19:57:00Z,5349.75277168,5352.22597062,5348.33975467,5350.81267365,2993.21096887,299
2026-01-02T19:58:00Z,5350.81267365,5352.94313298,5349.81844512,5351.94869336,21788.72500734,2178
2026-01-02T19:59:00Z,5351.94869336,5355.15268583,5351.84985449,5355.05378962,43551.46077228,4355
2026-01-02T20:00:00Z,5355.05378962,5355.92282148,5354.51809571,5355.38709423,1710.96497225,171
2026-01-02T20:01:00Z,5355.38709423,5356.46781889,5355.03348526,5356.11416192,39636.41040274,3963
2026-01-02T20:02:00Z,5356.11416192,5356.91300759,5355.85411826,5356.65293778,23191.84496002,2319
2026-01-02T20:03:00Z,5356.65293778,5360.23799478,5355.51622262,5359.10076019,20693.14722062,2069
2026-01-02T20:04:00Z,5359.10076019,5361.66548729,5358.27733366,5360.84179325,99794.68377532,9979
2026-01-02T20:05:00Z,5360.84179325,5362.12664863,5359.97611975,5361.26090744,15348.98009808,1534
2026-01-02T20:06:00Z,5361.26090744,5361.34309376,5361.25962680,5361.34181310,17043.09610125,1704
2026-01-02T20:07:00Z,5361.34181310,5362.25366944,5361.25202869,5362.16387127,16534.30879474,1653
2026-01-02T20:08:00Z,5362.16387127,5362.34762039,5361.92670917,5362.11045645,1870.92379505,187
2026-01-02T20:09:00Z,5362.11045645,5362.49782025,5361.75852592,5362.14588739,22520.35598170,2252
2026-01-02T20:10:00Z,5362.14588739,5362.66289542,5362.05643276,5362.57343367,12053.43919166,1205
2026-01-02T20:11:00Z,5362.57343367,5363.89137809,5362.42437959,5363.74229153,9845.89713118,984
2026-01-02T20:12:00Z,5363.74229153,5364.49914719,5363.27112435,5364.02795492,12923.20990653,1292
2026-01-02T20:13:00Z,5364.02795492,5364.94630688,5363.94522818,5364.86356726,27497.54244939,2749
2026-01-02T20:14:00Z,5364.86356726,5365.01377458,5364.14689683,5364.29708829,30483.58308885,3048
2026-01-02T20:15:00Z,5364.29708829,5365.17064440,5363.53604672,5364.40958688,1796.60931987,179
2026-01-02T20:16:00Z,5364.40958688,5365.14848288,5364.40365947,5365.14255467,16118.25727176,1611
2026-01-02T20:17:00Z,5365.14255467,5366.57973786,5363.74480571,5365.18197863,9073.34081618,907
2026-01-02T20:18:00Z,5365.18197863,5366.78167207,5364.32805234,5365.92762711,4160.00356465,416
2026-01-02T20:19:00Z,5365.92762711,5366.31848116,5365.60678030,5365.99763017,5512.12260907,551
2026-01-02T20:20:00Z,5365.99763017,5368.09202881,5365.50460033,5367.59885185,18596.05836605,1859
2026-01-02T20:21:00Z,5367.59885185,5368.56155408,5367.27586340,5368.23852713,24286.83477537,2428
2026-01-02T20:22:00Z,5368.23852713,5369.09921744,5367.63499712,5368.49565852,8803.19133115,880
2026-01-02T20:23:00Z,5368.49565852,5369.60028527,5367.83270516,5368.93727737,2894.52184054,289
2026-01-02T20:24:00Z,5368.93727737,5370.82912685,5368.05797453,5369.94965820,23887.85159493,2388
2026-01-02T20:25:00Z,5369.94965820,5371.59073300,5369.14521296,5370.78616245,17787.64461397,1778
2026-01-02T20:26:00Z,5370.78616245,5372.20621120,5369.98454768,5371.40450414,286.84880922,28
2026-01-02T20:27:00Z,5371.40450414,5372.97481568,5371.21063045,5372.78089231,30842.64021259,3084
2026-01-02T20:28:00Z,5372.78089231,5373.70082044,5372.68452466,5373.60443802,10997.77674098,1099
2026-01-02T20:29:00Z,5373.60443802,5374.81035390,5372.24928453,5373.45516692,2121.79768141,212
2026-01-02T20:30:00Z,5373.45516692,5375.87233076,5371.73853959,5374.15547970,21038.82665283,2103
2026-01-02T20:31:00Z,5374.15547970,5374.65182048,5373.23346779,5373.72976925,8403.45807376,840
2026-01-02T20:32:00Z,5373.72976925,5374.77473175,5373.08194955,5374.12686418,19577.72582795,1957
2026-01-02T20:33:00Z,5374.12686418,5375.19385989,5373.14037293,5374.20735386,5620.85473189,562
2026-01-02T20:34:00Z,5374.20735386,5374.87289730,5372.70851728,5373.37395751,34811.67803432,3481
2026-01-02T20:35:00Z,5373.37395751,5375.35934503,5372.88415090,5374.86940211,7344.74612298,734
2026-01-02T20:36:00Z,5374.86940211,5376.11301378,5374.61632934,5375.85989437,3616.02870908,361
2026-01-02T20:37:00Z,5375.85989437,5375.88074860,5372.80610162,5372.82694407,11769.32175526,1176
2026-01-02T20:38:00Z,5372.82694407,5373.52847664,5369.59978902,5370.30099176,39594.41404540,3959
2026-01-02T20:39:00Z,5370.30099176,5370.72686409,5368.06301503,5368.48874365,10326.19479781,1032
2026-01-02T20:40:00Z,5368.48874365,5368.49711914,5368.07635768,5368.08473255,18119.75351159,1811
2026-01-02T20:41:00Z,5368.08473255,5370.50059393,5366.63911182,5369.05471198,21491.10234744,2149
2026-01-02T20:42:00Z,5369.05471198,5370.03558211,5367.63087253,5368.61166172,16847.40468513,1684
2026-01-02T20:43:00Z,5368.61166172,5371.03659672,5368.30627874,5370.73109317,9898.44990429,989
2026-01-02T20:44:00Z,5370.73109317,5372.22608275,5368.12420218,5369.61888216,27998.75216678,2799
2026-01-02T20:45:00Z,5369.61888216,5371.22197699,5368.89653791,5370.49951427,37229.47093763,3722
2026-01-02T20:46:00Z,5370.49951427,5371.69746211,5368.75667343,5369.95449970,17230.60628272,1723
2026-01-02T20:47:00Z,5369.95449970,5373.62724771,5368.82564236,5372.49785571,37185.85536312,3718
2026-01-02T20:48:00Z,5372.49785571,5374.41845241,5371.97945040,5373.89991182,21026.83694430,2102
2026-01-02T20:49:00Z,5373.89991182,5374.76134626,5371.79213835,5372.65337298,18000.58655155,1800
2026-01-02T20:50:00Z,5372.65337298,5373.14479377,5370.77181203,5371.26310566,3602.82870221,360
2026-01-02T20:51:00Z,5371.26310566,5372.29571273,5371.25421378,5372.28681915,7628.37935500,762
2026-01-02T20:52:00Z,5372.28681915,5374.43645929,5371.41282679,5373.56225943,43436.43612588,4343
2026-01-02T20:53:00Z,5373.56225943,5373.87322252,5371.28066242,5371.59151147,26835.79435612,2683
2026-01-02T20:54:00Z,5371.59151147,5371.75902890,5367.92411842,5368.09152670,53046.85670753,5304
2026-01-02T20:55:00Z,5368.09152670,5369.40891855,5366.83822883,5368.15560572,2618.21456111,261
2026-01-02T20:56:00Z,5368.15560572,5369.09331022,5367.54462511,5368.48229243,2527.04176743,252
2026-01-02T20:57:00Z,5368.48229243,5368.67361837,5366.74395510,5366.93522590,23898.25054729,2389
2026-01-02T20:58:00Z,5366.93522590,5368.06875132,5364.62822635,5365.76150388,33922.11960452,3392
2026-01-02T20:59:00Z,5365.76150388,5367.16505536,5363.45688246,5364.86019818,7955.83186568,795
2026-01-02T21:00:00Z,5364.86019818,5367.81692092,5363.36521292,5366.32152844,31692.66934702,3169
2026-01-02T21:01:00Z,5366.32152844,5367.00791605,5363.94549920,5364.63167068,18752.05170052,1875
2026-01-02T21:02:00Z,5364.63167068,5365.83922756,5363.87736131,5365.08485448,17525.39711576,1752
2026-01-02T21:03:00Z,5365.08485448,5366.97632518,5364.19032425,5366.08162875,37361.97725022,3736
2026-01-02T21:04:00Z,5366.08162875,5366.28588953,5364.97074203,5365.17496829,4767.55741676,476
2026-01-02T21:05:00Z,5365.17496829,5366.71807402,5364.21943815,5365.76243925,10623.21691754,1062
2026-01-02T21:06:00Z,5365.76243925,5367.34855139,5362.20749953,5363.79302952,19366.41674099,1936
2026-01-02T21:07:00Z,5363.79302952,5364.88793716,5363.24590126,5364.34075303,10916.47862787,1091
2026-01-02T21:08:00Z,5364.34075303,5365.66854077,5361.46364764,5362.79105180,15996.01836028,1599
2026-01-02T21:09:00Z,5362.79105180,5365.18357336,5361.21362638,5363.60590826,51198.42510852,5119
2026-01-02T21:10:00Z,5363.60590826,5364.66028503,5359.35618664,5360.40993514,21079.63873422,2107
2026-01-02T21:11:00Z,5360.40993514,5360.67909612,5360.22143390,5360.49059205,7182.65585249,718
2026-01-02T21:12:00Z,5360.49059205,5360.94336909,5360.41388911,5360.86666076,10217.25946934,1021
2026-01-02T21:13:00Z,5360.86666076,5360.91293963,5359.91032096,5359.95659197,37566.48738669,3756
2026-01-02T21:14:00Z,5359.95659197,5361.51686722,5357.95080064,5359.51094617,4614.24325041,461
2026-01-02T21:15:00Z,5359.51094617,5360.75938447,5358.19183158,5359.44025341,22378.73310465,2237
2026-01-02T21:16:00Z,5359.44025341,5360.25468416,5357.84200421,5358.65631583,585.57962614,58
2026-01-02T21:17:00Z,5358.65631583,5360.04862275,5358.49686562,5359.88913585,12769.41915983,1276
2026-01-02T21:18:00Z,5359.88913585,5361.76466911,5358.55415936,5360.42955801,13746.22669468,1374
2026-01-02T21:19:00Z,5360.42955801,5361.37578999,5356.78728186,5357.73303784,16038.08616042,1603
2026-01-02T21:20:00Z,5357.73303784,5358.47469013,5357.56143725,5358.30307129,13851.30613792,1385
2026-01-02T21:21:00Z,5358.30307129,5360.06514048,5357.05463359,5358.81658314,9222.41127281,922
2026-01-02T21:22:00Z,5358.81658314,5361.73550242,5358.61602880,5361.53484634,30779.83890578,3077
2026-01-02T21:23:00Z,5361.53484634,5366.63756245,5360.19539197,5365.29716815,61066.03142917,6106
2026-01-02T21:24:00Z,5365.29716815,5367.55666407,5363.01350137,5365.27298709,3998.92561854,399
2026-01-02T21:25:00Z,5365.27298709,5367.48385050,5362.30622771,5364.51677951,11285.05872531,1128
2026-01-02T21:26:00Z,5364.51677951,5364.75058764,5361.97092047,5362.20462782,10689.41298245,1068
2026-01-02T21:27:00Z,5362.20462782,5362.84160225,5361.21634613,5361.85327882,5136.49065421,513
2026-01-02T21:28:00Z,5361.85327882,5365.15613753,5359.53589804,5362.83833102,20185.99178231,2018
2026-01-02T21:29:00Z,5362.83833102,5363.38961919,5361.57201055,5362.12322521,9489.85319935,948
2026-01-02T21:30:00Z,5362.12322521,5363.15127841,5358.77674654,5359.80435516,11674.15695642,1167
2026-01-02T21:31:00Z,5359.80435516,5359.93109568,5357.41284051,5357.53952747,4627.50221622,462
2026-01-02T21:32:00Z,5357.53952747,5357.76677279,5354.87150955,5355.09865134,24529.67958403,2452
2026-01-02T21:33:00Z,5355.09865134,5355.77085165,5354.83071350,5355.50289358,5776.85923204,577
2026-01-02T21:34:00Z,5355.50289358,5357.22766303,5355.14129489,5356.86597231,36005.41284588,3600
2026-01-02T21:35:00Z,5356.86597231,5357.75267846,5354.22197708,5355.10839231,36157.97919121,3615
2026-01-02T21:36:00Z,5355.10839231,5356.39638584,5352.15207659,5353.43966876,28050.74233605,2805
2026-01-02T21:37:00Z,5353.43966876,5353.84083016,5352.01049043,5352.41157479,10834.71999356,1083
2026-01-02T21:38:00Z,5352.41157479,5353.63822154,5350.90996979,5352.13655351,16696.04292446,1669
2026-01-02T21:39:00Z,5352.13655351,5352.94506936,5351.47758944,5352.28608688,2584.52180280,258
2026-01-02T21:40:00Z,5352.28608688,5353.13833401,5350.55430241,5351.40640946,54490.85365404,5449
2026-01-02T21:41:00Z,5351.40640946,5351.72940271,5350.61212956,5350.93509437,3898.95388251,389
2026-01-02T21:42:00Z,5350.93509437,5353.46765455,5349.24794980,5351.78024351,11553.94662448,1155
2026-01-02T21:43:00Z,5351.78024351,5354.34840842,5350.21218184,5352.78005381,1185.18407846,118
2026-01-02T21:44:00Z,5352.78005381,5354.87602561,5351.02770569,5353.12356504,43004.73480388,4300
2026-01-02T21:45:00Z,5353.12356504,5353.36011171,5351.22025794,5351.45673096,13523.92156353,1352
2026-01-02T21:46:00Z,5351.45673096,5353.64230435,5351.15491523,5353.34038238,1818.06310187,181
2026-01-02T21:47:00Z,5353.34038238,5353.56464339,5353.22854675,5353.45280541,8241.63067355,824
2026-01-02T21:48:00Z,5353.45280541,5353.84535736,5352.23489455,5352.62738597,8867.23003784,886
2026-01-02T21:49:00Z,5352.62738597,5354.91898751,5351.17126898,5353.46264330,29510.49678455,2951
2026-01-02T21:50:00Z,5353.46264330,5355.67043316,5352.64271638,5354.85029371,31343.35907564,3134
2026-01-02T21:51:00Z,5354.85029371,5354.88363765,5352.52387710,5352.55720676,21444.70681757,2144
2026-01-02T21:52:00Z,5352.55720676,5353.30080639,5346.76316808,5347.50606598,100010.98744333,10001
2026-01-02T21:53:00Z,5347.50606598,5348.15356678,5347.10646697,5347.75394924,1638.10497279,163
2026-01-02T21:54:00Z,5347.75394924,5349.17970908,5347.17318436,5348.59885245,29723.09356854,2972
2026-01-02T21:55:00Z,5348.59885245,5349.33377477,5346.64486357,5347.37961836,32538.15143388,3253
2026-01-02T21:56:00Z,5347.37961836,5347.97212375,5346.77612612,5347.36863029,2857.12440682,285
2026-01-02T21:57:00Z,5347.36863029,5347.68595203,5347.33396050,5347.65128040,17373.78163993,1737
2026-01-02T21:58:00Z,5347.65128040,5350.06605407,5345.81700542,5348.23158004,7429.93689866,742
2026-01-02T21:59:00Z,5348.23158004,5349.70177824,5346.92044650,5348.39060571,12617.48666457,1261
2026-01-02T22:00:00Z,5348.39060571,5349.53615819,5346.03867576,5347.18396980,2740.82306217,274
2026-01-02T22:01:00Z,5347.18396980,5347.34412722,5345.56960568,5345.72971954,81173.04686191,8117
2026-01-02T22:02:00Z,5345.72971954,5346.36035833,5344.71346733,5345.34406062,21473.84099467,2147
2026-01-02T22:03:00Z,5345.34406062,5345.48210769,5344.48501257,5344.62304102,3062.24712734,306
2026-01-02T22:04:00Z,5344.62304102,5345.99850736,5344.27443548,5345.64983484,13568.44025155,1356
2026-01-02T22:05:00Z,5345.64983484,5346.51112464,5344.97289135,5345.83415780,13941.28330118,1394
2026-01-02T22:06:00Z,5345.83415780,5349.08208142,5344.66565911,5347.91312831,35081.64323824,3508
2026-01-02T22:07:00Z,5347.91312831,5351.33396617,5347.07306012,5350.49349266,37668.41418364,3766
2026-01-02T22:08:00Z,5350.49349266,5352.93713432,5350.19016419,5352.63368452,39840.04878482,3984
2026-01-02T22:09:00Z,5352.63368452,5355.47282517,5352.51675759,5355.35583877,58565.78827468,5856
2026-01-02T22:10:00Z,5355.35583877,5357.03714417,5355.15554128,5356.83679129,21405.48258691,2140
2026-01-02T22:11:00Z,5356.83679129,5358.35261542,5356.81660345,5358.33242195,22042.13816327,2204
2026-01-02T22:12:00Z,5358.33242195,5361.24633104,5357.48618523,5360.39976782,46520.43376820,4652
2026-01-02T22:13:00Z,5360.39976782,5360.71544401,5358.97436378,5359.28997461,18990.78412552,1899
2026-01-02T22:14:00Z,5359.28997461,5360.03409886,5359.11388667,5359.85799225,7078.08578080,707
2026-01-02T22:15:00Z,5359.85799225,5360.38492498,5359.60476126,5360.13168106,12537.91495936,1253
2026-01-02T22:16:00Z,5360.13168106,5361.00609086,5359.93575466,5360.81013966,13813.56670034,1381
2026-01-02T22:17:00Z,5360.81013966,5361.61579075,5360.57693779,5361.38256398,13823.55572513,1382
2026-01-02T22:18:00Z,5361.38256398,5363.03353672,5360.06853289,5361.71942306,5095.60771576,509
2026-01-02T22:19:00Z,5361.71942306,5361.98122579,5360.93356568,5361.19534283,15877.16814181,1587
2026-01-02T22:20:00Z,5361.19534283,5363.20751469,5360.91837161,5362.93045384,21612.41246370,2161
2026-01-02T22:21:00Z,5362.93045384,5365.15389425,5361.94215716,5364.16537000,44710.70915316,4471
2026-01-02T22:22:00Z,5364.16537000,5366.81440953,5362.69402795,5365.34274454,19268.74715296,1926
2026-01-02T22:23:00Z,5365.34274454,5365.36013009,5365.29819602,5365.31558149,1509.12126345,150
2026-01-02T22:24:00Z,5365.31558149,5365.99852577,5364.69573583,5365.37867282,15971.36498934,1597
2026-01-02T22:25:00Z,5365.37867282,5367.59706836,5364.36384537,5366.58201331,9315.35135152,931
2026-01-02T22:26:00Z,5366.58201331,5370.23940906,5365.15593595,5368.81273893,55749.33344549,5574
2026-01-02T22:27:00Z,5368.81273893,5370.95241485,5368.10667005,5370.24615746,17936.81219083,1793
2026-01-02T22:28:00Z,5370.24615746,5371.70118652,5369.31822320,5370.77316120,21771.32664005,2177
2026-01-02T22:29:00Z,5370.77316120,5371.23752946,5370.45159204,5370.91595175,7409.28021076,740
2026-01-02T22:30:00Z,5370.91595175,5372.74483529,5370.89792679,5372.72680425,8014.46254900,801
2026-01-02T22:31:00Z,5372.72680425,5373.82527128,5371.59767534,5372.69613610,5784.82015269,578
2026-01-02T22:32:00Z,5372.69613610,5372.82680936,5370.93589405,5371.06652767,27191.55953825,2719
2026-01-02T22:33:00Z,5371.06652767,5372.19924803,5367.92780911,5369.06010632,37429.12426384,3742
2026-01-02T22:34:00Z,5369.06010632,5369.84742355,5369.01156902,5369.79887957,32221.41427571,3222
2026-01-02T22:35:00Z,5369.79887957,5371.16008999,5368.82444020,5370.18558046,16923.27418056,1692
2026-01-02T22:36:00Z,5370.18558046,5370.97389159,5370.05773422,5370.84602962,15192.89191821,1519
2026-01-02T22:37:00Z,5370.84602962,5372.07550281,5369.66766758,5370.89712956,13942.27284606,1394
2026-01-02T22:38:00Z,5370.89712956,5373.36604450,5369.43042040,5371.89906173,2931.13393115,293
2026-01-02T22:39:00Z,5371.89906173,5372.03265647,5370.47717835,5370.61074105,34707.95394451,3470
2026-01-02T22:40:00Z,5370.61074105,5371.40739364,5367.01582160,5367.81205905,9055.87375227,905
2026-01-02T22:41:00Z,5367.81205905,5368.18619019,5366.09497843,5366.46901596,26765.37833437,2676
2026-01-02T22:42:00Z,5366.46901596,5371.12708733,5364.59521722,5369.25231675,88132.78913351,8813
2026-01-02T22:43:00Z,5369.25231675,5370.17575837,5368.20158432,5369.12500405,8127.15484481,812
2026-01-02T22:44:00Z,5369.12500405,5370.91675668,5365.24013573,5367.03118962,22449.84962231,2244
2026-01-02T22:45:00Z,5367.03118962,5367.69423294,5365.71037072,5366.37333276,15854.84703064,1585
2026-01-02T22:46:00Z,5366.37333276,5368.09295902,5362.75532547,5364.47434322,23708.36711525,2370
2026-01-02T22:47:00Z,5364.47434322,5365.92625062,5364.00821497,5365.46003673,15473.40501345,1547
2026-01-02T22:48:00Z,5365.46003673,5367.02903117,5363.51587890,5365.08476360,2020.70657394,202
2026-01-02T22:49:00Z,5365.08476360,5365.12431626,5364.97175640,5365.01130852,2942.68339628,294
2026-01-02T22:50:00Z,5365.01130852,5366.69359965,5364.86471099,5366.54696016,31364.56557724,3136
2026-01-02T22:51:00Z,5366.54696016,5366.86849423,5365.83958333,5366.16109428,9160.70918815,916
2026-01-02T22:52:00Z,5366.16109428,5366.20870664,5363.72556655,5363.77315772,16653.40743315,1665
2026-01-02T22:53:00Z,5363.77315772,5364.70428058,5362.80742574,5363.73854259,22811.25807843,2281
2026-01-02T22:54:00Z,5363.73854259,5365.14535075,5362.94310593,5364.34982344,21379.09371852,2137
2026-01-02T22:55:00Z,5364.34982344,5365.12569611,5362.39858327,5363.17428592,22218.07106365,2221
2026-01-02T22:56:00Z,5363.17428592,5363.61729306,5363.02820691,5363.47120597,10841.21998966,1084
2026-01-02T22:57:00Z,5363.47120597,5364.29052707,5361.79463302,5362.61382315,15710.98872515,1571
2026-01-02T22:58:00Z,5362.61382315,5363.43790789,5361.49654040,5362.32058007,43863.93036050,4386
2026-01-02T22:59:00Z,5362.32058007,5363.16162855,5361.22134608,5362.06235405,1082.35381128,108
2026-01-02T23:00:00Z,5362.06235405,5362.41141927,5360.77294000,5361.12194400,13256.36910445,1325
2026-01-02T23:01:00Z,5361.12194400,5362.12952470,5358.49026876,5359.49754416,25287.94027617,2528
2026-01-02T23:02:00Z,5359.49754416,5361.29123065,5358.33235261,5360.12590249,15082.79730012,1508
2026-01-02T23:03:00Z,5360.12590249,5361.83271318,5355.62157097,5357.32749056,22937.87025802,2293
2026-01-02T23:04:00Z,5357.32749056,5358.08128621,5355.84838458,5356.60207816,52189.11406066,5218
2026-01-02T23:05:00Z,5356.60207816,5357.70259073,5354.34826060,5355.44853618,24269.79216138,2426
2026-01-02T23:06:00Z,5355.44853618,5355.79114430,5354.91099140,5355.25358706,6058.75161756,605
2026-01-02T23:07:00Z,5355.25358706,5355.62727261,5354.36896969,5354.74261959,35720.28891316,3572
2026-01-02T23:08:00Z,5354.74261959,5355.66368137,5351.90365488,5352.82438671,20587.97610736,2058
2026-01-02T23:09:00Z,5352.82438671,5352.87372071,5351.83468357,5351.88400890,22300.57330199,2230
2026-01-02T23:10:00Z,5351.88400890,5353.15402755,5350.08711416,5351.35700774,27375.06916719,2737
2026-01-02T23:11:00Z,5351.35700774,5351.43652289,5351.07152787,5351.15103995,12229.54319225,1222
2026-01-02T23:12:00Z,5351.15103995,5351.48498264,5349.45745553,5349.79131337,8481.07704369,848
2026-01-02T23:13:00Z,5349.79131337,5352.00652077,5347.01574838,5349.23072366,6335.14764930,633
2026-01-02T23:14:00Z,5349.23072366,5350.11629061,5349.14004293,5350.02559640,6397.54498712,639
2026-01-02T23:15:00Z,5350.02559640,5351.87033949,5348.76717881,5350.61178402,8534.89773534,853
2026-01-02T23:16:00Z,5350.61178402,5350.86430285,5349.22128317,5349.47374829,28475.57150345,2847
2026-01-02T23:17:00Z,5349.47374829,5350.28183169,5348.17198388,5348.97999269,5362.43370214,536
2026-01-02T23:18:00Z,5348.97999269,5349.89720232,5348.44337378,5349.36054523,3244.82136714,324
2026-01-02T23:19:00Z,5349.36054523,5350.95078118,5348.94017631,5350.53032033,14019.05886308,1401
2026-01-02T23:20:00Z,5350.53032033,5350.63972441,5350.11137751,5350.22077525,30800.88120811,3080
2026-01-02T23:21:00Z,5350.22077525,5350.75135418,5350.15419660,5350.68476976,25952.51500924,2595
2026-01-02T23:22:00Z,5350.68476976,5352.31860890,5347.21906708,5348.85234668,34195.26268032,3419
2026-01-02T23:23:00Z,5348.85234668,5350.24111656,5346.69973104,5348.08830254,17258.23404140,1725
2026-01-02T23:24:00Z,5348.08830254,5349.55633131,5346.88735205,5348.35532086,25896.82447017,2589
2026-01-02T23:25:00Z,5348.35532086,5349.85313791,5344.96256284,5346.45984905,28867.65856798,2886
2026-01-02T23:26:00Z,5346.45984905,5347.13287466,5346.06136243,5346.73436757,15368.46584194,1536
2026-01-02T23:27:00Z,5346.73436757,5347.55652846,5343.90150583,5344.72335748,22356.49310097,2235
2026-01-02T23:28:00Z,5344.72335748,5345.39759345,5344.05753233,5344.73176724,7481.85995592,748
2026-01-02T23:29:00Z,5344.73176724,5348.19360235,5343.41711465,5346.87842174,33617.84701440,3361
2026-01-02T23:30:00Z,5346.87842174,5348.55725129,5343.70939126,5345.38775276,5364.81242055,536
2026-01-02T23:31:00Z,5345.38775276,5345.68458645,5344.69529025,5344.99210198,3080.95433714,308
2026-01-02T23:32:00Z,5344.99210198,5346.79155541,5341.28495718,5343.08376814,6788.53065512,678
2026-01-02T23:33:00Z,5343.08376814,5344.77292475,5340.62409166,5342.31300459,5703.60414288,570
2026-01-02T23:34:00Z,5342.31300459,5343.82689707,5340.98331770,5342.49716434,3985.49607735,398
2026-01-02T23:35:00Z,5342.49716434,5343.23546774,5342.37748930,5343.11577884,16597.31433428,1659
2026-01-02T23:36:00Z,5343.11577884,5343.50481565,5342.50152046,5342.89054087,12802.89151771,1280
2026-01-02T23:37:00Z,5342.89054087,5343.56912335,5342.53982505,5343.21838601,13210.01035795,1321
2026-01-02T23:38:00Z,5343.21838601,5344.88349186,5341.83931172,5343.50434377,16844.06254347,1684
2026-01-02T23:39:00Z,5343.50434377,5345.76598628,5342.77260758,5345.03404062,63515.21223997,6351
2026-01-02T23:40:00Z,5345.03404062,5345.53681286,5343.76398165,5344.26668172,2589.77860368,258
2026-01-02T23:41:00Z,5344.26668172,5344.68982773,5343.60739038,5344.03051769,41769.94710653,4176
2026-01-02T23:42:00Z,5344.03051769,5346.53990333,5343.20194100,5345.71106609,51751.30901809,5175
2026-01-02T23:43:00Z,5345.71106609,5345.82559121,5343.80994115,5343.92442799,49442.28906109,4944
2026-01-02T23:44:00Z,5343.92442799,5346.38228152,5343.16077251,5345.61838398,68621.28673269,6862
2026-01-02T23:45:00Z,5345.61838398,5346.64967021,5345.41373906,5346.44499365,14716.12346569,1471
2026-01-02T23:46:00Z,5346.44499365,5347.12554503,5344.32636569,5345.00673399,76370.19467947,7637
2026-01-02T23:47:00Z,5345.00673399,5345.49010212,5344.80890621,5345.29226378,18414.51455969,1841
2026-01-02T23:48:00Z,5345.29226378,5345.68318510,5344.86964139,5345.26056040,5321.08043159,532
2026-01-02T23:49:00Z,5345.26056040,5346.43955583,5344.96032659,5346.13927266,15642.96520135,1564
2026-01-02T23:50:00Z,5346.13927266,5346.69765108,5344.32983283,5344.88808056,7609.12744532,760
2026-01-02T23:51:00Z,5344.88808056,5346.66423950,5344.04162402,5345.81763574,11262.88669686,1126
2026-01-02T23:52:00Z,5345.81763574,5348.50415930,5342.59154043,5345.27779269,13871.70994365,1387
2026-01-02T23:53:00Z,5345.27779269,5347.68322391,5344.44601482,5346.85120120,11840.56869243,1184
2026-01-02T23:54:00Z,5346.85120120,5348.05237966,5344.92451827,5346.12553371,5282.33982590,528
2026-01-02T23:55:00Z,5346.12553371,5346.26162772,5345.79518463,5345.93127369,14096.10458732,1409
2026-01-02T23:56:00Z,5345.93127369,5348.13914351,5343.23319748,5345.44086476,9922.77068354,992
2026-01-02T23:57:00Z,5345.44086476,5347.41372141,5344.04676327,5346.01946902,362.40761228,36
2026-01-02T23:58:00Z,5346.01946902,5349.58210322,5343.40488361,5346.96705437,12163.68765881,1216
2026-01-02T23:59:00Z,5346.96705437,5347.61433217,5346.75651590,5347.40377650,13323.27810268,1332
2026-01-03T00:00:00Z,5347.40377650,5348.45974176,5344.82216918,5345.87783311,11825.66059701,1182
2026-01-03T00:01:00Z,5345.87783311,5345.95207075,5345.29350065,5345.36773120,10435.58756265,1043
2026-01-03T00:02:00Z,5345.36773120,5345.98864246,5345.08491644,5345.70580981,16221.21655291,1622
2026-01-03T00:03:00Z,5345.70580981,5346.44283156,5344.38197858,5345.11891941,23159.59333101,2315
2026-01-03T00:04:00Z,5345.11891941,5346.54616079,5345.05780212,5346.48502788,21558.33794379,2155
2026-01-03T00:05:00Z,5346.48502788,5347.07599268,5345.78255263,5346.37350510,13583.76675570,1358
2026-01-03T00:06:00Z,5346.37350510,5348.04835860,5344.89294539,5346.56774510,9822.18510839,982
2026-01-03T00:07:00Z,5346.56774510,5346.77258489,5345.31412826,5345.51892786,22358.74135017,2235
2026-01-03T00:08:00Z,5345.51892786,5348.26554959,5344.40783350,5347.15411534,28924.26357589,2892
2026-01-03T00:09:00Z,5347.15411534,5348.03243191,5344.90536589,5345.78345731,32075.69496814,3207
2026-01-03T00:10:00Z,5345.78345731,5348.66096572,5344.81747880,5347.69464186,48497.65843841,4849
2026-01-03T00:11:00Z,5347.69464186,5348.98277490,5347.01109537,5348.29915114,29740.12656401,2974
2026-01-03T00:12:00Z,5348.29915114,5349.90041675,5346.50863410,5348.10984304,24251.68752600,2425
2026-01-03T00:13:00Z,5348.10984304,5348.98609622,5347.16756081,5348.04380317,16549.12162205,1654
2026-01-03T00:14:00Z,5348.04380317,5349.40210579,5346.33296627,5347.69117933,3212.08098438,321
2026-01-03T00:15:00Z,5347.69117933,5348.18693262,5347.49717242,5347.99291476,6941.49192548,694
2026-01-03T00:16:00Z,5347.99291476,5350.77894119,5345.61178470,5348.39763093,18528.46138083,1852
2026-01-03T00:17:00Z,5348.39763093,5349.03570534,5348.05317376,5348.69122926,12237.36975437,1223
2026-01-03T00:18:00Z,5348.69122926,5352.78848302,5347.61335571,5351.71000113,39652.55602210,3965
2026-01-03T00:19:00Z,5351.71000113,5353.55742811,5350.38554535,5352.23284295,15620.47854401,1562
2026-01-03T00:20:00Z,5352.23284295,5355.01143706,5350.88479760,5353.66303150,36725.76948735,3672
2026-01-03T00:21:00Z,5353.66303150,5355.23319219,5351.95601778,5353.52613832,2737.84705000,273
2026-01-03T00:22:00Z,5353.52613832,5355.35174003,5353.17611683,5355.00162206,1159.97393016,115
2026-01-03T00:23:00Z,5355.00162206,5355.12023009,5354.98292556,5355.10153324,7382.45967947,738
2026-01-03T00:24:00Z,5355.10153324,5355.67436898,5353.89174638,5354.46451398,11771.79357855,1177
2026-01-03T00:25:00Z,5354.46451398,5354.80874711,5353.19864812,5353.54282200,3314.54768798,331
2026-01-03T00:26:00Z,5353.54282200,5355.09060309,5352.08964818,5353.63740360,11946.45212342,1194
2026-01-03T00:27:00Z,5353.63740360,5354.34870845,5353.52078164,5354.23207355,45370.08110945,4537
2026-01-03T00:28:00Z,5354.23207355,5354.63485902,5352.77714101,5353.17984733,18407.28907465,1840
2026-01-03T00:29:00Z,5353.17984733,5354.07348317,5351.90228840,5352.79586015,21319.77726921,2131
2026-01-03T00:30:00Z,5352.79586015,5354.72067219,5349.72114332,5351.64554172,35889.37958916,3588
2026-01-03T00:31:00Z,5351.64554172,5354.12730967,5350.59684094,5353.07832812,58053.28647851,5805
2026-01-03T00:32:00Z,5353.07832812,5353.67079843,5352.81793232,5353.41038648,20402.45704341,2040
2026-01-03T00:33:00Z,5353.41038648,5354.92829294,5352.71513798,5354.23293761,3974.37234442,397
2026-01-03T00:34:00Z,5354.23293761,5354.83807045,5353.77450487,5354.37962515,12107.66562171,1210
2026-01-03T00:35:00Z,5354.37962515,5355.00850735,5353.02197798,5353.65077458,9205.43270549,920
2026-01-03T00:36:00Z,5353.65077458,5354.10040226,5351.52276538,5351.97225208,13250.54096375,1325
2026-01-03T00:37:00Z,5351.97225208,5353.27132287,5351.73194465,5353.03096790,28448.20648440,2844
2026-01-03T00:38:00Z,5353.03096790,5355.81537070,5352.61861215,5355.40283224,20155.99328314,2015
2026-01-03T00:39:00Z,5355.40283224,5357.13029298,5354.05870660,5355.78607115,30741.65940931,3074
2026-01-03T00:40:00Z,5355.78607115,5356.18767600,5355.48829878,5355.88989785,3107.25310249,310
2026-01-03T00:41:00Z,5355.88989785,5358.28367575,5354.73614841,5357.12965925,23115.72128661,2311
2026-01-03T00:42:00Z,5357.12965925,5360.70058856,5356.01944602,5359.58986548,63638.47628185,6363
2026-01-03T00:43:00Z,5359.58986548,5361.13212994,5359.11596408,5360.65813408,18640.51360815,1864
2026-01-03T00:44:00Z,5360.65813408,5362.02146205,5360.36686056,5361.73013028,6580.17804744,658
2026-01-03T00:45:00Z,5361.73013028,5361.95421686,5360.72174932,5360.94580312,18137.11878687,1813
2026-01-03T00:46:00Z,5360.94580312,5362.31657342,5360.67714207,5362.04785715,15588.46414281,1558
2026-01-03T00:47:00Z,5362.04785715,5363.55147683,5361.77872990,5363.28228763,7228.55766509,722
2026-01-03T00:48:00Z,5363.28228763,5364.43199089,5362.69627980,5363.84592148,12476.32677197,1247
2026-01-03T00:49:00Z,5363.84592148,5365.54626375,5362.47919299,5364.17945027,26367.80412055,2636
2026-01-03T00:50:00Z,5364.17945027,5366.28458320,5363.46813538,5365.57308350,52374.23404086,5237
2026-01-03T00:51:00Z,5365.57308350,5367.97986078,5361.57045205,5363.97651318,23604.38754036,2360
2026-01-03T00:52:00Z,5363.97651318,5364.21756072,5363.56799689,5363.80903690,20795.14783154,2079
2026-01-03T00:53:00Z,5363.80903690,5365.62067693,5361.24537769,5363.05676364,6995.91732397,699
2026-01-03T00:54:00Z,5363.05676364,5363.69038742,5361.23690784,5361.87039146,16988.83347410,1698
2026-01-03T00:55:00Z,5361.87039146,5365.08873265,5360.33405280,5363.55191219,5002.57823718,500
2026-01-03T00:56:00Z,5363.55191219,5364.13384413,5363.43641749,5364.01833939,20748.86876068,2074
2026-01-03T00:57:00Z,5364.01833939,5365.21567445,5363.70715999,5364.90444365,8695.25635144,869
2026-01-03T00:58:00Z,5364.90444365,5366.63348084,5364.74917318,5366.47816481,44673.53554162,4467
2026-01-03T00:59:00Z,5366.47816481,5367.45016652,5365.80613085,5366.77809500,8362.64167912,836
2026-01-03T01:00:00Z,5366.77809500,5368.70440246,5366.44549999,5368.37170869,8975.54449691,897
2026-01-03T01:01:00Z,5368.37170869,5369.98717803,5365.58570433,5367.20082132,9190.12399321,919
2026-01-03T01:02:00Z,5367.20082132,5368.92527151,5363.32906933,5365.05282938,30438.89022888,3043
2026-01-03T01:03:00Z,5365.05282938,5365.94148057,5364.23614531,5365.12478555,26101.21584174,2610
2026-01-03T01:04:00Z,5365.12478555,5365.16111445,5364.90538639,5364.94171405,4832.19491246,483
2026-01-03T01:05:00Z,5364.94171405,5366.74149263,5363.77712540,5365.57676613,30676.77894228,3067
2026-01-03T01:06:00Z,5365.57676613,5365.79415078,5364.91107784,5365.12844433,11563.93575836,1156
2026-01-03T01:07:00Z,5365.12844433,5365.65536888,5363.69658905,5364.22342471,46318.58074038,4631
2026-01-03T01:08:00Z,5364.22342471,5365.72938665,5362.31000027,5363.81584778,30075.51878532,3007
2026-01-03T01:09:00Z,5363.81584778,5364.00591594,5362.18904793,5362.37906518,42282.40225242,4228
2026-01-03T01:10:00Z,5362.37906518,5364.68140864,5360.90335642,5363.20547246,34953.72412743,3495
2026-01-03T01:11:00Z,5363.20547246,5363.24422263,5362.93853717,5362.97728569,6271.39825742,627
2026-01-03T01:12:00Z,5362.97728569,5363.91532506,5362.44773799,5363.38573703,20892.12112834,2089
2026-01-03T01:13:00Z,5363.38573703,5363.92909897,5362.67709882,5363.22044402,12683.43076083,1268
2026-01-03T01:14:00Z,5363.22044402,5363.29386250,5362.57244689,5362.64585750,16567.82851288,1656
2026-01-03T01:15:00Z,5362.64585750,5363.80016111,5361.41051203,5362.56479819,9508.84859401,950
2026-01-03T01:16:00Z,5362.56479819,5365.02276007,5360.55347300,5363.01126742,16495.85480748,1649
2026-01-03T01:17:00Z,5363.01126742,5363.01668814,5362.36347646,5362.36889653,18774.52473160,1877
2026-01-03T01:18:00Z,5362.36889653,5365.30125396,5361.28664031,5364.21862442,47362.50250646,4736
2026-01-03T01:19:00Z,5364.21862442,5365.91235958,5360.57074797,5362.26386592,22957.72470124,2295
2026-01-03T01:20:00Z,5362.26386592,5362.80873567,5361.50377219,5362.04862006,5581.92769163,558
2026-01-03T01:21:00Z,5362.04862006,5363.64495990,5360.97926753,5362.57550230,46732.84786989,4673
2026-01-03T01:22:00Z,5362.57550230,5365.09036752,5360.45192248,5362.96663282,16364.40681350,1636
2026-01-03T01:23:00Z,5362.96663282,5365.85027713,5362.20835513,5365.09169898,38242.86875934,3824
2026-01-03T01:24:00Z,5365.09169898,5368.21335921,5363.69146021,5366.81267128,14938.32954713,1493
2026-01-03T01:25:00Z,5366.81267128,5368.77699458,5365.09323630,5367.05748117,24384.13732602,2438
2026-01-03T01:26:00Z,5367.05748117,5368.51584916,5366.40598470,5367.86425475,13012.03379916,1301
2026-01-03T01:27:00Z,5367.86425475,5371.27413970,5366.38235800,5369.79171083,30103.08886525,3010
2026-01-03T01:28:00Z,5369.79171083,5371.14682723,5366.81731924,5368.17202689,11049.57388209,1104
2026-01-03T01:29:00Z,5368.17202689,5368.74920630,5367.87575280,5368.45291670,17777.51411926,1777
2026-01-03T01:30:00Z,5368.45291670,5369.43309614,5367.02120845,5368.00130544,10589.20396123,1058
2026-01-03T01:31:00Z,5368.00130544,5368.58659655,5366.16278931,5366.74794376,18806.03930935,1880
2026-01-03T01:32:00Z,5366.74794376,5367.20757219,5365.38276112,5365.84231200,7213.31203539,721
2026-01-03T01:33:00Z,5365.84231200,5366.49837284,5365.12425543,5365.78030869,1754.37592153,175
2026-01-03T01:34:00Z,5365.78030869,5368.52064659,5364.85298773,5367.59301234,138593.05672672,13859
2026-01-03T01:35:00Z,5367.59301234,5368.15502955,5366.62587045,5367.18784524,15279.34118371,1527
2026-01-03T01:36:00Z,5367.18784524,5367.51811610,5365.89794868,5366.22816049,6933.58141333,693
2026-01-03T01:37:00Z,5366.22816049,5370.34260169,5364.02986534,5368.14352191,6270.40371976,627
2026-01-03T01:38:00Z,5368.14352191,5369.25208921,5366.48701584,5367.59546996,2830.83974704,283
2026-01-03T01:39:00Z,5367.59546996,5368.97022809,5366.78639834,5368.16107121,1507.87425151,150
2026-01-03T01:40:00Z,5368.16107121,5369.29048045,5366.96560913,5368.09500446,10507.50404154,1050
2026-01-03T01:41:00Z,5368.09500446,5370.43387738,5367.12882702,5369.46745291,16310.62431967,1631
2026-01-03T01:42:00Z,5369.46745291,5371.31578213,5368.46161916,5370.30979059,6655.71937662,665
2026-01-03T01:43:00Z,5370.30979059,5372.80027450,5369.58216763,5372.07241273,16619.66956714,1661
2026-01-03T01:44:00Z,5372.07241273,5374.11310281,5371.83188341,5373.87249290,17260.60538979,1726
2026-01-03T01:45:00Z,5373.87249290,5375.24378919,5373.75966087,5375.13093074,16353.62810161,1635
2026-01-03T01:46:00Z,5375.13093074,5376.60502623,5373.48810363,5374.96215284,4216.60741388,421
2026-01-03T01:47:00Z,5374.96215284,5376.47678064,5372.47117561,5373.98552820,27715.15656429,2771
2026-01-03T01:48:00Z,5373.98552820,5375.80075055,5373.15625536,5374.97132559,12384.25229975,1238
2026-01-03T01:49:00Z,5374.97132559,5375.39738836,5374.87239986,5375.29845661,10389.28306910,1038
2026-01-03T01:50:00Z,5375.29845661,5376.49511612,5375.09815660,5376.29477899,4463.47023753,446
2026-01-03T01:51:00Z,5376.29477899,5378.92116728,5373.67770427,5376.30408803,14526.75459615,1452
2026-01-03T01:52:00Z,5376.30408803,5377.80473231,5375.69422414,5377.19476738,23266.72284259,2326
2026-01-03T01:53:00Z,5377.19476738,5378.38340037,5376.08434024,5377.27295707,10322.63757340,1032
2026-01-03T01:54:00Z,5377.27295707,5379.90736317,5377.25550326,5379.88990087,80674.52676022,8067
2026-01-03T01:55:00Z,5379.88990087,5383.02937506,5379.30681584,5382.44601299,39259.22473096,3925
2026-01-03T01:56:00Z,5382.44601299,5382.95006027,5380.77869675,5381.28263508,33417.98953266,3341
2026-01-03T01:57:00Z,5381.28263508,5382.69733812,5381.04518553,5382.45983663,12460.07749528,1246
2026-01-03T01:58:00Z,5382.45983663,5384.05719052,5382.08373208,5383.68100064,4899.60016484,489
2026-01-03T01:59:00Z,5383.68100064,5384.31932359,5383.07823925,5383.71655822,4124.49638279,412
2026-01-03T02:00:00Z,5383.71655822,5384.39570816,5382.79387248,5383.47299170,9500.82331194,950
2026-01-03T02:01:00Z,5383.47299170,5384.51656177,5382.80401287,5383.84753640,10404.85556553,1040
2026-01-03T02:02:00Z,5383.84753640,5384.48106765,5382.79719753,5383.43067973,22048.85604792,2204
2026-01-03T02:03:00Z,5383.43067973,5384.33975546,5381.90723018,5382.81620214,6599.43229721,659
2026-01-03T02:04:00Z,5382.81620214,5383.46172879,5381.33759985,5381.98302658,10736.91010256,1073
2026-01-03T02:05:00Z,5381.98302658,5384.86898470,5381.01221904,5383.89783177,34384.47883908,3438
2026-01-03T02:06:00Z,5383.89783177,5385.36036194,5383.43819894,5384.90064350,10909.58708924,1090
2026-01-03T02:07:00Z,5384.90064350,5386.31837761,5381.17947237,5382.59659987,13040.49419670,1304
2026-01-03T02:08:00Z,5382.59659987,5382.95327752,5381.69247549,5382.04911685,10661.69984086,1066
2026-01-03T02:09:00Z,5382.04911685,5382.58611526,5381.97914126,5382.51613360,22376.22671572,2237
2026-01-03T02:10:00Z,5382.51613360,5384.15467404,5381.02783455,5382.66633347,12712.92595028,1271
2026-01-03T02:11:00Z,5382.66633347,5385.18223225,5381.70344389,5384.21906491,24106.00865984,2410
2026-01-03T02:12:00Z,5384.21906491,5384.84169757,5382.86241538,5383.48496315,29602.75431092,2960
2026-01-03T02:13:00Z,5383.48496315,5384.84166270,5382.73186592,5384.08848105,16430.37128350,1643
2026-01-03T02:14:00Z,5384.08848105,5385.16689021,5383.36275761,5384.44111924,10345.89763042,1034
2026-01-03T02:15:00Z,5384.44111924,5388.83231462,5383.00385201,5387.39425911,39947.03755510,3994
2026-01-03T02:16:00Z,5387.39425911,5388.69715125,5385.77170720,5387.07452201,20587.70373437,2058
2026-01-03T02:17:00Z,5387.07452201,5390.06809710,5384.98905221,5387.98227589,8689.36786045,868
2026-01-03T02:18:00Z,5387.98227589,5389.64846426,5387.50035659,5389.16643905,45360.70313516,4536
2026-01-03T02:19:00Z,5389.16643905,5391.48848775,5387.87569060,5390.19749235,9346.28853817,934
2026-01-03T02:20:00Z,5390.19749235,5392.42757270,5389.78026806,5392.01020809,10919.64649550,1091
2026-01-03T02:21:00Z,5392.01020809,5393.14197617,5391.18374153,5392.31546281,6591.92071524,659
2026-01-03T02:22:00Z,5392.31546281,5392.53643923,5390.92775240,5391.14868101,45081.53897736,4508
2026-01-03T02:23:00Z,5391.14868101,5391.83274072,5390.78994099,5391.47397906,15604.78158908,1560
2026-01-03T02:24:00Z,5391.47397906,5393.04336808,5389.65180403,5391.22111944,8166.09662749,816
2026-01-03T02:25:00Z,5391.22111944,5393.64742593,5389.19523477,5391.62139085,5225.33554502,522
2026-01-03T02:26:00Z,5391.62139085,5392.29248209,5390.91220283,5391.58328933,5436.72817689,543
2026-01-03T02:27:00Z,5391.58328933,5392.13927993,5390.36835723,5390.92427987,19786.71642010,1978
2026-01-03T02:28:00Z,5390.92427987,5394.62832918,5389.74733143,5393.45082914,34629.06898956,3462
2026-01-03T02:29:00Z,5393.45082914,5395.25308338,5393.24116378,5395.04335611,11370.92914192,1137
2026-01-03T02:30:00Z,5395.04335611,5395.74315235,5394.42839091,5395.12817748,4243.39921467,424
2026-01-03T02:31:00Z,5395.12817748,5396.87692852,5394.91671625,5396.66540704,18744.91602950,1874
2026-01-03T02:32:00Z,5396.66540704,5398.98181545,5395.72731521,5398.04348407,52393.12360648,5239
2026-01-03T02:33:00Z,5398.04348407,5400.48502518,5396.59999183,5399.04126612,29711.25709259,2971
2026-01-03T02:34:00Z,5399.04126612,5400.52221269,5398.84367581,5400.32457542,16179.21049622,1617
2026-01-03T02:35:00Z,5400.32457542,5402.77232900,5399.73788316,5402.18543458,41969.93295660,4196
2026-01-03T02:36:00Z,5402.18543458,5402.65671716,5401.37171112,5401.84296383,25790.74728039,2579
2026-01-03T02:37:00Z,5401.84296383,5405.18503823,5400.70700960,5404.04862017,43373.92978851,4337
2026-01-03T02:38:00Z,5404.04862017,5405.17480761,5403.90141489,5405.02757566,30896.06134487,3089
2026-01-03T02:39:00Z,5405.02757566,5405.68867290,5405.02364675,5405.68474350,4718.97372747,471
2026-01-03T02:40:00Z,5405.68474350,5406.13914761,5403.81911704,5404.27340251,24729.69399013,2472
2026-01-03T02:41:00Z,5404.27340251,5404.34832575,5403.81227323,5403.88719111,9521.84680118,952
2026-01-03T02:42:00Z,5403.88719111,5405.12571034,5403.39698900,5404.63544036,2326.20899904,232
2026-01-03T02:43:00Z,5404.63544036,5406.58352545,5404.52539946,5406.47344713,21841.13331726,2184
2026-01-03T02:44:00Z,5406.47344713,5409.25031571,5405.30114643,5408.07766715,15090.49464536,1509
2026-01-03T02:45:00Z,5408.07766715,5409.52375106,5407.16748767,5408.61348140,3023.67861417,302
2026-01-03T02:46:00Z,5408.61348140,5409.75257840,5408.08415629,5409.22319362,25154.47298501,2515
2026-01-03T02:47:00Z,5409.22319362,5410.17956937,5408.28389944,5409.24027222,8222.54756034,822
2026-01-03T02:48:00Z,5409.24027222,5410.51643892,5408.64655933,5409.92265113,40517.71197856,4051
2026-01-03T02:49:00Z,5409.92265113,5410.13450838,5409.48374795,5409.69559631,14656.80206545,1465
2026-01-03T02:50:00Z,5409.69559631,5412.34428716,5408.55506269,5411.20343565,55194.18072907,5519
2026-01-03T02:51:00Z,5411.20343565,5411.46105647,5410.84494186,5411.10255788,1371.75530537,137
2026-01-03T02:52:00Z,5411.10255788,5412.31714026,5409.24871211,5410.46315096,5082.96357496,508
2026-01-03T02:53:00Z,5410.46315096,5411.31850645,5407.64647348,5408.50151885,18379.72364688,1837
2026-01-03T02:54:00Z,5408.50151885,5411.48889672,5407.34850593,5410.33549282,16410.42942542,1641
2026-01-03T02:55:00Z,5410.33549282,5411.25747567,5410.17693970,5411.09890018,34360.78127018,3436
2026-01-03T02:56:00Z,5411.09890018,5412.22203073,5410.27637769,5411.39946255,8779.11837746,877
2026-01-03T02:57:00Z,5411.39946255,5413.54677223,5410.75831036,5412.90544160,48145.03448752,4814
2026-01-03T02:58:00Z,5412.90544160,5413.48280375,5412.47225304,5413.04960365,5663.53907086,566
2026-01-03T02:59:00Z,5413.04960365,5416.87735800,5412.54714953,5416.37459524,30125.71373763,3012
2026-01-03T03:00:00Z,5416.37459524,5417.84028127,5415.55664892,5417.02223714,19004.38575085,1900
2026-01-03T03:01:00Z,5417.02223714,5418.77391880,5416.29638795,5418.04793216,23612.91118440,2361
2026-01-03T03:02:00Z,5418.04793216,5420.28417118,5417.02015549,5419.25616530,52192.59640334,5219
2026-01-03T03:03:00Z,5419.25616530,5421.85727621,5416.66676776,5419.26787308,5036.05756489,503
2026-01-03T03:04:00Z,5419.26787308,5420.70292990,5416.81312625,5418.24791298,10326.28183428,1032
2026-01-03T03:05:00Z,5418.24791298,5419.04515217,5417.64978681,5418.44700402,18029.47151882,1802
2026-01-03T03:06:00Z,5418.44700402,5419.69521118,5418.41671896,5419.66491931,5696.90513068,569
2026-01-03T03:07:00Z,5419.66491931,5420.29089963,5419.29370556,5419.91966844,9426.92938121,942
2026-01-03T03:08:00Z,5419.91966844,5421.48064918,5417.89305340,5419.45390000,25414.54935853,2541
2026-01-03T03:09:00Z,5419.45390000,5419.64684004,5416.96267417,5417.15553239,34944.05958352,3494
2026-01-03T03:10:00Z,5417.15553239,5417.68026643,5416.54268189,5417.06740739,12186.81318752,1218
2026-01-03T03:11:00Z,5417.06740739,5418.03398051,5414.86883417,5415.83518743,16406.79986980,1640
2026-01-03T03:12:00Z,5415.83518743,5417.08489840,5414.37866476,5415.62832800,10649.60592312,1064
2026-01-03T03:13:00Z,5415.62832800,5416.72580454,5414.50808171,5415.60555363,15723.15275122,1572
2026-01-03T03:14:00Z,5415.60555363,5417.43167277,5415.17487116,5417.00087933,39533.74854785,3953
2026-01-03T03:15:00Z,5417.00087933,5417.17566380,5415.17980980,5415.35454115,13417.61807360,1341
2026-01-03T03:16:00Z,5415.35454115,5418.26849844,5412.90742551,5415.82117193,28837.03571412,2883
2026-01-03T03:17:00Z,5415.82117193,5415.89193220,5415.35328227,5415.42403734,15637.99312130,1563
2026-01-03T03:18:00Z,5415.42403734,5416.62597499,5414.39678290,5415.59868742,13015.69209706,1301
2026-01-03T03:19:00Z,5415.59868742,5416.32947403,5414.88003442,5415.61081943,5699.49793462,569
2026-01-03T03:20:00Z,5415.61081943,5416.97683501,5414.91231478,5416.27824428,11211.15473373,1121
2026-01-03T03:21:00Z,5416.27824428,5418.23294945,5415.88099648,5417.83558743,28080.23529852,2808
2026-01-03T03:22:00Z,5417.83558743,5419.74951026,5416.88716707,5418.80092092,13187.97979303,1318
2026-01-03T03:23:00Z,5418.80092092,5420.03428705,5416.88213047,5418.11534056,22819.75218461,2281
2026-01-03T03:24:00Z,5418.11534056,5419.13473917,5418.01361228,5419.03299366,22440.39764203,2244
2026-01-03T03:25:00Z,5419.03299366,5419.20723957,5418.38701717,5418.56124791,13460.89978809,1346
2026-01-03T03:26:00Z,5418.56124791,5418.76792706,5416.25505577,5416.46165483,48453.74411953,4845
2026-01-03T03:27:00Z,5416.46165483,5419.07203146,5415.63260713,5418.24271114,13832.65538434,1383
2026-01-03T03:28:00Z,5418.24271114,5419.97892636,5417.72758733,5419.46368647,1998.57413190,199
2026-01-03T03:29:00Z,5419.46368647,5420.68329569,5419.00881801,5420.22836305,5368.40897028,536
2026-01-03T03:30:00Z,5420.22836305,5424.89746330,5418.15904064,5422.82714872,61471.40679695,6147
2026-01-03T03:31:00Z,5422.82714872,5424.38810869,5421.90104665,5423.46189821,8071.82459785,807
2026-01-03T03:32:00Z,5423.46189821,5426.32296929,5423.15447885,5426.01540518,36855.97896975,3685
2026-01-03T03:33:00Z,5426.01540518,5426.06839425,5425.91942467,5425.97241332,2864.99519035,286
2026-01-03T03:34:00Z,5425.97241332,5426.36276662,5425.82894680,5426.21929358,22878.11096200,2287
2026-01-03T03:35:00Z,5426.21929358,5427.35105988,5426.14322576,5427.27497727,27589.84186210,2758
2026-01-03T03:36:00Z,5427.27497727,5429.12553618,5426.76567035,5428.61610341,4512.66223477,451
2026-01-03T03:37:00Z,5428.61610341,5428.94328428,5427.59451329,5427.92165231,52458.66095433,5245
2026-01-03T03:38:00Z,5427.92165231,5428.07329194,5427.67771966,5427.82935672,14044.07183095,1404
2026-01-03T03:39:00Z,5427.82935672,5430.42519294,5426.98811507,5429.58367940,39115.98925378,3911
2026-01-03T03:40:00Z,5429.58367940,5430.04679925,5429.48077211,5429.94388514,5508.76357173,550
2026-01-03T03:41:00Z,5429.94388514,5430.91347242,5429.29000432,5430.25955360,10301.10329990,1030
2026-01-03T03:42:00Z,5430.25955360,5431.61196371,5428.31144930,5429.66371102,22014.72462727,2201
2026-01-03T03:43:00Z,5429.66371102,5431.79784483,5429.18826065,5431.32224923,73356.17299917,7335
2026-01-03T03:44:00Z,5431.32224923,5432.51741495,5429.07664264,5430.27157716,6319.41097778,631
2026-01-03T03:45:00Z,5430.27157716,5432.52033558,5429.38616675,5431.63470292,26806.81337468,2680
2026-01-03T03:46:00Z,5431.63470292,5433.50845097,5430.66025032,5432.53383707,20842.49410258,2084
2026-01-03T03:47:00Z,5432.53383707,5434.91449357,5429.61565213,5431.99607297,5530.84040107,553
2026-01-03T03:48:00Z,5431.99607297,5433.14494203,5429.91897009,5431.06764278,22974.95549540,2297
2026-01-03T03:49:00Z,5431.06764278,5431.69816535,5429.04879643,5429.67915780,9340.76735242,934
2026-01-03T03:50:00Z,5429.67915780,5434.59535401,5427.49835963,5432.41345762,45075.29135066,4507
2026-01-03T03:51:00Z,5432.41345762,5432.85942596,5431.51312682,5431.95905785,1872.61732751,187
2026-01-03T03:52:00Z,5431.95905785,5432.29171628,5430.35092431,5430.68350462,45173.88165885,4517
2026-01-03T03:53:00Z,5430.68350462,5432.88214316,5429.15548950,5431.35393941,13391.90633547,1339
2026-01-03T03:54:00Z,5431.35393941,5433.06743263,5430.76858657,5432.48195822,1141.60980056,114
2026-01-03T03:55:00Z,5432.48195822,5434.00443549,5431.82957415,5433.35194694,27235.14904732,2723
2026-01-03T03:56:00Z,5433.35194694,5433.97641634,5433.12575841,5433.75021123,3807.03504053,380
2026-01-03T03:57:00Z,5433.75021123,5434.81726806,5432.71106331,5433.77811481,9453.45843860,945
2026-01-03T03:58:00Z,5433.77811481,5435.10298606,5433.39093313,5434.71573758,11534.34920849,1153
2026-01-03T03:59:00Z,5434.71573758,5436.20608345,5433.69076364,5435.18102176,42254.65398713,4225
2026-01-03T04:00:00Z,5435.18102176,5437.19061950,5434.32350166,5436.33291766,17045.65951126,1704
2026-01-03T04:01:00Z,5436.33291766,5437.06845431,5435.34189616,5436.07739824,22677.32318164,2267
2026-01-03T04:02:00Z,5436.07739824,5438.00167585,5435.41753610,5437.34166026,24720.22900635,2472
2026-01-03T04:03:00Z,5437.34166026,5438.22323622,5436.84342476,5437.72496560,2975.19303203,297
2026-01-03T04:04:00Z,5437.72496560,5438.84244481,5436.63659568,5437.75406906,6408.66151914,640
2026-01-03T04:05:00Z,5437.75406906,5439.00152013,5437.29394609,5438.54133054,28322.77260488,2832
2026-01-03T04:06:00Z,5438.54133054,5440.86907016,5438.20133605,5440.52895141,48093.48180111,4809
2026-01-03T04:07:00Z,5440.52895141,5441.67504153,5440.43676249,5441.58283475,9927.90094356,992
2026-01-03T04:08:00Z,5441.58283475,5444.19071454,5441.34629261,5443.95406932,23755.08635161,2375
2026-01-03T04:09:00Z,5443.95406932,5446.46143224,5443.82900950,5446.33631769,40729.90945881,4072
2026-01-03T04:10:00Z,5446.33631769,5448.55760103,5445.49272958,5447.71379957,18587.75787704,1858
2026-01-03T04:11:00Z,5447.71379957,5447.92723452,5447.21269705,5447.42612073,14013.15312374,1401
2026-01-03T04:12:00Z,5447.42612073,5448.21451153,5446.88369399,5447.67206030,9795.32905478,979
2026-01-03T04:13:00Z,5447.67206030,5448.45042576,5445.52965830,5446.30782885,38385.36541539,3838
2026-01-03T04:14:00Z,5446.30782885,5447.44258664,5446.00289457,5447.13760590,6686.93042736,668
2026-01-03T04:15:00Z,5447.13760590,5449.30229241,5446.75250687,5448.91706758,22094.01734644,2209
2026-01-03T04:16:00Z,5448.91706758,5449.24194321,5446.99182790,5447.31660811,57730.77122058,5773
2026-01-03T04:17:00Z,5447.31660811,5449.67007262,5446.22374026,5448.57695191,30293.75938350,3029
2026-01-03T04:18:00Z,5448.57695191,5450.41753986,5448.28519271,5450.12569773,11026.63282795,1102
2026-01-03T04:19:00Z,5450.12569773,5450.49680975,5449.66435059,5450.03545646,3522.50317371,352
2026-01-03T04:20:00Z,5450.03545646,5453.64350658,5449.84862849,5453.45656134,52013.08281823,5201
2026-01-03T04:21:00Z,5453.45656134,5456.36945659,5452.82110265,5455.73373256,15525.77031518,1552
2026-01-03T04:22:00Z,5455.73373256,5456.50729521,5455.62914263,5456.40269245,12530.85665591,1253
2026-01-03T04:23:00Z,5456.40269245,5456.73366012,5454.83921747,5455.17011038,14839.36121812,1483
2026-01-03T04:24:00Z,5455.17011038,5456.08566733,5454.40694650,5455.32248213,14631.15198621,1463
2026-01-03T04:25:00Z,5455.32248213,5456.63905188,5454.65896220,5455.97545253,17017.68807552,1701
2026-01-03T04:26:00Z,5455.97545253,5458.08796867,5454.92715669,5457.03946839,18099.49600355,1809
2026-01-03T04:27:00Z,5457.03946839,5458.18688507,5455.41399607,5456.56131221,13372.88774399,1337
2026-01-03T04:28:00Z,5456.56131221,5458.39198790,5453.81950010,5455.64987000,8620.09937720,862
2026-01-03T04:29:00Z,5455.64987000,5457.36702748,5454.94119716,5456.65822365,21524.35499387,2152
2026-01-03T04:30:00Z,5456.65822365,5458.66037652,5455.90903491,5457.91101577,25839.77164578,2583
2026-01-03T04:31:00Z,5457.91101577,5457.93672807,5457.21029565,5457.23600477,5429.33595310,542
2026-01-03T04:32:00Z,5457.23600477,5458.26598001,5456.70725614,5457.73718282,16361.62005033,1636
2026-01-03T04:33:00Z,5457.73718282,5459.72390699,5456.46429755,5458.45085528,6623.87977918,662
2026-01-03T04:34:00Z,5458.45085528,5459.17805183,5457.73531804,5458.46251305,12099.68683704,1209
2026-01-03T04:35:00Z,5458.46251305,5458.91364124,5456.74727626,5457.19829996,30377.99175625,3037
2026-01-03T04:36:00Z,5457.19829996,5459.16617769,5452.63434169,5454.60128293,27069.60403585,2706
2026-01-03T04:37:00Z,5454.60128293,5455.59491776,5453.23659347,5454.23016069,13424.03015122,1342
2026-01-03T04:38:00Z,5454.23016069,5454.66302380,5451.76815296,5452.20085502,29060.43107834,2906
2026-01-03T04:39:00Z,5452.20085502,5452.90944427,5451.24604036,5451.95459761,7238.58302970,723
2026-01-03T04:40:00Z,5451.95459761,5452.23912112,5451.61945782,5451.90397869,22119.67961315,2211
2026-01-03T04:41:00Z,5451.90397869,5453.68211202,5450.80214065,5452.58013733,15120.42164438,1512
2026-01-03T04:42:00Z,5452.58013733,5453.71596320,5451.74741587,5452.88319545,1704.02419663,170
2026-01-03T04:43:00Z,5452.88319545,5455.11922161,5451.10968264,5453.34555842,4000.10785267,400
2026-01-03T04:44:00Z,5453.34555842,5454.07179172,5452.81552985,5453.54174409,18324.94933292,1832
2026-01-03T04:45:00Z,5453.54174409,5453.86532937,5452.72251618,5453.04607206,3808.41856542,380
2026-01-03T04:46:00Z,5453.04607206,5454.25898261,5452.93143961,5454.14432707,27771.34543314,2777
2026-01-03T04:47:00Z,5454.14432707,5454.53076957,5453.28570367,5453.67211271,15442.58301073,1544
2026-01-03T04:48:00Z,5453.67211271,5455.60598559,5452.27575135,5454.20948664,15820.26414955,1582
2026-01-03T04:49:00Z,5454.20948664,5455.74392481,5453.62394257,5455.15827888,7480.94717936,748
2026-01-03T04:50:00Z,5455.15827888,5455.45158008,5454.07215597,5454.36541455,24388.22784729,2438
2026-01-03T04:51:00Z,5454.36541455,5455.19064764,5453.69701360,5454.52222748,9238.21846410,923
2026-01-03T04:52:00Z,5454.52222748,5455.43376449,5454.26693368,5455.17843997,11103.00666136,1110
2026-01-03T04:53:00Z,5455.17843997,5455.75092779,5453.24555176,5453.81789680,17137.68795962,1713
2026-01-03T04:54:00Z,5453.81789680,5454.92860570,5453.10886304,5454.21951972,6903.30713615,690
2026-01-03T04:55:00Z,5454.21951972,5455.85575841,5453.44810250,5455.08421889,35853.33598359,3585
2026-01-03T04:56:00Z,5455.08421889,5456.91148673,5454.07873973,5455.90585613,14687.49819740,1468
2026-01-03T04:57:00Z,5455.90585613,5459.55539632,5453.92229370,5457.57122843,19566.82590307,1956
2026-01-03T04:58:00Z,5457.57122843,5458.62028910,5457.54439669,5458.59345233,10437.18569167,1043
2026-01-03T04:59:00Z,5458.59345233,5459.90383673,5454.50995529,5455.81967382,13555.80408970,1355
2026-01-03T05:00:00Z,5455.81967382,5456.47941362,5455.08518204,5455.74491281,4173.87462308,417
2026-01-03T05:01:00Z,5455.74491281,5459.29985447,5454.29439660,5457.84877891,42814.12261015,4281
2026-01-03T05:02:00Z,5457.84877891,5459.88786264,5455.57328124,5457.61227661,4670.18726179,467
2026-01-03T05:03:00Z,5457.61227661,5459.37172188,5456.92894232,5458.68825287,7295.58422515,729
2026-01-03T05:04:00Z,5458.68825287,5459.09828670,5458.39412465,5458.80415224,8980.82088778,898
2026-01-03T05:05:00Z,5458.80415224,5459.78908970,5458.57830696,5459.56321301,22587.19799078,2258
2026-01-03T05:06:00Z,5459.56321301,5460.43969491,5458.94866373,5459.82511615,12023.90203158,1202
2026-01-03T05:07:00Z,5459.82511615,5461.07709969,5458.29878840,5459.55070902,1862.69125828,186
2026-01-03T05:08:00Z,5459.55070902,5461.48308140,5459.10774353,5461.03999508,43621.64047623,4362
2026-01-03T05:09:00Z,5461.03999508,5462.74364124,5460.99196609,5462.69559769,53768.90410981,5376
2026-01-03T05:10:00Z,5462.69559769,5463.24828365,5462.69381793,5463.24650370,15914.40887515,1591
2026-01-03T05:11:00Z,5463.24650370,5464.15980006,5462.26678929,5463.18007454,7552.80618450,755
2026-01-03T05:12:00Z,5463.18007454,5464.92423265,5460.45914870,5462.20299488,13776.03801687,1377
2026-01-03T05:13:00Z,5462.20299488,5463.42954552,5460.51081490,5461.73726096,6662.67890442,666
2026-01-03T05:14:00Z,5461.73726096,5466.49419482,5460.10207028,5464.85806980,59733.43419223,5973
2026-01-03T05:15:00Z,5464.85806980,5466.47480807,5464.22060282,5465.83722687,9504.10376931,950
2026-01-03T05:16:00Z,5465.83722687,5466.94400723,5465.69465298,5466.80140819,16501.42008767,1650
2026-01-03T05:17:00Z,5466.80140819,5468.77851380,5465.93679352,5467.91372321,13589.40665217,1358
2026-01-03T05:18:00Z,5467.91372321,5468.44748690,5466.99934188,5467.53306841,7562.64691395,756
2026-01-03T05:19:00Z,5467.53306841,5468.90035808,5466.17166854,5467.53895674,8814.50382982,881
2026-01-03T05:20:00Z,5467.53895674,5468.75148186,5464.89514125,5466.10734889,35052.43965037,3505
2026-01-03T05:21:00Z,5466.10734889,5466.34879865,5464.71707583,5464.95847485,14602.10842196,1460
2026-01-03T05:22:00Z,5464.95847485,5465.94215715,5461.37717141,5462.36038606,68218.13547973,6821
2026-01-03T05:23:00Z,5462.36038606,5463.02576442,5458.35238593,5459.01735707,46320.73789957,4632
2026-01-03T05:24:00Z,5459.01735707,5459.31204941,5455.67826565,5455.97279363,35571.97238325,3557
2026-01-03T05:25:00Z,5455.97279363,5456.70548380,5452.88390545,5453.61627916,35124.70476731,3512
2026-01-03T05:26:00Z,5453.61627916,5454.05966755,5451.50307971,5451.94633234,9115.98803769,911
2026-01-03T05:27:00Z,5451.94633234,5452.35908698,5449.68296359,5450.09557811,39832.90123102,3983
2026-01-03T05:28:00Z,5450.09557811,5450.50302666,5445.80043717,5446.20759505,33696.02856433,3369
2026-01-03T05:29:00Z,5446.20759505,5446.48057877,5441.75652168,5442.02929598,37689.33866927,3768
2026-01-03T05:30:00Z,5442.02929598,5442.31016545,5438.95655361,5439.23727898,149273.96980397,14927
2026-01-03T05:31:00Z,5439.23727898,5439.81638464,5435.66584613,5436.24463317,33008.96926454,3300
2026-01-03T05:32:00Z,5436.24463317,5437.39842854,5433.78339402,5434.93691184,20156.47555710,2015
2026-01-03T05:33:00Z,5434.93691184,5436.25108857,5434.67489848,5435.98902448,11143.04417195,1114
2026-01-03T05:34:00Z,5435.98902448,5437.63098469,5433.95259130,5435.59443232,14310.92616573,1431
2026-01-03T05:35:00Z,5435.59443232,5436.18376357,5434.60010435,5435.18939168,5579.81085636,557
2026-01-03T05:36:00Z,5435.18939168,5436.00385098,5434.35699456,5435.17145117,5120.23982912,512
2026-01-03T05:37:00Z,5435.17145117,5437.26848022,5434.41597720,5436.51281980,1886.04120505,188
2026-01-03T05:38:00Z,5436.51281980,5439.13638467,5434.72922185,5437.35251123,31532.37745780,3153
2026-01-03T05:39:00Z,5437.35251123,5438.26918304,5436.63556855,5437.55221402,4835.85942944,483
2026-01-03T05:40:00Z,5437.55221402,5438.19742257,5437.37644102,5438.02163439,13565.61802444,1356
2026-01-03T05:41:00Z,5438.02163439,5439.16111952,5437.47407693,5438.61350247,593.70429157,59
2026-01-03T05:42:00Z,5438.61350247,5439.93597393,5438.16227465,5439.48467383,22413.02239554,2241
2026-01-03T05:43:00Z,5439.48467383,5440.37847823,5437.45613464,5438.34975255,10367.01553751,1036
2026-01-03T05:44:00Z,5438.34975255,5440.24387149,5436.90966883,5438.80366757,35314.14382947,3531
2026-01-03T05:45:00Z,5438.80366757,5440.43057164,5435.47954895,5437.10594518,3614.04010242,361
2026-01-03T05:46:00Z,5437.10594518,5437.77909175,5436.77058036,5437.44370610,6298.32825354,629
2026-01-03T05:47:00Z,5437.44370610,5438.53128667,5436.65730202,5437.74483904,21255.80107824,2125
2026-01-03T05:48:00Z,5437.74483904,5437.84887062,5437.10206686,5437.20608813,21330.30233852,2133
2026-01-03T05:49:00Z,5437.20608813,5439.80868927,5436.11943780,5438.72173603,39952.04571090,3995
2026-01-03T05:50:00Z,5438.72173603,5439.32616827,5438.32912045,5438.93353740,10592.91591398,1059
2026-01-03T05:51:00Z,5438.93353740,5439.27507695,5438.88471461,5439.22625153,22322.26861960,2232
2026-01-03T05:52:00Z,5439.22625153,5439.61380238,5438.05843558,5438.44593083,20208.40432727,2020
2026-01-03T05:53:00Z,5438.44593083,5440.88564047,5438.24471533,5440.68434216,11277.27013304,1127
2026-01-03T05:54:00Z,5440.68434216,5441.23850387,5439.51893997,5440.07303941,22313.67061216,2231
2026-01-03T05:55:00Z,5440.07303941,5441.61783461,5440.02880970,5441.57359270,18408.37747639,1840
2026-01-03T05:56:00Z,5441.57359270,5443.32135004,5439.81975354,5441.56750893,9310.06796789,931
2026-01-03T05:57:00Z,5441.56750893,5452.50986803,5434.10891835,5445.04650889,21163.84524889,2116
2026-01-03T05:58:00Z,5445.04650889,5445.61348785,5440.21873133,5440.78526658,28952.50641142,2895
2026-01-03T05:59:00Z,5440.78526658,5440.96016586,5436.43985053,5436.61461574,19634.48506187,1963
2026-01-03T06:00:00Z,5436.61461574,5438.72294040,5433.26528224,5435.37312545,32333.47039473,3233
2026-01-03T06:01:00Z,5435.37312545,5441.43842917,5426.54577216,5432.60799027,8156.66610889,815
2026-01-03T06:02:00Z,5432.60799027,5437.36957950,5425.52266280,5430.28221352,21273.68779719,2127
2026-01-03T06:03:00Z,5430.28221352,5435.31481395,5421.50823310,5426.53736293,7616.93045889,761
2026-01-03T06:04:00Z,5426.53736293,5430.86924943,5420.21621913,5424.54651638,18221.36023866,1822
2026-01-03T06:05:00Z,5424.54651638,5429.79297464,5417.71670249,5422.96162789,3729.61327696,372
2026-01-03T06:06:00Z,5422.96162789,5427.32099710,5422.56996192,5426.92904459,9900.48510028,990
2026-01-03T06:07:00Z,5426.92904459,5431.46882322,5423.16839405,5427.70763314,17851.02080022,1785
2026-01-03T06:08:00Z,5427.70763314,5431.37781365,5423.03172123,5426.70122120,17430.72256118,1743
2026-01-03T06:09:00Z,5426.70122120,5429.92483744,5425.09603231,5428.31916996,8572.09552686,857
2026-01-03T06:10:00Z,5428.31916996,5431.46722047,5423.81707519,5426.96433999,3363.36281198,336
2026-01-03T06:11:00Z,5426.96433999,5427.49434659,5424.91918082,5425.44903943,24988.78570070,2498
2026-01-03T06:12:00Z,5425.44903943,5426.69723355,5423.90726350,5425.15539007,26448.81611886,2644
2026-01-03T06:13:00Z,5425.15539007,5432.83372202,5415.96216738,5423.63835224,31552.32096425,3155
2026-01-03T06:14:00Z,5423.63835224,5424.24413728,5417.41772789,5418.02288573,35888.82115786,3588
2026-01-03T06:15:00Z,5418.02288573,5422.49701991,5413.17063756,5417.64445924,1638.22403498,163
2026-01-03T06:16:00Z,5417.64445924,5420.43915108,5413.10913047,5415.90292394,22458.17448014,2245
2026-01-03T06:17:00Z,5415.90292394,5419.68288065,5411.43642891,5415.21590612,3418.64488135,341
2026-01-03T06:18:00Z,5415.21590612,5418.00763610,5410.22421030,5413.01480554,7843.38389977,784
2026-01-03T06:19:00Z,5413.01480554,5418.93991560,5409.62299449,5415.54651818,11593.28578809,1159
2026-01-03T06:20:00Z,5415.54651818,5422.25260817,5409.48841156,5416.19377749,4648.31455842,464
2026-01-03T06:21:00Z,5416.19377749,5420.63281418,5411.41102520,5415.84977995,5875.90500252,587
2026-01-03T06:22:00Z,5415.84977995,5419.01675489,5407.98945062,5411.15367946,4184.22755038,418
2026-01-03T06:23:00Z,5411.15367946,5417.07310011,5405.93076477,5411.84951379,12156.72085995,1215
2026-01-03T06:24:00Z,5411.84951379,5414.24739954,5407.84995120,5410.24712696,6166.30205098,616
2026-01-03T06:25:00Z,5410.24712696,5410.67384751,5408.05161138,5408.47819241,18507.61902129,1850
2026-01-03T06:26:00Z,5408.47819241,5411.20099788,5400.33311034,5403.05318468,35536.07487001,3553
2026-01-03T06:27:00Z,5403.05318468,5405.66608358,5402.00794256,5404.62053824,16349.49960423,1634
2026-01-03T06:28:00Z,5404.62053824,5416.48221321,5403.60811137,5415.46775436,25005.24842379,2500
2026-01-03T06:29:00Z,5415.46775436,5422.01390394,5403.97263836,5410.51279844,7001.70756619,700
2026-01-03T06:30:00Z,5410.51279844,5420.12988535,5405.77363711,5415.38645510,17712.61912741,1771
2026-01-03T06:31:00Z,5415.38645510,5418.05550668,5407.95942697,5410.62613236,11989.68467730,1198
2026-01-03T06:32:00Z,5410.62613236,5413.21299027,5402.96909374,5405.55352641,76285.64768948,7628
2026-01-03T06:33:00Z,5405.55352641,5406.83918856,5401.19306625,5402.47799691,20033.68011556,2003
2026-01-03T06:34:00Z,5402.47799691,5405.60103060,5393.71376461,5396.83353537,9549.01938931,954
2026-01-03T06:35:00Z,5396.83353537,5397.53947587,5392.68863181,5393.39412241,25648.40763874,2564
2026-01-03T06:36:00Z,5393.39412241,5394.41294227,5392.84514570,5393.86391774,6953.31502847,695
2026-01-03T06:37:00Z,5393.86391774,5398.88683185,5393.13436088,5398.15669437,24673.65812937,2467
2026-01-03T06:38:00Z,5398.15669437,5408.62357540,5392.28244747,5402.74433625,20286.40026460,2028
2026-01-03T06:39:00Z,5402.74433625,5407.61499197,5396.77775552,5401.64742235,33268.60163847,3326
2026-01-03T06:40:00Z,5401.64742235,5410.06694649,5399.32975619,5407.74666335,5195.89502221,519
2026-01-03T06:41:00Z,5407.74666335,5410.33628862,5405.91983354,5408.50920122,7739.18413862,773
2026-01-03T06:42:00Z,5408.50920122,5413.49171551,5404.32205773,5409.30395674,5744.81372394,574
2026-01-03T06:43:00Z,5409.30395674,5410.32813000,5404.95779345,5405.98133762,8542.33437175,854
2026-01-03T06:44:00Z,5405.98133762,5407.44009411,5403.66266294,5405.12118733,11790.09496419,1179
2026-01-03T06:45:00Z,5405.12118733,5408.07190246,5398.11723507,5401.06573629,25103.13162075,2510
2026-01-03T06:46:00Z,5401.06573629,5402.47008337,5400.87548726,5402.27979157,11323.80347279,1132
2026-01-03T06:47:00Z,5402.27979157,5404.50197305,5400.09891898,5402.32108379,15296.50359039,1529
2026-01-03T06:48:00Z,5402.32108379,5409.38076224,5395.66823074,5402.72740881,5009.28605131,500
2026-01-03T06:49:00Z,5402.72740881,5407.91790516,5387.80583375,5392.98697229,82718.17223777,8271
2026-01-03T06:50:00Z,5392.98697229,5394.67746051,5390.08541809,5391.77552657,15453.42107884,1545
2026-01-03T06:51:00Z,5391.77552657,5395.82731889,5389.82906407,5393.88009662,11753.93527141,1175
2026-01-03T06:52:00Z,5393.88009662,5408.41417896,5387.77881667,5402.30337103,19603.42069080,1960
2026-01-03T06:53:00Z,5402.30337103,5406.49155422,5401.14731031,5405.33484478,24746.92729669,2474
2026-01-03T06:54:00Z,5405.33484478,5410.27619302,5402.93414579,5407.87436615,27916.42254964,2791
2026-01-03T06:55:00Z,5407.87436615,5411.85989152,5397.66235828,5401.64329144,42691.59946070,4269
2026-01-03T06:56:00Z,5401.64329144,5407.93757413,5396.66980098,5402.96286869,3539.35604605,353
2026-01-03T06:57:00Z,5402.96286869,5406.53779075,5394.42681819,5397.99845550,46755.04406458,4675
2026-01-03T06:58:00Z,5397.99845550,5398.77073063,5396.97885752,5397.75109727,14176.23863705,1417
2026-01-03T06:59:00Z,5397.75109727,5398.86731623,5396.86157759,5397.97775920,2862.66739524,286
2026-01-03T07:00:00Z,5397.97775920,5399.27755958,5395.12235389,5396.42177959,41500.44784033,4150
2026-01-03T07:01:00Z,5396.42177959,5397.42441781,5394.38609663,5395.38854287,11262.74969608,1126
2026-01-03T07:02:00Z,5395.38854287,5396.16981755,5394.92165451,5395.70290198,9388.22561653,938
2026-01-03T07:03:00Z,5395.70290198,5395.74372710,5393.93125486,5393.97206688,36221.56659746,3622
2026-01-03T07:04:00Z,5393.97206688,5394.19713897,5393.35029776,5393.57535329,13088.13616663,1308
2026-01-03T07:05:00Z,5393.57535329,5393.69628041,5392.22983707,5392.35073674,13642.56005738,1364
2026-01-03T07:06:00Z,5392.35073674,5392.43734449,5392.21800152,5392.30460853,5252.79626671,525
2026-01-03T07:07:00Z,5392.30460853,5393.54724258,5392.02302171,5393.26560557,11883.36056276,1188
2026-01-03T07:08:00Z,5393.26560557,5394.27632638,5392.79284049,5393.80351415,5802.41905897,580
2026-01-03T07:09:00Z,5393.80351415,5393.95616420,5393.06128902,5393.21392239,20235.92986049,2023
2026-01-03T07:10:00Z,5393.21392239,5393.32735552,5392.31682387,5392.43024052,36411.01304141,3641
2026-01-03T07:11:00Z,5392.43024052,5392.96527372,5391.80183525,5392.33685918,4970.02515710,497
2026-01-03T07:12:00Z,5392.33685918,5392.62922274,5391.64512447,5391.93746638,360.58234209,36
2026-01-03T07:13:00Z,5391.93746638,5392.07128821,5390.18364159,5390.31742321,14098.26132346,1409
2026-01-03T07:14:00Z,5390.31742321,5391.51925950,5388.96576431,5390.16756719,77435.96205529,7743
2026-01-03T07:15:00Z,5390.16756719,5390.44057017,5388.97296945,5389.24592575,29174.67564315,2917
2026-01-03T07:16:00Z,5389.24592575,5390.06343122,5387.96701190,5388.78444737,15441.99604849,1544
2026-01-03T07:17:00Z,5388.78444737,5389.26325421,5388.48856899,5388.96736579,11099.80345052,1109
2026-01-03T07:18:00Z,5388.96736579,5389.66990876,5387.31721894,5388.01963835,51719.10797721,5171
2026-01-03T07:19:00Z,5388.01963835,5388.51556960,5387.51961401,5388.01554488,8661.71485895,866
2026-01-03T07:20:00Z,5388.01554488,5388.65720344,5386.78806253,5387.42965131,1672.50683449,167
2026-01-03T07:21:00Z,5387.42965131,5387.53028512,5386.28022364,5386.38083785,31331.30207604,3133
2026-01-03T07:22:00Z,5386.38083785,5386.62949818,5386.00957247,5386.25822714,13558.46768862,1355
2026-01-03T07:23:00Z,5386.25822714,5386.42727786,5385.89022407,5386.05926854,53808.01097140,5380
2026-01-03T07:24:00Z,5386.05926854,5386.86340856,5385.78208768,5386.58620058,16927.35065219,1692
2026-01-03T07:25:00Z,5386.58620058,5387.16934745,5386.42400708,5387.00714128,10101.53235008,1010
2026-01-03T07:26:00Z,5387.00714128,5388.53471167,5386.69823967,5388.22574018,44799.97173896,4479
2026-01-03T07:27:00Z,5388.22574018,5390.29313087,5387.97427553,5390.04158148,34876.69727360,3487
2026-01-03T07:28:00Z,5390.04158148,5391.88067736,5387.68216685,5389.52108513,4925.10367054,492
2026-01-03T07:29:00Z,5389.52108513,5389.58939459,5389.46572675,5389.53403607,967.17422605,96
2026-01-03T07:30:00Z,5389.53403607,5391.14710714,5387.12981351,5388.74264772,16250.52115142,1625
2026-01-03T07:31:00Z,5388.74264772,5390.11511856,5386.74291762,5388.11522866,10535.91752230,1053
2026-01-03T07:32:00Z,5388.11522866,5391.43787650,5386.33005085,5389.65218946,12723.09449076,1272
2026-01-03T07:33:00Z,5389.65218946,5392.07471263,5388.09759384,5390.51986674,20922.80582035,2092
2026-01-03T07:34:00Z,5390.51986674,5390.66174786,5388.82072167,5388.96256180,11269.18325043,1126
2026-01-03T07:35:00Z,5388.96256180,5389.28113923,5387.39595920,5387.71446284,13804.05095455,1380
2026-01-03T07:36:00Z,5387.71446284,5389.09948416,5387.10389461,5388.48882817,32407.79933716,3240
2026-01-03T07:37:00Z,5388.48882817,5389.18601037,5384.79569911,5385.49249363,34278.48661038,3427
2026-01-03T07:38:00Z,5385.49249363,5386.35589500,5383.95989771,5384.82319177,11095.57245956,1109
2026-01-03T07:39:00Z,5384.82319177,5385.22312321,5384.58975635,5384.98968058,11338.16688508,1133
2026-01-03T07:40:00Z,5384.98968058,5386.05110940,5384.71260643,5385.77399489,15138.52925730,1513
2026-01-03T07:41:00Z,5385.77399489,5388.77163438,5384.05989039,5387.05712151,5592.91770454,559
2026-01-03T07:42:00Z,5387.05712151,5389.56971759,5383.89090288,5386.40319396,6723.14261679,672
2026-01-03T07:43:00Z,5386.40319396,5388.05393639,5384.42726202,5386.07790476,22027.81534153,2202
2026-01-03T07:44:00Z,5386.07790476,5387.35426782,5382.70785371,5383.98372050,27247.93476963,2724
2026-01-03T07:45:00Z,5383.98372050,5385.18272841,5382.58600332,5383.78496697,8624.79619523,862
2026-01-03T07:46:00Z,5383.78496697,5385.03256887,5380.74485595,5381.99204237,9574.18825634,957
2026-01-03T07:47:00Z,5381.99204237,5382.32823253,5381.68408344,5382.02027198,3268.59027485,326
2026-01-03T07:48:00Z,5382.02027198,5382.86394406,5379.84328287,5380.68674591,2773.73847954,277
2026-01-03T07:49:00Z,5380.68674591,5382.69623076,5379.32456131,5381.33388234,14971.77053538,1497
2026-01-03T07:50:00Z,5381.33388234,5381.78405808,5381.27285452,5381.72302584,3964.58782220,396
2026-01-03T07:51:00Z,5381.72302584,5382.02586777,5378.99062434,5379.29332955,2230.48440095,223
2026-01-03T07:52:00Z,5379.29332955,5380.59970366,5377.88282151,5379.18917033,6629.83492732,662
2026-01-03T07:53:00Z,5379.18917033,5380.20357891,5379.03637809,5380.05076220,28960.58850088,2896
2026-01-03T07:54:00Z,5380.05076220,5380.30027366,5378.33148537,5378.58092866,49979.07887110,4997
2026-01-03T07:55:00Z,5378.58092866,5380.11114991,5376.46329392,5377.99334800,14400.24274337,1440
2026-01-03T07:56:00Z,5377.99334800,5378.91438997,5377.33874437,5378.25975391,1915.97335004,191
2026-01-03T07:57:00Z,5378.25975391,5379.03115164,5378.24824755,5379.01964366,55627.94557678,5562
2026-01-03T07:58:00Z,5379.01964366,5381.30650885,5377.74976222,5380.03638737,57218.87932545,5721
2026-01-03T07:59:00Z,5380.03638737,5382.88882972,5377.70459669,5380.55681348,16412.57481646,1641
2026-01-03T08:00:00Z,5380.55681348,5381.40146840,5380.33209938,5381.17672840,37577.58830143,3757
2026-01-03T08:01:00Z,5381.17672840,5381.39895930,5380.80952076,5381.03174567,13153.06910385,1315
2026-01-03T08:02:00Z,5381.03174567,5382.49233973,5378.46050550,5379.92079801,47849.62324778,4784
2026-01-03T08:03:00Z,5379.92079801,5380.44904199,5379.00623925,5379.53444530,13479.74675628,1347
2026-01-03T08:04:00Z,5379.53444530,5380.72760565,5377.57543638,5378.76842682,1578.30543722,157
2026-01-03T08:05:00Z,5378.76842682,5379.07677322,5378.01382462,5378.32214544,14496.46749761,1449
2026-01-03T08:06:00Z,5378.32214544,5379.09621736,5377.61761796,5378.39168078,3334.64147189,333
2026-01-03T08:07:00Z,5378.39168078,5379.65095448,5377.13851491,5378.39778719,26367.89164569,2636
2026-01-03T08:08:00Z,5378.39778719,5380.17359377,5377.04664763,5378.82234755,14913.03775512,1491
2026-01-03T08:09:00Z,5378.82234755,5379.74277057,5377.64257248,5378.56295112,3899.18726217,389
2026-01-03T08:10:00Z,5378.56295112,5379.33710176,5378.32013848,5379.09426514,43913.38866836,4391
2026-01-03T08:11:00Z,5379.09426514,5380.72137215,5378.39068706,5380.01767328,4553.25318508,455
2026-01-03T08:12:00Z,5380.01767328,5383.21331139,5377.67458961,5380.86985658,4806.60069738,480
2026-01-03T08:13:00Z,5380.86985658,5383.69790751,5377.51665890,5380.34443369,6864.31222000,686
2026-01-03T08:14:00Z,5380.34443369,5381.00121663,5377.84398214,5378.50054000,64092.30643475,6409
2026-01-03T08:15:00Z,5378.50054000,5378.75279088,5377.37700849,5377.62921851,19313.77828877,1931
2026-01-03T08:16:00Z,5377.62921851,5377.89987718,5376.52337431,5376.79399095,29424.41332378,2942
2026-01-03T08:17:00Z,5376.79399095,5379.12886591,5375.03722820,5377.37191433,7623.69255264,762
2026-01-03T08:18:00Z,5377.37191433,5378.47926641,5375.47555158,5376.58274115,21356.71098140,2135
2026-01-03T08:19:00Z,5376.58274115,5376.61958788,5375.15184689,5375.18868407,22179.53709675,2217
2026-01-03T08:20:00Z,5375.18868407,5376.80282965,5373.67316336,5375.28728114,5595.50936608,559
2026-01-03T08:21:00Z,5375.28728114,5377.70160957,5374.49530797,5376.90939740,14260.49249984,1426
2026-01-03T08:22:00Z,5376.90939740,5378.53945094,5374.43150049,5376.06129692,18384.13715916,1838
2026-01-03T08:23:00Z,5376.06129692,5376.61683813,5373.16508731,5373.72038663,2462.26279442,246
2026-01-03T08:24:00Z,5373.72038663,5373.75186202,5372.33295386,5372.36442131,30499.91978168,3049
2026-01-03T08:25:00Z,5372.36442131,5373.27849476,5371.74536354,5372.65940300,8234.15234146,823
2026-01-03T08:26:00Z,5372.65940300,5372.84356925,5371.82119374,5372.00533758,19009.58097157,1900
2026-01-03T08:27:00Z,5372.00533758,5373.17887896,5370.64876895,5371.82227035,30662.24475742,3066
2026-01-03T08:28:00Z,5371.82227035,5373.77872441,5368.58609213,5370.54207994,29009.99615272,2900
2026-01-03T08:29:00Z,5370.54207994,5371.11942675,5369.56920989,5370.14651417,15704.79685234,1570
2026-01-03T08:30:00Z,5370.14651417,5371.54510677,5368.98814908,5370.38668988,16849.32271342,1684
2026-01-03T08:31:00Z,5370.38668988,5373.59606330,5368.33861696,5371.54754767,6300.00163613,630
2026-01-03T08:32:00Z,5371.54754767,5372.94527340,5370.81784532,5372.21548031,5246.15455526,524
2026-01-03T08:33:00Z,5372.21548031,5375.96693549,5370.48064071,5374.23144487,33705.15986202,3370
2026-01-03T08:34:00Z,5374.23144487,5376.10317347,5373.97607959,5375.84773138,5159.29808768,515
2026-01-03T08:35:00Z,5375.84773138,5376.75677367,5375.38136341,5376.29036729,34535.13143433,3453
2026-01-03T08:36:00Z,5376.29036729,5376.66280521,5375.34740295,5375.71980135,13877.73181932,1387
2026-01-03T08:37:00Z,5375.71980135,5377.24374438,5372.20706728,5373.73044636,4278.71531886,427
2026-01-03T08:38:00Z,5373.73044636,5377.50355718,5373.61321015,5377.38624121,20760.67539122,2076
2026-01-03T08:39:00Z,5377.38624121,5377.72640761,5376.69982770,5377.03997220,10076.47677910,1007
2026-01-03T08:40:00Z,5377.03997220,5377.05501014,5375.58298873,5375.59802263,26364.17552439,2636
2026-01-03T08:41:00Z,5375.59802263,5376.44169957,5375.58175444,5376.42542888,13527.37148402,1352
2026-01-03T08:42:00Z,5376.42542888,5378.68300070,5374.65162990,5376.90904216,20113.95950452,2011
2026-01-03T08:43:00Z,5376.90904216,5377.17532272,5376.83897185,5377.10524985,3620.15741127,362
2026-01-03T08:44:00Z,5377.10524985,5379.06601936,5376.20269288,5378.16328480,29359.87525703,2935
2026-01-03T08:45:00Z,5378.16328480,5380.07296532,5375.26900429,5377.17833508,10501.92844569,1050
2026-01-03T08:46:00Z,5377.17833508,5378.07019501,5373.81533414,5374.70678413,23008.63608325,2300
2026-01-03T08:47:00Z,5374.70678413,5377.03190893,5371.29761365,5373.62226928,16503.70383988,1650
2026-01-03T08:48:00Z,5373.62226928,5374.02028266,5373.54105165,5373.93906024,10799.89751384,1079
2026-01-03T08:49:00Z,5373.93906024,5375.14250758,5371.20390065,5372.40700491,3967.76214642,396
2026-01-03T08:50:00Z,5372.40700491,5373.93734667,5371.39920290,5372.92944665,21953.66207129,2195
2026-01-03T08:51:00Z,5372.92944665,5374.38415668,5371.66268888,5373.11735460,4251.96901938,425
2026-01-03T08:52:00Z,5373.11735460,5373.62662312,5372.51440465,5373.02366428,17382.22818434,1738
2026-01-03T08:53:00Z,5373.02366428,5374.87904277,5370.37271314,5372.22781681,14313.74949205,1431
2026-01-03T08:54:00Z,5372.22781681,5372.67203886,5370.98224277,5371.42639855,25871.39658700,2587
2026-01-03T08:55:00Z,5371.42639855,5374.13875502,5367.41893355,5370.13063571,15565.74130009,1556
2026-01-03T08:56:00Z,5370.13063571,5370.73072348,5369.69522376,5370.29529818,21187.53844909,2118
2026-01-03T08:57:00Z,5370.29529818,5371.14397101,5369.72198898,5370.57063242,6859.58058771,685
2026-01-03T08:58:00Z,5370.57063242,5371.36881727,5367.24103852,5368.03884709,86113.52373425,8611
2026-01-03T08:59:00Z,5368.03884709,5371.97296977,5367.56322858,5371.49704486,23280.41115846,2328
2026-01-03T09:00:00Z,5371.49704486,5372.00004793,5370.50001124,5371.00296804,15777.64776622,1577
2026-01-03T09:01:00Z,5371.00296804,5372.00064145,5368.89950686,5369.89697482,4920.31607267,492
2026-01-03T09:02:00Z,5369.89697482,5371.01797870,5369.52751539,5370.64846757,17131.20848385,1713
2026-01-03T09:03:00Z,5370.64846757,5370.99018207,5368.83410018,5369.17572097,15910.52922768,1591
2026-01-03T09:04:00Z,5369.17572097,5369.73632746,5369.16684729,5369.72745287,11634.94634144,1163
2026-01-03T09:05:00Z,5369.72745287,5370.35503992,5366.53161266,5367.15889951,57516.29220593,5751
2026-01-03T09:06:00Z,5367.15889951,5367.35148066,5365.26254649,5365.45506651,50831.54619674,5083
2026-01-03T09:07:00Z,5365.45506651,5365.46087130,5363.64896365,5363.65476650,6595.03665871,659
2026-01-03T09:08:00Z,5363.65476650,5364.99622794,5361.08607522,5362.42722965,18884.22630543,1888
2026-01-03T09:09:00Z,5362.42722965,5365.02812548,5358.25490156,5360.85503484,12617.43649662,1261
2026-01-03T09:10:00Z,5360.85503484,5362.62028530,5359.56321138,5361.32834779,27830.29043907,2783
2026-01-03T09:11:00Z,5361.32834779,5361.99979635,5359.96969003,5360.64105252,36017.60673034,3601
2026-01-03T09:12:00Z,5360.64105252,5365.36569099,5356.83662801,5361.56061387,24506.63286014,2450
2026-01-03T09:13:00Z,5361.56061387,5363.12217308,5360.98785073,5362.54930433,20547.99671713,2054
2026-01-03T09:14:00Z,5362.54930433,5364.38026970,5359.72152564,5361.55215054,31403.34774276,3140
2026-01-03T09:15:00Z,5361.55215054,5362.79345550,5358.04216758,5359.28294717,45081.51669194,4508
2026-01-03T09:16:00Z,5359.28294717,5360.02308686,5357.64530657,5358.38532230,29719.45964471,2971
2026-01-03T09:17:00Z,5358.38532230,5359.71810674,5356.38532933,5357.71794778,10614.44775607,1061
2026-01-03T09:18:00Z,5357.71794778,5359.27349498,5355.21452689,5356.76979880,10273.28377196,1027
2026-01-03T09:19:00Z,5356.76979880,5357.80436136,5354.48339590,5355.51771664,17907.16172529,1790
2026-01-03T09:20:00Z,5355.51771664,5358.03863276,5351.77123417,5354.29157314,31443.43901039,3144
2026-01-03T09:21:00Z,5354.29157314,5356.01192978,5354.12771738,5355.84802639,12145.39277991,1214
2026-01-03T09:22:00Z,5355.84802639,5356.90197708,5353.81563324,5354.86939135,1484.53876668,148
2026-01-03T09:23:00Z,5354.86939135,5356.80105850,5353.91795950,5355.84945251,7053.25651802,705
2026-01-03T09:24:00Z,5355.84945251,5360.27221508,5354.10656827,5358.52845904,31346.21586580,3134
2026-01-03T09:25:00Z,5358.52845904,5358.99053452,5355.37232212,5355.83416526,40508.57545230,4050
2026-01-03T09:26:00Z,5355.83416526,5356.17693318,5353.89182572,5354.23449126,2527.37361256,252
2026-01-03T09:27:00Z,5354.23449126,5355.04555180,5351.33166291,5352.14240654,36010.91199106,3601
2026-01-03T09:28:00Z,5352.14240654,5352.81124651,5351.96192498,5352.63074848,7631.86576748,763
2026-01-03T09:29:00Z,5352.63074848,5352.99790489,5350.99583388,5351.36290333,11902.69595280,1190
2026-01-03T09:30:00Z,5351.36290333,5353.43089352,5350.55794003,5352.62574027,36594.19175943,3659
2026-01-03T09:31:00Z,5352.62574027,5354.07880560,5351.52656722,5352.97955990,11019.65354240,1101
2026-01-03T09:32:00Z,5352.97955990,5355.16413389,5348.67364265,5350.85735056,39463.92959783,3946
2026-01-03T09:33:00Z,5350.85735056,5352.10572410,5348.85095427,5350.09915092,4513.58830847,451
2026-01-03T09:34:00Z,5350.09915092,5350.10216735,5347.43875092,5347.44176585,11463.07401269,1146
2026-01-03T09:35:00Z,5347.44176585,5348.16551490,5346.50543717,5347.22915744,5152.50533946,515
2026-01-03T09:36:00Z,5347.22915744,5347.78342127,5346.36491743,5346.91914912,6278.23295681,627
2026-01-03T09:37:00Z,5346.91914912,5347.44280649,5345.64070492,5346.16428835,8412.40335509,841
2026-01-03T09:38:00Z,5346.16428835,5348.13333789,5343.02708915,5344.99570828,22991.41801782,2299
2026-01-03T09:39:00Z,5344.99570828,5345.65988611,5341.94674389,5342.61062534,30286.34355656,3028
2026-01-03T09:40:00Z,5342.61062534,5343.02162423,5341.21591729,5341.62684050,8673.26217682,867
2026-01-03T09:41:00Z,5341.62684050,5341.65534938,5340.57303264,5340.60153605,68498.85308227,6849
2026-01-03T09:42:00Z,5340.60153605,5341.29928716,5338.27225021,5338.96978813,48862.54980996,4886
2026-01-03T09:43:00Z,5338.96978813,5348.22223070,5332.38124807,5341.63040731,12991.81671804,1299
2026-01-03T09:44:00Z,5341.63040731,5344.92350507,5338.37196393,5341.66504056,4941.36123968,494
2026-01-03T09:45:00Z,5341.66504056,5346.39629903,5336.70537410,5341.43643009,12876.92775219,1287
2026-01-03T09:46:00Z,5341.43643009,5350.66089894,5334.77679862,5343.99807366,9574.46980245,957
2026-01-03T09:47:00Z,5343.99807366,5347.44046973,5338.21005721,5341.65094135,7110.73558238,711
2026-01-03T09:48:00Z,5341.65094135,5343.39171398,5332.30359362,5334.04188656,105139.16689800,10513
2026-01-03T09:49:00Z,5334.04188656,5341.59277964,5332.11989724,5339.66876280,60184.40261700,6018
2026-01-03T09:50:00Z,5339.66876280,5341.31124731,5337.78196270,5339.42437203,22781.20468973,2278
2026-01-03T09:51:00Z,5339.42437203,5344.32661329,5335.09208942,5339.99386860,15714.33645771,1571
2026-01-03T09:52:00Z,5339.99386860,5342.33799317,5337.20740750,5339.55133781,4133.71074821,413
2026-01-03T09:53:00Z,5339.55133781,5346.42596414,5333.96045575,5340.83373931,24521.35615281,2452
2026-01-03T09:54:00Z,5340.83373931,5342.58479403,5333.79129618,5335.54061548,10154.28836646,1015
2026-01-03T09:55:00Z,5335.54061548,5339.68050158,5333.12647570,5337.26558131,8365.38038966,836
2026-01-03T09:56:00Z,5337.26558131,5340.31393922,5335.57321379,5338.62114187,15280.74257810,1528
2026-01-03T09:57:00Z,5338.62114187,5345.09836744,5331.89641126,5338.37333616,3888.25492064,388
2026-01-03T09:58:00Z,5338.37333616,5338.80404994,5337.20842028,5337.63907482,11044.99515414,1104
2026-01-03T09:59:00Z,5337.63907482,5342.33197340,5336.90606136,5341.59841621,35469.93230100,3546
2026-01-03T10:00:00Z,5341.59841621,5345.21038843,5333.65976261,5337.26880717,37502.36623675,3750
2026-01-03T10:01:00Z,5337.26880717,5347.34151262,5332.43413326,5342.50209823,16627.84848389,1662
2026-01-03T10:02:00Z,5342.50209823,5343.94041596,5339.21895408,5340.65677501,9448.88126991,944
2026-01-03T10:03:00Z,5340.65677501,5345.85925762,5338.28250842,5343.48373426,22769.54316288,2276
2026-01-03T10:04:00Z,5343.48373426,5348.94426330,5341.89261099,5347.35198819,29119.66414136,2911
2026-01-03T10:05:00Z,5347.35198819,5352.34328802,5344.37422084,5349.36440002,14160.44401378,1416
2026-01-03T10:06:00Z,5349.36440002,5351.11115212,5343.17009722,5344.91539657,4597.17066717,459
2026-01-03T10:07:00Z,5344.91539657,5346.10324488,5340.85583269,5342.04304265,18760.68593325,1876
2026-01-03T10:08:00Z,5342.04304265,5347.30974827,5332.90358189,5338.16646560,27772.11828507,2777
2026-01-03T10:09:00Z,5338.16646560,5340.46089506,5336.93385812,5339.22804245,25933.73787403,2593
2026-01-03T10:10:00Z,5339.22804245,5345.77966413,5338.87565445,5345.42686700,36713.54820660,3671
2026-01-03T10:11:00Z,5345.42686700,5354.43061544,5337.25722332,5346.25969892,14614.85293765,1461
2026-01-03T10:12:00Z,5346.25969892,5354.38909352,5344.35071938,5352.47789366,29888.22517076,2988
2026-01-03T10:13:00Z,5352.47789366,5353.25270594,5349.42573287,5350.20021544,6505.69933780,650
2026-01-03T10:14:00Z,5350.20021544,5352.66489949,5349.37057568,5351.83500623,32060.37974933,3206
2026-01-03T10:15:00Z,5351.83500623,5356.56464966,5349.01696014,5353.74559753,52261.27141623,5226
2026-01-03T10:16:00Z,5353.74559753,5358.75573056,5345.62888519,5350.63610831,56574.54548638,5657
2026-01-03T10:17:00Z,5350.63610831,5353.77476706,5340.41049333,5343.54499247,50455.43553415,5045
2026-01-03T10:18:00Z,5343.54499247,5347.00253032,5342.06066096,5345.51765084,19064.06647382,1906
2026-01-03T10:19:00Z,5345.51765084,5352.80534968,5343.74398954,5351.02985941,11239.56462250,1123
2026-01-03T10:20:00Z,5351.02985941,5353.04763933,5347.75952205,5349.77682948,10397.80751513,1039
2026-01-03T10:21:00Z,5349.77682948,5351.99167677,5341.22912614,5343.44135049,10402.78751061,1040
2026-01-03T10:22:00Z,5343.44135049,5346.45674666,5342.77109800,5345.78620004,30157.79373466,3015
2026-01-03T10:23:00Z,5345.78620004,5349.30408457,5340.28957986,5343.80616138,7303.25086753,730
2026-01-03T10:24:00Z,5343.80616138,5346.70988463,5343.78703872,5346.69075165,4261.73675273,426
2026-01-03T10:25:00Z,5346.69075165,5351.58157558,5342.09580946,5346.98637932,7006.24282159,700
2026-01-03T10:26:00Z,5346.98637932,5354.97452024,5341.46723342,5349.45282847,6873.85474500,687
2026-01-03T10:27:00Z,5349.45282847,5354.03599607,5346.48613725,5351.06840889,8133.25874366,813
2026-01-03T10:28:00Z,5351.06840889,5353.68877819,5349.43954480,5352.05961238,11895.67295060,1189
2026-01-03T10:29:00Z,5352.05961238,5361.47534192,5340.35765182,5349.76935216,35277.03997322,3527
2026-01-03T10:30:00Z,5349.76935216,5351.96691309,5343.98754734,5346.18363533,20178.00998800,2017
2026-01-03T10:31:00Z,5346.18363533,5355.29717744,5344.12045155,5353.23127385,24408.23246536,2440
2026-01-03T10:32:00Z,5353.23127385,5358.05379822,5343.52834895,5348.34647278,9495.58704113,949
2026-01-03T10:33:00Z,5348.34647278,5367.35625683,5341.54180344,5360.53607873,6128.72668459,612
2026-01-03T10:34:00Z,5360.53607873,5364.59025338,5359.03742547,5363.09088586,5047.10265163,504
2026-01-03T10:35:00Z,5363.09088586,5364.16011239,5361.53976767,5362.60889810,23465.30661547,2346
2026-01-03T10:36:00Z,5362.60889810,5367.42406632,5361.01402638,5365.82823714,4140.05806587,414
2026-01-03T10:37:00Z,5365.82823714,5374.86622966,5359.44330080,5368.47814013,5167.58243516,516
2026-01-03T10:38:00Z,5368.47814013,5371.78707372,5359.17501814,5362.48025486,15931.50910125,1593
2026-01-03T10:39:00Z,5362.48025486,5365.61150968,5355.64475047,5358.77384105,19316.00640399,1931
2026-01-03T10:40:00Z,5358.77384105,5364.42865018,5356.45552394,5362.10889026,27564.20941579,2756
2026-01-03T10:41:00Z,5362.10889026,5365.10227774,5358.82216692,5361.81539055,5043.97703701,504
2026-01-03T10:42:00Z,5361.81539055,5370.23497550,5359.92612994,5368.34341472,23444.44466693,2344
2026-01-03T10:43:00Z,5368.34341472,5369.98523715,5367.11190447,5368.75363280,9624.98209643,962
2026-01-03T10:44:00Z,5368.75363280,5371.88499538,5367.91445917,5371.04546351,12236.81818051,1223
2026-01-03T10:45:00Z,5371.04546351,5377.62932569,5363.21183778,5369.79416610,4324.77458420,432
2026-01-03T10:46:00Z,5369.79416610,5370.85066231,5364.41485687,5365.47050241,17451.75777207,1745
2026-01-03T10:47:00Z,5365.47050241,5366.68368843,5364.48285331,5365.69599782,5437.05986060,543
2026-01-03T10:48:00Z,5365.69599782,5366.56009925,5364.49633075,5365.36037814,8038.50995165,803
2026-01-03T10:49:00Z,5365.36037814,5365.44801293,5364.31461998,5364.40223912,5744.26676130,574
2026-01-03T10:50:00Z,5364.40223912,5365.47052730,5363.76693448,5364.83517139,11390.47511454,1139
2026-01-03T10:51:00Z,5364.83517139,5366.41553259,5363.16391099,5364.74424540,24670.90356449,2467
2026-01-03T10:52:00Z,5364.74424540,5366.14090146,5364.12394762,5365.52051393,6346.80955682,634
2026-01-03T10:53:00Z,5365.52051393,5367.96574586,5364.16562363,5366.61058030,40870.93536272,4087
2026-01-03T10:54:00Z,5366.61058030,5368.42817052,5364.82709218,5366.64467107,5080.12370472,508
2026-01-03T10:55:00Z,5366.64467107,5367.17454218,5365.90759686,5366.43744751,3182.84866310,318
2026-01-03T10:56:00Z,5366.43744751,5366.96260851,5365.39348882,5365.91859904,6649.90434253,664
2026-01-03T10:57:00Z,5365.91859904,5366.12873349,5365.00641366,5365.21652062,28151.95395069,2815
2026-01-03T10:58:00Z,5365.21652062,5367.58922432,5364.13855231,5366.51099592,7804.13838999,780
2026-01-03T10:59:00Z,5366.51099592,5367.20842874,5365.69054038,5366.38795721,8135.71096294,813
2026-01-03T11:00:00Z,5366.38795721,5366.58109849,5365.91285609,5366.10598721,5754.39631684,575
2026-01-03T11:01:00Z,5366.10598721,5367.00416838,5364.80431987,5365.70243349,11622.83267431,1162
2026-01-03T11:02:00Z,5365.70243349,5368.41348889,5364.03132663,5366.74205825,9177.83603413,917
2026-01-03T11:03:00Z,5366.74205825,5367.50725924,5366.68715198,5367.45234571,6010.40417199,601
2026-01-03T11:04:00Z,5367.45234571,5368.19541432,5365.87938106,5366.62233477,28131.35324568,2813
2026-01-03T11:05:00Z,5366.62233477,5367.16544830,5365.92862501,5366.47172330,995.30041005,99
2026-01-03T11:06:00Z,5366.47172330,5366.52694863,5366.03017109,5366.08539244,8416.14575906,841
2026-01-03T11:07:00Z,5366.08539244,5367.58206178,5363.81022207,5365.30667422,6607.75306489,660
2026-01-03T11:08:00Z,5365.30667422,5365.54502581,5364.61555799,5364.85388946,7739.88872406,773
2026-01-03T11:09:00Z,5364.85388946,5366.17976247,5364.41681933,5365.74261993,9153.64843251,915
2026-01-03T11:10:00Z,5365.74261993,5366.22832516,5364.83757246,5365.32323973,38533.72977102,3853
2026-01-03T11:11:00Z,5365.32323973,5367.77283128,5363.91458557,5366.36390390,31513.04293337,3151
2026-01-03T11:12:00Z,5366.36390390,5367.40720933,5365.57856585,5366.62183354,28856.76124173,2885
2026-01-03T11:13:00Z,5366.62183354,5367.31437739,5365.81603450,5366.50856373,2252.30037960,225
2026-01-03T11:14:00Z,5366.50856373,5367.65881723,5366.22200382,5367.37221121,11502.77958726,1150
2026-01-03T11:15:00Z,5367.37221121,5368.56385334,5365.57600779,5366.76751567,18009.65511263,1800
2026-01-03T11:16:00Z,5366.76751567,5369.71695278,5365.64522785,5368.59428295,11785.43034748,1178
2026-01-03T11:17:00Z,5368.59428295,5369.50075601,5366.50228406,5367.40855691,20161.05086790,2016
2026-01-03T11:18:00Z,5367.40855691,5368.31647968,5367.27630901,5368.18421267,8352.50554237,835
2026-01-03T11:19:00Z,5368.18421267,5369.51079467,5368.17070534,5369.49728404,15615.19334248,1561
2026-01-03T11:20:00Z,5369.49728404,5371.59651088,5368.44410376,5370.54312547,6002.01937391,600
2026-01-03T11:21:00Z,5370.54312547,5373.05065529,5369.23337382,5371.74061160,35829.20034550,3582
2026-01-03T11:22:00Z,5371.74061160,5373.58299514,5371.07863625,5372.92087433,21358.56794193,2135
2026-01-03T11:23:00Z,5372.92087433,5373.97904175,5372.35874413,5373.41685965,8656.01790217,865
2026-01-03T11:24:00Z,5373.41685965,5374.11958525,5372.06971177,5372.77235308,10310.96625702,1031
2026-01-03T11:25:00Z,5372.77235308,5375.43259273,5372.37635072,5375.03642350,98415.08802539,9841
2026-01-03T11:26:00Z,5375.03642350,5376.33228808,5372.90895472,5374.20461876,20354.39427350,2035
2026-01-03T11:27:00Z,5374.20461876,5374.25962554,5373.60883413,5373.66383537,22554.66817332,2255
2026-01-03T11:28:00Z,5373.66383537,5375.06418710,5373.64454300,5375.04488976,17320.82292732,1732
2026-01-03T11:29:00Z,5375.04488976,5375.09987245,5373.68208912,5373.73705843,23760.63130838,2376
2026-01-03T11:30:00Z,5373.73705843,5375.45465332,5373.30470688,5375.02219838,49640.28737547,4964
2026-01-03T11:31:00Z,5375.02219838,5375.29236106,5374.93976180,5375.20992160,16090.69009096,1609
2026-01-03T11:32:00Z,5375.20992160,5376.25932793,5374.68973586,5375.73909098,23329.48796851,2332
2026-01-03T11:33:00Z,5375.73909098,5376.80530003,5374.80254706,5375.86873353,6526.35781513,652
2026-01-03T11:34:00Z,5375.86873353,5376.30596901,5374.68517760,5375.12235238,10318.76002505,1031
2026-01-03T11:35:00Z,5375.12235238,5377.66121618,5374.69186389,5377.23055884,75160.32519344,7516
2026-01-03T11:36:00Z,5377.23055884,5378.43462915,5374.85934085,5376.06314975,45913.57642166,4591
2026-01-03T11:37:00Z,5376.06314975,5377.80871929,5375.12440009,5376.86982877,10056.59504611,1005
2026-01-03T11:38:00Z,5376.86982877,5378.61385507,5375.58362400,5377.32754081,17229.04845875,1722
2026-01-03T11:39:00Z,5377.32754081,5378.50334751,5377.12307649,5378.29884626,8994.77869037,899
2026-01-03T11:40:00Z,5378.29884626,5379.87382693,5377.80122819,5379.37610918,48708.17563520,4870
2026-01-03T11:41:00Z,5379.37610918,5381.59994007,5379.17659900,5381.40035482,36972.61541332,3697
2026-01-03T11:42:00Z,5381.40035482,5381.58365599,5379.89595966,5380.07921583,74870.74511810,7487
2026-01-03T11:43:00Z,5380.07921583,5381.58262460,5379.74902118,5381.25235795,21241.66505430,2124
2026-01-03T11:44:00Z,5381.25235795,5383.75603901,5380.28446043,5382.78786530,11421.45529397,1142
2026-01-03T11:45:00Z,5382.78786530,5383.74471522,5380.32177666,5381.27835825,21858.80623643,2185
2026-01-03T11:46:00Z,5381.27835825,5381.93969577,5381.09044415,5381.75176513,1817.69328811,181
2026-01-03T11:47:00Z,5381.75176513,5382.94459165,5380.03447255,5381.22718280,11197.15528748,1119
2026-01-03T11:48:00Z,5381.22718280,5382.78028034,5380.64463098,5382.19762346,20719.29756670,2071
2026-01-03T11:49:00Z,5382.19762346,5382.43259343,5380.80518927,5381.04010870,22029.48563199,2202
2026-01-03T11:50:00Z,5381.04010870,5381.48589144,5380.17584129,5380.62158935,5791.75382505,579
2026-01-03T11:51:00Z,5380.62158935,5380.68454285,5380.19124803,5380.25419723,32491.47621643,3249
2026-01-03T11:52:00Z,5380.25419723,5380.64348478,5378.66315220,5379.05235280,54059.58662203,5405
2026-01-03T11:53:00Z,5379.05235280,5380.31892610,5378.43768185,5379.70418067,20659.93448421,2065
2026-01-03T11:54:00Z,5379.70418067,5381.16590749,5378.61161092,5380.07326278,16436.39555333,1643
2026-01-03T11:55:00Z,5380.07326278,5381.28500609,5379.38926119,5380.60093741,8317.56326895,831
2026-01-03T11:56:00Z,5380.60093741,5382.33875847,5380.02642092,5381.76411778,13411.98737298,1341
2026-01-03T11:57:00Z,5381.76411778,5382.02089750,5381.18378993,5381.44055421,20327.25207806,2032
2026-01-03T11:58:00Z,5381.44055421,5383.50295586,5380.17493727,5382.23715157,36089.91272975,3608
2026-01-03T11:59:00Z,5382.23715157,5382.78371441,5382.08474270,5382.63129438,25271.48156601,2527
2026-01-03T12:00:00Z,5382.63129438,5384.01437007,5379.97042217,5381.35316944,26675.33938242,2667
2026-01-03T12:01:00Z,5381.35316944,5385.09344717,5379.87649125,5383.61614800,10584.75335712,1058
2026-01-03T12:02:00Z,5383.61614800,5384.33419484,5383.30433262,5384.02235593,2121.75302627,212
2026-01-03T12:03:00Z,5384.02235593,5386.07555762,5382.79962009,5384.85263322,9824.38436643,982
2026-01-03T12:04:00Z,5384.85263322,5386.42756792,5383.28020572,5384.85513969,4798.20079838,479
2026-01-03T12:05:00Z,5384.85513969,5386.12210153,5383.66362781,5384.93057297,5414.62977238,541
2026-01-03T12:06:00Z,5384.93057297,5385.96436544,5382.84060405,5383.87419372,7449.99313302,744
2026-01-03T12:07:00Z,5383.87419372,5384.26827670,5383.81232012,5384.20639928,9303.28745242,930
2026-01-03T12:08:00Z,5384.20639928,5385.12577098,5383.70638662,5384.62571938,7344.88808579,734
2026-01-03T12:09:00Z,5384.62571938,5384.78902615,5383.94333597,5384.10662699,6352.72829220,635
2026-01-03T12:10:00Z,5384.10662699,5386.82728294,5382.99677205,5385.71709603,25403.11349431,2540
2026-01-03T12:11:00Z,5385.71709603,5386.39868298,5384.50650166,5385.18802166,21592.34260176,2159
2026-01-03T12:12:00Z,5385.18802166,5387.34031738,5382.93483137,5385.08708674,2926.50067727,292
2026-01-03T12:13:00Z,5385.08708674,5386.84102217,5382.17170467,5383.92526169,6292.15168071,629
2026-01-03T12:14:00Z,5383.92526169,5386.35326593,5381.82727981,5384.25515550,12964.67025314,1296
2026-01-03T12:15:00Z,5384.25515550,5386.56223774,5383.87476667,5386.18171281,58869.96838940,5886
2026-01-03T12:16:00Z,5386.18171281,5389.81955687,5384.55183967,5388.18907630,50134.40339264,5013
2026-01-03T12:17:00Z,5388.18907630,5388.33805431,5385.22970251,5385.37860281,50296.14381682,5029
2026-01-03T12:18:00Z,5385.37860281,5385.89342012,5383.36619821,5383.88087235,12621.96061722,1262
2026-01-03T12:19:00Z,5383.88087235,5386.24527160,5382.22694490,5384.59112596,14422.39328087,1442
2026-01-03T12:20:00Z,5384.59112596,5385.47308413,5384.45531745,5385.33725679,20298.58269409,2029
2026-01-03T12:21:00Z,5385.33725679,5386.16429677,5383.95274818,5384.77970254,21721.85907912,2172
2026-01-03T12:22:00Z,5384.77970254,5386.04930720,5383.77198773,5385.04154339,7534.26097952,753
2026-01-03T12:23:00Z,5385.04154339,5385.75416060,5383.92490566,5384.63746940,25456.67258163,2545
2026-01-03T12:24:00Z,5384.63746940,5385.07013148,5383.59646914,5384.02908234,12423.87796302,1242
2026-01-03T12:25:00Z,5384.02908234,5384.70870911,5382.93248444,5383.61205857,7092.90158295,709
2026-01-03T12:26:00Z,5383.61205857,5384.62342106,5381.98383135,5382.99507794,9082.40212874,908
2026-01-03T12:27:00Z,5382.99507794,5383.87201210,5381.40449593,5382.28131381,51993.28013608,5199
2026-01-03T12:28:00Z,5382.28131381,5383.70431962,5381.94681894,5383.36975711,16483.35772321,1648
2026-01-03T12:29:00Z,5383.36975711,5384.98547962,5382.44582428,5384.06142808,2305.26812290,230
2026-01-03T12:30:00Z,5384.06142808,5384.63217908,5383.05117516,5383.62187957,16171.73430945,1617
2026-01-03T12:31:00Z,5383.62187957,5384.48321321,5381.77671463,5382.63789083,18594.43805449,1859
2026-01-03T12:32:00Z,5382.63789083,5384.00159950,5382.41409402,5383.77775529,48242.74648014,4824
2026-01-03T12:33:00Z,5383.77775529,5384.57371375,5383.51651596,5384.31244848,22010.16626762,2201
2026-01-03T12:34:00Z,5384.31244848,5384.31900094,5383.72089009,5383.72744185,29348.58347204,2934
2026-01-03T12:35:00Z,5383.72744185,5383.83394363,5383.25385054,5383.36034506,14173.33954676,1417
2026-01-03T12:36:00Z,5383.36034506,5383.71611828,5382.98918094,5383.34495314,6042.95677631,604
2026-01-03T12:37:00Z,5383.34495314,5384.70229684,5382.67681836,5384.03407653,15967.26991822,1596
2026-01-03T12:38:00Z,5384.03407653,5384.31323521,5383.18947056,5383.46859992,20691.44936170,2069
2026-01-03T12:39:00Z,5383.46859992,5384.23438828,5383.04182682,5383.80758831,6518.14986255,651
2026-01-03T12:40:00Z,5383.80758831,5383.99617179,5382.98697924,5383.17554058,14114.27654100,1411
2026-01-03T12:41:00Z,5383.17554058,5383.28163030,5382.26757706,5382.37365098,3715.19828191,371
2026-01-03T12:42:00Z,5382.37365098,5382.47258754,5382.28767609,5382.38661244,8616.20142787,861
2026-01-03T12:43:00Z,5382.38661244,5384.39467020,5381.62001557,5383.62789653,10914.29833652,1091
2026-01-03T12:44:00Z,5383.62789653,5384.67008814,5381.21323518,5382.25516104,20671.06015501,2067
2026-01-03T12:45:00Z,5382.25516104,5385.20109099,5380.35313412,5383.29869529,29008.95013823,2900
2026-01-03T12:46:00Z,5383.29869529,5383.69173856,5383.04020709,5383.43324391,32411.11347938,3241
2026-01-03T12:47:00Z,5383.43324391,5385.09964630,5382.07264756,5383.73897268,25889.13581975,2588
2026-01-03T12:48:00Z,5383.73897268,5384.09509436,5382.35440950,5382.71046314,22806.50851463,2280
2026-01-03T12:49:00Z,5382.71046314,5384.25267853,5381.99648380,5383.53858935,13418.72134158,1341
2026-01-03T12:50:00Z,5383.53858935,5384.46880628,5381.65824518,5382.58829791,6996.90752727,699
2026-01-03T12:51:00Z,5382.58829791,5383.10752490,5381.75157716,5382.27077352,2997.79614022,299
2026-01-03T12:52:00Z,5382.27077352,5383.09406628,5381.80045399,5382.62371591,14888.43635270,1488
2026-01-03T12:53:00Z,5382.62371591,5382.85723008,5382.18985305,5382.42335852,13498.07435160,1349
2026-01-03T12:54:00Z,5382.42335852,5382.44478872,5381.95848885,5381.97991728,26030.43541032,2603
2026-01-03T12:55:00Z,5381.97991728,5382.22159662,5381.02490220,5381.26654951,7210.43903926,721
2026-01-03T12:56:00Z,5381.26654951,5382.24550838,5380.70716072,5381.68607598,23726.20079442,2372
2026-01-03T12:57:00Z,5381.68607598,5382.50779492,5380.68686267,5381.50855450,1840.91301422,184
2026-01-03T12:58:00Z,5381.50855450,5382.44978458,5380.09097978,5381.03212654,17594.30093388,1759
2026-01-03T12:59:00Z,5381.03212654,5382.08383190,5380.96837586,5382.02006951,9792.84505418,979
2026-01-03T13:00:00Z,5382.02006951,5382.69711373,5381.81003989,5382.48706589,9216.83322075,921
2026-01-03T13:01:00Z,5382.48706589,5383.36842251,5380.69557975,5381.57678731,39775.58359765,3977
2026-01-03T13:02:00Z,5381.57678731,5382.99437195,5381.27998725,5382.69751008,21317.62971053,2131
2026-01-03T13:03:00Z,5382.69751008,5383.82271747,5381.80490547,5382.93007429,2405.27227822,240
2026-01-03T13:04:00Z,5382.93007429,5385.26306096,5382.58231646,5384.91517488,9126.86000805,912
2026-01-03T13:05:00Z,5384.91517488,5385.64506489,5383.43550082,5384.16528919,12898.46440685,1289
2026-01-03T13:06:00Z,5384.16528919,5384.71437583,5384.00208283,5384.55115778,30412.27916724,3041
2026-01-03T13:07:00Z,5384.55115778,5384.74616531,5383.86374604,5384.05873574,4685.35271347,468
2026-01-03T13:08:00Z,5384.05873574,5384.76884516,5382.47721125,5383.18720573,31714.27080054,3171
2026-01-03T13:09:00Z,5383.18720573,5383.72697580,5382.78437706,5383.32413689,10798.04199777,1079
2026-01-03T13:10:00Z,5383.32413689,5383.66843645,5382.35949572,5382.70375561,35597.41199512,3559
2026-01-03T13:11:00Z,5382.70375561,5383.80441446,5382.49440723,5383.59503142,20780.59043200,2078
2026-01-03T13:12:00Z,5383.59503142,5385.07911307,5382.62539286,5384.10938187,27649.63632802,2764
2026-01-03T13:13:00Z,5384.10938187,5384.25288226,5383.83305161,5383.97654846,3249.43301050,324
2026-01-03T13:14:00Z,5383.97654846,5384.50462513,5383.85192217,5384.37998950,7011.79254904,701
2026-01-03T13:15:00Z,5384.37998950,5385.11468721,5383.61251419,5384.34720743,4617.41747041,461
2026-01-03T13:16:00Z,5384.34720743,5385.01812599,5384.27206391,5384.94297416,1581.40684317,158
2026-01-03T13:17:00Z,5384.94297416,5384.95845936,5384.39847898,5384.41396266,44050.41114546,4405
2026-01-03T13:18:00Z,5384.41396266,5384.55956384,5383.30916058,5383.45473583,33032.82602574,3303
2026-01-03T13:19:00Z,5383.45473583,5384.48269657,5382.99893083,5384.02684313,12680.55684536,1268
2026-01-03T13:20:00Z,5384.02684313,5385.03420063,5383.61569237,5384.62300434,22032.47627687,2203
2026-01-03T13:21:00Z,5384.62300434,5384.96744735,5384.06665714,5384.41108659,3153.31413971,315
2026-01-03T13:22:00Z,5384.41108659,5384.47764316,5383.59977526,5383.66632262,24181.49093726,2418
2026-01-03T13:23:00Z,5383.66632262,5385.12275605,5381.74690293,5383.20321107,12367.74571504,1236
2026-01-03T13:24:00Z,5383.20321107,5383.60092370,5383.13405568,5383.53176408,17686.33764050,1768
2026-01-03T13:25:00Z,5383.53176408,5383.87030545,5383.23717335,5383.57571232,8381.86373659,838
2026-01-03T13:26:00Z,5383.57571232,5383.60048238,5382.69135465,5382.71612076,23563.45611780,2356
2026-01-03T13:27:00Z,5382.71612076,5382.99049435,5381.71717901,5381.99151566,4472.56194853,447
2026-01-03T13:28:00Z,5381.99151566,5382.37978641,5379.83255098,5380.22069397,25093.97537138,2509
2026-01-03T13:29:00Z,5380.22069397,5380.78518944,5380.14831830,5380.71280714,13012.43997601,1301
2026-01-03T13:30:00Z,5380.71280714,5381.00783611,5379.52919309,5379.82417332,37083.25324362,3708
2026-01-03T13:31:00Z,5379.82417332,5380.55160536,5378.95131225,5379.67872462,22502.67284839,2250
2026-01-03T13:32:00Z,5379.67872462,5381.25056888,5379.25733632,5380.82909047,4757.33364226,475
2026-01-03T13:33:00Z,5380.82909047,5381.09209597,5379.21674833,5379.47968788,68182.65702058,6818
2026-01-03T13:34:00Z,5379.47968788,5379.62673062,5378.81449517,5378.96152375,10692.13986663,1069
2026-01-03T13:35:00Z,5378.96152375,5380.01103742,5378.88471117,5379.93421096,4396.95706115,439
2026-01-03T13:36:00Z,5379.93421096,5380.11161684,5378.75139151,5378.92876424,13905.03818677,1390
2026-01-03T13:37:00Z,5378.92876424,5379.47416085,5376.97727845,5377.52253247,20095.44973530,2009
2026-01-03T13:38:00Z,5377.52253247,5378.23036539,5376.32753506,5377.03530384,9601.16371810,960
2026-01-03T13:39:00Z,5377.03530384,5377.36242892,5375.69684889,5376.02391244,35650.93437559,3565
2026-01-03T13:40:00Z,5376.02391244,5376.35462629,5375.67153536,5376.00224788,4528.53515208,452
2026-01-03T13:41:00Z,5376.00224788,5378.96974480,5375.27527460,5378.24246859,161624.62717903,16162
2026-01-03T13:42:00Z,5378.24246859,5379.86564121,5377.41769842,5379.04074863,8991.98974016,899
2026-01-03T13:43:00Z,5379.04074863,5379.57651206,5378.39939754,5378.93515046,9849.87857363,984
2026-01-03T13:44:00Z,5378.93515046,5379.01913123,5378.25778549,5378.34175699,33307.10876548,3330
2026-01-03T13:45:00Z,5378.34175699,5379.27117767,5377.72787650,5378.65726116,14792.10758019,1479
2026-01-03T13:46:00Z,5378.65726116,5379.67800936,5378.39429929,5379.41501044,16149.59519416,1614
2026-01-03T13:47:00Z,5379.41501044,5381.07221289,5378.53540206,5380.19247739,3158.26281282,315
2026-01-03T13:48:00Z,5380.19247739,5380.24501238,5379.22994941,5379.28247551,20979.19594494,2097
2026-01-03T13:49:00Z,5379.28247551,5380.08879156,5378.63225150,5379.43854869,8541.59166839,854
2026-01-03T13:50:00Z,5379.43854869,5380.00179151,5378.42158704,5378.98478234,25370.84456046,2537
2026-01-03T13:51:00Z,5378.98478234,5379.99762372,5377.23283575,5378.24553794,11895.05274867,1189
2026-01-03T13:52:00Z,5378.24553794,5379.38775121,5377.34602068,5378.48819338,13519.03626209,1351
2026-01-03T13:53:00Z,5378.48819338,5382.67513448,5377.66207325,5381.84849823,20395.15810059,2039
2026-01-03T13:54:00Z,5381.84849823,5386.24838696,5378.83614715,5383.23525968,6243.09273264,624
2026-01-03T13:55:00Z,5383.23525968,5385.43351383,5382.04691903,5384.24495029,3172.16639451,317
2026-01-03T13:56:00Z,5384.24495029,5389.58205931,5382.07973176,5387.41556576,9594.55240235,959
2026-01-03T13:57:00Z,5387.41556576,5391.09171130,5375.41149954,5379.08195859,132787.70033612,13278
2026-01-03T13:58:00Z,5379.08195859,5380.61786230,5376.51359436,5378.04920319,7405.04653092,740
2026-01-03T13:59:00Z,5378.04920319,5384.63924302,5377.17434312,5383.76345339,49606.67090675,4960
2026-01-03T14:00:00Z,5383.76345339,5384.38678522,5379.73510279,5380.35804034,15247.57684048,1524
2026-01-03T14:01:00Z,5380.35804034,5394.26755465,5372.53975339,5386.44042928,2166.07166820,216
2026-01-03T14:02:00Z,5386.44042928,5387.51642030,5378.18980918,5379.26436671,11999.54435443,1199
2026-01-03T14:03:00Z,5379.26436671,5387.10689889,5372.70122399,5380.54219710,7223.98180122,722
2026-01-03T14:04:00Z,5380.54219710,5385.04543849,5374.32534880,5378.82715478,7222.37469521,722
2026-01-03T14:05:00Z,5378.82715478,5382.73074567,5371.97847511,5375.87992710,7325.20146582,732
2026-01-03T14:06:00Z,5375.87992710,5379.68101693,5374.86949328,5378.67005869,20483.04236481,2048
2026-01-03T14:07:00Z,5378.67005869,5382.30674556,5376.06913707,5379.70532334,28867.57729216,2886
2026-01-03T14:08:00Z,5379.70532334,5382.62804041,5367.02492316,5369.94233615,57394.63736415,5739
2026-01-03T14:09:00Z,5369.94233615,5373.75299776,5369.46582541,5373.27619119,20036.24853661,2003
2026-01-03T14:10:00Z,5373.27619119,5375.50820232,5370.26440832,5372.49609540,6560.36436790,656
2026-01-03T14:11:00Z,5372.49609540,5373.83241122,5369.54818416,5370.88409902,3686.49140110,368
2026-01-03T14:12:00Z,5370.88409902,5377.19561058,5360.79785868,5367.10492920,9047.26586242,904
2026-01-03T14:13:00Z,5367.10492920,5367.37470265,5364.97096046,5365.24064020,3578.39321825,357
2026-01-03T14:14:00Z,5365.24064020,5365.96590353,5365.19524361,5365.92050118,9071.35080668,907
2026-01-03T14:15:00Z,5365.92050118,5368.16511918,5362.75649778,5365.00073103,20734.24790488,2073
2026-01-03T14:16:00Z,5365.00073103,5371.03180852,5364.65116967,5370.68187700,10067.71674870,1006
2026-01-03T14:17:00Z,5370.68187700,5374.13163030,5367.44899024,5370.89861308,6123.45066613,612
2026-01-03T14:18:00Z,5370.89861308,5374.47924373,5369.82879656,5373.40892718,23539.38843933,2353
2026-01-03T14:19:00Z,5373.40892718,5374.33851934,5371.73297442,5372.66243744,27802.94734540,2780
2026-01-03T14:20:00Z,5372.66243744,5376.19161531,5370.81257173,5374.34117160,12857.87906332,1285
2026-01-03T14:21:00Z,5374.34117160,5377.65260067,5365.73020604,5369.03836777,19130.69689918,1913
2026-01-03T14:22:00Z,5369.03836777,5375.05868641,5358.53398247,5364.54926747,37316.02423560,3731
2026-01-03T14:23:00Z,5364.54926747,5366.46305754,5363.04415824,5364.95783367,17648.89406648,1764
2026-01-03T14:24:00Z,5364.95783367,5367.64046082,5363.93512534,5366.61743612,3780.73408195,378
2026-01-03T14:25:00Z,5366.61743612,5373.70711105,5354.62185490,5361.70504022,138320.94755520,13832
2026-01-03T14:26:00Z,5361.70504022,5365.04924831,5359.84491444,5363.18860784,16016.49053638,1601
2026-01-03T14:27:00Z,5363.18860784,5365.47040855,5357.07844726,5359.35861848,13093.97555843,1309
2026-01-03T14:28:00Z,5359.35861848,5362.55444578,5355.69395799,5358.88950556,3795.87893170,379
2026-01-03T14:29:00Z,5358.88950556,5362.79700763,5358.82362379,5362.73107864,54581.59720075,5458
2026-01-03T14:30:00Z,5362.73107864,5363.40959142,5360.57553385,5361.25385973,31721.45232891,3172
2026-01-03T14:31:00Z,5361.25385973,5365.88190099,5351.20905898,5355.83242024,14791.49099339,1479
2026-01-03T14:32:00Z,5355.83242024,5356.36590560,5354.31158286,5354.84496987,31183.25619315,3118
2026-01-03T14:33:00Z,5354.84496987,5355.97429864,5353.51161060,5354.64089633,10399.32277860,1039
2026-01-03T14:34:00Z,5354.64089633,5358.77954834,5342.81819306,5346.95090141,34194.23592810,3419
2026-01-03T14:35:00Z,5346.95090141,5350.58182935,5346.20074985,5349.83127369,9598.58475285,959
2026-01-03T14:36:00Z,5349.83127369,5355.64407415,5343.57685509,5349.38917519,14087.58725617,1408
2026-01-03T14:37:00Z,5349.38917519,5352.84975108,5348.45341642,5351.91355074,24661.49702002,2466
2026-01-03T14:38:00Z,5351.91355074,5357.82891123,5349.96325486,5355.87717097,11395.29728902,1139
2026-01-03T14:39:00Z,5355.87717097,5358.64184098,5354.44812490,5357.21243864,11671.82807749,1167
2026-01-03T14:40:00Z,5357.21243864,5366.51963282,5352.92939092,5362.23257155,35175.24937820,3517
2026-01-03T14:41:00Z,5362.23257155,5362.64099429,5357.77899429,5358.18710890,16826.74996561,1682
2026-01-03T14:42:00Z,5358.18710890,5358.80660793,5351.54067287,5352.15947500,27064.95111351,2706
2026-01-03T14:43:00Z,5352.15947500,5356.41168801,5352.00416369,5356.25625781,12791.98309226,1279
2026-01-03T14:44:00Z,5356.25625781,5364.90747555,5353.93140976,5362.57988277,30822.41542445,3082
2026-01-03T14:45:00Z,5362.57988277,5371.27269943,5359.44495509,5368.13452454,11187.50458290,1118
2026-01-03T14:46:00Z,5368.13452454,5371.49979195,5361.54601781,5364.90926331,6551.49809287,655
2026-01-03T14:47:00Z,5364.90926331,5366.44889850,5360.33262980,5361.87139317,16184.06272594,1618
2026-01-03T14:48:00Z,5361.87139317,5366.92526631,5360.67951515,5365.73253000,34277.53389510,3427
2026-01-03T14:49:00Z,5365.73253000,5365.79953955,5365.36489031,5365.43189610,7610.29975604,761
2026-01-03T14:50:00Z,5365.43189610,5367.91523873,5334.84871432,5337.31904516,65410.72986936,6541
2026-01-03T14:51:00Z,5337.31904516,5343.83042669,5336.25516607,5342.76546198,26304.55137621,2630
2026-01-03T14:52:00Z,5342.76546198,5347.92110241,5338.87558488,5344.03030442,12918.64099052,1291
2026-01-03T14:53:00Z,5344.03030442,5354.91596714,5338.32514590,5349.20528394,35340.18577678,3534
2026-01-03T14:54:00Z,5349.20528394,5350.52255393,5349.06098908,5350.37822743,28622.46877719,2862
2026-01-03T14:55:00Z,5350.37822743,5352.54335186,5349.69773948,5351.86267511,49144.85478199,4914
2026-01-03T14:56:00Z,5351.86267511,5358.51140538,5350.13405203,5356.78119364,16885.34563609,1688
2026-01-03T14:57:00Z,5356.78119364,5358.26350653,5355.28774476,5356.77005457,10995.89575457,1099
2026-01-03T14:58:00Z,5356.77005457,5365.72545242,5350.84939642,5359.80144377,38637.20738071,3863
2026-01-03T14:59:00Z,5359.80144377,5367.79812243,5353.82155115,5361.81598220,12424.32638052,1242
2026-01-03T15:00:00Z,5361.81598220,5366.71178247,5353.52058818,5358.41328149,14591.99283310,1459
2026-01-03T15:01:00Z,5358.41328149,5359.46107561,5357.15437118,5358.20212401,17184.96908611,1718
2026-01-03T15:02:00Z,5358.20212401,5364.69700038,5355.23894414,5361.73186849,2737.56471651,273
2026-01-03T15:03:00Z,5361.73186849,5364.94785522,5355.19835395,5358.41234962,21819.74709545,2181
2026-01-03T15:04:00Z,5358.41234962,5359.17319403,5355.15028105,5355.91077026,42721.64483948,4272
2026-01-03T15:05:00Z,5355.91077026,5356.81439675,5353.91432233,5354.81776441,56.20080731,5
2026-01-03T15:06:00Z,5354.81776441,5357.05499834,5354.76062502,5356.99783569,16294.70156671,1629
2026-01-03T15:07:00Z,5356.99783569,5360.53997785,5350.08755234,5353.62746595,55033.58703380,5503
2026-01-03T15:08:00Z,5353.62746595,5360.17417100,5348.80931919,5355.35446996,7815.92762296,781
2026-01-03T15:09:00Z,5355.35446996,5355.90603900,5350.20941414,5350.76051003,27063.86304453,2706
2026-01-03T15:10:00Z,5350.76051003,5353.54163744,5350.40902808,5353.18999590,23080.46233554,2308
2026-01-03T15:11:00Z,5353.18999590,5358.61959200,5352.49417593,5357.92315679,12098.92827048,1209
2026-01-03T15:12:00Z,5357.92315679,5370.25358449,5349.72613681,5362.05025052,7985.30143153,798
2026-01-03T15:13:00Z,5362.05025052,5369.30496004,5359.61708186,5366.86960448,66782.89337589,6678
2026-01-03T15:14:00Z,5366.86960448,5371.20766749,5366.34678375,5370.68447513,35141.12737415,3514
2026-01-03T15:15:00Z,5370.68447513,5371.35708271,5370.54687498,5371.21946885,3677.06596434,367
2026-01-03T15:16:00Z,5371.21946885,5371.93873827,5370.97773439,5371.69698232,8282.58410349,828
2026-01-03T15:17:00Z,5371.69698232,5372.70175841,5370.34683208,5371.35154356,10314.18946083,1031
2026-01-03T15:18:00Z,5371.35154356,5372.38157027,5370.02061663,5371.05058563,15102.25367898,1510
2026-01-03T15:19:00Z,5371.05058563,5371.64364110,5370.67702899,5371.27006920,20463.99353123,2046
2026-01-03T15:20:00Z,5371.27006920,5371.55323461,5371.04820107,5371.33136395,13635.09205094,1363
2026-01-03T15:21:00Z,5371.33136395,5373.19139871,5370.35954300,5372.21941709,24718.90870292,2471
2026-01-03T15:22:00Z,5372.21941709,5372.69528655,5371.44184786,5371.91769060,2162.48146860,216
2026-01-03T15:23:00Z,5371.91769060,5373.06726452,5371.22349361,5372.37300869,5161.62553000,516
2026-01-03T15:24:00Z,5372.37300869,5373.09458449,5372.08081226,5372.80236470,7141.73639838,714
2026-01-03T15:25:00Z,5372.80236470,5373.36628910,5372.71869309,5373.28261001,2742.44737337,274
2026-01-03T15:26:00Z,5373.28261001,5373.60149142,5372.85449365,5373.17336858,3279.23591004,327
2026-01-03T15:27:00Z,5373.17336858,5373.72709040,5372.23357953,5372.78726156,2463.34041982,246
2026-01-03T15:28:00Z,5372.78726156,5372.88457625,5372.46956878,5372.56687948,26869.08512686,2686
2026-01-03T15:29:00Z,5372.56687948,5374.20421735,5371.58484194,5373.22206006,16743.19436576,1674
2026-01-03T15:30:00Z,5373.22206006,5374.68534313,5372.01304374,5373.47626960,9064.98201555,906
2026-01-03T15:31:00Z,5373.47626960,5374.10136957,5372.28656968,5372.91160396,17553.73104675,1755
2026-01-03T15:32:00Z,5372.91160396,5373.90586416,5372.83890862,5373.83315635,36341.15016574,3634
2026-01-03T15:33:00Z,5373.83315635,5373.95272702,5373.61418351,5373.73375197,2475.60719713,247
2026-01-03T15:34:00Z,5373.73375197,5374.80941641,5372.12946764,5373.20502625,33108.28468560,3310
2026-01-03T15:35:00Z,5373.20502625,5375.12341996,5372.46280804,5374.38103930,60866.34966290,6086
2026-01-03T15:36:00Z,5374.38103930,5374.44082674,5374.08116467,5374.14094943,31136.24150738,3113
2026-01-03T15:37:00Z,5374.14094943,5374.75038876,5373.56253908,5374.17197507,9942.48599143,994
2026-01-03T15:38:00Z,5374.17197507,5374.40896726,5373.28362361,5373.52058707,22563.86603068,2256
2026-01-03T15:39:00Z,5373.52058707,5374.51015016,5370.39087706,5371.38004596,24598.30904771,2459
2026-01-03T15:40:00Z,5371.38004596,5372.06746453,5369.50785151,5370.19511844,34217.01079530,3421
2026-01-03T15:41:00Z,5370.19511844,5372.31346966,5366.04810707,5368.16565773,50604.09969720,5060
2026-01-03T15:42:00Z,5368.16565773,5368.82939532,5367.21885451,5367.88255709,4520.39206036,452
2026-01-03T15:43:00Z,5367.88255709,5368.49588275,5365.28275415,5365.89585281,37443.12880019,3744
2026-01-03T15:44:00Z,5365.89585281,5366.35088343,5365.39673644,5365.85176333,23323.99342387,2332
2026-01-03T15:45:00Z,5365.85176333,5367.07119859,5363.57155112,5364.79074525,52089.70104697,5208
2026-01-03T15:46:00Z,5364.79074525,5365.10627210,5364.17521986,5364.49072907,4192.15382444,419
2026-01-03T15:47:00Z,5364.49072907,5365.92357697,5363.84923976,5365.28199304,8203.14383673,820
2026-01-03T15:48:00Z,5365.28199304,5366.47943429,5364.98141861,5366.17880962,20588.94997633,2058
2026-01-03T15:49:00Z,5366.17880962,5367.54455260,5363.73300915,5365.09847718,16345.09351594,1634
2026-01-03T15:50:00Z,5365.09847718,5366.22198526,5361.69431227,5362.81734266,24410.85984893,2441
2026-01-03T15:51:00Z,5362.81734266,5365.88164710,5361.05870067,5364.12257709,18947.89109060,1894
2026-01-03T15:52:00Z,5364.12257709,5365.80775343,5360.16980499,5361.85426873,26375.85059995,2637
2026-01-03T15:53:00Z,5361.85426873,5364.05339936,5360.23936827,5362.43832299,4348.09947971,434
2026-01-03T15:54:00Z,5362.43832299,5362.84938262,5361.70106598,5362.11210061,15990.44942768,1599
2026-01-03T15:55:00Z,5362.11210061,5362.31319341,5360.77869160,5360.97974193,42646.47346139,4264
2026-01-03T15:56:00Z,5360.97974193,5361.81493437,5359.02252372,5359.85754133,45484.22032449,4548
2026-01-03T15:57:00Z,5359.85754133,5359.91848777,5357.61878950,5357.67971117,19793.89030722,1979
2026-01-03T15:58:00Z,5357.67971117,5359.55498547,5354.35846297,5356.23323097,19521.62503635,1952
2026-01-03T15:59:00Z,5356.23323097,5356.62378450,5356.00696149,5356.39750808,7193.35452189,719
2026-01-03T16:00:00Z,5356.39750808,5357.90634315,5353.97910046,5355.48767924,12317.82208692,1231
2026-01-03T16:01:00Z,5355.48767924,5355.68675320,5353.37340744,5353.57241020,13229.24725001,1322
2026-01-03T16:02:00Z,5353.57241020,5354.53781777,5352.95871792,5353.92408517,13710.38429361,1371
2026-01-03T16:03:00Z,5353.92408517,5355.48848311,5353.13749264,5354.70177632,7954.28216854,795
2026-01-03T16:04:00Z,5354.70177632,5355.60526787,5351.87570615,5352.77887325,20195.45609691,2019
2026-01-03T16:05:00Z,5352.77887325,5355.54599376,5349.47495201,5352.24179488,14849.50656748,1484
2026-01-03T16:06:00Z,5352.24179488,5355.03895185,5350.07791508,5352.87481612,2267.83808307,226
2026-01-03T16:07:00Z,5352.87481612,5353.63599651,5351.54351020,5352.30460951,10433.89095451,1043
2026-01-03T16:08:00Z,5352.30460951,5352.62538069,5350.64464342,5350.96533433,75626.10950290,7562
2026-01-03T16:09:00Z,5350.96533433,5353.30398130,5350.46789379,5352.80636961,15890.40923348,1589
2026-01-03T16:10:00Z,5352.80636961,5355.17416461,5350.51689727,5352.88465878,6216.01880434,621
2026-01-03T16:11:00Z,5352.88465878,5352.97241964,5352.47918190,5352.56693755,21142.90135026,2114
2026-01-03T16:12:00Z,5352.56693755,5354.17497095,5351.67494116,5353.28285525,13916.16759407,1391
2026-01-03T16:13:00Z,5353.28285525,5353.55327775,5352.85085721,5353.12127155,11803.09605994,1180
2026-01-03T16:14:00Z,5353.12127155,5353.90568098,5352.89037928,5353.67476484,4016.68250917,401
2026-01-03T16:15:00Z,5353.67476484,5353.72826256,5353.40711985,5353.46061542,9205.88972722,920
2026-01-03T16:16:00Z,5353.46061542,5353.50316452,5353.01616006,5353.05870596,12796.85812089,1279
2026-01-03T16:17:00Z,5353.05870596,5353.58461464,5352.72575362,5353.25165030,10379.35517361,1037
2026-01-03T16:18:00Z,5353.25165030,5355.49325147,5352.14310925,5354.38447584,42872.34500271,4287
2026-01-03T16:19:00Z,5354.38447584,5354.79790965,5351.99024875,5352.40352960,43080.10230308,4308
2026-01-03T16:20:00Z,5352.40352960,5352.45327570,5349.65208368,5349.70180466,15335.19801372,1533
2026-01-03T16:21:00Z,5349.70180466,5351.16762450,5349.06032402,5350.52604503,6439.21291622,643
2026-01-03T16:22:00Z,5350.52604503,5351.45966825,5349.76893862,5350.70253687,6543.01565889,654
2026-01-03T16:23:00Z,5350.70253687,5352.59313142,5350.19746990,5352.08793369,41764.55385607,4176
2026-01-03T16:24:00Z,5352.08793369,5354.32257510,5352.05346041,5354.28808765,13986.37507493,1398
2026-01-03T16:25:00Z,5354.28808765,5356.25481027,5353.09919832,5355.06574827,11540.99187804,1154
2026-01-03T16:26:00Z,5355.06574827,5356.05694039,5351.43544633,5352.42614988,12056.95065989,1205
2026-01-03T16:27:00Z,5352.42614988,5352.43008427,5350.33372475,5350.33765761,64308.33399322,6430
2026-01-03T16:28:00Z,5350.33765761,5351.55602818,5349.67224708,5350.89054889,15728.42130621,1572
2026-01-03T16:29:00Z,5350.89054889,5352.63024036,5347.82871884,5349.56798032,4689.01703001,468
2026-01-03T16:30:00Z,5349.56798032,5349.67192489,5348.96108108,5349.06501589,1720.38738916,172
2026-01-03T16:31:00Z,5349.06501589,5352.12719071,5348.61931091,5351.68126774,63482.34182110,6348
2026-01-03T16:32:00Z,5351.68126774,5353.61659820,5351.31892549,5353.25414946,23516.63197169,2351
2026-01-03T16:33:00Z,5353.25414946,5353.32805504,5352.18612909,5352.26002095,12216.70799665,1221
2026-01-03T16:34:00Z,5352.26002095,5352.30571541,5351.85554598,5351.90123737,13576.21476060,1357
2026-01-03T16:35:00Z,5351.90123737,5352.41435200,5350.57065460,5351.08369085,13491.55341198,1349
2026-01-03T16:36:00Z,5351.08369085,5353.46289939,5347.30656209,5349.68514881,24545.26488054,2454
2026-01-03T16:37:00Z,5349.68514881,5352.15411967,5346.54851899,5349.01718158,13023.57105410,1302
2026-01-03T16:38:00Z,5349.01718158,5349.06072608,5348.40859153,5348.45213144,18431.14594507,1843
2026-01-03T16:39:00Z,5348.45213144,5351.33135198,5346.51827756,5349.39715640,15796.19530749,1579
2026-01-03T16:40:00Z,5349.39715640,5351.56481244,5347.57593325,5349.74347137,3203.39943262,320
2026-01-03T16:41:00Z,5349.74347137,5350.44743099,5349.20610101,5349.91004390,2840.84078649,284
2026-01-03T16:42:00Z,5349.91004390,5352.37135429,5348.01025869,5350.47136976,12386.69975592,1238
2026-01-03T16:43:00Z,5350.47136976,5352.18174792,5349.77326227,5351.48350837,12177.72178683,1217
2026-01-03T16:44:00Z,5351.48350837,5353.53538788,5348.64916054,5350.70073992,7479.83386265,747
2026-01-03T16:45:00Z,5350.70073992,5352.43495313,5349.96509060,5351.69916654,7370.32734498,737
2026-01-03T16:46:00Z,5351.69916654,5352.92638426,5350.05108968,5351.27821087,20399.85480045,2039
2026-01-03T16:47:00Z,5351.27821087,5353.12649790,5348.76940083,5350.61745964,37077.30431371,3707
2026-01-03T16:48:00Z,5350.61745964,5350.98586218,5349.40207291,5349.77041713,14855.22558405,1485
2026-01-03T16:49:00Z,5349.77041713,5350.24232063,5348.34335711,5348.81517634,40266.88752210,4026
2026-01-03T16:50:00Z,5348.81517634,5349.72882612,5347.70736491,5348.62098152,4912.19597225,491
2026-01-03T16:51:00Z,5348.62098152,5348.63810990,5345.46043108,5345.47754939,30645.27097263,3064
2026-01-03T16:52:00Z,5345.47754939,5347.18540947,5342.33839657,5344.04579921,16380.44183811,1638
2026-01-03T16:53:00Z,5344.04579921,5346.28524608,5342.24169776,5344.48099771,5745.40457127,574
2026-01-03T16:54:00Z,5344.48099771,5348.27405865,5338.02502397,5341.81619366,43618.12043937,4361
2026-01-03T16:55:00Z,5341.81619366,5341.87420916,5341.50106346,5341.55907617,5871.55632540,587
2026-01-03T16:56:00Z,5341.55907617,5342.40979402,5337.39164689,5338.24183641,63609.29343755,6360
2026-01-03T16:57:00Z,5338.24183641,5338.49117363,5336.84568535,5337.09496900,10444.96144014,1044
2026-01-03T16:58:00Z,5337.09496900,5337.90337636,5335.86698577,5336.67532958,7490.97264321,749
2026-01-03T16:59:00Z,5336.67532958,5338.67270620,5336.03991660,5338.03713108,12148.95430860,1214
2026-01-03T17:00:00Z,5338.03713108,5338.80620310,5337.74107041,5338.51011619,25178.88205608,2517
2026-01-03T17:01:00Z,5338.51011619,5339.56229376,5335.99417688,5337.04606589,3057.72020088,305
2026-01-03T17:02:00Z,5337.04606589,5337.68479836,5335.17484199,5335.81342693,7587.16186645,758
2026-01-03T17:03:00Z,5335.81342693,5336.09558125,5334.87041824,5335.15253761,19100.46140970,1910
2026-01-03T17:04:00Z,5335.15253761,5335.34403120,5332.09730970,5332.28870049,3570.25033967,357
2026-01-03T17:05:00Z,5332.28870049,5334.13670346,5330.94975733,5332.79763250,36850.44092982,3685
2026-01-03T17:06:00Z,5332.79763250,5333.74925133,5330.91012434,5331.86157614,5644.19847180,564
2026-01-03T17:07:00Z,5331.86157614,5333.55083765,5330.20110582,5331.89035837,9315.32868908,931
2026-01-03T17:08:00Z,5331.89035837,5333.66931735,5331.88858306,5333.66754145,50254.68747378,5025
2026-01-03T17:09:00Z,5333.66754145,5335.84794905,5332.43160626,5334.61179505,41971.27266312,4197
2026-01-03T17:10:00Z,5334.61179505,5336.16102373,5332.76852346,5334.31766671,5003.12124850,500
2026-01-03T17:11:00Z,5334.31766671,5334.84786928,5334.14137991,5334.67157078,6531.45440189,653
2026-01-03T17:12:00Z,5334.67157078,5338.06652199,5334.10660440,5337.50125593,19040.95528273,1904
2026-01-03T17:13:00Z,5337.50125593,5338.68192902,5335.54821512,5336.72871732,7358.73152398,735
2026-01-03T17:14:00Z,5336.72871732,5336.81801165,5334.88540974,5334.97467473,9420.37645358,942
2026-01-03T17:15:00Z,5334.97467473,5335.21152148,5334.20420539,5334.44102845,8058.42795762,805
2026-01-03T17:16:00Z,5334.44102845,5335.42701253,5331.46577434,5332.45139067,42917.08637174,4291
2026-01-03T17:17:00Z,5332.45139067,5332.98339668,5330.44181936,5330.97367793,30482.45634061,3048
2026-01-03T17:18:00Z,5330.97367793,5331.70991174,5329.08688782,5329.82296271,9547.93579931,954
2026-01-03T17:19:00Z,5329.82296271,5331.86200605,5329.23912710,5331.27801106,13259.96422832,1325
2026-01-03T17:20:00Z,5331.27801106,5332.33663207,5329.05797527,5330.11636562,24416.93744152,2441
2026-01-03T17:21:00Z,5330.11636562,5330.86668539,5329.82193895,5330.57223354,25653.97517745,2565
2026-01-03T17:22:00Z,5330.57223354,5332.02472786,5330.22126632,5331.67368812,20434.08120780,2043
2026-01-03T17:23:00Z,5331.67368812,5334.95971605,5330.94161718,5334.22729448,19653.13625939,1965
2026-01-03T17:24:00Z,5334.22729448,5335.34003916,5331.71255109,5332.82500325,9266.49907994,926
2026-01-03T17:25:00Z,5332.82500325,5334.58878905,5330.41017062,5332.17374102,5049.88467788,504
2026-01-03T17:26:00Z,5332.17374102,5332.40677509,5330.54124509,5330.77421800,17393.59808942,1739
2026-01-03T17:27:00Z,5330.77421800,5331.99320306,5328.98716352,5330.20601865,22127.53100558,2212
2026-01-03T17:28:00Z,5330.20601865,5330.29509413,5328.37062900,5328.45967530,759.82198566,75
2026-01-03T17:29:00Z,5328.45967530,5330.28152869,5327.21051083,5329.03223000,14650.87935058,1465
2026-01-03T17:30:00Z,5329.03223000,5329.04753550,5328.59183238,5328.60713666,3090.05456928,309
2026-01-03T17:31:00Z,5328.60713666,5331.33179794,5327.37484670,5330.09916294,5934.55356022,593
2026-01-03T17:32:00Z,5330.09916294,5331.02064341,5329.12250909,5330.04398002,6145.60780346,614
2026-01-03T17:33:00Z,5330.04398002,5330.73385389,5329.09361168,5329.78345182,12415.71073433,1241
2026-01-03T17:34:00Z,5329.78345182,5331.74267975,5328.90863042,5330.86768037,17237.68483776,1723
2026-01-03T17:35:00Z,5330.86768037,5331.89490263,5328.90180507,5329.92884642,6494.35033444,649
2026-01-03T17:36:00Z,5329.92884642,5331.00223393,5326.31937073,5327.39224739,30537.40748858,3053
2026-01-03T17:37:00Z,5327.39224739,5329.52342196,5326.69190765,5328.82289415,39983.07221762,3998
2026-01-03T17:38:00Z,5328.82289415,5330.41320423,5327.22978500,5328.82009424,8870.94989816,887
2026-01-03T17:39:00Z,5328.82009424,5329.85480924,5326.43477190,5327.46922459,28883.67630539,2888
2026-01-03T17:40:00Z,5327.46922459,5329.42368127,5324.76772159,5326.72190411,25684.14003223,2568
2026-01-03T17:41:00Z,5326.72190411,5328.28068050,5324.51511833,5326.07370504,1107.76190263,110
2026-01-03T17:42:00Z,5326.07370504,5327.82221140,5322.32939880,5324.07724973,38352.17741036,3835
2026-01-03T17:43:00Z,5324.07724973,5326.62740901,5319.85550908,5322.40486731,21573.47954872,2157
2026-01-03T17:44:00Z,5322.40486731,5324.23814458,5321.68998727,5323.52311433,35177.82164780,3517
2026-01-03T17:45:00Z,5323.52311433,5323.57934250,5320.69362718,5320.74982606,15797.95755339,1579
2026-01-03T17:46:00Z,5320.74982606,5320.98409601,5320.51143110,5320.74570086,10713.53738593,1071
2026-01-03T17:47:00Z,5320.74570086,5322.91886068,5319.79946285,5321.97240452,30444.20842405,3044
2026-01-03T17:48:00Z,5321.97240452,5322.97641513,5320.71779907,5321.72176240,10445.87600758,1044
2026-01-03T17:49:00Z,5321.72176240,5321.81779758,5320.79069168,5320.88671179,29723.59358551,2972
2026-01-03T17:50:00Z,5320.88671179,5322.20832605,5319.28165974,5320.60320358,21770.92139349,2177
2026-01-03T17:51:00Z,5320.60320358,5323.63354634,5319.48515850,5322.51509950,7836.11272683,783
2026-01-03T17:52:00Z,5322.51509950,5323.51477971,5320.55650339,5321.55600346,18634.01951039,1863
2026-01-03T17:53:00Z,5321.55600346,5321.81759869,5321.06236311,5321.32394693,11849.28020100,1184
2026-01-03T17:54:00Z,5321.32394693,5322.58136182,5318.40496382,5319.66198599,46112.58448185,4611
2026-01-03T17:55:00Z,5319.66198599,5321.38671779,5318.11651151,5319.84119125,1076.17503317,107
2026-01-03T17:56:00Z,5319.84119125,5320.57009812,5318.75170155,5319.48055901,27065.00969209,2706
2026-01-03T17:57:00Z,5319.48055901,5321.87434254,5318.93572346,5321.32931763,16257.61884483,1625
2026-01-03T17:58:00Z,5321.32931763,5321.47143368,5321.28538164,5321.42749688,8072.15489334,807
2026-01-03T17:59:00Z,5321.42749688,5321.92300608,5319.76426410,5320.25966456,19895.86604572,1989
2026-01-03T18:00:00Z,5320.25966456,5321.70167022,5319.57587756,5321.01778578,24484.93299121,2448
2026-01-03T18:01:00Z,5321.01778578,5323.94612176,5320.53442077,5323.46253466,12591.84265947,1259
2026-01-03T18:02:00Z,5323.46253466,5325.86992680,5322.41569713,5324.82282177,35143.83016541,3514
2026-01-03T18:03:00Z,5324.82282177,5327.73735940,5323.51836175,5326.43250505,32824.64906011,3282
2026-01-03T18:04:00Z,5326.43250505,5327.56781911,5322.77676945,5323.91154618,59251.05019515,5925
2026-01-03T18:05:00Z,5323.91154618,5327.14759223,5321.42587339,5324.66156926,3708.45278887,370
2026-01-03T18:06:00Z,5324.66156926,5325.35387785,5323.91612632,5324.60842800,19030.58739832,1903
2026-01-03T18:07:00Z,5324.60842800,5326.81078094,5323.38228570,5325.58441388,12324.43772516,1232
2026-01-03T18:08:00Z,5325.58441388,5326.85469440,5323.77872702,5325.04887981,15360.29065084,1536
2026-01-03T18:09:00Z,5325.04887981,5328.36302511,5322.77622039,5326.08992139,40177.20819703,4017
2026-01-03T18:10:00Z,5326.08992139,5326.48286268,5324.31121742,5324.70405646,16752.78289276,1675
2026-01-03T18:11:00Z,5324.70405646,5326.06772852,5323.23193750,5324.59558178,2064.55124218,206
2026-01-03T18:12:00Z,5324.59558178,5326.67973062,5323.37543246,5325.45938336,24440.78101269,2444
2026-01-03T18:13:00Z,5325.45938336,5325.87684280,5324.04065429,5324.45803524,30525.99503133,3052
2026-01-03T18:14:00Z,5324.45803524,5324.92296892,5324.20278023,5324.66770387,6543.21893563,654
2026-01-03T18:15:00Z,5324.66770387,5325.25790516,5322.86036698,5323.45043335,42074.75925579,4207
2026-01-03T18:16:00Z,5323.45043335,5324.65121252,5321.97658060,5323.17729816,36296.45095058,3629
2026-01-03T18:17:00Z,5323.17729816,5324.32071310,5320.97918925,5322.12237759,14098.66186225,1409
2026-01-03T18:18:00Z,5322.12237759,5322.49056821,5321.29383418,5321.66199296,13163.30487520,1316
2026-01-03T18:19:00Z,5321.66199296,5324.09928116,5321.45373477,5323.89093574,14913.40110754,1491
2026-01-03T18:20:00Z,5323.89093574,5324.27443952,5323.34685932,5323.73035154,3722.01971763,372
2026-01-03T18:21:00Z,5323.73035154,5326.41657198,5322.11437300,5324.80026868,11813.24361651,1181
2026-01-03T18:22:00Z,5324.80026868,5326.72465111,5321.24902224,5323.17281651,16900.20823875,1690
2026-01-03T18:23:00Z,5323.17281651,5323.83507048,5323.09285875,5323.75510398,3036.37628325,303
2026-01-03T18:24:00Z,5323.75510398,5325.84754895,5320.53697207,5322.62897443,8166.40213193,816
2026-01-03T18:25:00Z,5322.62897443,5322.99437386,5321.22822659,5321.59355494,18046.72277676,1804
2026-01-03T18:26:00Z,5321.59355494,5322.73221449,5321.29615235,5322.43476488,6420.61011325,642
2026-01-03T18:27:00Z,5322.43476488,5323.05843915,5321.58619738,5322.20984529,13050.57481884,1305
2026-01-03T18:28:00Z,5322.20984529,5323.67942088,5316.98260228,5318.45114001,17504.52925674,1750
2026-01-03T18:29:00Z,5318.45114001,5318.85305712,5317.86897031,5318.27087379,7559.36245562,755
2026-01-03T18:30:00Z,5318.27087379,5320.01958710,5317.25454378,5319.00311715,7564.21940334,756
2026-01-03T18:31:00Z,5319.00311715,5319.04299034,5318.70680528,5318.74667654,15046.81358287,1504
2026-01-03T18:32:00Z,5318.74667654,5320.64937582,5315.50837531,5317.41059662,13576.21605052,1357
2026-01-03T18:33:00Z,5317.41059662,5318.49430574,5314.95713663,5316.04056654,41958.29402259,4195
2026-01-03T18:34:00Z,5316.04056654,5320.45863216,5314.06459258,5318.48175082,10171.94865241,1017
2026-01-03T18:35:00Z,5318.48175082,5318.91471016,5315.89504742,5316.32783142,19455.86071781,1945
2026-01-03T18:36:00Z,5316.32783142,5318.38002761,5314.60146886,5316.65355928,14125.52328905,1412
2026-01-03T18:37:00Z,5316.65355928,5321.47302632,5314.67896567,5319.49737652,9905.14822172,990
2026-01-03T18:38:00Z,5319.49737652,5321.22096412,5317.99749425,5319.72101879,11676.38115762,1167
2026-01-03T18:39:00Z,5319.72101879,5321.47654850,5317.73116236,5319.48661472,5879.53297761,587
2026-01-03T18:40:00Z,5319.48661472,5320.13837610,5317.75773198,5318.40936137,27031.34368936,2703
2026-01-03T18:41:00Z,5318.40936137,5320.78837633,5317.44468438,5319.82344284,60273.04075173,6027
2026-01-03T18:42:00Z,5319.82344284,5320.22518163,5319.21285520,5319.61457821,11159.52311205,1115
2026-01-03T18:43:00Z,5319.61457821,5324.72671545,5316.88429002,5321.99520540,9656.50898219,965
2026-01-03T18:44:00Z,5321.99520540,5324.02473638,5321.10020230,5323.12954252,25194.57229751,2519
2026-01-03T18:45:00Z,5323.12954252,5324.28530596,5320.97594438,5322.13149113,6733.87452439,673
2026-01-03T18:46:00Z,5322.13149113,5322.43121164,5321.59225400,5321.89196102,19815.43307368,1981
2026-01-03T18:47:00Z,5321.89196102,5324.72018948,5320.24580465,5323.07366758,9241.67432211,924
2026-01-03T18:48:00Z,5323.07366758,5324.43848357,5321.79344213,5323.15823777,2415.41206466,241
2026-01-03T18:49:00Z,5323.15823777,5324.35801632,5322.23497041,5323.43470101,13701.62652806,1370
2026-01-03T18:50:00Z,5323.43470101,5323.51182246,5321.94890410,5322.02600515,41382.93572843,4138
2026-01-03T18:51:00Z,5322.02600515,5325.80590274,5320.02006245,5323.79929167,620.75896431,62
2026-01-03T18:52:00Z,5323.79929167,5324.95936965,5321.66986957,5322.82973628,7718.20078349,771
2026-01-03T18:53:00Z,5322.82973628,5324.49103515,5322.69283418,5324.35409385,50368.02374747,5036
2026-01-03T18:54:00Z,5324.35409385,5327.84442133,5322.58812301,5326.07787874,33770.14049576,3377
2026-01-03T18:55:00Z,5326.07787874,5326.43531853,5325.17571450,5325.53311772,11694.83583593,1169
2026-01-03T18:56:00Z,5325.53311772,5327.00132961,5322.34891319,5323.81665186,20656.56167597,2065
2026-01-03T18:57:00Z,5323.81665186,5324.94631503,5322.63837238,5323.76802523,6552.06502809,655
2026-01-03T18:58:00Z,5323.76802523,5326.88373906,5322.55161721,5325.66689718,57936.45461605,5793
2026-01-03T18:59:00Z,5325.66689718,5327.47420245,5325.23425187,5327.04144547,646.91480496,64
2026-01-03T19:00:00Z,5327.04144547,5329.30536285,5325.95982438,5328.22350175,24690.11095397,2469
2026-01-03T19:01:00Z,5328.22350175,5329.51581122,5327.28821770,5328.58046451,8096.44633782,809
2026-01-03T19:02:00Z,5328.58046451,5331.35366976,5326.28652828,5329.05952730,23833.82131018,2383
2026-01-03T19:03:00Z,5329.05952730,5330.40545456,5328.75154238,5330.09740966,12239.39258335,1223
2026-01-03T19:04:00Z,5330.09740966,5331.41242227,5327.82161029,5329.13638580,21855.23907646,2185
2026-01-03T19:05:00Z,5329.13638580,5329.69273410,5329.03052034,5329.58685968,3126.50978936,312
2026-01-03T19:06:00Z,5329.58685968,5330.63853669,5328.76643673,5329.81807814,15096.90948837,1509
2026-01-03T19:07:00Z,5329.81807814,5331.11969225,5329.64480121,5330.94637864,9684.35246577,968
2026-01-03T19:08:00Z,5330.94637864,5331.29942456,5329.74047294,5330.09346237,4790.36492133,479
2026-01-03T19:09:00Z,5330.09346237,5333.41824010,5329.26675852,5332.59114885,34456.21651771,3445
2026-01-03T19:10:00Z,5332.59114885,5333.22165288,5332.42070264,5333.05119196,16078.65185145,1607
2026-01-03T19:11:00Z,5333.05119196,5336.70590258,5332.20819063,5335.86245686,17025.42030047,1702
2026-01-03T19:12:00Z,5335.86245686,5337.43881232,5332.53121260,5334.10704946,15081.67529912,1508
2026-01-03T19:13:00Z,5334.10704946,5334.82444830,5333.62153883,5334.33891657,15150.16045232,1515
2026-01-03T19:14:00Z,5334.33891657,5334.45147128,5334.22081730,5334.33337190,10273.87069137,1027
2026-01-03T19:15:00Z,5334.33337190,5335.25405747,5330.18786328,5331.10799215,23105.89516774,2310
2026-01-03T19:16:00Z,5331.10799215,5332.37182567,5330.46276206,5331.72652072,8965.41833701,896
2026-01-03T19:17:00Z,5331.72652072,5333.89154732,5328.41316054,5330.57772066,22422.05420893,2242
2026-01-03T19:18:00Z,5330.57772066,5331.62770341,5329.90012958,5330.95006500,7936.05912986,793
2026-01-03T19:19:00Z,5330.95006500,5332.10773884,5324.83654543,5325.99314281,34006.14616199,3400
2026-01-03T19:20:00Z,5325.99314281,5326.03092121,5325.62374054,5325.66151658,33190.51012081,3319
2026-01-03T19:21:00Z,5325.66151658,5326.73230973,5323.01142178,5324.08189732,11807.07711783,1180
2026-01-03T19:22:00Z,5324.08189732,5324.82641754,5323.82421602,5324.56871267,2494.17326614,249
2026-01-03T19:23:00Z,5324.56871267,5325.43587088,5323.55401795,5324.42115212,5653.93817020,565
2026-01-03T19:24:00Z,5324.42115212,5326.04624752,5323.80977865,5325.43475766,42706.64836224,4270
2026-01-03T19:25:00Z,5325.43475766,5327.86962395,5325.27918378,5327.71398349,79244.69584664,7924
2026-01-03T19:26:00Z,5327.71398349,5328.02497047,5326.61083307,5326.92177381,4133.44066436,413
2026-01-03T19:27:00Z,5326.92177381,5328.15495214,5324.35753465,5325.59040477,5507.63014552,550
2026-01-03T19:28:00Z,5325.59040477,5326.17272411,5325.10394718,5325.68625777,11489.70748033,1148
2026-01-03T19:29:00Z,5325.68625777,5328.43961572,5325.45705657,5328.21030589,47763.80082391,4776
2026-01-03T19:30:00Z,5328.21030589,5331.50961061,5327.42603259,5330.72496718,35947.11562343,3594
2026-01-03T19:31:00Z,5330.72496718,5332.09518149,5327.85907072,5329.22890048,18032.80384419,1803
2026-01-03T19:32:00Z,5329.22890048,5331.65219114,5328.75535257,5331.17846999,24399.90867441,2439
2026-01-03T19:33:00Z,5331.17846999,5332.79886593,5329.34335013,5330.96368079,12953.83420418,1295
2026-01-03T19:34:00Z,5330.96368079,5331.15334711,5329.89614191,5330.08577700,20586.28694855,2058
2026-01-03T19:35:00Z,5330.08577700,5332.30888456,5327.76874311,5329.99181149,13331.42412195,1333
2026-01-03T19:36:00Z,5329.99181149,5330.14630895,5329.98931612,5330.14381351,9039.94581982,903
2026-01-03T19:37:00Z,5330.14381351,5334.04691413,5328.46063957,5332.36303939,14263.92993055,1426
2026-01-03T19:38:00Z,5332.36303939,5334.57741672,5329.00931292,5331.22321690,2330.63527840,233
2026-01-03T19:39:00Z,5331.22321690,5333.50024620,5327.68663066,5329.96312176,27866.66795042,2786
2026-01-03T19:40:00Z,5329.96312176,5330.85939700,5326.64540843,5327.54127641,11126.99525372,1112
2026-01-03T19:41:00Z,5327.54127641,5328.47626946,5326.99361319,5327.92856642,6446.25472079,644
2026-01-03T19:42:00Z,5327.92856642,5330.77861710,5327.89755025,5330.74758452,25254.57904890,2525
2026-01-03T19:43:00Z,5330.74758452,5333.95837301,5329.01858508,5332.22889312,4630.92962609,463
2026-01-03T19:44:00Z,5332.22889312,5332.41147951,5329.12832047,5329.31080695,35235.19569832,3523
2026-01-03T19:45:00Z,5329.31080695,5330.40875189,5327.24526804,5328.34301360,12026.21456821,1202
2026-01-03T19:46:00Z,5328.34301360,5328.50772258,5325.88461470,5326.04925278,16138.24342769,1613
2026-01-03T19:47:00Z,5326.04925278,5327.20706990,5324.24291874,5325.40059486,13177.55750807,1317
2026-01-03T19:48:00Z,5325.40059486,5327.97800314,5323.90704172,5326.48414611,13772.08760037,1377
2026-01-03T19:49:00Z,5326.48414611,5328.44871433,5324.77099656,5326.73548394,18520.83449686,1852
2026-01-03T19:50:00Z,5326.73548394,5329.09075826,5321.94240957,5324.29660552,36129.21043374,3612
2026-01-03T19:51:00Z,5324.29660552,5325.94301058,5323.28751083,5324.93379512,4440.34208517,444
2026-01-03T19:52:00Z,5324.93379512,5326.07529015,5322.40529124,5323.54648888,19543.88033173,1954
2026-01-03T19:53:00Z,5323.54648888,5324.50147633,5322.98536114,5323.94030708,6313.55810185,631
2026-01-03T19:54:00Z,5323.94030708,5324.58263144,5321.98874174,5322.63090812,8630.03217475,863
2026-01-03T19:55:00Z,5322.63090812,5323.73972847,5321.91490407,5323.02367159,14476.55306400,1447
2026-01-03T19:56:00Z,5323.02367159,5323.89479915,5322.79421026,5323.66531015,16738.46180870,1673
2026-01-03T19:57:00Z,5323.66531015,5324.40215751,5323.10566441,5323.84249315,9675.89524144,967
2026-01-03T19:58:00Z,5323.84249315,5325.24506674,5322.19520885,5323.59771796,13168.70138855,1316
2026-01-03T19:59:00Z,5323.59771796,5325.79948494,5322.50314258,5324.70468196,7516.14428717,751
2026-01-03T20:00:00Z,5324.70468196,5327.37160459,5323.76796403,5326.43458234,20019.45544962,2001
2026-01-03T20:01:00Z,5326.43458234,5328.07164810,5326.23127629,5327.86828733,3383.32119962,338
2026-01-03T20:02:00Z,5327.86828733,5330.01763016,5324.63192563,5326.78082977,12636.25599644,1263
2026-01-03T20:03:00Z,5326.78082977,5327.22372839,5326.05174169,5326.49461651,7041.81621273,704
2026-01-03T20:04:00Z,5326.49461651,5326.77849951,5326.14915060,5326.43303032,6445.44393247,644
2026-01-03T20:05:00Z,5326.43303032,5328.89721824,5325.69828581,5328.16223519,19644.93204102,1964
2026-01-03T20:06:00Z,5328.16223519,5329.18901765,5325.53926371,5326.56573851,21661.76959364,2166
2026-01-03T20:07:00Z,5326.56573851,5328.07261348,5325.07766535,5326.58453506,2376.32631779,237
2026-01-03T20:08:00Z,5326.58453506,5328.15714412,5322.71074270,5324.28267216,37910.42304206,3791
2026-01-03T20:09:00Z,5324.28267216,5325.70697111,5323.56868826,5324.99289197,1214.97858514,121
2026-01-03T20:10:00Z,5324.99289197,5325.66201278,5324.51249408,5325.18159786,37693.18244476,3769
2026-01-03T20:11:00Z,5325.18159786,5327.50774603,5324.44614249,5326.77207100,42512.74597385,4251
2026-01-03T20:12:00Z,5326.77207100,5327.02466950,5325.35125702,5325.60380012,20489.50740584,2048
2026-01-03T20:13:00Z,5325.60380012,5326.08276327,5325.14623592,5325.62519723,1680.30897775,168
2026-01-03T20:14:00Z,5325.62519723,5325.76348632,5325.15216650,5325.29044690,10777.39931213,1077
2026-01-03T20:15:00Z,5325.29044690,5327.33035183,5323.41789800,5325.45774410,5874.50153831,587
2026-01-03T20:16:00Z,5325.45774410,5326.00351129,5323.63094547,5324.17658135,12689.69937395,1268
2026-01-03T20:17:00Z,5324.17658135,5327.38576807,5323.38547902,5326.59430650,39075.39824859,3907
2026-01-03T20:18:00Z,5326.59430650,5326.94381772,5324.72186233,5325.07127362,19220.80273899,1922
2026-01-03T20:19:00Z,5325.07127362,5325.32014141,5324.02523451,5324.27406504,5246.46036431,524
2026-01-03T20:20:00Z,5324.27406504,5325.60105229,5323.76902245,5325.09593175,7875.71351541,787
2026-01-03T20:21:00Z,5325.09593175,5326.86125777,5324.27743170,5326.04261221,17961.86561459,1796
2026-01-03T20:22:00Z,5326.04261221,5326.27256678,5323.22728070,5323.45712364,23303.08452514,2330
2026-01-03T20:23:00Z,5323.45712364,5325.63678389,5323.04293397,5325.22245687,13108.84400603,1310
2026-01-03T20:24:00Z,5325.22245687,5328.21592382,5324.40225600,5327.39538827,30088.39012706,3008
2026-01-03T20:25:00Z,5327.39538827,5330.13361511,5326.78864393,5329.52662803,33873.84726213,3387
2026-01-03T20:26:00Z,5329.52662803,5333.71148498,5328.61546612,5332.79976348,10156.95085823,1015
2026-01-03T20:27:00Z,5332.79976348,5338.07214506,5331.13446589,5336.40572142,88912.26956055,8891
2026-01-03T20:28:00Z,5336.40572142,5337.36927916,5335.95706100,5336.92057545,14944.34374759,1494
2026-01-03T20:29:00Z,5336.92057545,5338.98151716,5336.49868578,5338.55949793,24801.36548681,2480
2026-01-03T20:30:00Z,5338.55949793,5341.09153487,5337.68643683,5340.21820252,90150.53130076,9015
2026-01-03T20:31:00Z,5340.21820252,5343.57568798,5339.39672599,5342.75382140,70388.63297971,7038
2026-01-03T20:32:00Z,5342.75382140,5344.97377423,5341.82623415,5344.04596265,4897.81386867,489
2026-01-03T20:33:00Z,5344.04596265,5346.02541788,5343.71333795,5345.69269069,6867.90654192,686
2026-01-03T20:34:00Z,5345.69269069,5345.86157502,5345.16123234,5345.33010521,19628.38005460,1962
2026-01-03T20:35:00Z,5345.33010521,5347.97731515,5344.98962259,5347.63668560,3220.75706248,322
2026-01-03T20:36:00Z,5347.63668560,5349.09410324,5347.40427989,5348.86164430,17290.69300488,1729
2026-01-03T20:37:00Z,5348.86164430,5350.19846675,5348.77948777,5350.11629095,18084.40943374,1808
2026-01-03T20:38:00Z,5350.11629095,5352.16304254,5349.76093433,5351.80757359,30525.87246810,3052
2026-01-03T20:39:00Z,5351.80757359,5351.96136563,5351.07974741,5351.23352296,6876.35974049,687
2026-01-03T20:40:00Z,5351.23352296,5352.98437158,5351.09789898,5352.84870666,64415.93233945,6441
2026-01-03T20:41:00Z,5352.84870666,5353.86385952,5352.48196334,5353.49707178,17212.72465042,1721
2026-01-03T20:42:00Z,5353.49707178,5354.83147803,5353.48395614,5354.81835916,43943.49837033,4394
2026-01-03T20:43:00Z,5354.81835916,5356.98351917,5353.79421601,5355.95915785,24618.39277706,2461
2026-01-03T20:44:00Z,5355.95915785,5357.80591884,5354.92796580,5356.77456980,17493.41632775,1749
2026-01-03T20:45:00Z,5356.77456980,5357.42570504,5355.35340641,5356.00444804,12640.79857345,1264
2026-01-03T20:46:00Z,5356.00444804,5356.58574060,5355.29093823,5355.87221644,6738.57248259,673
2026-01-03T20:47:00Z,5355.87221644,5356.49660023,5355.72806829,5356.35243915,7327.68205535,732
2026-01-03T20:48:00Z,5356.35243915,5356.47494271,5355.62911156,5355.75160138,35180.52433555,3518
2026-01-03T20:49:00Z,5355.75160138,5356.76327106,5355.23410506,5356.24572700,11672.62480427,1167
2026-01-03T20:50:00Z,5356.24572700,5357.48987320,5355.80694092,5357.05102116,44375.92410781,4437
2026-01-03T20:51:00Z,5357.05102116,5359.45985747,5356.02685179,5358.43542344,15668.45923965,1566
2026-01-03T20:52:00Z,5358.43542344,5359.75043344,5358.40911367,5359.72411735,2705.14691329,270
2026-01-03T20:53:00Z,5359.72411735,5361.18069596,5358.68367036,5360.14016821,13313.87927527,1331
2026-01-03T20:54:00Z,5360.14016821,5361.36420520,5358.60984671,5359.83381374,9100.67218685,910
2026-01-03T20:55:00Z,5359.83381374,5361.06296905,5359.14505750,5360.37414338,2065.36658256,206
2026-01-03T20:56:00Z,5360.37414338,5361.40594743,5359.59146796,5360.62323564,7742.86750209,774
2026-01-03T20:57:00Z,5360.62323564,5361.00885043,5360.51393426,5360.89954343,19588.87747655,1958
2026-01-03T20:58:00Z,5360.89954343,5361.64184035,5359.98711844,5360.72939180,8697.79833832,869
2026-01-03T20:59:00Z,5360.72939180,5362.06887888,5359.28973884,5360.62920089,4728.76483073,472
2026-01-03T21:00:00Z,5360.62920089,5361.47362730,5360.44544834,5361.28985211,13022.20350125,1302
2026-01-03T21:01:00Z,5361.28985211,5363.46086279,5360.66611057,5362.83694126,56697.93732635,5669
2026-01-03T21:02:00Z,5362.83694126,5363.23609107,5362.47814599,5362.87729311,40218.27728507,4021
2026-01-03T21:03:00Z,5362.87729311,5364.91964395,5362.52150293,5364.56374188,2302.46252784,230
2026-01-03T21:04:00Z,5364.56374188,5366.24044871,5363.75511943,5365.43169543,6601.15518879,660
2026-01-03T21:05:00Z,5365.43169543,5365.60423713,5364.87688622,5365.04941563,8555.00950757,855
2026-01-03T21:06:00Z,5365.04941563,5366.42764445,5363.64256535,5365.02078681,2218.43864666,221
2026-01-03T21:07:00Z,5365.02078681,5365.54348081,5364.05150232,5364.57415280,1788.35561591,178
2026-01-03T21:08:00Z,5364.57415280,5365.77300586,5363.94355469,5365.14234096,49493.58202649,4949
2026-01-03T21:09:00Z,5365.14234096,5365.30657070,5365.11235458,5365.27658357,4791.13648757,479
2026-01-03T21:10:00Z,5365.27658357,5366.65323173,5364.04193376,5365.41854925,3282.25182831,328
2026-01-03T21:11:00Z,5365.41854925,5366.18439837,5364.32069960,5365.08650132,6854.19031048,685
2026-01-03T21:12:00Z,5365.08650132,5365.42555209,5364.68441373,5365.02346051,4449.43938419,444
2026-01-03T21:13:00Z,5365.02346051,5366.04796395,5364.90496894,5365.92945236,6370.29102612,637
2026-01-03T21:14:00Z,5365.92945236,5366.19614547,5365.68805663,5365.95474860,395.96577276,39
2026-01-03T21:15:00Z,5365.95474860,5366.87475544,5365.63525745,5366.55522853,13281.28529220,1328
2026-01-03T21:16:00Z,5366.55522853,5367.26250508,5366.22275530,5366.93000863,5720.07188605,572
2026-01-03T21:17:00Z,5366.93000863,5367.16167735,5366.46815884,5366.69981763,16168.63209381,1616
2026-01-03T21:18:00Z,5366.69981763,5368.68581652,5365.51728576,5367.50310765,18868.72351977,1886
2026-01-03T21:19:00Z,5367.50310765,5367.97137301,5366.03518885,5366.50336699,53828.62494140,5382
2026-01-03T21:20:00Z,5366.50336699,5367.98150230,5365.27130789,5366.74938672,3816.33473697,381
2026-01-03T21:21:00Z,5366.74938672,5367.00835744,5366.17426425,5366.43321971,8786.09326125,878
2026-01-03T21:22:00Z,5366.43321971,5368.92793070,5366.26230142,5368.75693840,50823.90439598,5082
2026-01-03T21:23:00Z,5368.75693840,5370.31776401,5368.22459966,5369.78532330,30067.83687694,3006
2026-01-03T21:24:00Z,5369.78532330,5371.92571142,5368.57316013,5370.71333875,38075.49913937,3807
2026-01-03T21:25:00Z,5370.71333875,5370.84397134,5370.44971257,5370.58034192,5770.99272134,577
2026-01-03T21:26:00Z,5370.58034192,5371.36255651,5368.40780940,5369.18982146,9178.48914494,917
2026-01-03T21:27:00Z,5369.18982146,5369.36829136,5368.68064552,5368.85910444,4478.57393383,447
2026-01-03T21:28:00Z,5368.85910444,5369.11437367,5367.87128059,5368.12651500,30978.53765004,3097
2026-01-03T21:29:00Z,5368.12651500,5369.45707150,5365.74294550,5367.07324094,12906.70730516,1290
2026-01-03T21:30:00Z,5367.07324094,5369.03428856,5365.97259449,5367.93346570,60867.23075980,6086
2026-01-03T21:31:00Z,5367.93346570,5370.10315085,5366.80841648,5368.97788274,59556.63465869,5955
2026-01-03T21:32:00Z,5368.97788274,5369.71644677,5368.85481300,5369.59336291,15988.35590221,1598
2026-01-03T21:33:00Z,5369.59336291,5370.21534875,5367.56252557,5368.18434819,78431.48385269,7843
2026-01-03T21:34:00Z,5368.18434819,5369.04484364,5367.44649193,5368.30697053,20117.12381229,2011
2026-01-03T21:35:00Z,5368.30697053,5369.67806024,5366.47944255,5367.85041566,48782.73406365,4878
2026-01-03T21:36:00Z,5367.85041566,5368.64005327,5366.00294977,5366.79243175,23126.83574885,2312
2026-01-03T21:37:00Z,5366.79243175,5367.38882771,5366.38975801,5366.98613943,9757.93458029,975
2026-01-03T21:38:00Z,5366.98613943,5369.13679603,5366.31224259,5368.46271378,34247.38192941,3424
2026-01-03T21:39:00Z,5368.46271378,5368.92103516,5367.40438964,5367.86265979,17527.98928936,1752
2026-01-03T21:40:00Z,5367.86265979,5368.83219015,5366.21028722,5367.17969422,27414.15030186,2741
2026-01-03T21:41:00Z,5367.17969422,5368.07523492,5366.56275944,5367.45826812,12911.73245706,1291
2026-01-03T21:42:00Z,5367.45826812,5368.20655983,5367.24578362,5367.99405412,9642.00636279,964
2026-01-03T21:43:00Z,5367.99405412,5368.94328384,5366.65674607,5367.60590716,2371.56102250,237
2026-01-03T21:44:00Z,5367.60590716,5367.71089686,5366.83099014,5366.93596674,31597.35128701,3159
2026-01-03T21:45:00Z,5366.93596674,5367.30557233,5366.91098565,5367.28058964,4366.09900800,436
2026-01-03T21:46:00Z,5367.28058964,5367.92433019,5365.14250842,5365.78606972,39961.10239869,3996
2026-01-03T21:47:00Z,5365.78606972,5365.85650903,5365.62760031,5365.69803847,37032.18923528,3703
2026-01-03T21:48:00Z,5365.69803847,5365.84676497,5363.83897502,5363.98765411,75002.67464178,7500
2026-01-03T21:49:00Z,5363.98765411,5364.72821862,5363.31319488,5364.05375108,16038.41499192,1603
2026-01-03T21:50:00Z,5364.05375108,5364.65035480,5363.27176069,5363.86834380,8432.87071422,843
2026-01-03T21:51:00Z,5363.86834380,5363.88637018,5363.76163213,5363.77965821,28372.12566515,2837
2026-01-03T21:52:00Z,5363.77965821,5365.23690865,5363.25388616,5364.71104530,19912.26606051,1991
2026-01-03T21:53:00Z,5364.71104530,5364.87266509,5364.57263620,5364.73425538,6866.17431687,686
2026-01-03T21:54:00Z,5364.73425538,5365.26322587,5363.60499526,5364.13390655,8116.14018842,811
2026-01-03T21:55:00Z,5364.13390655,5364.86418082,5363.41089565,5364.14116894,14995.13493611,1499
2026-01-03T21:56:00Z,5364.14116894,5364.54978420,5364.00592627,5364.41453464,11321.66298694,1132
2026-01-03T21:57:00Z,5364.41453464,5365.32225291,5363.67968618,5364.58738077,15714.01425564,1571
2026-01-03T21:58:00Z,5364.58738077,5365.02660679,5363.62052375,5364.05970656,6525.30746813,652
2026-01-03T21:59:00Z,5364.05970656,5365.10577372,5362.86188839,5363.90792595,37379.50072137,3737
2026-01-03T22:00:00Z,5363.90792595,5364.96048525,5362.90285606,5363.95540647,34140.24287673,3414
2026-01-03T22:01:00Z,5363.95540647,5364.83910280,5362.68299646,5363.56662875,18578.72620889,1857
2026-01-03T22:02:00Z,5363.56662875,5364.59553638,5361.12377230,5362.15240864,81470.01239122,8147
2026-01-03T22:03:00Z,5362.15240864,5365.22745013,5361.28601395,5364.36069863,8783.04508785,878
2026-01-03T22:04:00Z,5364.36069863,5366.31115600,5362.55903058,5364.50943799,16145.86881345,1614
2026-01-03T22:05:00Z,5364.50943799,5364.94334800,5363.83540409,5364.26929468,12385.59930391,1238
2026-01-03T22:06:00Z,5364.26929468,5367.06852438,5363.66643191,5366.46541480,60759.94942365,6075
2026-01-03T22:07:00Z,5366.46541480,5368.41052541,5366.29140555,5368.23645874,9403.60763715,940
2026-01-03T22:08:00Z,5368.23645874,5368.94074739,5368.07517101,5368.77944336,23678.57316365,2367
2026-01-03T22:09:00Z,5368.77944336,5369.76387806,5368.29877037,5369.28315998,17045.14301016,1704
2026-01-03T22:10:00Z,5369.28315998,5370.11372061,5367.70292918,5368.53337383,6881.74421837,688
2026-01-03T22:11:00Z,5368.53337383,5369.55822008,5367.40656676,5368.43139355,3794.80079184,379
2026-01-03T22:12:00Z,5368.43139355,5370.15576672,5365.36884829,5367.09279149,9420.78214803,942
2026-01-03T22:13:00Z,5367.09279149,5368.35108731,5364.98673951,5366.24483653,41959.96387446,4195
2026-01-03T22:14:00Z,5366.24483653,5368.66564282,5365.59196402,5368.01255524,16413.43772182,1641
2026-01-03T22:15:00Z,5368.01255524,5368.54527128,5367.96419014,5368.49690181,7621.58030502,762
2026-01-03T22:16:00Z,5368.49690181,5368.81549041,5368.35671780,5368.67530173,6537.86406620,653
2026-01-03T22:17:00Z,5368.67530173,5370.77522344,5367.05371393,5369.15349120,4455.97677624,445
2026-01-03T22:18:00Z,5369.15349120,5371.53093929,5368.01711622,5370.39430170,11446.82818313,1144
2026-01-03T22:19:00Z,5370.39430170,5373.47517735,5368.24298443,5371.32348786,17892.60547730,1789
2026-01-03T22:20:00Z,5371.32348786,5372.01185279,5370.57474836,5371.26310555,11984.73244451,1198
2026-01-03T22:21:00Z,5371.26310555,5373.40867259,5369.87969451,5372.02506530,25185.91085894,2518
2026-01-03T22:22:00Z,5372.02506530,5373.35826111,5369.01060004,5370.34337851,13471.23810913,1347
2026-01-03T22:23:00Z,5370.34337851,5372.19418479,5369.39397043,5371.24461738,34782.10892603,3478
2026-01-03T22:24:00Z,5371.24461738,5371.55916826,5368.21950405,5368.53389618,34328.03652985,3432
2026-01-03T22:25:00Z,5368.53389618,5370.42562178,5367.44884607,5369.34040866,47583.43269925,4758
2026-01-03T22:26:00Z,5369.34040866,5370.91037379,5367.87541392,5369.44535041,25016.79071331,2501
2026-01-03T22:27:00Z,5369.44535041,5370.26229319,5368.43310840,5369.25002147,7517.45749596,751
2026-01-03T22:28:00Z,5369.25002147,5369.28588089,5368.83778849,5368.87364540,2184.04154973,218
2026-01-03T22:29:00Z,5368.87364540,5369.10443273,5366.13663937,5366.36731896,41058.52572507,4105
2026-01-03T22:30:00Z,5366.36731896,5367.94022325,5363.83839133,5365.41101531,15590.89330211,1559
2026-01-03T22:31:00Z,5365.41101531,5367.38107094,5365.30030296,5367.27032022,46886.31581636,4688
2026-01-03T22:32:00Z,5367.27032022,5370.16807706,5366.38960448,5369.28703039,18295.83431471,1829
2026-01-03T22:33:00Z,5369.28703039,5369.33811442,5368.77580135,5368.82688100,6723.94173422,672
2026-01-03T22:34:00Z,5368.82688100,5372.36421712,5367.46159943,5370.99838334,20573.94482643,2057
2026-01-03T22:35:00Z,5370.99838334,5371.03078588,5370.92968593,5370.96208824,21931.90458030,2193
2026-01-03T22:36:00Z,5370.96208824,5371.33898443,5370.49320170,5370.87009143,7447.66054928,744
2026-01-03T22:37:00Z,5370.87009143,5371.86301340,5369.90641083,5370.89932755,10220.17883996,1022
2026-01-03T22:38:00Z,5370.89932755,5371.53073133,5369.88326297,5370.51462153,35856.22947838,3585
2026-01-03T22:39:00Z,5370.51462153,5372.68027135,5369.27334284,5371.43877906,14942.25760323,1494
2026-01-03T22:40:00Z,5371.43877906,5372.95461825,5371.41739560,5372.93322885,10126.30736236,1012
2026-01-03T22:41:00Z,5372.93322885,5373.73619312,5370.82086791,5371.62363646,17590.41590820,1759
2026-01-03T22:42:00Z,5371.62363646,5372.11422187,5369.90234361,5370.39281661,14944.87428621,1494
2026-01-03T22:43:00Z,5370.39281661,5372.58549916,5368.79678174,5370.98928702,12206.67927811,1220
2026-01-03T22:44:00Z,5370.98928702,5373.40343632,5370.70642097,5373.12045802,2364.86214294,236
2026-01-03T22:45:00Z,5373.12045802,5373.54690656,5371.95384089,5372.38023068,4788.43139075,478
2026-01-03T22:46:00Z,5372.38023068,5373.54352465,5371.31091992,5372.47419518,11970.62396882,1197
2026-01-03T22:47:00Z,5372.47419518,5372.56638058,5371.39270236,5371.48487078,13377.34039028,1337
2026-01-03T22:48:00Z,5371.48487078,5372.83678858,5368.67685004,5370.02840128,13030.66109703,1303
2026-01-03T22:49:00Z,5370.02840128,5372.33320942,5369.88762839,5372.19237980,9803.77651105,980
2026-01-03T22:50:00Z,5372.19237980,5373.02518848,5371.50957815,5372.34236777,17889.19331912,1788
2026-01-03T22:51:00Z,5372.34236777,5375.38488993,5371.12106316,5374.16317140,20164.01682592,2016
2026-01-03T22:52:00Z,5374.16317140,5375.30204347,5373.47967993,5374.61849409,10918.90401375,1091
2026-01-03T22:53:00Z,5374.61849409,5374.74047505,5372.16426522,5372.28619325,18112.58588912,1811
2026-01-03T22:54:00Z,5372.28619325,5372.93341743,5371.15195209,5371.79911759,9511.37191295,951
2026-01-03T22:55:00Z,5371.79911759,5375.13792345,5370.85706640,5374.19545201,28051.22597763,2805
2026-01-03T22:56:00Z,5374.19545201,5376.37853195,5372.61031889,5374.79322252,8052.87100624,805
2026-01-03T22:57:00Z,5374.79322252,5376.40661576,5374.10805737,5375.72133230,3506.93957852,350
2026-01-03T22:58:00Z,5375.72133230,5377.83458425,5372.68458516,5374.79747393,15836.10353853,1583
2026-01-03T22:59:00Z,5374.79747393,5375.09656462,5374.01277655,5374.31184021,37899.00628101,3789
2026-01-03T23:00:00Z,5374.31184021,5375.36757743,5373.58609704,5374.64178970,9060.82760142,906
2026-01-03T23:01:00Z,5374.64178970,5376.38226838,5374.02704266,5375.76739260,8361.45659510,836
2026-01-03T23:02:00Z,5375.76739260,5377.66195052,5375.54755963,5377.44204907,10215.73683049,1021
2026-01-03T23:03:00Z,5377.44204907,5377.89474249,5376.00551730,5376.45812789,9361.93810475,936
2026-01-03T23:04:00Z,5376.45812789,5378.49016868,5375.65514572,5377.68700297,12285.26518850,1228
2026-01-03T23:05:00Z,5377.68700297,5378.85701773,5375.70647313,5376.87631151,38464.44338737,3846
2026-01-03T23:06:00Z,5376.87631151,5379.56613942,5375.03434989,5377.72388745,37376.38928457,3737
2026-01-03T23:07:00Z,5377.72388745,5379.20188036,5377.11919448,5378.59708921,10778.86584647,1077
2026-01-03T23:08:00Z,5378.59708921,5380.59491368,5377.55674096,5379.55438027,50642.71836278,5064
2026-01-03T23:09:00Z,5379.55438027,5381.19245173,5377.14639413,5378.78423108,5137.30065984,513
2026-01-03T23:10:00Z,5378.78423108,5378.97113929,5378.14897490,5378.33586753,2661.76240797,266
2026-01-03T23:11:00Z,5378.33586753,5380.76693977,5377.50274125,5379.93356601,48384.51727553,4838
2026-01-03T23:12:00Z,5379.93356601,5381.20762889,5379.85468923,5381.12873459,17742.06586031,1774
2026-01-03T23:13:00Z,5381.12873459,5382.51321284,5377.47404974,5378.85794375,48434.44583054,4843
2026-01-03T23:14:00Z,5378.85794375,5379.56456786,5378.18888122,5378.89550066,33835.60685186,3383
2026-01-03T23:15:00Z,5378.89550066,5380.42180916,5377.55509708,5379.08135927,15106.45157881,1510
2026-01-03T23:16:00Z,5379.08135927,5380.71359996,5378.57418204,5380.20631666,16605.17324769,1660
2026-01-03T23:17:00Z,5380.20631666,5381.32983676,5378.35436742,5379.47773537,24284.04909478,2428
2026-01-03T23:18:00Z,5379.47773537,5381.43378728,5378.27702213,5380.23290548,15567.70950365,1556
2026-01-03T23:19:00Z,5380.23290548,5380.64737985,5377.05088485,5377.46514600,48550.63914658,4855
2026-01-03T23:20:00Z,5377.46514600,5377.86935253,5376.49460834,5376.89877231,16324.68504182,1632
2026-01-03T23:21:00Z,5376.89877231,5380.05257974,5376.27977796,5379.43329361,7575.51230909,757
2026-01-03T23:22:00Z,5379.43329361,5379.55322780,5377.14337776,5377.26326357,20629.43343548,2062
2026-01-03T23:23:00Z,5377.26326357,5377.60149542,5375.02836818,5375.36648072,116342.19010383,11634
2026-01-03T23:24:00Z,5375.36648072,5376.62051471,5374.01585575,5375.26986720,7575.20539169,757
2026-01-03T23:25:00Z,5375.26986720,5375.53324329,5374.38181082,5374.64515629,28758.39424592,2875
2026-01-03T23:26:00Z,5374.64515629,5375.38219112,5372.18200644,5372.91880453,66091.24481935,6609
2026-01-03T23:27:00Z,5372.91880453,5373.86587292,5372.76715749,5373.71420343,2553.12762848,255
2026-01-03T23:28:00Z,5373.71420343,5373.98702884,5371.90163412,5372.17438136,15303.87383547,1530
2026-01-03T23:29:00Z,5372.17438136,5373.58152765,5370.77376481,5372.18090939,16082.12716842,1608
2026-01-03T23:30:00Z,5372.18090939,5373.72673449,5371.78981544,5373.33555648,19642.43638299,1964
2026-01-03T23:31:00Z,5373.33555648,5374.49764780,5371.88182390,5373.04385214,4373.86513558,437
2026-01-03T23:32:00Z,5373.04385214,5374.48305737,5372.34619898,5373.78530794,12050.20162807,1205
2026-01-03T23:33:00Z,5373.78530794,5374.98726500,5373.30639308,5374.50828570,11704.87103979,1170
2026-01-03T23:34:00Z,5374.50828570,5374.88587146,5373.70020284,5374.07775835,13774.96106620,1377
2026-01-03T23:35:00Z,5374.07775835,5374.69339102,5373.89169109,5374.50730888,44866.34857905,4486
2026-01-03T23:36:00Z,5374.50730888,5375.21652556,5372.60775767,5373.31681725,18051.66035940,1805
2026-01-03T23:37:00Z,5373.31681725,5374.19292520,5372.97188768,5373.84796153,1849.39107213,184
2026-01-03T23:38:00Z,5373.84796153,5374.18376866,5372.72377950,5373.05953735,25988.55119104,2598
2026-01-03T23:39:00Z,5373.05953735,5374.04075446,5371.16777726,5372.14882806,35250.81920610,3525
2026-01-03T23:40:00Z,5372.14882806,5372.57664010,5371.13517699,5371.56294237,20271.66013677,2027
2026-01-03T23:41:00Z,5371.56294237,5372.10070802,5370.72261892,5371.26035428,35825.00628023,3582
2026-01-03T23:42:00Z,5371.26035428,5372.56572813,5369.32560849,5370.63082935,15420.36985896,1542
2026-01-03T23:43:00Z,5370.63082935,5371.11265911,5369.89177408,5370.37358076,18207.72352573,1820
2026-01-03T23:44:00Z,5370.37358076,5370.59357349,5370.03685530,5370.25684326,2530.43134900,253
2026-01-03T23:45:00Z,5370.25684326,5370.67694203,5369.53700450,5369.95707982,10869.06255088,1086
2026-01-03T23:46:00Z,5369.95707982,5370.06722012,5368.98664218,5369.09676484,5649.59804611,564
2026-01-03T23:47:00Z,5369.09676484,5369.86964964,5367.42034465,5368.19309936,25081.32451951,2508
2026-01-03T23:48:00Z,5368.19309936,5369.16684444,5367.84492190,5368.81862641,4869.40323188,486
2026-01-03T23:49:00Z,5368.81862641,5369.36049938,5367.54885401,5368.09065351,45890.75802922,4589
2026-01-03T23:50:00Z,5368.09065351,5369.14118755,5367.46014890,5368.51063361,16517.25476822,1651
2026-01-03T23:51:00Z,5368.51063361,5368.73265457,5368.29587094,5368.51789161,7592.98356215,759
2026-01-03T23:52:00Z,5368.51789161,5369.88904433,5367.67460224,5369.04567207,14871.53187279,1487
2026-01-03T23:53:00Z,5369.04567207,5370.90466790,5367.30860588,5369.16756229,21167.28779044,2116
2026-01-03T23:54:00Z,5369.16756229,5369.42612522,5368.60096533,5368.85951343,4383.80460395,438
2026-01-03T23:55:00Z,5368.85951343,5369.37095008,5367.63712066,5368.14848958,56234.37395403,5623
2026-01-03T23:56:00Z,5368.14848958,5368.29130920,5367.98113519,5368.12395416,3010.64290963,301
2026-01-03T23:57:00Z,5368.12395416,5368.25532034,5367.95617689,5368.08754218,14639.50628271,1463
2026-01-03T23:58:00Z,5368.08754218,5369.30898099,5367.55415030,5368.77552075,34382.17135938,3438
2026-01-03T23:59:00Z,5368.77552075,5368.87997598,5367.70737562,5367.81181210,11388.05643822,1138
2026-01-04T00:00:00Z,5367.81181210,5369.96223197,5365.62502207,5367.77542737,11084.53093772,1108
2026-01-04T00:01:00Z,5367.77542737,5368.51044309,5365.61708699,5366.35190779,8277.57997889,827
2026-01-04T00:02:00Z,5366.35190779,5370.44689720,5363.97321750,5368.06744648,8294.73409235,829
2026-01-04T00:03:00Z,5368.06744648,5372.45440595,5365.11742446,5369.50359469,8177.93707700,817
2026-01-04T00:04:00Z,5369.50359469,5375.28226795,5355.29643146,5361.06602419,40701.77658942,4070
2026-01-04T00:05:00Z,5361.06602419,5363.14442581,5356.70291951,5358.78043504,6676.54023434,667
2026-01-04T00:06:00Z,5358.78043504,5360.12736036,5354.76028455,5356.10653778,13375.95646663,1337
2026-01-04T00:07:00Z,5356.10653778,5358.28615732,5354.09856365,5356.27811887,6833.29796476,683
2026-01-04T00:08:00Z,5356.27811887,5358.47518416,5355.47468660,5357.67154289,3600.56448599,360
2026-01-04T00:09:00Z,5357.67154289,5363.65520010,5341.83603780,5347.80867979,88386.81933062,8838
2026-01-04T00:10:00Z,5347.80867979,5354.15891049,5342.23700876,5348.58642915,9959.37511529,995
2026-01-04T00:11:00Z,5348.58642915,5350.99097709,5347.04708674,5349.45138574,18213.70532826,1821
2026-01-04T00:12:00Z,5349.45138574,5355.80294091,5343.68008397,5350.03101380,2201.69913876,220
2026-01-04T00:13:00Z,5350.03101380,5351.71489829,5350.01341193,5351.69729095,16331.75743693,1633
2026-01-04T00:14:00Z,5351.69729095,5354.33538730,5350.10948698,5352.74727181,12007.22356298,1200
2026-01-04T00:15:00Z,5352.74727181,5355.90314794,5342.56153800,5345.71326702,43713.04628075,4371
2026-01-04T00:16:00Z,5345.71326702,5347.19175894,5344.30836764,5345.78684023,10448.31241311,1044
2026-01-04T00:17:00Z,5345.78684023,5347.88767974,5344.89027489,5346.99091246,15228.88557651,1522
2026-01-04T00:18:00Z,5346.99091246,5348.33252912,5345.85694336,5347.19851600,10275.19757077,1027
2026-01-04T00:19:00Z,5347.19851600,5347.97477836,5345.97783443,5346.75403227,14293.84013743,1429
2026-01-04T00:20:00Z,5346.75403227,5349.78959693,5345.48352451,5348.51866985,30797.67268475,3079
2026-01-04T00:21:00Z,5348.51866985,5352.88188869,5345.50369588,5349.86615513,23654.42668194,2365
2026-01-04T00:22:00Z,5349.86615513,5351.42280476,5347.62304155,5349.17949138,10565.23329262,1056
2026-01-04T00:23:00Z,5349.17949138,5349.92836591,5345.98905282,5346.73758548,55915.59141912,5591
2026-01-04T00:24:00Z,5346.73758548,5349.07754460,5344.81411154,5347.15392089,30097.45756800,3009
2026-01-04T00:25:00Z,5347.15392089,5348.61980329,5346.66059902,5348.12639170,48474.43201978,4847
2026-01-04T00:26:00Z,5348.12639170,5349.84736608,5348.04502513,5349.76597456,17521.79127819,1752
2026-01-04T00:27:00Z,5349.76597456,5350.24490445,5349.51451433,5349.99343353,3273.43853068,327
2026-01-04T00:28:00Z,5349.99343353,5350.14544087,5349.65214238,5349.80414435,14462.38158828,1446
2026-01-04T00:29:00Z,5349.80414435,5350.35811681,5347.84635751,5348.40018459,24077.60034504,2407
2026-01-04T00:30:00Z,5348.40018459,5349.87526677,5347.30647175,5348.78147596,24874.71858337,2487
2026-01-04T00:31:00Z,5348.78147596,5349.78818892,5347.09409032,5348.10067515,10381.79590894,1038
2026-01-04T00:32:00Z,5348.10067515,5350.03857865,5346.37366782,5348.31150325,20354.38845589,2035
2026-01-04T00:33:00Z,5348.31150325,5349.08449873,5346.44659285,5347.21943050,14598.11543312,1459
2026-01-04T00:34:00Z,5347.21943050,5349.82290267,5343.36658985,5345.96945343,2135.94126563,213
2026-01-04T00:35:00Z,5345.96945343,5347.24904744,5344.70622107,5345.98581121,8847.46232776,884
2026-01-04T00:36:00Z,5345.98581121,5346.64873042,5344.70537503,5345.36821765,4463.85706140,446
2026-01-04T00:37:00Z,5345.36821765,5345.50897682,5342.02494863,5342.16562347,68880.63930687,6888
2026-01-04T00:38:00Z,5342.16562347,5342.70368647,5340.21192751,5340.74984791,24710.55914775,2471
2026-01-04T00:39:00Z,5340.74984791,5342.43876220,5338.59059738,5340.27936288,10710.33634342,1071
2026-01-04T00:40:00Z,5340.27936288,5341.95715576,5337.76527133,5339.44280138,7689.05092823,768
2026-01-04T00:41:00Z,5339.44280138,5341.60958491,5336.28186828,5338.44824821,7371.80902332,737
2026-01-04T00:42:00Z,5338.44824821,5339.43549946,5338.35872919,5339.34596539,37898.94440179,3789
2026-01-04T00:43:00Z,5339.34596539,5339.53785177,5338.36442528,5338.55628328,8301.50214232,830
2026-01-04T00:44:00Z,5338.55628328,5339.62728617,5336.55903195,5337.62984898,21285.26933033,2128
2026-01-04T00:45:00Z,5337.62984898,5339.18397455,5337.20796386,5338.76199994,11474.61594173,1147
2026-01-04T00:46:00Z,5338.76199994,5340.36520502,5338.08083718,5339.68392463,51877.63807684,5187
2026-01-04T00:47:00Z,5339.68392463,5340.82692220,5339.32450863,5340.46745346,20214.65666136,2021
2026-01-04T00:48:00Z,5340.46745346,5341.06942203,5339.59528529,5340.19722339,9831.35491468,983
2026-01-04T00:49:00Z,5340.19722339,5340.71590595,5339.88968232,5340.40835271,8551.13293700,855
2026-01-04T00:50:00Z,5340.40835271,5340.96164946,5340.12705430,5340.68033672,20781.41871342,2078
2026-01-04T00:51:00Z,5340.68033672,5340.74351778,5339.88614012,5339.94931253,13130.48691409,1313
2026-01-04T00:52:00Z,5339.94931253,5339.99341245,5339.89091816,5339.93501796,11236.37057467,1123
2026-01-04T00:53:00Z,5339.93501796,5341.52929380,5333.97498945,5335.56796147,28881.50513156,2888
2026-01-04T00:54:00Z,5335.56796147,5337.28746467,5334.97102176,5336.69039938,8056.08622875,805
2026-01-04T00:55:00Z,5336.69039938,5337.43567147,5336.52673232,5337.27198657,8557.61928581,855
2026-01-04T00:56:00Z,5337.27198657,5337.27591898,5336.51339351,5336.51732537,12830.56700148,1283
2026-01-04T00:57:00Z,5336.51732537,5338.65747428,5336.23278469,5338.37283467,27175.96021288,2717
2026-01-04T00:58:00Z,5338.37283467,5338.61980304,5337.22152108,5337.46844762,18799.53539682,1879
2026-01-04T00:59:00Z,5337.46844762,5338.97812756,5336.76891841,5338.27849218,15597.77792966,1559
2026-01-04T01:00:00Z,5338.27849218,5339.04452054,5337.11518553,5337.88115688,17971.39168008,1797
2026-01-04T01:01:00Z,5337.88115688,5339.33667479,5337.25487093,5338.71029156,1300.77501328,130
2026-01-04T01:02:00Z,5338.71029156,5339.27461542,5337.91743394,5338.48173364,5177.64701271,517
2026-01-04T01:03:00Z,5338.48173364,5341.79310706,5337.21646450,5340.52735309,75959.82772809,7595
2026-01-04T01:04:00Z,5340.52735309,5343.12235593,5339.01628051,5341.61097675,35653.68494278,3565
2026-01-04T01:05:00Z,5341.61097675,5342.44512849,5341.31338770,5342.14750955,2198.76708447,219
2026-01-04T01:06:00Z,5342.14750955,5345.80389497,5341.84714985,5345.50334658,46940.01782195,4694
2026-01-04T01:07:00Z,5345.50334658,5347.05657795,5344.36634535,5345.91948821,7348.05968151,734
2026-01-04T01:08:00Z,5345.91948821,5346.94143219,5345.54762450,5346.56952326,6053.45546373,605
2026-01-04T01:09:00Z,5346.56952326,5347.33403129,5344.16966215,5344.93393630,32759.94261679,3275
2026-01-04T01:10:00Z,5344.93393630,5346.09816246,5343.81503813,5344.97925480,12901.38385537,1290
2026-01-04T01:11:00Z,5344.97925480,5345.93883791,5343.09565664,5344.05507383,13731.68622869,1373
2026-01-04T01:12:00Z,5344.05507383,5345.48973313,5343.77977709,5345.21437667,9140.66482284,914
2026-01-04T01:13:00Z,5345.21437667,5345.79600218,5344.71045823,5345.29207642,6512.20896893,651
2026-01-04T01:14:00Z,5345.29207642,5349.35539226,5343.91390126,5347.97652497,37403.90935135,3740
2026-01-04T01:15:00Z,5347.97652497,5349.34055180,5347.69148740,5349.05545672,7112.32082602,711
2026-01-04T01:16:00Z,5349.05545672,5350.47463113,5348.91636072,5350.33550184,62188.84836008,6218
2026-01-04T01:17:00Z,5350.33550184,5352.18175167,5349.74976968,5351.59588152,25956.56133697,2595
2026-01-04T01:18:00Z,5351.59588152,5352.18537828,5351.41099233,5352.00047511,19034.28422614,1903
2026-01-04T01:19:00Z,5352.00047511,5354.30335208,5350.81449414,5353.11712367,17857.29685876,1785
2026-01-04T01:20:00Z,5353.11712367,5354.80737295,5351.70437300,5353.39454906,19354.60350155,1935
2026-01-04T01:21:00Z,5353.39454906,5353.74379158,5353.07171794,5353.42095886,24071.47195263,2407
2026-01-04T01:22:00Z,5353.42095886,5354.35609198,5351.77225178,5352.70726022,32518.73122836,3251
2026-01-04T01:23:00Z,5352.70726022,5353.38627185,5350.17248853,5350.85126472,11675.13281900,1167
2026-01-04T01:24:00Z,5350.85126472,5351.92815934,5347.86578149,5348.94229191,22979.61908484,2297
2026-01-04T01:25:00Z,5348.94229191,5349.10018940,5348.16767471,5348.32555400,15611.22599375,1561
2026-01-04T01:26:00Z,5348.32555400,5350.07050640,5347.29017865,5349.03499371,29537.81397625,2953
2026-01-04T01:27:00Z,5349.03499371,5349.04944825,5346.08930899,5346.10375560,57211.32723881,5721
2026-01-04T01:28:00Z,5346.10375560,5346.40531379,5344.50676147,5344.80824658,21277.01021348,2127
2026-01-04T01:29:00Z,5344.80824658,5347.67590959,5343.37529811,5346.24257657,17769.19071123,1776
2026-01-04T01:30:00Z,5346.24257657,5346.41696516,5344.91606175,5345.09041275,17417.53243644,1741
2026-01-04T01:31:00Z,5345.09041275,5347.03915166,5342.83303685,5344.78166320,9706.75292271,970
2026-01-04T01:32:00Z,5344.78166320,5346.84625112,5343.81855402,5345.88294350,20629.40790044,2062
2026-01-04T01:33:00Z,5345.88294350,5346.03465916,5344.02471816,5344.17638539,28210.00242270,2821
2026-01-04T01:34:00Z,5344.17638539,5345.54064558,5342.01911973,5343.38317742,9096.10732409,909
2026-01-04T01:35:00Z,5343.38317742,5345.71541526,5339.49977870,5341.83133921,23235.84423764,2323
2026-01-04T01:36:00Z,5341.83133921,5342.46910478,5339.74383675,5340.38142922,8219.34638290,821
2026-01-04T01:37:00Z,5340.38142922,5343.20718212,5339.19128712,5342.01667560,7367.94053436,736
2026-01-04T01:38:00Z,5342.01667560,5343.35795865,5341.41419944,5342.75539918,15679.02223481,1567
2026-01-04T01:39:00Z,5342.75539918,5344.48166835,5341.98486559,5343.71099695,25820.79181694,2582
2026-01-04T01:40:00Z,5343.71099695,5346.67310040,5341.92510229,5344.88681277,29115.01554894,2911
2026-01-04T01:41:00Z,5344.88681277,5346.01628667,5344.39582117,5345.52523642,27378.18703501,2737
2026-01-04T01:42:00Z,5345.52523642,5347.08906496,5341.86321018,5343.42642472,18742.88577936,1874
2026-01-04T01:43:00Z,5343.42642472,5347.17640386,5341.17026799,5344.91961666,18506.51927445,1850
2026-01-04T01:44:00Z,5344.91961666,5345.53698551,5343.72670974,5344.34401210,18724.57465509,1872
2026-01-04T01:45:00Z,5344.34401210,5346.30498366,5342.92755907,5344.88838634,12576.06958565,1257
2026-01-04T01:46:00Z,5344.88838634,5345.83117230,5342.65157365,5343.59413131,45329.01734929,4532
2026-01-04T01:47:00Z,5343.59413131,5345.66159786,5342.89280151,5344.96008878,4633.17107405,463
2026-01-04T01:48:00Z,5344.96008878,5345.87305533,5343.27524462,5344.18807931,20433.40183905,2043
2026-01-04T01:49:00Z,5344.18807931,5345.50820884,5342.36617722,5343.68618277,10544.56282479,1054
2026-01-04T01:50:00Z,5343.68618277,5346.47391348,5341.68341601,5344.47085263,16600.40430623,1660
2026-01-04T01:51:00Z,5344.47085263,5346.96397758,5341.31553920,5343.80835510,15454.20753329,1545
2026-01-04T01:52:00Z,5343.80835510,5345.21206738,5339.69432745,5341.09732760,34229.75947108,3422
2026-01-04T01:53:00Z,5341.09732760,5342.72161648,5340.54919197,5342.17337042,23870.36743133,2387
2026-01-04T01:54:00Z,5342.17337042,5344.72702768,5340.51296726,5343.06634698,33829.19252107,3382
2026-01-04T01:55:00Z,5343.06634698,5344.13284953,5342.33139963,5343.39785659,1353.89390046,135
2026-01-04T01:56:00Z,5343.39785659,5343.92712185,5341.20025321,5341.72935320,22000.84241051,2200
2026-01-04T01:57:00Z,5341.72935320,5342.97397347,5339.72447545,5340.96891854,11537.15551342,1153
2026-01-04T01:58:00Z,5340.96891854,5341.95104180,5340.07763668,5341.05974479,6674.15100181,667
2026-01-04T01:59:00Z,5341.05974479,5343.51829571,5339.53238440,5341.99066910,34411.45811239,3441
2026-01-04T02:00:00Z,5341.99066910,5343.66152877,5341.79012779,5343.46093226,7364.05586364,736
2026-01-04T02:01:00Z,5343.46093226,5344.61522713,5342.77705071,5343.93128537,16532.70190903,1653
2026-01-04T02:02:00Z,5343.93128537,5344.98835314,5342.36818581,5343.42515346,11166.91818899,1116
2026-01-04T02:03:00Z,5343.42515346,5348.13172121,5342.73663422,5347.44268430,59177.06407671,5917
2026-01-04T02:04:00Z,5347.44268430,5349.32200519,5344.92416796,5346.80326413,14696.08397814,1469
2026-01-04T02:05:00Z,5346.80326413,5347.67240726,5345.11612751,5345.98513765,8751.83542940,875
2026-01-04T02:06:00Z,5345.98513765,5346.79659709,5342.30555757,5343.11658160,23180.65729482,2318
2026-01-04T02:07:00Z,5343.11658160,5343.20462992,5340.61989968,5340.70790830,7423.83747828,742
2026-01-04T02:08:00Z,5340.70790830,5342.82327583,5338.37757314,5340.49285549,2012.67920736,201
2026-01-04T02:09:00Z,5340.49285549,5341.03721905,5339.48753601,5340.03185258,5334.48331778,533
2026-01-04T02:10:00Z,5340.03185258,5341.89888089,5338.03864594,5339.90563013,11678.01416560,1167
2026-01-04T02:11:00Z,5339.90563013,5341.12299785,5339.40822889,5340.62552956,13981.58233082,1398
2026-01-04T02:12:00Z,5340.62552956,5343.83138550,5338.77232825,5341.97771498,29538.49759779,2953
2026-01-04T02:13:00Z,5341.97771498,5342.75856769,5341.15462526,5341.93547180,3002.22369859,300
2026-01-04T02:14:00Z,5341.93547180,5343.97715654,5338.25447588,5340.29553383,16282.84594548,1628
2026-01-04T02:15:00Z,5340.29553383,5341.88218831,5336.98399404,5338.57013588,50827.87455910,5082
2026-01-04T02:16:00Z,5338.57013588,5339.42249425,5337.79921995,5338.65156657,4070.66076082,407
2026-01-04T02:17:00Z,5338.65156657,5340.64454526,5336.20001293,5338.19282036,14523.29101761,1452
2026-01-04T02:18:00Z,5338.19282036,5338.74946300,5335.50558740,5336.06200785,44523.49859010,4452
2026-01-04T02:19:00Z,5336.06200785,5336.68196742,5335.53062045,5336.15057120,5020.58511265,502
2026-01-04T02:20:00Z,5336.15057120,5338.51964442,5333.12718846,5335.49597106,4048.72224648,404
2026-01-04T02:21:00Z,5335.49597106,5335.88733966,5335.27226480,5335.66362637,433.04238882,43
2026-01-04T02:22:00Z,5335.66362637,5336.23764467,5333.74448165,5334.31835522,7480.48887961,748
2026-01-04T02:23:00Z,5334.31835522,5335.74606406,5330.31738437,5331.74440430,5711.96817600,571
2026-01-04T02:24:00Z,5331.74440430,5333.54968424,5327.92618158,5329.73077972,2044.07546338,204
2026-01-04T02:25:00Z,5329.73077972,5330.78305930,5329.26063010,5330.31285834,33138.67737107,3313
2026-01-04T02:26:00Z,5330.31285834,5334.01801332,5324.77225628,5328.47613453,16469.53728274,1646
2026-01-04T02:27:00Z,5328.47613453,5328.56148680,5327.13686699,5327.22219917,6824.63385427,682
2026-01-04T02:28:00Z,5327.22219917,5327.49121853,5325.16171753,5325.43064641,4876.92472296,487
2026-01-04T02:29:00Z,5325.43064641,5326.78577945,5325.24414515,5326.59923727,15415.30443922,1541
2026-01-04T02:30:00Z,5326.59923727,5328.13138877,5323.98389508,5325.51573492,30773.17485092,3077
2026-01-04T02:31:00Z,5325.51573492,5328.24712218,5323.27399862,5326.00517985,5959.51430762,595
2026-01-04T02:32:00Z,5326.00517985,5328.42450200,5325.05013338,5327.46919301,19110.71162454,1911
2026-01-04T02:33:00Z,5327.46919301,5328.04225065,5326.09177025,5326.66474135,11145.20572346,1114
2026-01-04T02:34:00Z,5326.66474135,5329.08212396,5324.57233541,5326.98959040,8603.64664277,860
2026-01-04T02:35:00Z,5326.98959040,5329.54480352,5323.13411427,5325.68870338,3488.49546848,348
2026-01-04T02:36:00Z,5325.68870338,5328.06525728,5324.21393056,5326.59023481,13855.19830710,1385
2026-01-04T02:37:00Z,5326.59023481,5327.09854833,5326.15026316,5326.65857104,1998.60304248,199
2026-01-04T02:38:00Z,5326.65857104,5326.79212630,5324.47494483,5324.60844869,19900.52080624,1990
2026-01-04T02:39:00Z,5324.60844869,5325.73422032,5322.98485607,5324.11052242,14383.06710758,1438
2026-01-04T02:40:00Z,5324.11052242,5326.87466304,5322.57235402,5325.33614055,43545.60831663,4354
2026-01-04T02:41:00Z,5325.33614055,5327.03133595,5324.09575225,5325.79084174,3590.19121411,359
2026-01-04T02:42:00Z,5325.79084174,5327.70390552,5323.89436399,5325.80742187,15711.94870816,1571
2026-01-04T02:43:00Z,5325.80742187,5326.19115567,5322.51566519,5322.89918945,41712.04157300,4171
2026-01-04T02:44:00Z,5322.89918945,5323.05920096,5322.21798390,5322.37797975,7650.96474954,765
2026-01-04T02:45:00Z,5322.37797975,5323.31714855,5321.21196014,5322.15108890,17596.65824124,1759
2026-01-04T02:46:00Z,5322.15108890,5324.74728950,5321.57862451,5324.17460745,45002.17165178,4500
2026-01-04T02:47:00Z,5324.17460745,5324.96632359,5320.89565381,5321.68700004,19266.12512508,1926
2026-01-04T02:48:00Z,5321.68700004,5321.88374030,5320.34869980,5320.54539785,60799.07590856,6079
2026-01-04T02:49:00Z,5320.54539785,5321.84062014,5319.11248998,5320.40767874,722.64406241,72
2026-01-04T02:50:00Z,5320.40767874,5321.13143009,5319.99227666,5320.71600395,7448.16041259,744
2026-01-04T02:51:00Z,5320.71600395,5322.74185144,5320.69230953,5322.71814811,6788.19130473,678
2026-01-04T02:52:00Z,5322.71814811,5325.22099874,5321.59788639,5324.10044609,13876.08227216,1387
2026-01-04T02:53:00Z,5324.10044609,5324.21243924,5322.71741183,5322.82937824,13093.14150519,1309
2026-01-04T02:54:00Z,5322.82937824,5324.34269009,5320.64970021,5322.16282255,14419.78769030,1441
2026-01-04T02:55:00Z,5322.16282255,5323.02661643,5319.94203575,5320.80560935,2356.07314885,235
2026-01-04T02:56:00Z,5320.80560935,5322.23420084,5320.71258472,5322.14115286,20391.55661282,2039
2026-01-04T02:57:00Z,5322.14115286,5325.16193806,5318.12714018,5321.14736131,16840.63109321,1684
2026-01-04T02:58:00Z,5321.14736131,5322.58417435,5317.40196035,5318.83814985,9721.84498298,972
2026-01-04T02:59:00Z,5318.83814985,5319.48017484,5318.52878222,5319.17078787,22614.82156785,2261
2026-01-04T03:00:00Z,5319.17078787,5320.16852006,5316.63031555,5317.62775831,24633.07958119,2463
2026-01-04T03:01:00Z,5317.62775831,5318.12317487,5316.07814361,5316.57346195,16855.09538942,1685
2026-01-04T03:02:00Z,5316.57346195,5317.46462648,5316.40667267,5317.29781448,34210.29720710,3421
2026-01-04T03:03:00Z,5317.29781448,5318.96101057,5314.94149512,5316.60447435,16520.42022426,1652
2026-01-04T03:04:00Z,5316.60447435,5316.96387864,5313.88512116,5314.24436591,28997.82430317,2899
2026-01-04T03:05:00Z,5314.24436591,5316.02483953,5313.12426448,5314.90459894,28922.01584078,2892
2026-01-04T03:06:00Z,5314.90459894,5316.29738331,5313.94423376,5315.33694000,17242.89938897,1724
2026-01-04T03:07:00Z,5315.33694000,5315.57154356,5314.82791453,5315.06250598,14968.87754062,1496
2026-01-04T03:08:00Z,5315.06250598,5316.13527943,5313.15106070,5314.22366485,5050.65949419,505
2026-01-04T03:09:00Z,5314.22366485,5314.45941781,5313.80757081,5314.04331578,3575.10624347,357
2026-01-04T03:10:00Z,5314.04331578,5315.90613926,5311.85994545,5313.72265652,10473.52820060,1047
2026-01-04T03:11:00Z,5313.72265652,5314.67154070,5312.61746156,5313.56631782,8519.92836378,851
2026-01-04T03:12:00Z,5313.56631782,5314.94318850,5310.84042597,5312.21694700,35664.33849730,3566
2026-01-04T03:13:00Z,5312.21694700,5312.64026666,5310.12828001,5310.55146694,59891.35469797,5989
2026-01-04T03:14:00Z,5310.55146694,5311.71596632,5308.34811280,5309.51238433,8150.10265467,815
2026-01-04T03:15:00Z,5309.51238433,5311.43569728,5307.26985159,5309.19304886,4883.09874822,488
2026-01-04T03:16:00Z,5309.19304886,5309.99220153,5306.59287468,5307.39175621,47038.74806874,4703
2026-01-04T03:17:00Z,5307.39175621,5309.98477435,5306.01172366,5308.60442648,3924.48986259,392
2026-01-04T03:18:00Z,5308.60442648,5310.53938566,5308.59821862,5310.53317554,25767.07528397,2576
2026-01-04T03:19:00Z,5310.53317554,5312.89595712,5309.00884870,5311.37138968,28600.13791528,2860
2026-01-04T03:20:00Z,5311.37138968,5311.87485299,5311.03255605,5311.53600886,14211.57933814,1421
2026-01-04T03:21:00Z,5311.53600886,5311.73501028,5309.36074832,5309.55967569,28703.15861312,2870
2026-01-04T03:22:00Z,5309.55967569,5309.92028771,5308.64274617,5309.00332040,29860.28796493,2986
2026-01-04T03:23:00Z,5309.00332040,5309.98469274,5306.03577654,5307.01678166,16123.38970620,1612
2026-01-04T03:24:00Z,5307.01678166,5307.76371363,5306.12782924,5306.87474122,2077.02129518,207
2026-01-04T03:25:00Z,5306.87474122,5308.42476280,5305.56856276,5307.11852434,1947.84525377,194
2026-01-04T03:26:00Z,5307.11852434,5309.34848352,5306.92834822,5309.15823432,18781.84036994,1878
2026-01-04T03:27:00Z,5309.15823432,5311.39196392,5305.58596035,5307.81912655,10209.13274740,1020
2026-01-04T03:28:00Z,5307.81912655,5310.47933092,5304.52913477,5307.18902335,13164.83863216,1316
2026-01-04T03:29:00Z,5307.18902335,5307.47256378,5306.74781991,5307.03135192,39650.39560805,3965
2026-01-04T03:30:00Z,5307.03135192,5307.05167258,5306.99507310,5307.01539369,17518.36935749,1751
2026-01-04T03:31:00Z,5307.01539369,5311.20465806,5305.84745552,5310.03605513,55398.03359639,5539
2026-01-04T03:32:00Z,5310.03605513,5313.01075219,5310.01526018,5312.98994568,49489.14688598,4948
2026-01-04T03:33:00Z,5312.98994568,5316.28552100,5312.11061671,5315.40579219,5225.83371097,522
2026-01-04T03:34:00Z,5315.40579219,5318.13117272,5314.49937069,5317.22444109,72132.34727018,7213
2026-01-04T03:35:00Z,5317.22444109,5321.45774189,5315.93649273,5320.16908027,41195.24857918,4119
2026-01-04T03:36:00Z,5320.16908027,5323.85537525,5318.58893074,5322.27460036,142236.63136802,14223
2026-01-04T03:37:00Z,5322.27460036,5324.83355828,5320.90467492,5323.46332687,52108.14548712,5210
2026-01-04T03:38:00Z,5323.46332687,5325.52919327,5322.57899248,5324.64466264,22846.85770690,2284
2026-01-04T03:39:00Z,5324.64466264,5327.30102223,5324.17609836,5326.83226545,138986.51498396,13898
2026-01-04T03:40:00Z,5326.83226545,5328.68949799,5326.60038470,5328.45754649,24995.33615025,2499
2026-01-04T03:41:00Z,5328.45754649,5330.22924773,5327.09075663,5328.86235403,2931.63028460,293
2026-01-04T03:42:00Z,5328.86235403,5330.56650627,5325.86718931,5327.57092855,9390.38221443,939
2026-01-04T03:43:00Z,5327.57092855,5328.06282996,5325.49137168,5325.98312649,1047.98758682,104
2026-01-04T03:44:00Z,5325.98312649,5328.58922884,5323.18553835,5325.79154696,16611.78088280,1661
2026-01-04T03:45:00Z,5325.79154696,5328.73058918,5322.45234372,5325.39116499,15556.78734264,1555
2026-01-04T03:46:00Z,5325.39116499,5326.65284306,5324.50462188,5325.76623751,6555.43543059,655
2026-01-04T03:47:00Z,5325.76623751,5325.90734222,5325.49953175,5325.64063313,9597.67422434,959
2026-01-04T03:48:00Z,5325.64063313,5327.68948877,5324.80210533,5326.85077042,5440.65834957,544
2026-01-04T03:49:00Z,5326.85077042,5327.45110789,5326.51056939,5327.11089024,2234.82798411,223
2026-01-04T03:50:00Z,5327.11089024,5327.62123566,5325.46947936,5325.97971641,17489.39447724,1748
2026-01-04T03:51:00Z,5325.97971641,5327.46725852,5319.19187246,5320.67793379,68490.81367467,6849
2026-01-04T03:52:00Z,5320.67793379,5322.80714568,5318.90761649,5321.03670900,6674.78378917,667
2026-01-04T03:53:00Z,5321.03670900,5322.54725416,5320.22110946,5321.73154812,34228.50673009,3422
2026-01-04T03:54:00Z,5321.73154812,5321.78154639,5320.68477613,5320.73476503,47509.99297178,4750
2026-01-04T03:55:00Z,5320.73476503,5322.74731148,5319.96676678,5321.97913361,17086.90270113,1708
2026-01-04T03:56:00Z,5321.97913361,5323.77033256,5321.79658578,5323.58772956,30136.09746216,3013
2026-01-04T03:57:00Z,5323.58772956,5325.52503041,5321.15543177,5323.09255242,7172.14835726,717
2026-01-04T03:58:00Z,5323.09255242,5323.18951481,5320.57784387,5320.67476221,28149.01546290,2814
2026-01-04T03:59:00Z,5320.67476221,5321.59289715,5318.36218460,5319.28007887,25555.20973060,2555
2026-01-04T04:00:00Z,5319.28007887,5320.68678273,5318.30211697,5319.70874202,9050.72288382,905
2026-01-04T04:01:00Z,5319.70874202,5321.56064560,5319.52479333,5321.37663924,11657.02890415,1165
2026-01-04T04:02:00Z,5321.37663924,5322.19789303,5319.49882910,5320.31991980,24624.76678696,2462
2026-01-04T04:03:00Z,5320.31991980,5322.24178511,5317.73733373,5319.65896029,4731.77178590,473
2026-01-04T04:04:00Z,5319.65896029,5320.23172255,5319.35241884,5319.92516576,4055.71847730,405
2026-01-04T04:05:00Z,5319.92516576,5320.22822451,5319.50615035,5319.80920249,2860.02172444,286
2026-01-04T04:06:00Z,5319.80920249,5321.16392305,5318.56266555,5319.91736076,11142.53980214,1114
2026-01-04T04:07:00Z,5319.91736076,5320.48700722,5318.83578009,5319.40537173,10154.55101656,1015
2026-01-04T04:08:00Z,5319.40537173,5320.43096427,5318.18120853,5319.20676278,28830.39961007,2883
2026-01-04T04:09:00Z,5319.20676278,5320.12942831,5316.69089399,5317.61328312,14787.97335531,1478
2026-01-04T04:10:00Z,5317.61328312,5319.87172650,5317.39876982,5319.65713076,8365.86495093,836
2026-01-04T04:11:00Z,5319.65713076,5322.03532050,5317.38073123,5319.75887743,7941.17358329,794
2026-01-04T04:12:00Z,5319.75887743,5320.37135665,5318.05543925,5318.66779285,7391.02783270,739
2026-01-04T04:13:00Z,5318.66779285,5319.13963547,5315.75787140,5316.22949771,19604.33413648,1960
2026-01-04T04:14:00Z,5316.22949771,5316.29756428,5314.35083680,5314.41888019,8743.81864585,874
2026-01-04T04:15:00Z,5314.41888019,5317.08209832,5312.24172593,5314.90474501,16483.07739851,1648
2026-01-04T04:16:00Z,5314.90474501,5316.08413508,5314.57258020,5315.75191732,41995.46659987,4199
2026-01-04T04:17:00Z,5315.75191732,5316.68586161,5313.04263110,5313.97626341,2234.36604986,223
2026-01-04T04:18:00Z,5313.97626341,5315.50132420,5312.20609262,5313.73108305,2641.99591033,264
2026-01-04T04:19:00Z,5313.73108305,5316.90879767,5312.30560474,5315.48284943,6798.34122959,679
2026-01-04T04:20:00Z,5315.48284943,5316.56417004,5314.58484159,5315.66613124,12532.81928660,1253
2026-01-04T04:21:00Z,5315.66613124,5317.23348009,5313.55275227,5315.11994007,13392.66253070,1339
2026-01-04T04:22:00Z,5315.11994007,5316.00553096,5313.95407381,5314.83961799,14516.90286172,1451
2026-01-04T04:23:00Z,5314.83961799,5316.87326001,5313.22355514,5315.25707022,3317.78988176,331
2026-01-04T04:24:00Z,5315.25707022,5316.08481456,5313.54635256,5314.37395937,13100.28237506,1310
2026-01-04T04:25:00Z,5314.37395937,5315.66218247,5313.65082285,5314.93896907,14159.44635874,1415
2026-01-04T04:26:00Z,5314.93896907,5315.83047691,5314.73363014,5315.62511148,35735.62069673,3573
2026-01-04T04:27:00Z,5315.62511148,5315.68357396,5313.68873243,5313.74717426,52850.65203587,5285
2026-01-04T04:28:00Z,5313.74717426,5315.79166866,5312.31141640,5314.35574637,21192.60070419,2119
2026-01-04T04:29:00Z,5314.35574637,5315.22470772,5313.18684373,5314.05575604,21672.67340159,2167
2026-01-04T04:30:00Z,5314.05575604,5315.38933104,5312.30024236,5313.63371145,20902.27250961,2090
2026-01-04T04:31:00Z,5313.63371145,5314.22086386,5313.48912939,5314.07626976,31821.27308984,3182
2026-01-04T04:32:00Z,5314.07626976,5315.04936761,5311.86513786,5312.83800897,8100.78573790,810
2026-01-04T04:33:00Z,5312.83800897,5313.27634207,5312.02467118,5312.46297334,33687.33741419,3368
2026-01-04T04:34:00Z,5312.46297334,5314.22129682,5310.53426635,5312.29253342,19355.23675273,1935
2026-01-04T04:35:00Z,5312.29253342,5314.88997355,5311.70613120,5314.30334936,17972.30510159,1797
2026-01-04T04:36:00Z,5314.30334936,5314.41963259,5313.14146318,5313.25772354,15689.13032969,1568
2026-01-04T04:37:00Z,5313.25772354,5313.30657372,5311.99124666,5312.04008564,30536.70933919,3053
2026-01-04T04:38:00Z,5312.04008564,5312.38727530,5309.95302406,5310.30009999,3836.10454169,383
2026-01-04T04:39:00Z,5310.30009999,5313.95896758,5308.93728166,5312.59556015,42879.73997064,4287
2026-01-04T04:40:00Z,5312.59556015,5314.00727591,5312.24936503,5313.66101136,11884.58946991,1188
2026-01-04T04:41:00Z,5313.66101136,5314.12419481,5312.54575506,5313.00888167,3327.24405020,332
2026-01-04T04:42:00Z,5313.00888167,5314.33600730,5310.39874056,5311.72554563,18539.86313176,1853
2026-01-04T04:43:00Z,5311.72554563,5312.72065276,5309.75076196,5310.74568552,13237.28146476,1323
2026-01-04T04:44:00Z,5310.74568552,5312.60906555,5309.28996145,5311.15322977,18210.03896165,1821
2026-01-04T04:45:00Z,5311.15322977,5311.24032243,5310.32177651,5310.40885697,20055.94965078,2005
2026-01-04T04:46:00Z,5310.40885697,5310.53948143,5309.94804280,5310.07865913,9793.61797688,979
2026-01-04T04:47:00Z,5310.07865913,5310.20550184,5308.37260896,5308.49941394,29154.40467975,2915
2026-01-04T04:48:00Z,5308.49941394,5309.77671263,5308.35419685,5309.63146457,8567.57040312,856
2026-01-04T04:49:00Z,5309.63146457,5310.76374227,5308.15410390,5309.28630799,24878.86289911,2487
2026-01-04T04:50:00Z,5309.28630799,5311.42280542,5306.80708565,5308.94344511,8990.62970182,899
2026-01-04T04:51:00Z,5308.94344511,5308.98688001,5308.84654529,5308.88997976,15835.20703577,1583
2026-01-04T04:52:00Z,5308.88997976,5310.10472055,5305.79163866,5307.00594837,14186.69883670,1418
2026-01-04T04:53:00Z,5307.00594837,5307.15933964,5304.88656389,5305.03989834,18029.74665974,1802
2026-01-04T04:54:00Z,5305.03989834,5305.45002595,5302.55138852,5302.96135543,21718.20124312,2171
2026-01-04T04:55:00Z,5302.96135543,5303.50331424,5301.36757863,5301.90942993,12930.32179005,1293
2026-01-04T04:56:00Z,5301.90942993,5302.12811577,5301.17822180,5301.39688649,16186.89231074,1618
2026-01-04T04:57:00Z,5301.39688649,5304.33085358,5299.22134212,5302.15499810,19274.03527252,1927
2026-01-04T04:58:00Z,5302.15499810,5304.07850413,5301.47314363,5303.39649000,24105.40145721,2410
2026-01-04T04:59:00Z,5303.39649000,5304.36297869,5302.65073308,5303.61719074,9295.13782421,929
2026-01-04T05:00:00Z,5303.61719074,5303.72064261,5303.22478521,5303.32823145,6998.54181512,699
2026-01-04T05:01:00Z,5303.32823145,5304.61722453,5301.38586369,5302.67469793,13528.64570552,1352
2026-01-04T05:02:00Z,5302.67469793,5304.15602223,5297.46125688,5298.94153830,85630.43997368,8563
2026-01-04T05:03:00Z,5298.94153830,5300.37617627,5298.88171036,5300.31633281,32773.79053986,3277
2026-01-04T05:04:00Z,5300.31633281,5300.78790055,5298.19818875,5298.66960998,15548.38432061,1554
2026-01-04T05:05:00Z,5298.66960998,5299.85580659,5297.42909904,5298.61528349,1715.11509762,171
2026-01-04T05:06:00Z,5298.61528349,5298.75699152,5297.73166862,5297.87335680,9406.21623075,940
2026-01-04T05:07:00Z,5297.87335680,5299.44528032,5297.42768548,5298.99951427,16612.22311894,1661
2026-01-04T05:08:00Z,5298.99951427,5301.91407248,5297.93089617,5300.84508219,9113.44379583,911
2026-01-04T05:09:00Z,5300.84508219,5301.74515664,5299.69381761,5300.59384939,22289.63175052,2228
2026-01-04T05:10:00Z,5300.59384939,5300.95077294,5299.82349779,5300.18039350,11020.52742732,1102
2026-01-04T05:11:00Z,5300.18039350,5300.37721625,5299.27218061,5299.46897695,1322.47260444,132
2026-01-04T05:12:00Z,5299.46897695,5300.06689159,5297.60396422,5298.20173589,7470.20288788,747
2026-01-04T05:13:00Z,5298.20173589,5298.90221735,5296.18318281,5296.88348998,4453.84551274,445
2026-01-04T05:14:00Z,5296.88348998,5297.72596992,5296.81773611,5297.66020641,15880.15203774,1588
2026-01-04T05:15:00Z,5297.66020641,5299.58588818,5297.53896611,5299.46460659,14728.68659118,1472
2026-01-04T05:16:00Z,5299.46460659,5302.81089850,5298.89104560,5302.23703745,64465.52217938,6446
2026-01-04T05:17:00Z,5302.23703745,5305.98681463,5301.01878373,5304.76797939,74796.18219516,7479
2026-01-04T05:18:00Z,5304.76797939,5307.17759771,5304.22223139,5306.63165798,13754.40187593,1375
2026-01-04T05:19:00Z,5306.63165798,5309.17961406,5306.59890080,5309.14684135,73296.40735059,7329
2026-01-04T05:20:00Z,5309.14684135,5312.17846719,5308.12133483,5311.15257324,49944.48661834,4994
2026-01-04T05:21:00Z,5311.15257324,5314.39211286,5310.64071746,5313.87999422,25715.02684398,2571
2026-01-04T05:22:00Z,5313.87999422,5316.62024974,5312.99430661,5315.73425307,19605.89159143,1960
2026-01-04T05:23:00Z,5315.73425307,5318.19654504,5315.02249788,5317.48455549,47252.56216120,4725
2026-01-04T05:24:00Z,5317.48455549,5318.73830689,5316.91341644,5318.16709453,24692.85167404,2469
2026-01-04T05:25:00Z,5318.16709453,5320.02716917,5317.84001578,5319.69999614,55762.60592912,5576
2026-01-04T05:26:00Z,5319.69999614,5321.81752992,5319.33696804,5321.45438209,19872.79939397,1987
2026-01-04T05:27:00Z,5321.45438209,5323.12834059,5321.07524515,5322.74911141,37968.24623810,3796
2026-01-04T05:28:00Z,5322.74911141,5324.72541072,5322.29190576,5324.26807460,42703.68858482,4270
2026-01-04T05:29:00Z,5324.26807460,5326.19884015,5323.31303760,5325.24362816,48334.57955944,4833
2026-01-04T05:30:00Z,5325.24362816,5326.10989878,5324.71180559,5325.57804281,5860.17667011,586
2026-01-04T05:31:00Z,5325.57804281,5328.27134699,5324.92247779,5327.61553117,11777.63641413,1177
2026-01-04T05:32:00Z,5327.61553117,5329.82763939,5327.36361117,5329.57562671,188776.72328113,18877
2026-01-04T05:33:00Z,5329.57562671,5332.39122456,5328.51545353,5331.33070226,13471.85782906,1347
2026-01-04T05:34:00Z,5331.33070226,5334.62556079,5330.07704604,5333.37142470,61243.63081769,6124
2026-01-04T05:35:00Z,5333.37142470,5335.10836997,5333.28798164,5335.02490104,49257.17019776,4925
2026-01-04T05:36:00Z,5335.02490104,5337.16942513,5334.61919858,5336.76359044,49034.73351159,4903
2026-01-04T05:37:00Z,5336.76359044,5338.44083613,5335.87110989,5337.54822437,15784.36523999,1578
2026-01-04T05:38:00Z,5337.54822437,5340.06396615,5336.37077917,5338.88622579,19881.23013663,1988
2026-01-04T05:39:00Z,5338.88622579,5340.58578826,5338.75547850,5340.45500255,18055.54608311,1805
2026-01-04T05:40:00Z,5340.45500255,5343.29071392,5340.08488123,5342.92042174,73375.18017797,7337
2026-01-04T05:41:00Z,5342.92042174,5343.29629160,5341.94494131,5342.32076900,14042.48041849,1404
2026-01-04T05:42:00Z,5342.32076900,5344.60885777,5341.64293608,5343.93082057,45714.30268520,4571
2026-01-04T05:43:00Z,5343.93082057,5345.48062348,5343.40300582,5344.95270779,16091.59351173,1609
2026-01-04T05:44:00Z,5344.95270779,5345.57582643,5344.50823080,5345.13133459,13044.71482188,1304
2026-01-04T05:45:00Z,5345.13133459,5346.18611363,5344.71720230,5345.77193172,2939.88691065,293
2026-01-04T05:46:00Z,5345.77193172,5347.14033722,5344.66616720,5346.03451839,34280.52662557,3428
2026-01-04T05:47:00Z,5346.03451839,5346.15382597,5345.36808950,5345.48738487,48116.08444075,4811
2026-01-04T05:48:00Z,5345.48738487,5346.05689492,5344.86094054,5345.43044453,2406.42693051,240
2026-01-04T05:49:00Z,5345.43044453,5346.06973263,5343.80496528,5344.44413542,28772.28695341,2877
2026-01-04T05:50:00Z,5344.44413542,5345.11975605,5343.20293575,5343.87848487,12678.14210115,1267
2026-01-04T05:51:00Z,5343.87848487,5345.41258984,5343.58145894,5345.11549515,17505.82677118,1750
2026-01-04T05:52:00Z,5345.11549515,5345.42219822,5344.96240848,5345.26910716,10521.53523556,1052
2026-01-04T05:53:00Z,5345.26910716,5345.31639536,5345.01051963,5345.05780596,5993.43424394,599
2026-01-04T05:54:00Z,5345.05780596,5345.98114872,5344.64131866,5345.56462193,1865.80871297,186
2026-01-04T05:55:00Z,5345.56462193,5348.84049735,5344.46932125,5347.74474996,71099.26025866,7109
2026-01-04T05:56:00Z,5347.74474996,5348.41858037,5346.33987695,5347.01361523,25322.59433724,2532
2026-01-04T05:57:00Z,5347.01361523,5347.14745006,5346.29320039,5346.42702054,7392.70642172,739
2026-01-04T05:58:00Z,5346.42702054,5347.84695110,5345.93280022,5347.35264522,39524.16787914,3952
2026-01-04T05:59:00Z,5347.35264522,5348.61401201,5346.88856851,5348.14986612,16222.56528176,1622
2026-01-04T06:00:00Z,5348.14986612,5349.55232276,5345.97340102,5347.37565463,2966.52804948,296
2026-01-04T06:01:00Z,5347.37565463,5348.34958281,5347.18827974,5348.16218036,11070.15349643,1107
2026-01-04T06:02:00Z,5348.16218036,5348.70767174,5348.08853941,5348.63402430,17912.31267048,1791
2026-01-04T06:03:00Z,5348.63402430,5350.22617552,5347.63678328,5349.22882360,8550.98443642,855
2026-01-04T06:04:00Z,5349.22882360,5349.63104814,5348.63893112,5349.04114154,18629.85843998,1862
2026-01-04T06:05:00Z,5349.04114154,5349.59772516,5348.71657952,5349.27314906,12704.95777228,1270
2026-01-04T06:06:00Z,5349.27314906,5349.73303503,5348.26461598,5348.72445478,11456.80686086,1145
2026-01-04T06:07:00Z,5348.72445478,5349.48233192,5348.41743461,5349.17528587,7577.39802765,757
2026-01-04T06:08:00Z,5349.17528587,5349.38619329,5348.81267544,5349.02357688,4882.37422764,488
2026-01-04T06:09:00Z,5349.02357688,5349.24146706,5348.88186100,5349.09974916,17013.44291600,1701
2026-01-04T06:10:00Z,5349.09974916,5350.41971629,5348.41620630,5349.73609211,32659.52636504,3265
2026-01-04T06:11:00Z,5349.73609211,5350.77673555,5349.64879549,5350.68942338,31576.23004680,3157
2026-01-04T06:12:00Z,5350.68942338,5350.77202396,5350.53820388,5350.62080340,12044.24827861,1204
2026-01-04T06:13:00Z,5350.62080340,5351.97573098,5350.30973047,5351.66459736,46302.07516271,4630
2026-01-04T06:14:00Z,5351.66459736,5352.06442435,5351.22558805,5351.62541211,1841.39974021,184
2026-01-04T06:15:00Z,5351.62541211,5352.91000534,5351.53921739,5352.82379132,34367.93927466,3436
2026-01-04T06:16:00Z,5352.82379132,5352.88648148,5352.69218227,5352.75487163,11356.25519107,1135
2026-01-04T06:17:00Z,5352.75487163,5354.14038601,5352.18035604,5353.56578338,12228.83942460,1222
2026-01-04T06:18:00Z,5353.56578338,5354.76129111,5353.08626609,5354.28170969,9153.83646576,915
2026-01-04T06:19:00Z,5354.28170969,5355.29433169,5353.14533712,5354.15793571,17384.06287080,1738
2026-01-04T06:20:00Z,5354.15793571,5354.23386066,5354.06924626,5354.14517103,6659.27599955,665
2026-01-04T06:21:00Z,5354.14517103,5355.43359908,5353.55507217,5354.84342327,31445.94572760,3144
2026-01-04T06:22:00Z,5354.84342327,5354.92244356,5353.37977368,5353.45877353,59602.47239171,5960
2026-01-04T06:23:00Z,5353.45877353,5354.15056677,5352.93911302,5353.63088956,22591.03113934,2259
2026-01-04T06:24:00Z,5353.63088956,5355.26524382,5350.71035940,5352.34432090,32809.25481755,3280
2026-01-04T06:25:00Z,5352.34432090,5352.62611462,5350.98873046,5351.27046765,23001.80310253,2300
2026-01-04T06:26:00Z,5351.27046765,5352.36513534,5350.88157498,5351.97619138,3684.08820303,368
2026-01-04T06:27:00Z,5351.97619138,5353.75790177,5351.90916259,5353.69085150,28861.69709420,2886
2026-01-04T06:28:00Z,5353.69085150,5354.08355662,5352.48506787,5352.87771334,16951.25115247,1695
2026-01-04T06:29:00Z,5352.87771334,5354.34180747,5352.11882562,5353.58281978,15449.09783498,1544
2026-01-04T06:30:00Z,5353.58281978,5354.48899986,5351.93555419,5352.84160881,24483.97817582,2448
2026-01-04T06:31:00Z,5352.84160881,5354.36012922,5352.20293730,5353.72135274,34992.80586245,3499
2026-01-04T06:32:00Z,5353.72135274,5355.22363890,5353.47704111,5354.97926986,15821.61230390,1582
2026-01-04T06:33:00Z,5354.97926986,5356.17530572,5354.11806673,5355.31404874,25815.94158078,2581
2026-01-04T06:34:00Z,5355.31404874,5355.52634509,5354.79404779,5355.00633194,10521.42452869,1052
2026-01-04T06:35:00Z,5355.00633194,5355.50401664,5354.18860712,5354.68626206,39807.52677640,3980
2026-01-04T06:36:00Z,5354.68626206,5356.89583812,5353.36732505,5355.57668178,14649.76468802,1464
2026-01-04T06:37:00Z,5355.57668178,5357.12020066,5355.45906301,5357.00255057,33617.75767496,3361
2026-01-04T06:38:00Z,5357.00255057,5358.82881428,5356.16648359,5357.99259278,18441.70527953,1844
2026-01-04T06:39:00Z,5357.99259278,5358.84123235,5357.59349565,5358.44210174,29504.86560898,2950
2026-01-04T06:40:00Z,5358.44210174,5360.03767821,5356.25222347,5357.84762292,7643.63365885,764
2026-01-04T06:41:00Z,5357.84762292,5358.54597502,5357.23439701,5357.93273937,12843.90643708,1284
2026-01-04T06:42:00Z,5357.93273937,5358.80729538,5356.27154911,5357.14597671,7578.59271197,757
2026-01-04T06:43:00Z,5357.14597671,5358.74714739,5356.47528278,5358.07633698,41140.84352390,4114
2026-01-04T06:44:00Z,5358.07633698,5359.31563581,5358.04488244,5359.28417418,19503.03902438,1950
2026-01-04T06:45:00Z,5359.28417418,5359.77865499,5358.59518900,5359.08965186,2809.47331192,280
2026-01-04T06:46:00Z,5359.08965186,5361.41664223,5357.92806323,5360.25480105,47605.32339769,4760
2026-01-04T06:47:00Z,5360.25480105,5360.94035015,5358.59450521,5359.27992963,16018.32665265,1601
2026-01-04T06:48:00Z,5359.27992963,5360.61069223,5358.39998238,5359.73067097,31370.06111875,3137
2026-01-04T06:49:00Z,5359.73067097,5359.98806751,5357.84921713,5358.10653567,25673.36715381,2567
2026-01-04T06:50:00Z,5358.10653567,5358.72843290,5357.19954390,5357.82140804,9659.64111926,965
2026-01-04T06:51:00Z,5357.82140804,5357.86962993,5357.76001418,5357.80823595,20350.51241806,2035
2026-01-04T06:52:00Z,5357.80823595,5359.56271700,5356.44218182,5358.19656385,22996.23675408,2299
2026-01-04T06:53:00Z,5358.19656385,5358.94657863,5357.61726933,5358.36726565,15458.91200131,1545
2026-01-04T06:54:00Z,5358.36726565,5359.23296779,5357.43683010,5358.30252178,14952.14792002,1495
2026-01-04T06:55:00Z,5358.30252178,5358.74515314,5357.69520735,5358.13782510,2679.77091163,267
2026-01-04T06:56:00Z,5358.13782510,5358.91524111,5357.06634150,5357.84371484,5172.45753374,517
2026-01-04T06:57:00Z,5357.84371484,5359.86537907,5356.55706148,5358.57854924,22689.99737484,2268
2026-01-04T06:58:00Z,5358.57854924,5360.06740972,5358.12270607,5359.61147868,5123.41526293,512
2026-01-04T06:59:00Z,5359.61147868,5361.20300059,5356.62663793,5358.21774598,26940.73367257,2694
2026-01-04T07:00:00Z,5358.21774598,5358.94812619,5356.60561006,5357.33587007,52991.84865267,5299
2026-01-04T07:01:00Z,5357.33587007,5357.33853009,5356.19709661,5356.19975607,38292.95272574,3829
2026-01-04T07:02:00Z,5356.19975607,5356.39681467,5355.14050023,5355.33752711,23303.28540984,2330
2026-01-04T07:03:00Z,5355.33752711,5356.07854977,5353.95331648,5354.69425013,13940.96969533,1394
2026-01-04T07:04:00Z,5354.69425013,5356.53589529,5353.70192105,5355.54340885,22535.32178455,2253
2026-01-04T07:05:00Z,5355.54340885,5356.11306493,5355.15462185,5355.72426480,15445.87859227,1544
2026-01-04T07:06:00Z,5355.72426480,5357.16689917,5353.78831564,5355.23081709,27391.46354432,2739
2026-01-04T07:07:00Z,5355.23081709,5357.14561351,5353.68358417,5355.59827443,26838.95902518,2683
2026-01-04T07:08:00Z,5355.59827443,5356.21311109,5354.91200594,5355.52683440,6685.34231225,668
2026-01-04T07:09:00Z,5355.52683440,5357.71835325,5355.40455535,5357.59602696,32223.15575188,3222
2026-01-04T07:10:00Z,5357.59602696,5357.82167771,5357.18217137,5357.40781419,3232.23629114,323
2026-01-04T07:11:00Z,5357.40781419,5357.75274244,5357.32619954,5357.67112378,32967.45520695,3296
2026-01-04T07:12:00Z,5357.67112378,5358.17857202,5357.01156983,5357.51900367,6781.10858320,678
2026-01-04T07:13:00Z,5357.51900367,5359.15113240,5356.85241367,5358.48442228,15741.13679214,1574
2026-01-04T07:14:00Z,5358.48442228,5359.43390665,5357.92855111,5358.87799465,14504.79438926,1450
2026-01-04T07:15:00Z,5358.87799465,5359.97619031,5357.26347585,5358.36156567,11690.87121173,1169
2026-01-04T07:16:00Z,5358.36156567,5360.38393146,5358.10526462,5360.12754594,40479.51073784,4047
2026-01-04T07:17:00Z,5360.12754594,5360.80403890,5359.70267693,5360.37914994,2207.18248263,220
2026-01-04T07:18:00Z,5360.37914994,5360.96568333,5359.45711375,5360.04361043,17573.62867838,1757
2026-01-04T07:19:00Z,5360.04361043,5360.48607768,5359.85281120,5360.29526949,11439.53422812,1143
2026-01-04T07:20:00Z,5360.29526949,5361.19271701,5358.53408816,5359.43139104,25567.69355124,2556
2026-01-04T07:21:00Z,5359.43139104,5359.55315380,5359.32187855,5359.44364106,7760.57701999,776
2026-01-04T07:22:00Z,5359.44364106,5360.25927606,5358.92956202,5359.74516810,4243.21626069,424
2026-01-04T07:23:00Z,5359.74516810,5360.49156287,5359.01263129,5359.75902417,9094.33781633,909
2026-01-04T07:24:00Z,5359.75902417,5360.38025309,5358.50551964,5359.12667527,34665.64808208,3466
2026-01-04T07:25:00Z,5359.12667527,5359.46925710,5358.02143082,5358.36396390,13569.93812915,1356
2026-01-04T07:26:00Z,5358.36396390,5359.45187719,5356.78616076,5357.87397457,8757.36503053,875
2026-01-04T07:27:00Z,5357.87397457,5358.88803411,5357.46574629,5358.47975967,21559.68123072,2155
2026-01-04T07:28:00Z,5358.47975967,5359.67811571,5357.14740749,5358.34573355,1976.79359485,197
2026-01-04T07:29:00Z,5358.34573355,5358.79188888,5358.29459289,5358.74074445,7714.92700402,771
2026-01-04T07:30:00Z,5358.74074445,5359.29137173,5357.61853671,5358.16910525,31454.74178893,3145
2026-01-04T07:31:00Z,5358.16910525,5359.09629290,5356.66680689,5357.59389501,22191.02534117,2219
2026-01-04T07:32:00Z,5357.59389501,5357.97017954,5357.24974240,5357.62602486,6348.05790270,634
2026-01-04T07:33:00Z,5357.62602486,5358.03765723,5356.93757516,5357.34918625,15087.47420606,1508
2026-01-04T07:34:00Z,5357.34918625,5357.76701970,5357.14154262,5357.55936792,12177.89014342,1217
2026-01-04T07:35:00Z,5357.55936792,5359.56085388,5356.30672996,5358.30804087,2752.65535401,275
2026-01-04T07:36:00Z,5358.30804087,5359.12484687,5357.58744763,5358.40424070,10919.92730526,1091
2026-01-04T07:37:00Z,5358.40424070,5358.58617418,5356.95792897,5357.13981951,9713.70014451,971
2026-01-04T07:38:00Z,5357.13981951,5357.50989779,5357.03066997,5357.40074293,22603.99409301,2260
2026-01-04T07:39:00Z,5357.40074293,5357.97467473,5356.08450716,5356.65835943,27702.92374906,2770
2026-01-04T07:40:00Z,5356.65835943,5357.24717823,5354.17145598,5354.76006612,28622.46497951,2862
2026-01-04T07:41:00Z,5354.76006612,5355.27401498,5353.69419071,5354.20808659,16139.21719966,1613
2026-01-04T07:42:00Z,5354.20808659,5355.02101721,5354.11356807,5354.92648601,5267.87938694,526
2026-01-04T07:43:00Z,5354.92648601,5355.91993277,5354.52998793,5355.52339049,23096.80858746,2309
2026-01-04T07:44:00Z,5355.52339049,5355.58776259,5354.32984709,5354.39420562,30647.44030845,3064
2026-01-04T07:45:00Z,5354.39420562,5354.43768073,5353.23293232,5353.27639836,16380.09191065,1638
2026-01-04T07:46:00Z,5353.27639836,5353.86416548,5351.55287055,5352.14051296,7454.12770062,745
2026-01-04T07:47:00Z,5352.14051296,5353.19616291,5351.01888243,5352.07451935,3564.27418991,356
2026-01-04T07:48:00Z,5352.07451935,5352.55426484,5351.01467451,5351.49436800,3038.00484554,303
2026-01-04T07:49:00Z,5351.49436800,5353.14014319,5350.65930545,5352.30495416,7199.58003539,719
2026-01-04T07:50:00Z,5352.30495416,5354.10700326,5349.49447671,5351.29618617,34485.82173273,3448
2026-01-04T07:51:00Z,5351.29618617,5353.90079009,5349.68465200,5352.28895695,26574.10115213,2657
2026-01-04T07:52:00Z,5352.28895695,5352.91431466,5351.82062482,5352.44596879,419.11024960,41
2026-01-04T07:53:00Z,5352.44596879,5353.17673148,5351.89356354,5352.62430783,10011.62084420,1001
2026-01-04T07:54:00Z,5352.62430783,5353.43454407,5350.42105579,5351.23108114,5413.59028979,541
2026-01-04T07:55:00Z,5351.23108114,5351.67803967,5350.51739581,5350.96433206,7837.44881127,783
2026-01-04T07:56:00Z,5350.96433206,5351.31924442,5349.23433304,5349.58915419,12911.59432960,1291
2026-01-04T07:57:00Z,5349.58915419,5351.25809720,5348.45182076,5350.12065078,9764.51509656,976
2026-01-04T07:58:00Z,5350.12065078,5350.37266035,5349.09030123,5349.34227413,10920.63206308,1092
2026-01-04T07:59:00Z,5349.34227413,5350.81227184,5349.12184673,5350.59179295,6109.00339800,610
2026-01-04T08:00:00Z,5350.59179295,5350.73431868,5349.17318452,5349.31567626,16485.31394465,1648
2026-01-04T08:01:00Z,5349.31567626,5351.23006573,5346.35170340,5348.26571711,29476.12030374,2947
2026-01-04T08:02:00Z,5348.26571711,5349.19100442,5346.68828158,5347.61345604,17604.06652897,1760
2026-01-04T08:03:00Z,5347.61345604,5347.63335382,5346.46211356,5346.48200713,21220.72544384,2122
2026-01-04T08:04:00Z,5346.48200713,5347.21582022,5345.65882763,5346.39262845,11804.44092105,1180
2026-01-04T08:05:00Z,5346.39262845,5347.46572012,5345.59116123,5346.66421219,5436.09175530,543
2026-01-04T08:06:00Z,5346.66421219,5350.25865434,5344.42932198,5348.02319608,41093.52856577,4109
2026-01-04T08:07:00Z,5348.02319608,5349.57445184,5346.81841111,5348.36958883,693.40334719,69
2026-01-04T08:08:00Z,5348.36958883,5349.60782872,5347.90163904,5349.13981154,25149.06527547,2514
2026-01-04T08:09:00Z,5349.13981154,5349.44253872,5347.48180476,5347.78445523,19028.86405706,1902
2026-01-04T08:10:00Z,5347.78445523,5348.61753938,5347.27385176,5348.10690513,9065.07777992,906
2026-01-04T08:11:00Z,5348.10690513,5349.66554235,5347.73638962,5349.29494454,8900.71878166,890
2026-01-04T08:12:00Z,5349.29494454,5350.13031945,5348.71994381,5349.55529073,11493.65328562,1149
2026-01-04T08:13:00Z,5349.55529073,5351.40667278,5348.73019319,5350.58141697,7493.12619667,749
2026-01-04T08:14:00Z,5350.58141697,5350.96772014,5350.11531382,5350.50161124,3827.74654026,382
2026-01-04T08:15:00Z,5350.50161124,5351.37910960,5350.22768276,5351.10515023,25578.09558287,2557
2026-01-04T08:16:00Z,5351.10515023,5351.68780827,5350.53779871,5351.12045513,21408.80346565,2140
2026-01-04T08:17:00Z,5351.12045513,5352.83061022,5350.79962757,5352.50969936,23639.21103737,2363
2026-01-04T08:18:00Z,5352.50969936,5353.00848173,5351.75515431,5352.25391284,8897.37328282,889
2026-01-04T08:19:00Z,5352.25391284,5353.24153748,5351.19811929,5352.18573135,12167.35563094,1216
2026-01-04T08:20:00Z,5352.18573135,5352.94042924,5351.28484505,5352.03952232,5065.64577524,506
2026-01-04T08:21:00Z,5352.03952232,5352.28514662,5351.99223880,5352.23786134,6311.46380792,631
2026-01-04T08:22:00Z,5352.23786134,5354.61028284,5350.99292120,5353.36508050,18250.32558255,1825
2026-01-04T08:23:00Z,5353.36508050,5354.30282943,5352.98805232,5353.92576176,38380.18202394,3838
2026-01-04T08:24:00Z,5353.92576176,5354.23695213,5351.69505323,5352.00613202,15515.76827065,1551
2026-01-04T08:25:00Z,5352.00613202,5353.54607186,5351.46310633,5353.00294503,31677.13497792,3167
2026-01-04T08:26:00Z,5353.00294503,5353.07317779,5352.80948443,5352.87971558,2405.44881992,240
2026-01-04T08:27:00Z,5352.87971558,5353.27431282,5352.39910686,5352.79369776,8496.50088027,849
2026-01-04T08:28:00Z,5352.79369776,5354.00465692,5350.42095800,5351.63165427,19582.84210027,1958
2026-01-04T08:29:00Z,5351.63165427,5352.75891659,5350.13152187,5351.25870564,3027.13489627,302
2026-01-04T08:30:00Z,5351.25870564,5351.70768808,5349.70180405,5350.15069353,69604.73674574,6960
2026-01-04T08:31:00Z,5350.15069353,5351.27446518,5349.69239858,5350.81611323,23013.66200583,2301
2026-01-04T08:32:00Z,5350.81611323,5351.94560673,5350.19429864,5351.32373315,6490.81380390,649
2026-01-04T08:33:00Z,5351.32373315,5353.49312083,5349.90901211,5352.07820034,24405.28141109,2440
2026-01-04T08:34:00Z,5352.07820034,5352.91827767,5351.92006178,5352.76011896,1207.74248557,120
2026-01-04T08:35:00Z,5352.76011896,5353.69106216,5351.92371279,5352.85464122,12547.06834838,1254
2026-01-04T08:36:00Z,5352.85464122,5353.52883711,5350.08108191,5350.75501335,24332.03052654,2433
2026-01-04T08:37:00Z,5350.75501335,5352.23959109,5349.59353575,5351.07804337,14172.89274811,1417
2026-01-04T08:38:00Z,5351.07804337,5351.88608603,5350.68463993,5351.49265210,5229.32038140,522
2026-01-04T08:39:00Z,5351.49265210,5352.29951387,5350.46642926,5351.27325795,4323.21253295,432
2026-01-04T08:40:00Z,5351.27325795,5351.56781404,5350.71493842,5351.00947999,9469.10156127,946
2026-01-04T08:41:00Z,5351.00947999,5351.20337505,5350.25326177,5350.44713646,16236.68639100,1623
2026-01-04T08:42:00Z,5350.44713646,5351.80597609,5350.41299652,5351.77182770,41668.77134643,4166
2026-01-04T08:43:00Z,5351.77182770,5354.43942004,5351.43366408,5354.10110924,10597.37270879,1059
2026-01-04T08:44:00Z,5354.10110924,5355.69788908,5353.31662811,5354.91328895,12732.72985410,1273
2026-01-04T08:45:00Z,5354.91328895,5355.43168164,5354.61154750,5355.12992798,47337.30817446,4733
2026-01-04T08:46:00Z,5355.12992798,5355.67943529,5354.57252727,5355.12203377,9845.09334374,984
2026-01-04T08:47:00Z,5355.12203377,5355.43976140,5354.95562243,5355.27334535,5340.39375275,534
2026-01-04T08:48:00Z,5355.27334535,5356.61164155,5354.83068742,5356.16890959,25668.84020363,2566
2026-01-04T08:49:00Z,5356.16890959,5358.44126484,5355.28089474,5357.55302051,73717.27722272,7371
2026-01-04T08:50:00Z,5357.55302051,5357.63618806,5355.96830594,5356.05145018,12794.18674326,1279
2026-01-04T08:51:00Z,5356.05145018,5358.15198753,5354.84020111,5356.94053739,1791.69401058,179
2026-01-04T08:52:00Z,5356.94053739,5357.12678190,5356.66785484,5356.85409634,8019.72149967,801
2026-01-04T08:53:00Z,5356.85409634,5361.93244699,5353.78591855,5358.86311852,29526.45370240,2952
2026-01-04T08:54:00Z,5358.86311852,5360.00783664,5357.02063182,5358.16520086,25450.35142493,2545
2026-01-04T08:55:00Z,5358.16520086,5358.20501730,5357.95474613,5357.99456131,1372.04176048,137
2026-01-04T08:56:00Z,5357.99456131,5359.11826771,5356.49126847,5357.61489524,9015.28738846,901
2026-01-04T08:57:00Z,5357.61489524,5357.99258704,5356.69931729,5357.07697116,16302.14971822,1630
2026-01-04T08:58:00Z,5357.07697116,5357.76349885,5356.70670534,5357.39321117,11377.30831151,1137
2026-01-04T08:59:00Z,5357.39321117,5357.55873282,5356.76361481,5356.92912212,40368.94877185,4036
2026-01-04T09:00:00Z,5356.92912212,5358.19999113,5355.68360375,5356.95446686,20486.89342154,2048
2026-01-04T09:01:00Z,5356.95446686,5357.42294886,5356.23685024,5356.70531045,10164.87899915,1016
2026-01-04T09:02:00Z,5356.70531045,5357.82051223,5355.70817645,5356.82335626,3320.72408523,332
2026-01-04T09:03:00Z,5356.82335626,5358.49333896,5356.34827794,5358.01815468,11780.81814687,1178
2026-01-04T09:04:00Z,5358.01815468,5358.51880293,5357.33601846,5357.83664975,5559.40082809,555
2026-01-04T09:05:00Z,5357.83664975,5358.67493931,5357.15979298,5357.99806215,16046.22243253,1604
2026-01-04T09:06:00Z,5357.99806215,5358.90650337,5356.44150604,5357.34983736,19359.98894454,1935
2026-01-04T09:07:00Z,5357.34983736,5357.75949480,5356.34429755,5356.75390942,17817.41040499,1781
2026-01-04T09:08:00Z,5356.75390942,5357.43689563,5356.21139621,5356.89436820,10039.97207007,1003
2026-01-04T09:09:00Z,5356.89436820,5358.00382107,5354.84678744,5355.95604597,55461.36052593,5546
2026-01-04T09:10:00Z,5355.95604597,5356.42722897,5355.43769300,5355.90887186,9862.59553959,986
2026-01-04T09:11:00Z,5355.90887186,5357.03890676,5355.87276576,5357.00279329,20999.87212111,2099
2026-01-04T09:12:00Z,5357.00279329,5357.92625998,5355.96220998,5356.88565648,3848.22202780,384
2026-01-04T09:13:00Z,5356.88565648,5357.02589127,5356.53208609,5356.67231529,5069.69542613,506
2026-01-04T09:14:00Z,5356.67231529,5358.22147032,5355.76639173,5357.31543799,32136.65979705,3213
2026-01-04T09:15:00Z,5357.31543799,5357.75119560,5356.23592979,5356.67163503,29512.16271229,2951
2026-01-04T09:16:00Z,5356.67163503,5357.82676686,5355.94299148,5357.09806530,9093.23695458,909
2026-01-04T09:17:00Z,5357.09806530,5357.98545368,5356.68306284,5357.57041463,13482.86436358,1348
2026-01-04T09:18:00Z,5357.57041463,5358.72334746,5356.15958428,5357.31246161,11687.38050878,1168
2026-01-04T09:19:00Z,5357.31246161,5359.31801196,5356.45108941,5358.45645584,4540.12617874,454
2026-01-04T09:20:00Z,5358.45645584,5360.10271053,5357.72517810,5359.37130795,7277.01387206,727
2026-01-04T09:21:00Z,5359.37130795,5359.50581876,5359.34635920,5359.48086950,4245.98592496,424
2026-01-04T09:22:00Z,5359.48086950,5361.08685692,5358.70706690,5360.31293418,4381.15980389,438
2026-01-04T09:23:00Z,5360.31293418,5360.40603906,5359.43443428,5359.52752551,6306.00803610,630
2026-01-04T09:24:00Z,5359.52752551,5359.54858847,5359.21512020,5359.23618200,27536.79791674,2753
2026-01-04T09:25:00Z,5359.23618200,5361.15209176,5358.87343402,5360.78923866,13331.23054417,1333
2026-01-04T09:26:00Z,5360.78923866,5361.00075581,5359.81360680,5360.02509380,3784.40530202,378
2026-01-04T09:27:00Z,5360.02509380,5360.11976617,5358.89234309,5358.98699712,13119.25498037,1311
2026-01-04T09:28:00Z,5358.98699712,5359.77287065,5357.61614161,5358.40192935,21883.98755279,2188
2026-01-04T09:29:00Z,5358.40192935,5358.71439523,5357.56345243,5357.87588764,8129.13625055,812
2026-01-04T09:30:00Z,5357.87588764,5358.06441030,5357.72452050,5357.91304211,7093.03104051,709
2026-01-04T09:31:00Z,5357.91304211,5359.29058845,5357.27274074,5358.65019899,14497.96026641,1449
2026-01-04T09:32:00Z,5358.65019899,5359.10496956,5358.61056749,5359.06533499,5892.83125742,589
2026-01-04T09:33:00Z,5359.06533499,5360.12342875,5358.12589608,5359.18396904,3800.89078044,380
2026-01-04T09:34:00Z,5359.18396904,5359.22200647,5358.89985942,5358.93789511,17696.32653618,1769
2026-01-04T09:35:00Z,5358.93789511,5361.04699001,5356.26189598,5358.37076767,5164.90454956,516
2026-01-04T09:36:00Z,5358.37076767,5358.82514257,5357.96161912,5358.41599057,4664.31386309,466
2026-01-04T09:37:00Z,5358.41599057,5359.71974345,5357.48540373,5358.78909183,2579.46228127,257
2026-01-04T09:38:00Z,5358.78909183,5359.82975193,5357.34970166,5358.39028431,11436.15873436,1143
2026-01-04T09:39:00Z,5358.39028431,5358.64835256,5357.73462015,5357.99266925,32151.53907017,3215
2026-01-04T09:40:00Z,5357.99266925,5359.41776026,5356.83887882,5358.26391142,12492.67245024,1249
2026-01-04T09:41:00Z,5358.26391142,5362.49199660,5356.35178844,5360.57904745,14580.45947334,1458
2026-01-04T09:42:00Z,5360.57904745,5361.04727373,5360.07626602,5360.54448928,7447.91687004,744
2026-01-04T09:43:00Z,5360.54448928,5361.55472636,5358.10260275,5359.11256996,8255.41989258,825
2026-01-04T09:44:00Z,5359.11256996,5360.26185999,5355.22802535,5356.37672866,65353.58380348,6535
2026-01-04T09:45:00Z,5356.37672866,5357.21179452,5354.83349112,5355.66844655,11905.04741865,1190
2026-01-04T09:46:00Z,5355.66844655,5356.99842835,5355.09705913,5356.42696001,38440.82344932,3844
2026-01-04T09:47:00Z,5356.42696001,5358.28001077,5353.65949714,5355.51223145,7375.75289964,737
2026-01-04T09:48:00Z,5355.51223145,5356.17263334,5353.34170531,5354.00192096,9715.99020715,971
2026-01-04T09:49:00Z,5354.00192096,5355.22808795,5351.96000678,5353.18598691,9159.46037829,915
2026-01-04T09:50:00Z,5353.18598691,5354.41242398,5351.41559429,5352.64190671,17612.23297702,1761
2026-01-04T09:51:00Z,5352.64190671,5355.03617454,5352.41542899,5354.80960511,47880.62463272,4788
2026-01-04T09:52:00Z,5354.80960511,5355.62098953,5353.78030623,5354.59165763,8322.93104779,832
2026-01-04T09:53:00Z,5354.59165763,5354.86139476,5353.48835166,5353.75804679,7622.65582098,762
2026-01-04T09:54:00Z,5353.75804679,5353.88824263,5351.37368149,5351.50382251,50913.11542646,5091
2026-01-04T09:55:00Z,5351.50382251,5352.25925278,5348.30229962,5349.05738454,80227.33621696,8022
2026-01-04T09:56:00Z,5349.05738454,5350.40413620,5348.85876111,5350.20547014,32257.32547920,3225
2026-01-04T09:57:00Z,5350.20547014,5350.41312152,5348.76753737,5348.97514100,36232.38173963,3623
2026-01-04T09:58:00Z,5348.97514100,5350.26575878,5348.40683276,5349.69737380,15785.51980603,1578
2026-01-04T09:59:00Z,5349.69737380,5349.96318347,5348.56755552,5348.83332225,3573.00858963,357
2026-01-04T10:00:00Z,5348.83332225,5349.81673324,5345.60579143,5346.58878974,36843.02393661,3684
2026-01-04T10:01:00Z,5346.58878974,5347.51246851,5346.51182967,5347.43549624,17162.90198389,1716
2026-01-04T10:02:00Z,5347.43549624,5348.06646834,5345.81947718,5346.45033303,4876.47334800,487
2026-01-04T10:03:00Z,5346.45033303,5347.71345557,5345.89732668,5347.16037578,12431.19239819,1243
2026-01-04T10:04:00Z,5347.16037578,5347.85120754,5345.72070393,5346.41143894,3558.31700064,355
2026-01-04T10:05:00Z,5346.41143894,5346.77523992,5343.70149302,5344.06513435,31529.94102995,3152
2026-01-04T10:06:00Z,5344.06513435,5344.24068681,5343.96199946,5344.13755053,20940.27730370,2094
2026-01-04T10:07:00Z,5344.13755053,5347.27195175,5340.74845864,5343.88271040,11649.52391104,1164
2026-01-04T10:08:00Z,5343.88271040,5345.43681666,5343.57331258,5345.12734678,3339.69396149,333
2026-01-04T10:09:00Z,5345.12734678,5345.43541011,5338.49969463,5338.80739372,38043.37215880,3804
2026-01-04T10:10:00Z,5338.80739372,5342.17164398,5336.50319058,5339.86698352,2219.86770682,221
2026-01-04T10:11:00Z,5339.86698352,5342.87238762,5338.22656813,5341.23155303,17097.90039882,1709
2026-01-04T10:12:00Z,5341.23155303,5342.49840900,5335.96888880,5337.23479681,26897.96029232,2689
2026-01-04T10:13:00Z,5337.23479681,5338.47900425,5337.02879098,5338.27295835,6804.06630288,680
2026-01-04T10:14:00Z,5338.27295835,5347.65281621,5337.83289247,5347.21201343,50223.80209927,5022
2026-01-04T10:15:00Z,5347.21201343,5354.51856461,5344.99575243,5352.30019471,17064.62851219,1706
2026-01-04T10:16:00Z,5352.30019471,5355.60496995,5352.02477018,5355.32938954,20195.54850289,2019
2026-01-04T10:17:00Z,5355.32938954,5359.64660414,5354.06129315,5358.37778592,10264.67844270,1026
2026-01-04T10:18:00Z,5358.37778592,5358.40503731,5354.63918515,5354.66641767,35393.67558912,3539
2026-01-04T10:19:00Z,5354.66641767,5356.22839779,5348.40429406,5349.96490274,110767.83037194,11076
2026-01-04T10:20:00Z,5349.96490274,5352.76202283,5345.77208264,5348.56847263,19830.20865680,1983
2026-01-04T10:21:00Z,5348.56847263,5357.83519770,5346.58963767,5355.85366741,14765.86075463,1476
2026-01-04T10:22:00Z,5355.85366741,5366.35344345,5353.16366091,5363.65951642,28423.46781303,2842
2026-01-04T10:23:00Z,5363.65951642,5369.16595652,5363.56791674,5369.07426437,48573.83963883,4857
2026-01-04T10:24:00Z,5369.07426437,5377.44635504,5368.07014787,5376.44086086,22403.42836214,2240
2026-01-04T10:25:00Z,5376.44086086,5378.28637514,5374.01234620,5375.85766030,15026.12246103,1502
2026-01-04T10:26:00Z,5375.85766030,5383.38762359,5373.59044937,5381.11819409,12568.96000704,1256
2026-01-04T10:27:00Z,5381.11819409,5383.74919039,5373.09496313,5375.72332171,26338.54358976,2633
2026-01-04T10:28:00Z,5375.72332171,5375.83151038,5374.70821236,5374.81638279,57409.84942070,5740
2026-01-04T10:29:00Z,5374.81638279,5375.42514635,5372.11613526,5372.72466191,26841.84602010,2684
2026-01-04T10:30:00Z,5372.72466191,5372.78020581,5371.96066652,5372.01620309,2146.60778148,214
2026-01-04T10:31:00Z,5372.01620309,5374.18369324,5371.14003216,5373.30731173,11213.23155201,1121
2026-01-04T10:32:00Z,5373.30731173,5373.40197477,5373.05984037,5373.15450072,18265.57261127,1826
2026-01-04T10:33:00Z,5373.15450072,5374.44205805,5373.15240846,5374.43996529,6747.33808543,674
2026-01-04T10:34:00Z,5374.43996529,5376.64258524,5373.96177613,5376.16424266,19554.00655912,1955
2026-01-04T10:35:00Z,5376.16424266,5378.37935153,5376.11153134,5378.32661899,38362.15919551,3836
2026-01-04T10:36:00Z,5378.32661899,5378.74674567,5376.70058471,5377.12061718,12658.88373613,1265
2026-01-04T10:37:00Z,5377.12061718,5377.12534126,5376.92202375,5376.92674765,21668.83878428,2166
2026-01-04T10:38:00Z,5376.92674765,5377.60206650,5375.82335628,5376.49862135,8614.73274653,861
2026-01-04T10:39:00Z,5376.49862135,5378.17144093,5373.84586060,5375.51837520,8028.37059918,802
2026-01-04T10:40:00Z,5375.51837520,5376.86962184,5373.89961717,5375.25079656,17008.04902558,1700
2026-01-04T10:41:00Z,5375.25079656,5375.63302489,5374.10462748,5374.48680149,11094.93907088,1109
2026-01-04T10:42:00Z,5374.48680149,5375.41900889,5373.71651104,5374.64869524,3784.50642948,378
2026-01-04T10:43:00Z,5374.64869524,5376.42394017,5374.36580590,5376.14097228,20235.36872709,2023
2026-01-04T10:44:00Z,5376.14097228,5376.84050694,5372.80718091,5373.50637276,1083.71276461,108
2026-01-04T10:45:00Z,5373.50637276,5374.18991206,5373.28021629,5373.96373634,11382.46325953,1138
2026-01-04T10:46:00Z,5373.96373634,5375.80337637,5372.25294101,5374.09254004,13524.79580245,1352
2026-01-04T10:47:00Z,5374.09254004,5375.12521554,5372.61664518,5373.64923550,5487.40396139,548
2026-01-04T10:48:00Z,5373.64923550,5375.08166144,5372.93228047,5374.36461096,41803.66176038,4180
2026-01-04T10:49:00Z,5374.36461096,5375.24964831,5373.12068229,5374.00566053,10251.85971435,1025
2026-01-04T10:50:00Z,5374.00566053,5376.53194838,5373.28929956,5375.81534617,58990.08073822,5899
2026-01-04T10:51:00Z,5375.81534617,5377.28485469,5373.40291880,5374.87216950,15169.48153184,1516
2026-01-04T10:52:00Z,5374.87216950,5376.47768078,5373.62875796,5375.23418549,9693.24079515,969
2026-01-04T10:53:00Z,5375.23418549,5378.78866018,5373.89780749,5377.45173087,25173.53368936,2517
2026-01-04T10:54:00Z,5377.45173087,5380.58161967,5376.57269244,5379.70221336,56801.77452912,5680
2026-01-04T10:55:00Z,5379.70221336,5380.28366307,5378.17395285,5378.75530021,5908.10510303,590
2026-01-04T10:56:00Z,5378.75530021,5380.95856744,5378.11840153,5380.32148331,6269.70197137,626
2026-01-04T10:57:00Z,5380.32148331,5381.28359416,5378.48996434,5379.45191969,26948.13401544,2694
2026-01-04T10:58:00Z,5379.45191969,5379.68009857,5379.01043395,5379.23860378,2343.87288748,234
2026-01-04T10:59:00Z,5379.23860378,5379.26500529,5376.81052021,5376.83690994,6967.49901911,696
2026-01-04T11:00:00Z,5376.83690994,5377.79136968,5376.52287662,5377.47729896,31070.05018408,3107
2026-01-04T11:01:00Z,5377.47729896,5378.24818021,5377.05736957,5377.82822341,5831.27734635,583
2026-01-04T11:02:00Z,5377.82822341,5378.49144219,5377.65493157,5378.31813455,1361.46057115,136
2026-01-04T11:03:00Z,5378.31813455,5378.66368367,5377.69719286,5378.04272428,9678.79720701,967
2026-01-04T11:04:00Z,5378.04272428,5379.39333693,5376.93951529,5378.29007721,9371.72009530,937
2026-01-04T11:05:00Z,5378.29007721,5379.12852394,5377.01614667,5377.85452550,14694.89436457,1469
2026-01-04T11:06:00Z,5377.85452550,5378.62494267,5376.83495303,5377.60533451,17665.88548204,1766
2026-01-04T11:07:00Z,5377.60533451,5380.68380526,5376.36452098,5379.44256781,22988.70323508,2298
2026-01-04T11:08:00Z,5379.44256781,5380.39752705,5378.84142875,5379.79634846,4445.88500127,444
2026-01-04T11:09:00Z,5379.79634846,5380.17084266,5379.35192306,5379.72641239,10334.07095554,1033
2026-01-04T11:10:00Z,5379.72641239,5381.09743191,5378.10357822,5379.47453355,26152.15145413,2615
2026-01-04T11:11:00Z,5379.47453355,5379.82286680,5378.58044519,5378.92874310,15740.06723513,1574
2026-01-04T11:12:00Z,5378.92874310,5379.59165017,5378.84083674,5379.50373441,7574.28432436,757
2026-01-04T11:13:00Z,5379.50373441,5382.41590627,5378.54437832,5381.45620199,11999.92378851,1199
2026-01-04T11:14:00Z,5381.45620199,5381.62677097,5380.80475635,5380.97531009,28697.94134757,2869
2026-01-04T11:15:00Z,5380.97531009,5382.69916469,5380.86964223,5382.59346505,45834.37342177,4583
2026-01-04T11:16:00Z,5382.59346505,5384.61048411,5381.66789997,5383.68473138,33921.11612471,3392
2026-01-04T11:17:00Z,5383.68473138,5385.20440033,5380.57325923,5382.09247873,15632.19890885,1563
2026-01-04T11:18:00Z,5382.09247873,5384.07267198,5381.80078142,5383.78088317,80662.19705729,8066
2026-01-04T11:19:00Z,5383.78088317,5386.66803032,5382.02360838,5384.91038687,9300.17954231,930
2026-01-04T11:20:00Z,5384.91038687,5386.54545154,5384.07334425,5385.70828489,42559.54247434,4255
2026-01-04T11:21:00Z,5385.70828489,5386.89860453,5385.26868448,5386.45894285,14072.52843149,1407
2026-01-04T11:22:00Z,5386.45894285,5387.32101551,5386.36291302,5387.22497202,5620.26219081,562
2026-01-04T11:23:00Z,5387.22497202,5387.32300541,5386.53013564,5386.62815816,7456.62245323,745
2026-01-04T11:24:00Z,5386.62815816,5388.32761734,5385.48749152,5387.18683239,7159.36745939,715
2026-01-04T11:25:00Z,5387.18683239,5388.27823659,5387.16951244,5388.26091319,16063.54880155,1606
2026-01-04T11:26:00Z,5388.26091319,5390.73034015,5387.89206091,5390.36134409,21001.94413347,2100
2026-01-04T11:27:00Z,5390.36134409,5392.52417199,5388.39779420,5390.56054954,6352.24708054,635
2026-01-04T11:28:00Z,5390.56054954,5394.47311961,5390.38701955,5394.29946926,46717.39170193,4671
2026-01-04T11:29:00Z,5394.29946926,5396.44058328,5393.85116133,5395.99213468,25882.32280688,2588
2026-01-04T11:30:00Z,5395.99213468,5397.90496188,5395.11626238,5397.02892129,13178.42421912,1317
2026-01-04T11:31:00Z,5397.02892129,5397.97771458,5395.80491696,5396.75366186,2341.49791608,234
2026-01-04T11:32:00Z,5396.75366186,5399.61111158,5396.07944649,5398.93662350,62645.55426170,6264
2026-01-04T11:33:00Z,5398.93662350,5399.46042912,5398.74464635,5399.26844017,16372.92890715,1637
2026-01-04T11:34:00Z,5399.26844017,5401.50136974,5398.52686511,5400.75958988,22614.42399396,2261
2026-01-04T11:35:00Z,5400.75958988,5403.20248638,5399.46929952,5401.91192072,15426.39433531,1542
2026-01-04T11:36:00Z,5401.91192072,5403.17218377,5401.05858835,5402.31878713,1183.93424452,118
2026-01-04T11:37:00Z,5402.31878713,5403.27130887,5399.81008027,5400.76232757,32004.32466072,3200
2026-01-04T11:38:00Z,5400.76232757,5403.72099286,5399.92150819,5402.87984382,32444.10989065,3244
2026-01-04T11:39:00Z,5402.87984382,5403.48781290,5400.88109178,5401.48890435,1750.63356925,175
2026-01-04T11:40:00Z,5401.48890435,5403.03424520,5401.10152915,5402.64678696,27261.12214234,2726
2026-01-04T11:41:00Z,5402.64678696,5403.06909810,5402.34296433,5402.76526881,28708.98079181,2870
2026-01-04T11:42:00Z,5402.76526881,5404.01408391,5402.17134036,5403.42008347,17966.42894947,1796
2026-01-04T11:43:00Z,5403.42008347,5404.46948551,5403.02275543,5404.07210952,10697.06611996,1069
2026-01-04T11:44:00Z,5404.07210952,5404.22748787,5403.11117265,5403.26652784,35474.81640942,3547
2026-01-04T11:45:00Z,5403.26652784,5403.74520244,5401.97433482,5402.45293735,39406.90995344,3940
2026-01-04T11:46:00Z,5402.45293735,5402.66528668,5401.16477499,5401.37708202,7459.55731646,745
2026-01-04T11:47:00Z,5401.37708202,5403.14698478,5398.36745001,5400.13694640,33466.40698387,3346
2026-01-04T11:48:00Z,5400.13694640,5401.98226852,5400.02906254,5401.87434996,22664.39472002,2266
2026-01-04T11:49:00Z,5401.87434996,5404.69496824,5399.27502438,5402.09553623,17097.47327132,1709
2026-01-04T11:50:00Z,5402.09553623,5403.08485744,5401.37999205,5402.36927700,2380.55679799,238
2026-01-04T11:51:00Z,5402.36927700,5403.58047652,5401.10953181,5402.32072044,7189.08560161,718
2026-01-04T11:52:00Z,5402.32072044,5403.66129080,5401.74000487,5403.08049356,7197.65569195,719
2026-01-04T11:53:00Z,5403.08049356,5406.31725174,5402.62244568,5405.85896831,30493.76641872,3049
2026-01-04T11:54:00Z,5405.85896831,5407.58661194,5404.96057250,5406.68807833,13886.60107614,1388
2026-01-04T11:55:00Z,5406.68807833,5407.15917743,5404.61785153,5405.08881128,2287.97964544,228
2026-01-04T11:56:00Z,5405.08881128,5406.68624888,5404.94620522,5406.54360444,39324.86827861,3932
2026-01-04T11:57:00Z,5406.54360444,5407.84252747,5405.47211899,5406.77099695,13488.86664417,1348
2026-01-04T11:58:00Z,5406.77099695,5410.61615608,5406.16003702,5410.00483073,17085.10323934,1708
2026-01-04T11:59:00Z,5410.00483073,5410.14387102,5408.22587161,5408.36486975,17125.00068357,1712
2026-01-04T12:00:00Z,5408.36486975,5408.57092287,5406.18794620,5406.39392424,2922.26423898,292
2026-01-04T12:01:00Z,5406.39392424,5408.01394502,5406.08437964,5407.70432540,19476.59153706,1947
2026-01-04T12:02:00Z,5407.70432540,5407.79079736,5406.24645922,5406.33290925,11871.29840974,1187
2026-01-04T12:03:00Z,5406.33290925,5408.86464835,5404.93199842,5407.46344457,1515.94275248,151
2026-01-04T12:04:00Z,5407.46344457,5409.27998831,5407.01062051,5408.82705007,18952.85263049,1895
2026-01-04T12:05:00Z,5408.82705007,5409.55437778,5407.55021594,5408.27746975,16796.93098313,1679
2026-01-04T12:06:00Z,5408.27746975,5409.20296844,5407.92900950,5408.85447101,18596.05237864,1859
2026-01-04T12:07:00Z,5408.85447101,5412.01922065,5407.45945110,5410.62374442,38109.40399950,3810
2026-01-04T12:08:00Z,5410.62374442,5411.96364036,5409.98732030,5411.32713350,17747.45484602,1774
2026-01-04T12:09:00Z,5411.32713350,5411.67708005,5409.94137742,5410.29125698,7459.01668251,745
2026-01-04T12:10:00Z,5410.29125698,5411.41033462,5409.55256263,5410.67158835,8257.25117419,825
2026-01-04T12:11:00Z,5410.67158835,5411.50519569,5410.12657881,5410.96015709,24681.31582212,2468
2026-01-04T12:12:00Z,5410.96015709,5411.69491937,5409.77981606,5410.51451782,30280.69986007,3028
2026-01-04T12:13:00Z,5410.51451782,5410.73026201,5409.36987174,5409.58557889,4557.99758047,455
2026-01-04T12:14:00Z,5409.58557889,5412.11845739,5406.91398851,5409.44680204,22932.62369949,2293
2026-01-04T12:15:00Z,5409.44680204,5409.59278663,5406.95437997,5407.10030123,33595.23011935,3359
2026-01-04T12:16:00Z,5407.10030123,5407.69629473,5403.90178137,5404.49748797,73218.64792555,7321
2026-01-04T12:17:00Z,5404.49748797,5404.71215605,5402.73087789,5402.94548432,113085.63151226,11308
2026-01-04T12:18:00Z,5402.94548432,5403.63826216,5399.48634481,5400.17876790,51942.10316497,5194
2026-01-04T12:19:00Z,5400.17876790,5401.17445052,5396.09468329,5397.08979637,103419.16535202,10341
2026-01-04T12:20:00Z,5397.08979637,5397.92391145,5395.72385379,5396.55788666,20418.77212018,2041
2026-01-04T12:21:00Z,5396.55788666,5396.65216915,5393.98407704,5394.07831622,39250.79575587,3925
2026-01-04T12:22:00Z,5394.07831622,5394.93474209,5391.82060497,5392.67680832,47959.24494796,4795
2026-01-04T12:23:00Z,5392.67680832,5393.06967746,5390.55400270,5390.94674580,23682.39777235,2368
2026-01-04T12:24:00Z,5390.94674580,5393.00974027,5382.31394261,5384.37442200,11334.60295233,1133
2026-01-04T12:25:00Z,5384.37442200,5385.98103783,5382.01434170,5383.62073264,8069.45426724,806
2026-01-04T12:26:00Z,5383.62073264,5388.81201860,5372.07408964,5377.25924137,32512.41659711,3251
2026-01-04T12:27:00Z,5377.25924137,5383.75412343,5366.66214338,5373.15206462,11909.27527558,1190
2026-01-04T12:28:00Z,5373.15206462,5378.43547726,5371.12704267,5376.40922776,5029.83916197,502
2026-01-04T12:29:00Z,5376.40922776,5378.86671462,5374.85055013,5377.30777650,995.88928359,99
2026-01-04T12:30:00Z,5377.30777650,5382.46410643,5375.90737787,5381.06272990,17674.37516851,1767
2026-01-04T12:31:00Z,5381.06272990,5388.11599401,5378.86375291,5385.91503412,17936.75754234,1793
2026-01-04T12:32:00Z,5385.91503412,5394.18742910,5382.96720274,5391.23668507,16844.87339992,1684
2026-01-04T12:33:00Z,5391.23668507,5394.86621908,5389.82956532,5393.45851944,12953.28285030,1295
2026-01-04T12:34:00Z,5393.45851944,5395.10478515,5389.63436619,5391.27996693,6747.42006070,674
2026-01-04T12:35:00Z,5391.27996693,5403.86119891,5384.11345245,5396.68749632,24676.25661134,2467
2026-01-04T12:36:00Z,5396.68749632,5406.44125155,5394.77716771,5404.52814750,31220.45923802,3122
2026-01-04T12:37:00Z,5404.52814750,5404.74864123,5402.97534529,5403.19578466,17091.64413370,1709
2026-01-04T12:38:00Z,5403.19578466,5404.29251371,5400.73676844,5401.83322092,22275.74730064,2227
2026-01-04T12:39:00Z,5401.83322092,5402.16229014,5398.40038178,5398.72926192,20950.12134636,2095
2026-01-04T12:40:00Z,5398.72926192,5398.95176676,5396.93299669,5397.15543667,13780.16690021,1378
2026-01-04T12:41:00Z,5397.15543667,5397.92663232,5394.43829498,5395.20921253,22776.04999407,2277
2026-01-04T12:42:00Z,5395.20921253,5396.01386470,5392.74978817,5393.55419351,88509.21813466,8850
2026-01-04T12:43:00Z,5393.55419351,5394.16624961,5391.05263669,5391.66447835,9416.98792746,941
2026-01-04T12:44:00Z,5391.66447835,5392.09560833,5388.10885232,5388.53973244,53436.21224940,5343
2026-01-04T12:45:00Z,5388.53973244,5388.86545325,5385.80967868,5386.13525415,33219.44157433,3321
2026-01-04T12:46:00Z,5386.13525415,5387.19125456,5382.41637263,5383.47185086,59381.21703427,5938
2026-01-04T12:47:00Z,5383.47185086,5384.33432357,5380.84087356,5381.70306289,119112.89325852,11911
2026-01-04T12:48:00Z,5381.70306289,5382.08617322,5381.25648735,5381.63959317,12713.73107817,1271
2026-01-04T12:49:00Z,5381.63959317,5382.42046459,5380.08357018,5380.86432911,21279.57657491,2127
2026-01-04T12:50:00Z,5380.86432911,5381.04919856,5379.85990980,5380.04475109,26273.15929324,2627
2026-01-04T12:51:00Z,5380.04475109,5381.21325941,5377.94801464,5379.11632130,19684.78201832,1968
2026-01-04T12:52:00Z,5379.11632130,5379.12068877,5377.82763909,5377.83200551,58602.57843268,5860
2026-01-04T12:53:00Z,5377.83200551,5377.90421046,5375.82855345,5375.90073248,35282.50607029,3528
2026-01-04T12:54:00Z,5375.90073248,5375.97156519,5375.05129053,5375.12211299,6433.22537973,643
2026-01-04T12:55:00Z,5375.12211299,5375.20782311,5374.84593578,5374.93164286,7791.88768205,779
2026-01-04T12:56:00Z,5374.93164286,5375.47779128,5373.91301164,5374.45911205,4579.80361976,457
2026-01-04T12:57:00Z,5374.45911205,5374.99837500,5373.04743696,5373.58661236,18502.40404099,1850
2026-01-04T12:58:00Z,5373.58661236,5375.85193555,5373.00720939,5375.27235082,13682.72098947,1368
2026-01-04T12:59:00Z,5375.27235082,5376.33008333,5373.57214418,5374.62975024,12467.43433760,1246
2026-01-04T13:00:00Z,5374.62975024,5375.77139533,5374.56070952,5375.70234083,12855.29684833,1285
2026-01-04T13:01:00Z,5375.70234083,5376.22816774,5374.19214537,5374.71787599,8956.63411958,895
2026-01-04T13:02:00Z,5374.71787599,5375.14304085,5372.70892985,5373.13396941,26858.02284487,2685
2026-01-04T13:03:00Z,5373.13396941,5373.36773104,5372.02356507,5372.25728856,7408.16267753,740
2026-01-04T13:04:00Z,5372.25728856,5372.42496550,5370.97848140,5371.14612365,31838.76486563,3183
2026-01-04T13:05:00Z,5371.14612365,5371.41700313,5370.97028869,5371.24116505,9362.81554157,936
2026-01-04T13:06:00Z,5371.24116505,5372.34970788,5370.57611406,5371.68460199,3939.55609949,393
2026-01-04T13:07:00Z,5371.68460199,5372.04132270,5370.94729344,5371.30398888,16337.08762835,1633
2026-01-04T13:08:00Z,5371.30398888,5371.43985992,5369.30458580,5369.44040970,50154.05811262,5015
2026-01-04T13:09:00Z,5369.44040970,5370.42851341,5368.72519332,5369.71326069,10740.90742008,1074
2026-01-04T13:10:00Z,5369.71326069,5370.39777366,5369.05736318,5369.74187266,5174.55888674,517
2026-01-04T13:11:00Z,5369.74187266,5370.84421781,5366.63553840,5367.73747207,15998.88678741,1599
2026-01-04T13:12:00Z,5367.73747207,5368.37672557,5367.46594941,5368.10518431,22494.71219603,2249
2026-01-04T13:13:00Z,5368.10518431,5368.98129286,5367.54641855,5368.42249407,12865.73760871,1286
2026-01-04T13:14:00Z,5368.42249407,5369.71893417,5367.82951813,5369.12588054,6402.59995123,640
2026-01-04T13:15:00Z,5369.12588054,5369.18982062,5368.72044042,5368.78437644,15248.33068892,1524
2026-01-04T13:16:00Z,5368.78437644,5368.98129448,5367.36695575,5367.56382902,3023.51193039,302
2026-01-04T13:17:00Z,5367.56382902,5367.71336410,5367.17939061,5367.32891915,9381.85216457,938
2026-01-04T13:18:00Z,5367.32891915,5368.47179759,5365.50534123,5366.64807469,21047.77728805,2104
2026-01-04T13:19:00Z,5366.64807469,5368.27082181,5365.96557776,5367.58820532,15463.10415171,1546
2026-01-04T13:20:00Z,5367.58820532,5368.18424356,5367.07986261,5367.67589255,4076.06867398,407
2026-01-04T13:21:00Z,5367.67589255,5367.85411758,5367.22708352,5367.40529956,19462.29301595,1946
2026-01-04T13:22:00Z,5367.40529956,5367.67312144,5366.49314364,5366.76093336,7594.73829583,759
2026-01-04T13:23:00Z,5366.76093336,5367.22401047,5365.35452478,5365.81752049,18345.76112032,1834
2026-01-04T13:24:00Z,5365.81752049,5367.27481438,5365.63092556,5367.08817526,7662.28217404,766
2026-01-04T13:25:00Z,5367.08817526,5367.16429383,5366.92964990,5367.00576730,7190.16036578,719
2026-01-04T13:26:00Z,5367.00576730,5367.12856381,5366.05269987,5366.17547738,41385.84199787,4138
2026-01-04T13:27:00Z,5366.17547738,5366.93610504,5365.77721766,5366.53781842,7217.75395332,721
2026-01-04T13:28:00Z,5366.53781842,5366.76354929,5366.23677429,5366.46250198,13337.13461249,1333
2026-01-04T13:29:00Z,5366.46250198,5366.99231597,5362.70155472,5363.23104968,9578.48119744,957
2026-01-04T13:30:00Z,5363.23104968,5363.70863111,5362.55330204,5363.03086565,5934.84117859,593
2026-01-04T13:31:00Z,5363.03086565,5363.82539284,5362.64475321,5363.43925100,22481.22648878,2248
2026-01-04T13:32:00Z,5363.43925100,5363.52843774,5362.85893482,5362.94811339,47466.03031099,4746
2026-01-04T13:33:00Z,5362.94811339,5363.67623853,5362.05860730,5362.78671052,1549.44717869,154
2026-01-04T13:34:00Z,5362.78671052,5363.58676088,5359.82747469,5360.62720288,57810.85329712,5781
2026-01-04T13:35:00Z,5360.62720288,5361.14788017,5359.87843449,5360.39908963,2379.35491985,237
2026-01-04T13:36:00Z,5360.39908963,5360.64879935,5360.24991441,5360.49962133,11499.86074046,1149
2026-01-04T13:37:00Z,5360.49962133,5369.70886880,5358.10529082,5367.31149568,42393.91072868,4239
2026-01-04T13:38:00Z,5367.31149568,5368.14198164,5365.59957094,5366.42992049,13946.89396189,1394
2026-01-04T13:39:00Z,5366.42992049,5368.15590883,5365.06782927,5366.79372527,13640.94813302,1364
2026-01-04T13:40:00Z,5366.79372527,5368.24614755,5366.20950496,5367.66183274,17432.96894875,1743
2026-01-04T13:41:00Z,5367.66183274,5367.76505097,5367.12928642,5367.23249640,4200.45330405,420
2026-01-04T13:42:00Z,5367.23249640,5367.41606144,5366.14838716,5366.33192141,51188.57854887,5118
2026-01-04T13:43:00Z,5366.33192141,5367.63905357,5364.71136106,5366.01841686,8752.09510969,875
2026-01-04T13:44:00Z,5366.01841686,5367.67635411,5364.62398259,5366.28185138,3216.86540674,321
2026-01-04T13:45:00Z,5366.28185138,5367.05244627,5364.25999618,5365.03041137,19418.50934697,1941
2026-01-04T13:46:00Z,5365.03041137,5365.49830624,5363.05647774,5363.52424125,10534.38545303,1053
2026-01-04T13:47:00Z,5363.52424125,5364.77922563,5362.08460311,5363.33954427,25322.61618495,2532
2026-01-04T13:48:00Z,5363.33954427,5364.10143521,5363.19306342,5363.95493755,36706.87565352,3670
2026-01-04T13:49:00Z,5363.95493755,5364.01432258,5363.56337730,5363.62275864,25823.53263840,2582
2026-01-04T13:50:00Z,5363.62275864,5363.78125411,5363.31222138,5363.47071236,9330.91082835,933
2026-01-04T13:51:00Z,5363.47071236,5365.27769420,5363.28617238,5365.09309840,28502.59008652,2850
2026-01-04T13:52:00Z,5365.09309840,5367.41103929,5362.84148702,5365.15940009,4404.03102522,440
2026-01-04T13:53:00Z,5365.15940009,5365.93633181,5363.78518151,5364.56202673,6941.88318890,694
2026-01-04T13:54:00Z,5364.56202673,5365.03495688,5364.22455375,5364.69747538,4565.25022459,456
2026-01-04T13:55:00Z,5364.69747538,5368.02333204,5360.30161566,5363.62680856,38980.54949415,3898
2026-01-04T13:56:00Z,5363.62680856,5367.97527583,5361.44820957,5365.79579584,33831.42241783,3383
2026-01-04T13:57:00Z,5365.79579584,5367.98183567,5364.20377467,5366.38963832,25004.62943876,2500
2026-01-04T13:58:00Z,5366.38963832,5367.26469158,5366.24894135,5367.12397536,7493.66234724,749
2026-01-04T13:59:00Z,5367.12397536,5367.42714872,5366.56778337,5366.87094243,8533.43505212,853
2026-01-04T14:00:00Z,5366.87094243,5367.80641539,5365.49104817,5366.42644365,12710.97213283,1271
2026-01-04T14:01:00Z,5366.42644365,5368.53058167,5365.45424554,5367.55817853,36207.30966823,3620
2026-01-04T14:02:00Z,5367.55817853,5369.00656523,5365.71592428,5367.16420467,10541.75911298,1054
2026-01-04T14:03:00Z,5367.16420467,5368.48591843,5364.98943372,5366.31093736,1497.57174006,149
2026-01-04T14:04:00Z,5366.31093736,5366.75796106,5363.66037446,5364.10721458,15073.05483109,1507
2026-01-04T14:05:00Z,5364.10721458,5365.27184312,5362.16069811,5363.32515685,29008.61720506,2900
2026-01-04T14:06:00Z,5363.32515685,5364.80938789,5361.20525581,5362.68931088,6865.62175268,686
2026-01-04T14:07:00Z,5362.68931088,5363.05853023,5362.31831501,5362.68753423,3797.39926780,379
2026-01-04T14:08:00Z,5362.68753423,5363.67953398,5361.77789160,5362.76987738,19927.68458305,1992
2026-01-04T14:09:00Z,5362.76987738,5365.30228021,5359.53026283,5362.06233154,6449.13725403,644
2026-01-04T14:10:00Z,5362.06233154,5366.35560539,5354.12998478,5358.42034258,3843.83612357,384
2026-01-04T14:11:00Z,5358.42034258,5361.39864900,5354.55615791,5357.53397167,10521.14053047,1052
2026-01-04T14:12:00Z,5357.53397167,5363.12665715,5356.59699182,5362.18886320,4122.14906383,412
2026-01-04T14:13:00Z,5362.18886320,5362.95489300,5362.00018301,5362.76619250,11008.53959579,1100
2026-01-04T14:14:00Z,5362.76619250,5371.23301973,5357.72727334,5366.19088270,9525.09119419,952
2026-01-04T14:15:00Z,5366.19088270,5372.12820928,5357.19003761,5363.12397087,28199.76469796,2819
2026-01-04T14:16:00Z,5363.12397087,5367.07572516,5357.91954163,5361.87037223,17098.57925010,1709
2026-01-04T14:17:00Z,5361.87037223,5367.20413694,5351.88553865,5357.21467207,1816.35197966,181
2026-01-04T14:18:00Z,5357.21467207,5358.17387990,5348.71252086,5349.67037789,79876.98600568,7987
2026-01-04T14:19:00Z,5349.67037789,5354.67690628,5348.96566566,5353.97162744,42979.11419795,4297
2026-01-04T14:20:00Z,5353.97162744,5358.19555347,5348.31076782,5352.53355931,21677.15493279,2167
2026-01-04T14:21:00Z,5352.53355931,5352.61696213,5352.10321763,5352.18661505,8034.77517080,803
2026-01-04T14:22:00Z,5352.18661505,5355.04087906,5348.95241309,5351.80647438,7209.86363575,720
2026-01-04T14:23:00Z,5351.80647438,5363.95206364,5347.55051010,5359.68983021,34363.80501702,3436
2026-01-04T14:24:00Z,5359.68983021,5366.13255351,5355.20446971,5361.64555633,7972.14629915,797
2026-01-04T14:25:00Z,5361.64555633,5365.90209683,5354.04304868,5358.29693076,25178.25158757,2517
2026-01-04T14:26:00Z,5358.29693076,5364.02905185,5356.23931436,5361.97002496,28928.81237353,2892
2026-01-04T14:27:00Z,5361.97002496,5362.13536500,5359.73498714,5359.90026336,4203.52463305,420
2026-01-04T14:28:00Z,5359.90026336,5360.02758438,5357.61673439,5357.74400418,24609.99979662,2460
2026-01-04T14:29:00Z,5357.74400418,5359.02487551,5350.27709453,5351.55648661,22359.17811920,2235
2026-01-04T14:30:00Z,5351.55648661,5352.84839145,5332.52524096,5333.81286235,97898.74999848,9789
2026-01-04T14:31:00Z,5333.81286235,5337.12826028,5331.69953075,5335.01445259,12973.01858293,1297
2026-01-04T14:32:00Z,5335.01445259,5335.97702816,5328.04229700,5329.00378809,19515.52147848,1951
2026-01-04T14:33:00Z,5329.00378809,5329.18102062,5327.68331119,5327.86050570,13230.30921987,1323
2026-01-04T14:34:00Z,5327.86050570,5328.54873849,5319.38778910,5320.07501618,23985.92927994,2398
2026-01-04T14:35:00Z,5320.07501618,5326.25135415,5313.94683328,5320.12311584,21327.37929745,2132
2026-01-04T14:36:00Z,5320.12311584,5323.70978694,5317.20363105,5320.78993623,17780.41980189,1778
2026-01-04T14:37:00Z,5320.78993623,5328.59256821,5305.37187593,5313.16332392,93754.94820931,9375
2026-01-04T14:38:00Z,5313.16332392,5320.25228979,5309.31523490,5316.40185524,13368.16754005,1336
2026-01-04T14:39:00Z,5316.40185524,5319.40104513,5312.29381467,5315.29237865,7879.08544949,787
2026-01-04T14:40:00Z,5315.29237865,5317.33411708,5310.32170659,5312.36231951,19499.77890501,1949
2026-01-04T14:41:00Z,5312.36231951,5317.26330399,5307.16439671,5312.06510699,14899.99487473,1489
2026-01-04T14:42:00Z,5312.06510699,5334.15768978,5310.09013168,5332.17523771,91214.71898259,9121
2026-01-04T14:43:00Z,5332.17523771,5338.62512585,5327.02575953,5333.47439303,7907.50754571,790
2026-01-04T14:44:00Z,5333.47439303,5340.78238667,5329.53752151,5336.84302861,14890.96566030,1489
2026-01-04T14:45:00Z,5336.84302861,5338.77363603,5333.45318674,5335.38326609,6215.10763832,621
2026-01-04T14:46:00Z,5335.38326609,5340.52696374,5326.45077205,5331.59081349,18637.41796755,1863
2026-01-04T14:47:00Z,5331.59081349,5332.51925835,5329.26451392,5330.19271532,9665.35880069,966
2026-01-04T14:48:00Z,5330.19271532,5333.19653498,5324.57074418,5327.57308755,6464.68967131,646
2026-01-04T14:49:00Z,5327.57308755,5333.69017392,5326.06055809,5332.17633758,97023.06513550,9702
2026-01-04T14:50:00Z,5332.17633758,5334.65102481,5329.07593018,5331.55032689,18251.19292199,1825
2026-01-04T14:51:00Z,5331.55032689,5335.51704508,5324.70330694,5328.66788057,24579.85256577,2457
2026-01-04T14:52:00Z,5328.66788057,5333.96594151,5320.70826513,5326.00367716,15787.31487336,1578
2026-01-04T14:53:00Z,5326.00367716,5330.66670319,5323.49722002,5328.15923163,43490.97043435,4349
2026-01-04T14:54:00Z,5328.15923163,5328.34142570,5322.16632025,5322.34831561,32768.04995040,3276
2026-01-04T14:55:00Z,5322.34831561,5322.84673313,5320.31690118,5320.81517513,11396.36292213,1139
2026-01-04T14:56:00Z,5320.81517513,5323.33639798,5318.17439590,5320.69556207,6285.28068480,628
2026-01-04T14:57:00Z,5320.69556207,5321.36448990,5319.97157799,5320.64049889,3296.55760903,329
2026-01-04T14:58:00Z,5320.64049889,5322.38190873,5319.84915390,5321.59042246,29875.57290408,2987
2026-01-04T14:59:00Z,5321.59042246,5321.67157916,5320.15330661,5320.23444264,35187.84095669,3518
2026-01-04T15:00:00Z,5320.23444264,5321.88985135,5319.15260465,5320.80789675,4560.25346309,456
2026-01-04T15:01:00Z,5320.80789675,5321.39568475,5320.14096382,5320.72874307,8745.65458780,874
2026-01-04T15:02:00Z,5320.72874307,5321.29473047,5319.81297527,5320.37892546,11564.25046613,1156
2026-01-04T15:03:00Z,5320.37892546,5321.53698037,5318.47948512,5319.63737861,16454.22663325,1645
2026-01-04T15:04:00Z,5319.63737861,5320.28603906,5319.60422988,5320.25288649,11319.42489726,1131
2026-01-04T15:05:00Z,5320.25288649,5322.69653089,5315.44301053,5317.88556761,69610.83635219,6961
2026-01-04T15:06:00Z,5317.88556761,5319.39960202,5316.13801964,5317.65198755,2993.70200929,299
2026-01-04T15:07:00Z,5317.65198755,5318.24923663,5315.33183522,5315.92889077,16831.70003254,1683
2026-01-04T15:08:00Z,5315.92889077,5316.22658652,5315.47106962,5315.76875641,3891.07346259,389
2026-01-04T15:09:00Z,5315.76875641,5317.09650894,5312.35236568,5313.67959639,21087.17627884,2108
2026-01-04T15:10:00Z,5313.67959639,5313.81120232,5313.46459584,5313.59619971,14120.00780679,1412
2026-01-04T15:11:00Z,5313.59619971,5315.78740517,5311.74232501,5313.93341282,10037.55883046,1003
2026-01-04T15:12:00Z,5313.93341282,5315.37712552,5311.81738487,5313.26091486,13663.30397665,1366
2026-01-04T15:13:00Z,5313.26091486,5315.12240670,5311.12825563,5312.98965243,21378.20378362,2137
2026-01-04T15:14:00Z,5312.98965243,5314.87733785,5311.91991747,5313.80743823,15434.93729695,1543
2026-01-04T15:15:00Z,5313.80743823,5315.58124580,5311.92121686,5313.69498689,5211.81552230,521
2026-01-04T15:16:00Z,5313.69498689,5314.78242917,5311.33996136,5312.42714418,6159.56029621,615
2026-01-04T15:17:00Z,5312.42714418,5312.80053311,5311.82478239,5312.19815523,9351.13376227,935
2026-01-04T15:18:00Z,5312.19815523,5312.72041026,5309.97546029,5310.49754812,18152.46685581,1815
2026-01-04T15:19:00Z,5310.49754812,5311.44458348,5308.86055129,5309.80746358,5318.06248160,531
2026-01-04T15:20:00Z,5309.80746358,5310.39010830,5307.95398820,5308.53649345,8566.51022641,856
2026-01-04T15:21:00Z,5308.53649345,5308.85146437,5303.97882182,5304.29354099,16776.50234618,1677
2026-01-04T15:22:00Z,5304.29354099,5307.19328575,5302.04375072,5304.94321992,2885.00685675,288
2026-01-04T15:23:00Z,5304.94321992,5307.72649069,5302.81010224,5305.59311169,31357.35439861,3135
2026-01-04T15:24:00Z,5305.59311169,5306.15255501,5304.33594684,5304.89531658,15807.22718227,1580
2026-01-04T15:25:00Z,5304.89531658,5307.10605465,5301.14512580,5303.35522205,23001.61238285,2300
2026-01-04T15:26:00Z,5303.35522205,5303.42185722,5303.13203541,5303.19866862,8362.98341223,836
2026-01-04T15:27:00Z,5303.19866862,5304.63197219,5301.30594893,5302.73912830,22700.81182126,2270
2026-01-04T15:28:00Z,5302.73912830,5304.55289454,5301.91552408,5303.72913655,10848.85222362,1084
2026-01-04T15:29:00Z,5303.72913655,5307.30848127,5303.00446151,5306.58341624,16385.32086492,1638
2026-01-04T15:30:00Z,5306.58341624,5308.76492433,5306.41744673,5308.59889178,16340.31122948,1634
2026-01-04T15:31:00Z,5308.59889178,5312.91715396,5307.49727386,5311.81486868,48736.48199966,4873
2026-01-04T15:32:00Z,5311.81486868,5314.58062173,5311.61051871,5314.37617323,66312.11711118,6631
2026-01-04T15:33:00Z,5314.37617323,5316.56107768,5314.15239632,5316.33721820,36048.48894244,3604
2026-01-04T15:34:00Z,5316.33721820,5317.36656144,5315.91592784,5316.94522290,22202.22041482,2220
2026-01-04T15:35:00Z,5316.94522290,5319.94528077,5316.31462118,5319.31439806,20411.72887082,2041
2026-01-04T15:36:00Z,5319.31439806,5322.41727413,5318.09565780,5321.19810228,23415.83850843,2341
2026-01-04T15:37:00Z,5321.19810228,5322.63586294,5321.07543507,5322.51316541,9517.06721231,951
2026-01-04T15:38:00Z,5322.51316541,5323.95501576,5322.22605591,5323.66784397,13997.40324950,1399
2026-01-04T15:39:00Z,5323.66784397,5326.37553695,5322.72450543,5325.43188583,6293.99808606,629
2026-01-04T15:40:00Z,5325.43188583,5327.35841601,5324.51075071,5326.43710702,25027.77575286,2502
2026-01-04T15:41:00Z,5326.43710702,5328.09177045,5326.08919560,5327.74377368,16343.81596270,1634
2026-01-04T15:42:00Z,5327.74377368,5330.33033579,5326.98183753,5329.56813873,21154.94677599,2115
2026-01-04T15:43:00Z,5329.56813873,5332.49615481,5329.17820370,5332.10603409,36933.95835126,3693
2026-01-04T15:44:00Z,5332.10603409,5333.71859625,5331.44670492,5333.05914922,19205.14702008,1920
2026-01-04T15:45:00Z,5333.05914922,5334.49835788,5332.95688773,5334.39607076,47998.03161516,4799
2026-01-04T15:46:00Z,5334.39607076,5334.90552578,5334.12918558,5334.63862847,17186.69494833,1718
2026-01-04T15:47:00Z,5334.63862847,5335.53358526,5334.10448601,5334.99940668,10680.63144789,1068
2026-01-04T15:48:00Z,5334.99940668,5337.13710307,5334.27939506,5336.41690014,33808.39451825,3380
2026-01-04T15:49:00Z,5336.41690014,5337.64473438,5335.84859595,5337.07635996,3816.17269277,381
2026-01-04T15:50:00Z,5337.07635996,5337.49851280,5336.93388491,5337.35603029,13194.94962984,1319
2026-01-04T15:51:00Z,5337.35603029,5337.56796651,5337.11915157,5337.33108681,7422.18293770,742
2026-01-04T15:52:00Z,5337.33108681,5338.69963126,5336.54963912,5337.91809763,6357.24384160,635
2026-01-04T15:53:00Z,5337.91809763,5340.06275734,5337.07345801,5339.21791206,13306.27522423,1330
2026-01-04T15:54:00Z,5339.21791206,5339.73251501,5338.45188939,5338.96646811,11874.43871479,1187
2026-01-04T15:55:00Z,5338.96646811,5339.86885589,5338.75228645,5339.65464664,35769.91899947,3576
2026-01-04T15:56:00Z,5339.65464664,5341.02783377,5338.64258593,5340.01570463,18833.63161860,1883
2026-01-04T15:57:00Z,5340.01570463,5341.95058978,5339.05906350,5340.99377344,3323.70616310,332
2026-01-04T15:58:00Z,5340.99377344,5343.56295687,5340.71833794,5343.28740309,37823.61885179,3782
2026-01-04T15:59:00Z,5343.28740309,5344.72399495,5342.65003034,5344.08652687,10167.65554692,1016
2026-01-04T16:00:00Z,5344.08652687,5344.86790284,5342.81179340,5343.59309723,8343.31813481,834
2026-01-04T16:01:00Z,5343.59309723,5344.42809275,5342.74700567,5343.58199945,6204.78355795,620
2026-01-04T16:02:00Z,5343.58199945,5344.70560039,5343.47295481,5344.59653505,39931.76771900,3993
2026-01-04T16:03:00Z,5344.59653505,5345.49540420,5343.94202490,5344.84086413,21019.55820147,2101
2026-01-04T16:04:00Z,5344.84086413,5344.95058052,5344.37704017,5344.48674930,17172.92093603,1717
2026-01-04T16:05:00Z,5344.48674930,5345.07662894,5343.77930854,5344.36917520,1263.27917585,126
2026-01-04T16:06:00Z,5344.36917520,5344.62696565,5344.00948793,5344.26727347,20547.97627270,2054
2026-01-04T16:07:00Z,5344.26727347,5345.17312591,5343.27403324,5344.17987088,31971.76461125,3197
2026-01-04T16:08:00Z,5344.17987088,5345.04186964,5344.16937684,5345.03137393,9211.55220857,921
2026-01-04T16:09:00Z,5345.03137393,5345.73108990,5344.91426550,5345.61396870,4929.99920613,492
2026-01-04T16:10:00Z,5345.61396870,5347.04843495,5345.54611096,5346.98055986,47218.29473743,4721
2026-01-04T16:11:00Z,5346.98055986,5348.48421460,5345.84644932,5347.35002569,3590.49327018,359
2026-01-04T16:12:00Z,5347.35002569,5348.89841753,5346.97480895,5348.52311847,17044.85603159,1704
2026-01-04T16:13:00Z,5348.52311847,5350.54301115,5348.09983878,5350.11960512,16194.69394937,1619
2026-01-04T16:14:00Z,5350.11960512,5351.72057460,5349.91603382,5351.51695014,11688.58573484,1168
2026-01-04T16:15:00Z,5351.51695014,5353.45275081,5350.09842298,5352.03408657,5945.01078446,594
2026-01-04T16:16:00Z,5352.03408657,5354.90773110,5351.56045988,5354.43389204,22094.57629363,2209
2026-01-04T16:17:00Z,5354.43389204,5355.51408922,5353.54897478,5354.62913969,14169.94551182,1416
2026-01-04T16:18:00Z,5354.62913969,5355.96688584,5354.53031229,5355.86803558,5517.14445839,551
2026-01-04T16:19:00Z,5355.86803558,5357.05794246,5355.80220250,5356.99209556,6634.62633342,663
2026-01-04T16:20:00Z,5356.99209556,5359.25607664,5355.63463990,5357.89839132,29210.77854578,2921
2026-01-04T16:21:00Z,5357.89839132,5358.00245575,5356.93548313,5357.03953087,37405.72081708,3740
2026-01-04T16:22:00Z,5357.03953087,5358.20073825,5355.08216709,5356.24320186,43379.84355485,4337
2026-01-04T16:23:00Z,5356.24320186,5357.37159651,5356.14295752,5357.27133294,52537.44717341,5253
2026-01-04T16:24:00Z,5357.27133294,5357.92376510,5356.57883061,5357.23125789,7388.62997146,738
2026-01-04T16:25:00Z,5357.23125789,5358.36772206,5354.44531230,5355.58142647,21219.57548239,2121
2026-01-04T16:26:00Z,5355.58142647,5356.26507668,5354.76360142,5355.44723450,8167.69511642,816
2026-01-04T16:27:00Z,5355.44723450,5356.17575652,5354.97618037,5355.70467975,5107.40315861,510
2026-01-04T16:28:00Z,5355.70467975,5357.07297369,5354.96078051,5356.32898774,2438.14431444,243
2026-01-04T16:29:00Z,5356.32898774,5357.03387321,5355.91969489,5356.62455778,19492.81731841,1949
2026-01-04T16:30:00Z,5356.62455778,5357.16559750,5356.18763800,5356.72866923,16440.41318234,1644
2026-01-04T16:31:00Z,5356.72866923,5357.01381433,5356.57789256,5356.86303388,16393.37558767,1639
2026-01-04T16:32:00Z,5356.86303388,5357.76888982,5355.58766452,5356.49345797,8065.17550595,806
2026-01-04T16:33:00Z,5356.49345797,5356.88301827,5356.00410699,5356.39366004,6062.77268104,606
2026-01-04T16:34:00Z,5356.39366004,5358.23993189,5355.65712890,5357.50324817,2215.44162223,221
2026-01-04T16:35:00Z,5357.50324817,5358.53391256,5357.41073110,5358.44137929,36461.09966545,3646
2026-01-04T16:36:00Z,5358.44137929,5359.04028078,5357.01046387,5357.60927235,11140.86172610,1114
2026-01-04T16:37:00Z,5357.60927235,5358.35643382,5357.00233567,5357.74948125,6789.42136367,678
2026-01-04T16:38:00Z,5357.74948125,5358.08078672,5356.99343642,5357.32471562,26690.51892529,2669
2026-01-04T16:39:00Z,5357.32471562,5358.19430107,5357.22146553,5358.09103622,33915.44536177,3391
2026-01-04T16:40:00Z,5358.09103622,5359.04062493,5357.75731374,5358.70686410,3503.49909157,350
2026-01-04T16:41:00Z,5358.70686410,5359.80436409,5357.19656890,5358.29398433,14534.98937425,1453
2026-01-04T16:42:00Z,5358.29398433,5358.41248969,5357.66033584,5357.77882980,3369.89412858,336
2026-01-04T16:43:00Z,5357.77882980,5358.29309449,5356.40974411,5356.92392674,23093.12237898,2309
2026-01-04T16:44:00Z,5356.92392674,5357.78920386,5356.43227821,5357.29752104,12262.99232523,1226
2026-01-04T16:45:00Z,5357.29752104,5359.03863093,5355.96583945,5357.70684759,8553.76088173,855
2026-01-04T16:46:00Z,5357.70684759,5358.62417802,5357.01254028,5357.92984182,15201.16033493,1520
2026-01-04T16:47:00Z,5357.92984182,5360.00499289,5357.28428011,5359.35925896,45953.98043405,4595
2026-01-04T16:48:00Z,5359.35925896,5360.11559505,5357.02702359,5357.78313725,16838.15071121,1683
2026-01-04T16:49:00Z,5357.78313725,5357.82354006,5356.12352831,5356.16391890,10570.21292710,1057
2026-01-04T16:50:00Z,5356.16391890,5357.33727941,5355.37470706,5356.54801097,23075.45670020,2307
2026-01-04T16:51:00Z,5356.54801097,5356.55893579,5356.34016986,5356.35109429,17696.54932839,1769
2026-01-04T16:52:00Z,5356.35109429,5357.55005254,5355.71768784,5356.91657922,17685.54711933,1768
2026-01-04T16:53:00Z,5356.91657922,5357.22810416,5356.06979357,5356.38128738,16906.74192948,1690
2026-01-04T16:54:00Z,5356.38128738,5357.15661535,5354.60478597,5355.37996900,61108.61390987,6110
2026-01-04T16:55:00Z,5355.37996900,5356.15243907,5353.70315766,5354.47549727,39951.91811748,3995
2026-01-04T16:56:00Z,5354.47549727,5354.68617538,5353.81947628,5354.03013686,8922.94859588,892
2026-01-04T16:57:00Z,5354.03013686,5354.53496827,5353.99518014,5354.50000848,13019.91308703,1301
2026-01-04T16:58:00Z,5354.50000848,5355.58393480,5354.21182853,5355.29571203,56132.03891706,5613
2026-01-04T16:59:00Z,5355.29571203,5356.32539320,5354.82009632,5355.84972829,10255.68957042,1025
2026-01-04T17:00:00Z,5355.84972829,5356.36739730,5355.48384009,5356.00149874,20383.00819193,2038
2026-01-04T17:01:00Z,5356.00149874,5356.75332149,5354.19406163,5354.94573619,23071.19402565,2307
2026-01-04T17:02:00Z,5354.94573619,5356.26105456,5354.54120220,5355.85645177,28241.07615358,2824
2026-01-04T17:03:00Z,5355.85645177,5355.93249435,5355.00308203,5355.07911357,42513.57409398,4251
2026-01-04T17:04:00Z,5355.07911357,5356.01279033,5355.03751419,5355.97118402,29901.25096229,2990
2026-01-04T17:05:00Z,5355.97118402,5356.67187418,5355.65666376,5356.35733124,5626.63450387,562
2026-01-04T17:06:00Z,5356.35733124,5356.40429515,5355.30164810,5355.34860317,8299.52745936,829
2026-01-04T17:07:00Z,5355.34860317,5356.98420224,5354.71416114,5356.34964163,10873.46891766,1087
2026-01-04T17:08:00Z,5356.34964163,5356.88425137,5356.14107605,5356.67567309,15444.86589480,1544
2026-01-04T17:09:00Z,5356.67567309,5357.50420672,5355.91165356,5356.74017798,13998.08866060,1399
2026-01-04T17:10:00Z,5356.74017798,5357.40245393,5355.95229198,5356.61455239,18880.57329009,1888
2026-01-04T17:11:00Z,5356.61455239,5357.27741851,5355.26970679,5355.93248850,12016.55214970,1201
2026-01-04T17:12:00Z,5355.93248850,5356.81223979,5355.90948580,5356.78923340,13310.95762662,1331
2026-01-04T17:13:00Z,5356.78923340,5357.80156041,5356.61780229,5357.63010239,45788.74980403,4578
2026-01-04T17:14:00Z,5357.63010239,5357.74526225,5357.17134898,5357.28650145,13365.21467055,1336
2026-01-04T17:15:00Z,5357.28650145,5358.37783018,5356.35866684,5357.44996726,14163.71350791,1416
2026-01-04T17:16:00Z,5357.44996726,5359.10733653,5357.08768823,5358.74496993,14508.94432280,1450
2026-01-04T17:17:00Z,5358.74496993,5359.63950650,5356.78840955,5357.68276881,45927.25335328,4592
2026-01-04T17:18:00Z,5357.68276881,5358.51776513,5356.29961117,5357.13452205,20448.06515020,2044
2026-01-04T17:19:00Z,5357.13452205,5357.76870386,5356.81225694,5357.44641999,9811.90333109,981
2026-01-04T17:20:00Z,5357.44641999,5358.15117125,5357.23759887,5357.94233080,16189.68146153,1618
2026-01-04T17:21:00Z,5357.94233080,5358.79545811,5356.68653859,5357.53960178,13743.32903774,1374
2026-01-04T17:22:00Z,5357.53960178,5358.03854541,5357.36407804,5357.86301108,18230.74290035,1823
2026-01-04T17:23:00Z,5357.86301108,5359.75460561,5357.67303872,5359.56457292,33696.82584051,3369
2026-01-04T17:24:00Z,5359.56457292,5360.31260700,5357.92053646,5358.66844546,5029.50783663,502
2026-01-04T17:25:00Z,5358.66844546,5359.22448109,5357.04214844,5357.59807299,18005.54032432,1800
2026-01-04T17:26:00Z,5357.59807299,5359.37870532,5357.49330770,5359.27390726,20012.24300860,2001
2026-01-04T17:27:00Z,5359.27390726,5360.70160924,5359.22920206,5360.65689251,5463.13389660,546
2026-01-04T17:28:00Z,5360.65689251,5361.02368084,5360.57802738,5360.94481147,29012.53910852,2901
2026-01-04T17:29:00Z,5360.94481147,5361.47698844,5360.43365588,5360.96583085,10362.74260516,1036
2026-01-04T17:30:00Z,5360.96583085,5361.63362718,5359.42796430,5360.09565224,18716.40798678,1871
2026-01-04T17:31:00Z,5360.09565224,5360.81745763,5359.87306879,5360.59485345,1878.75885067,187
2026-01-04T17:32:00Z,5360.59485345,5360.67164569,5359.73361615,5359.81039715,2427.43377136,242
2026-01-04T17:33:00Z,5359.81039715,5360.39904761,5359.20281061,5359.79145899,14731.28895095,1473
2026-01-04T17:34:00Z,5359.79145899,5360.76862391,5358.14598428,5359.12302733,23209.48391131,2320
2026-01-04T17:35:00Z,5359.12302733,5359.64485300,5358.26287137,5358.78466408,11600.29551801,1160
2026-01-04T17:36:00Z,5358.78466408,5359.57951006,5358.59035064,5359.38517484,16134.19130322,1613
2026-01-04T17:37:00Z,5359.38517484,5359.72800329,5359.05669852,5359.39952608,11120.46540246,1112
2026-01-04T17:38:00Z,5359.39952608,5360.51393467,5359.16322470,5360.27759457,18035.98607414,1803
2026-01-04T17:39:00Z,5360.27759457,5361.07595167,5359.88312226,5360.68144965,10125.12191672,1012
2026-01-04T17:40:00Z,5360.68144965,5361.05469945,5360.30748783,5360.68073759,7378.07935290,737
2026-01-04T17:41:00Z,5360.68073759,5361.00469744,5359.43914299,5359.76304738,16181.07079121,1618
2026-01-04T17:42:00Z,5359.76304738,5359.95520840,5359.18533644,5359.37748363,17115.37611777,1711
2026-01-04T17:43:00Z,5359.37748363,5359.64007493,5358.05610088,5358.31864030,37427.27716366,3742
2026-01-04T17:44:00Z,5358.31864030,5359.22580878,5357.25798207,5358.16512457,7843.91322591,784
2026-01-04T17:45:00Z,5358.16512457,5359.37402102,5357.10012369,5358.30899155,3954.66705171,395
2026-01-04T17:46:00Z,5358.30899155,5358.46500406,5356.82948865,5356.98546263,4443.44579927,444
2026-01-04T17:47:00Z,5356.98546263,5357.86056028,5356.43600513,5357.31106938,5153.47815503,515
2026-01-04T17:48:00Z,5357.31106938,5358.75909939,5356.63618139,5358.08411400,16738.09631335,1673
2026-01-04T17:49:00Z,5358.08411400,5359.45799060,5357.22064884,5358.59444320,9822.98667342,982
2026-01-04T17:50:00Z,5358.59444320,5358.64069571,5358.55105961,5358.59731210,2507.47866268,250
2026-01-04T17:51:00Z,5358.59731210,5359.39654944,5356.85624206,5357.65533890,14666.97533081,1466
2026-01-04T17:52:00Z,5357.65533890,5357.98733928,5356.33065359,5356.66259245,30344.45949864,3034
2026-01-04T17:53:00Z,5356.66259245,5357.40550068,5355.99436474,5356.73726365,5571.11982633,557
2026-01-04T17:54:00Z,5356.73726365,5356.77645563,5355.91263489,5355.95182111,138345.35505643,13834
2026-01-04T17:55:00Z,5355.95182111,5356.00665762,5355.25549188,5355.31032181,6197.25746143,619
2026-01-04T17:56:00Z,5355.31032181,5355.58317431,5355.23165671,5355.50450635,4233.69881840,423
2026-01-04T17:57:00Z,5355.50450635,5355.56110562,5354.49969191,5354.55628116,36379.16195236,3637
2026-01-04T17:58:00Z,5354.55628116,5354.59902395,5354.03083230,5354.07357124,24132.14168642,2413
2026-01-04T17:59:00Z,5354.07357124,5354.68057636,5353.56039134,5354.16738746,34131.03783937,3413
2026-01-04T18:00:00Z,5354.16738746,5355.59590583,5353.71062906,5355.13906454,33959.02965476,3395
2026-01-04T18:01:00Z,5355.13906454,5355.56849717,5353.82859987,5354.25796184,88842.35292878,8884
2026-01-04T18:02:00Z,5354.25796184,5354.80892609,5354.00376899,5354.55471914,20225.01496608,2022
2026-01-04T18:03:00Z,5354.55471914,5355.90325634,5353.51731692,5354.86579385,17151.29365856,1715
2026-01-04T18:04:00Z,5354.86579385,5355.87258445,5353.67581776,5354.68257391,4003.28038683,400
2026-01-04T18:05:00Z,5354.68257391,5356.76898731,5351.31088642,5353.39679882,13772.12309450,1377
2026-01-04T18:06:00Z,5353.39679882,5353.45065523,5353.21305484,5353.26690993,19543.55372718,1954
2026-01-04T18:07:00Z,5353.26690993,5354.55701535,5352.41875597,5353.70879137,56207.52004547,5620
2026-01-04T18:08:00Z,5353.70879137,5354.43761070,5353.56253936,5354.29134277,22053.24700276,2205
2026-01-04T18:09:00Z,5354.29134277,5355.62762910,5353.70426598,5355.04047017,41734.83210832,4173
2026-01-04T18:10:00Z,5355.04047017,5355.88240357,5353.25071494,5354.09249930,11743.82238595,1174
2026-01-04T18:11:00Z,5354.09249930,5355.77976986,5353.46260988,5355.14975605,34889.17542847,3488
2026-01-04T18:12:00Z,5355.14975605,5356.54437743,5354.48315365,5355.87768442,15221.22290372,1522
2026-01-04T18:13:00Z,5355.87768442,5357.43857054,5355.39217608,5356.95296473,14180.78916611,1418
2026-01-04T18:14:00Z,5356.95296473,5357.52177578,5356.44467072,5357.01347603,22874.09950543,2287
2026-01-04T18:15:00Z,5357.01347603,5357.20991182,5355.76247018,5355.95886731,12561.06130974,1256
2026-01-04T18:16:00Z,5355.95886731,5356.48634371,5355.32596722,5355.85343323,23156.85008619,2315
2026-01-04T18:17:00Z,5355.85343323,5358.05239789,5355.02480302,5357.22355570,2216.32688231,221
2026-01-04T18:18:00Z,5357.22355570,5359.02943456,5355.83608486,5357.64185538,24832.72234268,2483
2026-01-04T18:19:00Z,5357.64185538,5358.62269657,5357.53044026,5358.51126337,5547.48248845,554
2026-01-04T18:20:00Z,5358.51126337,5359.12419603,5357.79538999,5358.40831087,2975.27969743,297
2026-01-04T18:21:00Z,5358.40831087,5359.04074826,5358.04252038,5358.67493957,11923.76275691,1192
2026-01-04T18:22:00Z,5358.67493957,5358.74879284,5358.46551274,5358.53936414,3857.05569009,385
2026-01-04T18:23:00Z,5358.53936414,5359.05772888,5358.13714093,5358.65549696,16869.59064698,1686
2026-01-04T18:24:00Z,5358.65549696,5358.73798865,5358.49681577,5358.57930629,1467.77316482,146
2026-01-04T18:25:00Z,5358.57930629,5358.84528813,5357.42747836,5357.69341622,5905.57755635,590
2026-01-04T18:26:00Z,5357.69341622,5357.86732535,5356.96292513,5357.13681618,13228.06294038,1322
2026-01-04T18:27:00Z,5357.13681618,5358.21439207,5356.54224633,5357.61976862,12148.93813745,1214
2026-01-04T18:28:00Z,5357.61976862,5358.97028552,5355.33308148,5356.68336234,12805.53464796,1280
2026-01-04T18:29:00Z,5356.68336234,5357.04502515,5356.66759082,5357.02925262,14012.02007260,1401
2026-01-04T18:30:00Z,5357.02925262,5357.63645386,5356.05269740,5356.65985677,7514.81360515,751
2026-01-04T18:31:00Z,5356.65985677,5357.48145980,5355.67845406,5356.50003258,31439.41508379,3143
2026-01-04T18:32:00Z,5356.50003258,5356.63845809,5356.19576360,5356.33418483,9784.70075225,978
2026-01-04T18:33:00Z,5356.33418483,5357.19222100,5356.30495246,5357.16298411,3966.62630168,396
2026-01-04T18:34:00Z,5357.16298411,5357.35979063,5356.28527425,5356.48205575,51145.59884921,5114
2026-01-04T18:35:00Z,5356.48205575,5356.93446423,5356.37672784,5356.82912949,20373.04821170,2037
2026-01-04T18:36:00Z,5356.82912949,5357.67492676,5356.48011494,5357.32587985,20969.55742286,2096
2026-01-04T18:37:00Z,5357.32587985,5357.92962811,5355.57723706,5356.18085627,87274.48290983,8727
2026-01-04T18:38:00Z,5356.18085627,5357.51733600,5355.34561155,5356.68201313,46423.74336942,4642
2026-01-04T18:39:00Z,5356.68201313,5358.13292707,5354.97178005,5356.42262373,8429.41160112,842
2026-01-04T18:40:00Z,5356.42262373,5356.74225973,5356.07149581,5356.39112993,36380.34052373,3638
2026-01-04T18:41:00Z,5356.39112993,5356.93158896,5356.29328685,5356.83373779,11252.84824056,1125
2026-01-04T18:42:00Z,5356.83373779,5357.70952248,5354.87514366,5355.75075130,8435.51506533,843
2026-01-04T18:43:00Z,5355.75075130,5357.54008786,5355.34865508,5357.13788750,81732.63154819,8173
2026-01-04T18:44:00Z,5357.13788750,5357.67290442,5355.10324855,5355.63811569,17249.15120596,1724
2026-01-04T18:45:00Z,5355.63811569,5355.77682354,5355.07366676,5355.21236358,21523.55237321,2152
2026-01-04T18:46:00Z,5355.21236358,5355.49390327,5355.20380003,5355.48533928,27459.40810739,2745
2026-01-04T18:47:00Z,5355.48533928,5356.72190702,5354.20590323,5355.44246107,8698.78155422,869
2026-01-04T18:48:00Z,5355.44246107,5357.62030133,5354.11738314,5356.29501246,14439.24628174,1443
2026-01-04T18:49:00Z,5356.29501246,5357.05698790,5355.53375375,5356.29572909,21450.50206745,2145
2026-01-04T18:50:00Z,5356.29572909,5356.48717515,5355.76759760,5355.95903162,17481.54726156,1748
2026-01-04T18:51:00Z,5355.95903162,5357.16806005,5355.07401693,5356.28299184,6243.46936269,624
2026-01-04T18:52:00Z,5356.28299184,5356.70433589,5355.17907748,5355.60036783,16973.89526280,1697
2026-01-04T18:53:00Z,5355.60036783,5356.28038202,5354.46171291,5355.14166885,33877.45319413,3387
2026-01-04T18:54:00Z,5355.14166885,5355.61932991,5354.05657902,5354.53418589,5319.20611111,531
2026-01-04T18:55:00Z,5354.53418589,5354.78247228,5354.45582933,5354.70411323,13636.29966859,1363
2026-01-04T18:56:00Z,5354.70411323,5354.72117201,5353.73722332,5353.75427909,18029.11369838,1802
2026-01-04T18:57:00Z,5353.75427909,5354.60165379,5352.51032842,5353.35764034,25890.41846761,2589
2026-01-04T18:58:00Z,5353.35764034,5354.30191357,5353.13289479,5354.07713781,48039.97848717,4803
2026-01-04T18:59:00Z,5354.07713781,5354.84996917,5353.13928203,5353.91208957,3045.20614950,304
2026-01-04T19:00:00Z,5353.91208957,5354.08860936,5353.32478795,5353.50129420,9610.18153359,961
2026-01-04T19:01:00Z,5353.50129420,5354.43438344,5352.81871457,5353.75177187,1443.06092652,144
2026-01-04T19:02:00Z,5353.75177187,5355.42017915,5352.95820288,5354.62648051,15207.94474439,1520
2026-01-04T19:03:00Z,5354.62648051,5354.77035483,5354.11541456,5354.25927902,6632.90254661,663
2026-01-04T19:04:00Z,5354.25927902,5354.62575391,5352.69786112,5353.06425422,5855.15771132,585
2026-01-04T19:05:00Z,5353.06425422,5353.13613529,5352.25943501,5352.33130625,55971.21819724,5597
2026-01-04T19:06:00Z,5352.33130625,5353.51247458,5351.48721029,5352.66832548,10768.88889209,1076
2026-01-04T19:07:00Z,5352.66832548,5352.77749573,5351.94161652,5352.05077418,16565.56860014,1656
2026-01-04T19:08:00Z,5352.05077418,5352.05519234,5351.09414713,5351.09856450,23056.98926307,2305
2026-01-04T19:09:00Z,5351.09856450,5351.36498609,5350.68986700,5350.95628150,10097.87238469,1009
2026-01-04T19:10:00Z,5350.95628150,5351.29740458,5350.03921222,5350.38029858,13229.01732870,1322
2026-01-04T19:11:00Z,5350.38029858,5351.13361345,5348.76200535,5349.51519842,7222.44457011,722
2026-01-04T19:12:00Z,5349.51519842,5350.60916514,5348.39249763,5349.48645847,17214.50783010,1721
2026-01-04T19:13:00Z,5349.48645847,5350.51733467,5348.36559958,5349.39645844,11458.53193935,1145
2026-01-04T19:14:00Z,5349.39645844,5350.16167726,5348.68174951,5349.44696159,6702.46096179,670
2026-01-04T19:15:00Z,5349.44696159,5349.48126293,5348.08820993,5348.12250278,14845.79050864,1484
2026-01-04T19:16:00Z,5348.12250278,5350.30062541,5347.03242240,5349.21032331,16125.52838307,1612
2026-01-04T19:17:00Z,5349.21032331,5349.62852536,5348.38741308,5348.80558348,21538.59560583,2153
2026-01-04T19:18:00Z,5348.80558348,5350.92780252,5347.48756592,5349.60958684,6151.97670495,615
2026-01-04T19:19:00Z,5349.60958684,5350.83242163,5349.38971603,5350.61250959,8614.52221168,861
2026-01-04T19:20:00Z,5350.61250959,5350.91581237,5350.12239895,5350.42569113,3152.89978092,315
2026-01-04T19:21:00Z,5350.42569113,5350.59597917,5349.53116707,5349.70143206,13219.15538806,1321
2026-01-04T19:22:00Z,5349.70143206,5350.91048762,5347.25146470,5348.46023974,18450.60552080,1845
2026-01-04T19:23:00Z,5348.46023974,5349.05343465,5348.00646572,5348.59964881,10340.04585230,1034
2026-01-04T19:24:00Z,5348.59964881,5349.11483422,5348.46976738,5348.98494344,27614.67940342,2761
2026-01-04T19:25:00Z,5348.98494344,5349.23495812,5347.41680809,5347.66676116,27631.53658571,2763
2026-01-04T19:26:00Z,5347.66676116,5347.78658235,5347.42408914,5347.54390758,16174.14523770,1617
2026-01-04T19:27:00Z,5347.54390758,5348.16649025,5346.88767486,5347.51025361,9439.05617378,943
2026-01-04T19:28:00Z,5347.51025361,5348.40095829,5346.31051426,5347.20116746,16686.58310183,1668
2026-01-04T19:29:00Z,5347.20116746,5348.64830581,5345.94603348,5347.39312677,17667.31757004,1766
2026-01-04T19:30:00Z,5347.39312677,5347.82627189,5347.21880447,5347.65194115,15353.52700145,1535
2026-01-04T19:31:00Z,5347.65194115,5350.19387308,5347.46127264,5350.00312074,14267.71451050,1426
2026-01-04T19:32:00Z,5350.00312074,5352.24337942,5347.16217971,5349.40218676,14748.10026961,1474
2026-01-04T19:33:00Z,5349.40218676,5350.41072922,5347.84249851,5348.85093705,14549.52861399,1454
2026-01-04T19:34:00Z,5348.85093705,5349.24852459,5348.42432939,5348.82191477,12441.98733479,1244
2026-01-04T19:35:00Z,5348.82191477,5350.30307567,5348.63878384,5350.11990030,36995.11403352,3699
2026-01-04T19:36:00Z,5350.11990030,5351.88269500,5349.33053404,5351.09318514,32986.48850909,3298
2026-01-04T19:37:00Z,5351.09318514,5352.37934803,5350.39536128,5351.68144746,33464.02087940,3346
2026-01-04T19:38:00Z,5351.68144746,5352.46706342,5350.88561432,5351.67122877,15753.95444556,1575
2026-01-04T19:39:00Z,5351.67122877,5353.85078825,5349.94637076,5352.12578374,16441.04366254,1644
2026-01-04T19:40:00Z,5352.12578374,5352.96200886,5351.04189400,5351.87808042,6198.59604030,619
2026-01-04T19:41:00Z,5351.87808042,5353.71245182,5350.53270355,5352.36695205,36008.84869492,3600
2026-01-04T19:42:00Z,5352.36695205,5352.42454876,5352.23258293,5352.29017881,35118.12543628,3511
2026-01-04T19:43:00Z,5352.29017881,5353.28555022,5350.68307648,5351.67833411,9196.71358551,919
2026-01-04T19:44:00Z,5351.67833411,5352.19047374,5349.57669185,5350.08867935,7525.30424593,752
2026-01-04T19:45:00Z,5350.08867935,5351.86457124,5347.92374070,5349.69950341,13187.24860819,1318
2026-01-04T19:46:00Z,5349.69950341,5351.00997445,5348.72229326,5350.03270344,10317.26324513,1031
2026-01-04T19:47:00Z,5350.03270344,5352.25970949,5348.64567966,5350.87246800,30218.93825529,3021
2026-01-04T19:48:00Z,5350.87246800,5351.75729729,5349.80245382,5350.68725248,3845.64325981,384
2026-01-04T19:49:00Z,5350.68725248,5352.73955741,5348.48544260,5350.53769017,7723.73435303,772
2026-01-04T19:50:00Z,5350.53769017,5351.00715575,5349.55637632,5350.02579699,6350.12558953,635
2026-01-04T19:51:00Z,5350.02579699,5352.45011669,5348.66900597,5351.09305500,6253.40889215,625
2026-01-04T19:52:00Z,5351.09305500,5353.02115600,5350.26510377,5352.19303458,12603.71116857,1260
2026-01-04T19:53:00Z,5352.19303458,5353.45340063,5351.13775800,5352.39808363,5883.67114770,588
2026-01-04T19:54:00Z,5352.39808363,5354.07245932,5351.73444332,5353.40869371,7457.54481027,745
2026-01-04T19:55:00Z,5353.40869371,5355.67532562,5352.60782589,5354.87423855,37001.31380894,3700
2026-01-04T19:56:00Z,5354.87423855,5356.67787873,5354.14324285,5355.94673663,52326.11353287,5232
2026-01-04T19:57:00Z,5355.94673663,5356.00092349,5354.77049328,5354.82466878,13927.38231904,1392
2026-01-04T19:58:00Z,5354.82466878,5356.02658895,5353.68126717,5354.88317485,4964.06184321,496
2026-01-04T19:59:00Z,5354.88317485,5355.66620708,5354.77267338,5355.55569173,1279.22696196,127
2026-01-04T20:00:00Z,5355.55569173,5358.86749346,5355.32174278,5358.63341007,41724.58375007,4172
2026-01-04T20:01:00Z,5358.63341007,5359.27361945,5357.21962146,5357.85973841,10920.02766794,1092
2026-01-04T20:02:00Z,5357.85973841,5359.29823201,5356.13097242,5357.56938806,21690.35313325,2169
2026-01-04T20:03:00Z,5357.56938806,5357.87106485,5356.64738801,5356.94902987,4999.35573172,499
2026-01-04T20:04:00Z,5356.94902987,5358.54668967,5356.18283178,5357.78037268,10660.17847387,1066
2026-01-04T20:05:00Z,5357.78037268,5361.33458158,5356.52825786,5360.08192889,76570.28335425,7657
2026-01-04T20:06:00Z,5360.08192889,5364.19384572,5358.93774629,5363.04902976,36675.71137996,3667
2026-01-04T20:07:00Z,5363.04902976,5363.27844779,5362.29427801,5362.52367358,4937.05498945,493
2026-01-04T20:08:00Z,5362.52367358,5363.96987160,5361.30838937,5362.75453507,14871.57832665,1487
2026-01-04T20:09:00Z,5362.75453507,5365.25381947,5361.67122931,5364.17022773,15027.06479651,1502
2026-01-04T20:10:00Z,5364.17022773,5364.22335071,5362.97153735,5363.02464898,15395.14310261,1539
2026-01-04T20:11:00Z,5363.02464898,5363.03728613,5362.59181586,5362.60445202,34195.18397340,3419
2026-01-04T20:12:00Z,5362.60445202,5363.17539122,5361.95874963,5362.52968087,12753.51502025,1275
2026-01-04T20:13:00Z,5362.52968087,5363.39787648,5362.35526974,5363.22344278,3568.25236051,356
2026-01-04T20:14:00Z,5363.22344278,5365.13037601,5361.58023903,5363.48709148,20022.44255948,2002
2026-01-04T20:15:00Z,5363.48709148,5365.22844427,5362.98057145,5364.72180763,28964.09960490,2896
2026-01-04T20:16:00Z,5364.72180763,5366.81201528,5363.71312498,5365.80312932,10239.45452262,1023
2026-01-04T20:17:00Z,5365.80312932,5365.97679646,5365.53483671,5365.70850078,7111.56340859,711
2026-01-04T20:18:00Z,5365.70850078,5367.71751409,5364.78759635,5366.79642294,23474.37280221,2347
2026-01-04T20:19:00Z,5366.79642294,5367.41320232,5366.02688761,5366.64364944,17938.60820213,1793
2026-01-04T20:20:00Z,5366.64364944,5367.47235598,5364.62503982,5365.45356258,58208.93877107,5820
2026-01-04T20:21:00Z,5365.45356258,5365.53331183,5365.14900434,5365.22875025,12546.73063763,1254
2026-01-04T20:22:00Z,5365.22875025,5368.17218204,5363.86988028,5366.81291085,13094.21712534,1309
2026-01-04T20:23:00Z,5366.81291085,5367.97986645,5366.51047259,5367.67737948,7080.94343187,708
2026-01-04T20:24:00Z,5367.67737948,5368.43626299,5364.89733806,5365.65593578,27589.07448147,2758
2026-01-04T20:25:00Z,5365.65593578,5366.43984745,5363.07838383,5363.86203341,16513.39176961,1651
2026-01-04T20:26:00Z,5363.86203341,5366.36049622,5362.86527969,5365.36346349,22588.98238183,2258
2026-01-04T20:27:00Z,5365.36346349,5366.95748885,5361.89795672,5363.49142590,26901.89165036,2690
2026-01-04T20:28:00Z,5363.49142590,5364.71301186,5362.81182542,5364.03334271,13322.14149353,1332
2026-01-04T20:29:00Z,5364.03334271,5365.40695332,5363.58583867,5364.95937202,7156.37393884,715
2026-01-04T20:30:00Z,5364.95937202,5367.42009596,5363.17791493,5365.63841338,36977.73090122,3697
2026-01-04T20:31:00Z,5365.63841338,5366.47153505,5365.21769889,5366.05078822,20082.52311173,2008
2026-01-04T20:32:00Z,5366.05078822,5367.79722165,5365.23041016,5366.97670204,27887.92316883,2788
2026-01-04T20:33:00Z,5366.97670204,5368.08266303,5364.98541744,5366.09119595,3014.57767571,301
2026-01-04T20:34:00Z,5366.09119595,5366.15192880,5364.39166553,5364.45237984,18262.17827154,1826
2026-01-04T20:35:00Z,5364.45237984,5368.57149462,5363.56773124,5367.68631272,43939.85514800,4393
2026-01-04T20:36:00Z,5367.68631272,5369.49333254,5367.33001015,5369.13693368,16554.47132529,1655
2026-01-04T20:37:00Z,5369.13693368,5372.28182122,5368.19425567,5371.33875663,48833.44322167,4883
2026-01-04T20:38:00Z,5371.33875663,5371.46492759,5370.54538640,5370.67154168,52155.29368673,5215
2026-01-04T20:39:00Z,5370.67154168,5371.24311137,5370.37255046,5370.94410497,13871.80377034,1387
2026-01-04T20:40:00Z,5370.94410497,5372.86255950,5369.70140884,5371.61970705,4248.90252323,424
2026-01-04T20:41:00Z,5371.61970705,5372.64912335,5370.44288520,5371.47227324,2232.57067215,223
2026-01-04T20:42:00Z,5371.47227324,5373.71389070,5370.51206858,5372.75345701,17623.50304042,1762
2026-01-04T20:43:00Z,5372.75345701,5374.29943507,5372.28054883,5373.82643245,4828.95559657,482
2026-01-04T20:44:00Z,5373.82643245,5374.08812886,5373.49757112,5373.75926426,18434.78447700,1843
2026-01-04T20:45:00Z,5373.75926426,5374.77865170,5371.24603798,5372.26514198,5014.52356927,501
2026-01-04T20:46:00Z,5372.26514198,5372.84098907,5369.95216507,5370.52782594,16768.38445218,1676
2026-01-04T20:47:00Z,5370.52782594,5371.22564245,5369.16201811,5369.85974783,8107.18168024,810
2026-01-04T20:48:00Z,5369.85974783,5371.76052160,5368.82460330,5370.72521025,9621.30910549,962
2026-01-04T20:49:00Z,5370.72521025,5371.47762392,5369.41286795,5370.16520317,19410.50503311,1941
2026-01-04T20:50:00Z,5370.16520317,5372.50147569,5369.24963911,5371.58566945,10451.21185779,1045
2026-01-04T20:51:00Z,5371.58566945,5372.88335471,5371.34402395,5372.64166172,22580.08334571,2258
2026-01-04T20:52:00Z,5372.64166172,5373.36014177,5371.46916180,5372.18758112,3516.95333765,351
2026-01-04T20:53:00Z,5372.18758112,5374.08549807,5367.24123594,5369.13807554,45981.33081028,4598
2026-01-04T20:54:00Z,5369.13807554,5370.33009190,5369.09432046,5370.28632746,12838.77099243,1283
2026-01-04T20:55:00Z,5370.28632746,5372.01594019,5369.48050042,5371.20997456,7227.74382040,722
2026-01-04T20:56:00Z,5371.20997456,5372.77402177,5370.82791267,5372.39187582,20404.88914419,2040
2026-01-04T20:57:00Z,5372.39187582,5372.87375920,5372.34416744,5372.82604697,9101.01480568,910
2026-01-04T20:58:00Z,5372.82604697,5373.70182229,5372.70687420,5373.58263274,18465.95745746,1846
2026-01-04T20:59:00Z,5373.58263274,5374.45470391,5372.24989095,5373.12188734,24720.78613431,2472
2026-01-04T21:00:00Z,5373.12188734,5374.97021760,5371.87063870,5373.71882995,20208.90297084,2020
2026-01-04T21:01:00Z,5373.71882995,5374.66239093,5373.04510192,5373.98862908,12349.61206173,1234
2026-01-04T21:02:00Z,5373.98862908,5376.81394811,5373.22967151,5376.05469875,31195.13138860,3119
2026-01-04T21:03:00Z,5376.05469875,5377.39262711,5375.76796899,5377.10584129,45677.08314658,4567
2026-01-04T21:04:00Z,5377.10584129,5379.20657269,5376.27822762,5378.37876310,14495.08945376,1449
2026-01-04T21:05:00Z,5378.37876310,5379.66514892,5377.95587405,5379.24219198,4433.72106468,443
2026-01-04T21:06:00Z,5379.24219198,5380.78793958,5375.26807008,5376.81311966,34467.29832544,3446
2026-01-04T21:07:00Z,5376.81311966,5378.27431678,5375.75397067,5377.21508860,14517.41957806,1451
2026-01-04T21:08:00Z,5377.21508860,5377.84591124,5376.01720182,5376.64795792,20869.75579344,2086
2026-01-04T21:09:00Z,5376.64795792,5379.81368499,5375.85359315,5379.01896992,72263.32174274,7226
2026-01-04T21:10:00Z,5379.01896992,5380.94278070,5377.88930617,5379.81295020,7104.22491806,710
2026-01-04T21:11:00Z,5379.81295020,5382.32002130,5379.18582144,5381.69267341,18326.06850785,1832
2026-01-04T21:12:00Z,5381.69267341,5382.41854970,5380.87599285,5381.60185689,11972.85789344,1197
2026-01-04T21:13:00Z,5381.60185689,5382.82209876,5381.19143026,5382.41161037,8661.41095876,866
2026-01-04T21:14:00Z,5382.41161037,5383.34420627,5381.17927521,5382.11181916,14697.46663847,1469
2026-01-04T21:15:00Z,5382.11181916,5385.52283037,5380.37841753,5383.78888862,5396.81286844,539
2026-01-04T21:16:00Z,5383.78888862,5383.89350543,5383.72127308,5383.82588943,12484.52656553,1248
2026-01-04T21:17:00Z,5383.82588943,5384.18382896,5383.04119699,5383.39910816,1158.48864352,115
2026-01-04T21:18:00Z,5383.39910816,5384.52283040,5382.14724593,5383.27094142,12150.10251996,1215
2026-01-04T21:19:00Z,5383.27094142,5384.09504817,5382.79453453,5383.61861051,12986.57323926,1298
2026-01-04T21:20:00Z,5383.61861051,5386.14162149,5383.33332984,5385.85622224,31828.61255738,3182
2026-01-04T21:21:00Z,5385.85622224,5389.39262943,5384.84699049,5388.38292421,14824.58731725,1482
2026-01-04T21:22:00Z,5388.38292421,5389.71334206,5386.44483122,5387.77509900,8914.26696648,891
2026-01-04T21:23:00Z,5387.77509900,5387.89030975,5386.27906579,5386.39424702,61381.67084936,6138
2026-01-04T21:24:00Z,5386.39424702,5386.46612600,5386.29000533,5386.36188388,3141.69551784,314
2026-01-04T21:25:00Z,5386.36188388,5388.15075985,5385.07105752,5386.85981416,31197.21799346,3119
2026-01-04T21:26:00Z,5386.85981416,5389.82413725,5385.68466491,5388.64859777,25071.08621782,2507
2026-01-04T21:27:00Z,5388.64859777,5388.84839877,5387.89560150,5388.09538199,4440.21343893,444
2026-01-04T21:28:00Z,5388.09538199,5390.76736213,5386.47695567,5389.14861945,22189.09873920,2218
2026-01-04T21:29:00Z,5389.14861945,5389.57748583,5388.54766656,5388.97651924,9921.61868698,992
2026-01-04T21:30:00Z,5388.97651924,5390.17019282,5386.65331432,5387.84673765,12940.18826390,1294
2026-01-04T21:31:00Z,5387.84673765,5389.39104230,5387.15642398,5388.70061922,11457.01877816,1145
2026-01-04T21:32:00Z,5388.70061922,5389.75077866,5387.44906993,5388.49919011,25526.30959264,2552
2026-01-04T21:33:00Z,5388.49919011,5390.93755682,5388.24653857,5390.68480281,12949.10822596,1294
2026-01-04T21:34:00Z,5390.68480281,5390.72517320,5388.56826447,5388.60861931,22265.66323954,2226
2026-01-04T21:35:00Z,5388.60861931,5389.46342160,5388.03661686,5388.89138913,29975.81216747,2997
2026-01-04T21:36:00Z,5388.89138913,5389.24193048,5387.32193190,5387.67239396,6359.72858717,635
2026-01-04T21:37:00Z,5387.67239396,5388.47477963,5387.18507556,5387.98743273,22898.03426971,2289
2026-01-04T21:38:00Z,5387.98743273,5389.10273792,5387.67162902,5388.78688734,26713.43819848,2671
2026-01-04T21:39:00Z,5388.78688734,5391.30223269,5386.88814193,5389.40327010,17619.10746454,1761
2026-01-04T21:40:00Z,5389.40327010,5389.83311042,5388.18910405,5388.61888181,5859.39285169,585
2026-01-04T21:41:00Z,5388.61888181,5390.94087922,5387.64187850,5389.96363209,990.97868697,99
2026-01-04T21:42:00Z,5389.96363209,5391.32905498,5387.64777883,5389.01296089,19562.64468834,1956
2026-01-04T21:43:00Z,5389.01296089,5391.45916664,5387.92454914,5390.37048072,28691.10341603,2869
2026-01-04T21:44:00Z,5390.37048072,5393.19531146,5388.63038664,5391.45486732,24570.85303956,2457
2026-01-04T21:45:00Z,5391.45486732,5392.83139393,5390.92838838,5392.30483199,9540.69798449,954
2026-01-04T21:46:00Z,5392.30483199,5393.08187321,5392.24791221,5393.02494583,3948.32039285,394
2026-01-04T21:47:00Z,5393.02494583,5394.72958686,5392.25870252,5393.96321024,22434.25079975,2243
2026-01-04T21:48:00Z,5393.96321024,5395.93944090,5392.96117307,5394.93722278,6145.40743017,614
2026-01-04T21:49:00Z,5394.93722278,5396.10205329,5393.81686080,5394.98168207,5003.95509717,500
2026-01-04T21:50:00Z,5394.98168207,5398.18462630,5393.47809960,5396.68057035,51266.18570228,5126
2026-01-04T21:51:00Z,5396.68057035,5398.69403638,5396.60297675,5398.61641495,18144.48037630,1814
2026-01-04T21:52:00Z,5398.61641495,5399.78001145,5396.44903252,5397.61241263,14663.74368645,1466
2026-01-04T21:53:00Z,5397.61241263,5398.84067253,5397.24306225,5398.47126338,9036.36192598,903
2026-01-04T21:54:00Z,5398.47126338,5399.35126331,5397.85394476,5398.73391465,9211.02008607,921
2026-01-04T21:55:00Z,5398.73391465,5399.57973548,5398.29775771,5399.14354545,6998.30813826,699
2026-01-04T21:56:00Z,5399.14354545,5399.33854408,5398.79807919,5398.99307238,5199.58443108,519
2026-01-04T21:57:00Z,5398.99307238,5399.32525193,5398.44901693,5398.78118344,9176.05906881,917
2026-01-04T21:58:00Z,5398.78118344,5399.47292698,5397.33371772,5398.02536442,18518.02879634,1851
2026-01-04T21:59:00Z,5398.02536442,5398.41605434,5396.82218460,5397.21281571,7820.85429060,782
2026-01-04T22:00:00Z,5397.21281571,5399.80616931,5396.10437622,5398.69742492,29003.61026186,2900
2026-01-04T22:01:00Z,5398.69742492,5399.05757461,5398.08867958,5398.44881269,4295.97540409,429
2026-01-04T22:02:00Z,5398.44881269,5398.89120184,5397.68996409,5398.13232731,10427.64442347,1042
2026-01-04T22:03:00Z,5398.13232731,5398.29133483,5397.45472091,5397.61371316,31166.31531756,3116
2026-01-04T22:04:00Z,5397.61371316,5397.66474900,5395.88991702,5395.94093705,4573.73636589,457
2026-01-04T22:05:00Z,5395.94093705,5397.82058982,5395.22309469,5397.10259293,19448.30365631,1944
2026-01-04T22:06:00Z,5397.10259293,5399.20681101,5396.25222976,5398.35625032,33288.90095580,3328
2026-01-04T22:07:00Z,5398.35625032,5399.22087389,5396.78649036,5397.65100097,55244.66431402,5524
2026-01-04T22:08:00Z,5397.65100097,5398.38127813,5396.62284845,5397.35308530,9138.75336209,913
2026-01-04T22:09:00Z,5397.35308530,5399.61496165,5396.33152192,5398.59316356,11834.00020212,1183
2026-01-04T22:10:00Z,5398.59316356,5401.25583064,5396.79317516,5399.45555470,35423.14660418,3542
2026-01-04T22:11:00Z,5399.45555470,5400.07184807,5397.99005712,5398.60625354,5664.98211417,566
2026-01-04T22:12:00Z,5398.60625354,5400.44790122,5397.58562493,5399.42711742,6156.81546917,615
2026-01-04T22:13:00Z,5399.42711742,5401.43100125,5397.33637333,5399.34022491,2865.83457505,286
2026-01-04T22:14:00Z,5399.34022491,5400.10001540,5398.25015726,5399.00990127,3400.63416360,340
2026-01-04T22:15:00Z,5399.00990127,5399.50357678,5398.20530124,5398.69894832,4097.93397143,409
2026-01-04T22:16:00Z,5398.69894832,5400.20174171,5398.69529955,5400.19809193,20454.46461067,2045
2026-01-04T22:17:00Z,5400.19809193,5402.64362917,5396.95493441,5399.40011028,15074.33641857,1507
2026-01-04T22:18:00Z,5399.40011028,5399.53756040,5398.54618964,5398.68362153,9346.77448542,934
2026-01-04T22:19:00Z,5398.68362153,5400.09732483,5398.04952754,5399.46313929,2539.63000615,253
2026-01-04T22:20:00Z,5399.46313929,5403.01187958,5396.95785900,5400.50611536,2814.73464950,281
2026-01-04T22:21:00Z,5400.50611536,5402.38524212,5400.43237792,5402.31148003,49705.11846879,4970
2026-01-04T22:22:00Z,5402.31148003,5403.61212867,5400.32848714,5401.62897146,21740.76250143,2174
2026-01-04T22:23:00Z,5401.62897146,5402.35623943,5399.90489581,5400.63202955,5073.79881301,507
2026-01-04T22:24:00Z,5400.63202955,5402.25707003,5399.76595825,5401.39087704,6181.03947555,618
2026-01-04T22:25:00Z,5401.39087704,5402.75241248,5400.37452987,5401.73600038,14918.01103976,1491
2026-01-04T22:26:00Z,5401.73600038,5403.13155934,5401.47439364,5402.86989768,16063.19944098,1606
2026-01-04T22:27:00Z,5402.86989768,5403.01523791,5401.66043250,5401.80574411,10570.15234526,1057
2026-01-04T22:28:00Z,5401.80574411,5403.27199056,5401.18863953,5402.65478899,25412.43731014,2541
2026-01-04T22:29:00Z,5402.65478899,5405.68695253,5401.01852538,5404.05026628,21022.89028471,2102
2026-01-04T22:30:00Z,5404.05026628,5405.31800383,5403.60570566,5404.87337550,28159.24798564,2815
2026-01-04T22:31:00Z,5404.87337550,5405.77452260,5404.56079386,5405.46190693,23155.62608548,2315
2026-01-04T22:32:00Z,5405.46190693,5406.82102326,5403.47720525,5404.83616425,31443.11418459,3144
2026-01-04T22:33:00Z,5404.83616425,5406.90901413,5403.10019206,5405.17293377,8923.81412421,892
2026-01-04T22:34:00Z,5405.17293377,5406.49044432,5403.72217008,5405.03964815,9115.40819146,911
2026-01-04T22:35:00Z,5405.03964815,5406.78379833,5402.87198045,5404.61599392,7635.10604332,763
2026-01-04T22:36:00Z,5404.61599392,5405.39338576,5403.44197768,5404.21931246,3743.76685581,374
2026-01-04T22:37:00Z,5404.21931246,5405.11829333,5403.33239791,5404.23137680,11571.26176825,1157
2026-01-04T22:38:00Z,5404.23137680,5405.46187419,5402.80694152,5404.03739475,3143.87370579,314
2026-01-04T22:39:00Z,5404.03739475,5406.95868374,5402.95506024,5405.87598099,50769.85113468,5076
2026-01-04T22:40:00Z,5405.87598099,5405.92910941,5404.82330075,5404.87641935,7360.35134361,736
2026-01-04T22:41:00Z,5404.87641935,5406.02355056,5404.49312442,5405.64020147,3816.25461603,381
2026-01-04T22:42:00Z,5405.64020147,5407.13723569,5405.03186030,5406.52879452,10979.93714727,1097
2026-01-04T22:43:00Z,5406.52879452,5408.46929657,5405.09652709,5407.03689454,3009.36459264,300
2026-01-04T22:44:00Z,5407.03689454,5408.94993944,5405.74134822,5407.65424520,23583.68178391,2358
2026-01-04T22:45:00Z,5407.65424520,5408.85860644,5406.21285070,5407.41715915,15886.01981192,1588
2026-01-04T22:46:00Z,5407.41715915,5407.56646207,5407.23743822,5407.38674030,2298.37369874,229
2026-01-04T22:47:00Z,5407.38674030,5408.69140477,5406.87257386,5408.17716317,14336.17765101,1433
2026-01-04T22:48:00Z,5408.17716317,5409.36112312,5407.14602730,5408.32995812,21873.09494885,2187
2026-01-04T22:49:00Z,5408.32995812,5410.07657144,5408.32926020,5410.07587330,35618.14767378,3561
2026-01-04T22:50:00Z,5410.07587330,5410.60150764,5408.56510042,5409.09063903,20473.86296293,2047
2026-01-04T22:51:00Z,5409.09063903,5410.24857676,5405.71845911,5406.87592273,36630.14113781,3663
2026-01-04T22:52:00Z,5406.87592273,5408.79078512,5405.78151206,5407.69620841,1403.07437536,140
2026-01-04T22:53:00Z,5407.69620841,5410.63430099,5407.24069004,5410.17857352,79218.38214732,7921
2026-01-04T22:54:00Z,5410.17857352,5410.59276633,5410.04217160,5410.45635740,30456.28169472,3045
2026-01-04T22:55:00Z,5410.45635740,5410.48378263,5409.10926726,5409.13668580,14024.04307380,1402
2026-01-04T22:56:00Z,5409.13668580,5410.97549787,5407.97534565,5409.81401231,18639.63872296,1863
2026-01-04T22:57:00Z,5409.81401231,5410.31245910,5405.75143845,5406.24955683,40230.53716195,4023
2026-01-04T22:58:00Z,5406.24955683,5406.42583050,5403.56444721,5403.74063908,47123.83064413,4712
2026-01-04T22:59:00Z,5403.74063908,5404.99340525,5400.49211041,5401.74441379,7674.21532803,767
2026-01-04T23:00:00Z,5401.74441379,5402.89756118,5399.21136206,5400.36421480,25410.57307482,2541
2026-01-04T23:01:00Z,5400.36421480,5401.05403882,5398.17440900,5398.86404139,38436.27227420,3843
2026-01-04T23:02:00Z,5398.86404139,5399.39101605,5396.42771954,5396.95450781,94830.37572743,9483
2026-01-04T23:03:00Z,5396.95450781,5397.73966121,5396.47768882,5397.26281499,7217.49239673,721
2026-01-04T23:04:00Z,5397.26281499,5398.06105147,5393.69541701,5394.49324388,127360.19333561,12736
2026-01-04T23:05:00Z,5394.49324388,5394.91798518,5392.18095132,5392.60554399,81162.15335507,8116
2026-01-04T23:06:00Z,5392.60554399,5393.15168825,5390.70702694,5391.25303423,15546.90966259,1554
2026-01-04T23:07:00Z,5391.25303423,5391.69821915,5388.34361748,5388.78859890,8628.09680616,862
2026-01-04T23:08:00Z,5388.78859890,5388.80494588,5388.78229685,5388.79864381,2416.21358448,241
2026-01-04T23:09:00Z,5388.79864381,5388.93350178,5387.43934503,5387.57417235,11290.26171984,1129
2026-01-04T23:10:00Z,5387.57417235,5388.57539547,5385.36695644,5386.36795540,26295.89424950,2629
2026-01-04T23:11:00Z,5386.36795540,5387.06298948,5383.93026855,5384.62507773,8109.62411116,810
2026-01-04T23:12:00Z,5384.62507773,5385.79820877,5381.81748416,5382.99025903,11171.25558981,1117
2026-01-04T23:13:00Z,5382.99025903,5383.20519117,5381.17568835,5381.39055662,45583.17230406,4558
2026-01-04T23:14:00Z,5381.39055662,5381.56826240,5380.18314002,5380.36081180,44269.37702533,4426
2026-01-04T23:15:00Z,5380.36081180,5381.15175955,5378.77117939,5379.56200972,25820.21697793,2582
2026-01-04T23:16:00Z,5379.56200972,5380.47517866,5378.48346264,5379.39660351,18520.81324996,1852
2026-01-04T23:17:00Z,5379.39660351,5379.70797151,5377.70220300,5378.01349094,32592.52033705,3259
2026-01-04T23:18:00Z,5378.01349094,5378.39046839,5377.32688908,5377.70384483,23743.42597041,2374
2026-01-04T23:19:00Z,5377.70384483,5379.00031403,5377.03854286,5378.33493399,3742.67589397,374
2026-01-04T23:20:00Z,5378.33493399,5379.86789126,5377.12588356,5378.65876804,13490.59820679,1349
2026-01-04T23:21:00Z,5378.65876804,5378.74395143,5376.91289463,5376.99805172,37248.86838446,3724
2026-01-04T23:22:00Z,5376.99805172,5377.59451088,5376.98186714,5377.57832455,4908.15594290,490
2026-01-04T23:23:00Z,5377.57832455,5378.48544357,5375.95581362,5376.86281194,12842.49305673,1284
2026-01-04T23:24:00Z,5376.86281194,5377.43015933,5375.83026737,5376.39756567,12864.42194959,1286
2026-01-04T23:25:00Z,5376.39756567,5378.83544848,5375.24423047,5377.68183778,10651.05028606,1065
2026-01-04T23:26:00Z,5377.68183778,5378.13928015,5376.51084154,5376.96822321,11079.37591870,1107
2026-01-04T23:27:00Z,5376.96822321,5377.68356207,5376.22379381,5376.93912880,10949.07420901,1094
2026-01-04T23:28:00Z,5376.93912880,5377.85996882,5376.57240580,5377.49320802,6109.77051560,610
2026-01-04T23:29:00Z,5377.49320802,5377.49521215,5377.34676211,5377.34876619,10644.05476276,1064
2026-01-04T23:30:00Z,5377.34876619,5377.55144002,5376.33935050,5376.54199393,16668.10534979,1666
2026-01-04T23:31:00Z,5376.54199393,5376.57735056,5375.73385719,5375.76920874,43414.57346711,4341
2026-01-04T23:32:00Z,5375.76920874,5376.03196971,5374.72830459,5374.99102753,47439.74398121,4743
2026-01-04T23:33:00Z,5374.99102753,5376.13788892,5374.55532882,5375.70213257,15593.13697393,1559
2026-01-04T23:34:00Z,5375.70213257,5376.00292257,5374.82216411,5375.12292170,5480.31235839,548
2026-01-04T23:35:00Z,5375.12292170,5375.85656117,5373.70116083,5374.43470636,18981.23125816,1898
2026-01-04T23:36:00Z,5374.43470636,5376.23115508,5373.60282728,5375.39912672,3619.18541125,361
2026-01-04T23:37:00Z,5375.39912672,5375.84175952,5373.02736519,5373.46983913,22564.77962462,2256
2026-01-04T23:38:00Z,5373.46983913,5374.12500046,5372.38333663,5373.03844537,4830.11734021,483
2026-01-04T23:39:00Z,5373.03844537,5374.54742832,5372.23856179,5373.74743918,17390.68872960,1739
2026-01-04T23:40:00Z,5373.74743918,5374.36768505,5373.41561638,5374.03584444,7739.36229469,773
2026-01-04T23:41:00Z,5374.03584444,5375.39903630,5373.94529858,5375.30846900,27062.06259245,2706
2026-01-04T23:42:00Z,5375.30846900,5376.20049433,5374.63828860,5375.53028628,13883.90476536,1388
2026-01-04T23:43:00Z,5375.53028628,5375.77014899,5374.96192081,5375.20176886,25779.98849316,2577
2026-01-04T23:44:00Z,5375.20176886,5376.29354584,5372.84094563,5373.93246480,9475.61330523,947
2026-01-04T23:45:00Z,5373.93246480,5374.57652613,5372.07665630,5372.72057239,15901.22802355,1590
2026-01-04T23:46:00Z,5372.72057239,5372.72855692,5371.83292693,5371.84091015,17822.08621625,1782
2026-01-04T23:47:00Z,5371.84091015,5372.28202492,5371.56114342,5372.00224979,3341.96961666,334
2026-01-04T23:48:00Z,5372.00224979,5372.86507303,5371.91643573,5372.77924657,10695.59323445,1069
2026-01-04T23:49:00Z,5372.77924657,5373.83529066,5371.80068152,5372.85671150,10988.87360994,1098
2026-01-04T23:50:00Z,5372.85671150,5372.91111091,5372.37522108,5372.42961617,5196.80138140,519
2026-01-04T23:51:00Z,5372.42961617,5373.82577310,5372.30149024,5373.69761693,41921.11117145,4192
2026-01-04T23:52:00Z,5373.69761693,5374.22601043,5371.33983502,5371.86804861,16003.13943381,1600
2026-01-04T23:53:00Z,5371.86804861,5372.24730123,5370.51833873,5370.89752283,21448.30524633,2144
2026-01-04T23:54:00Z,5370.89752283,5372.92308790,5369.40490991,5371.43032691,10404.41805743,1040
2026-01-04T23:55:00Z,5371.43032691,5372.18543459,5370.58924725,5371.34434284,6049.28686985,604
2026-01-04T23:56:00Z,5371.34434284,5371.63763872,5369.56866365,5369.86187858,33512.57606166,3351
2026-01-04T23:57:00Z,5369.86187858,5369.98290695,5368.83154346,5368.95255133,15813.08640723,1581
2026-01-04T23:58:00Z,5368.95255133,5369.89734268,5368.61936908,5369.56412248,47949.05338373,4794
2026-01-04T23:59:00Z,5369.56412248,5369.92153319,5367.77006171,5368.12737678,35663.47611329,3566
2026-01-05T00:00:00Z,5368.12737678,5368.58747691,5366.07342651,5366.53339002,1803.02117955,180
2026-01-05T00:01:00Z,5366.53339002,5366.73464149,5366.31043153,5366.51168219,1219.34385239,121
2026-01-05T00:02:00Z,5366.51168219,5366.89561945,5365.63868301,5366.02258529,2782.42774252,278
2026-01-05T00:03:00Z,5366.02258529,5367.12430041,5365.27559975,5366.37726550,25283.07884194,2528
2026-01-05T00:04:00Z,5366.37726550,5367.33353161,5363.84599717,5364.80198257,57762.74560592,5776
2026-01-05T00:05:00Z,5364.80198257,5366.51016930,5363.88666586,5365.59471734,11825.42656809,1182
2026-01-05T00:06:00Z,5365.59471734,5365.88613504,5364.45875735,5364.75012918,13298.40382991,1329
2026-01-05T00:07:00Z,5364.75012918,5364.98499483,5363.28980978,5363.52462178,19339.71952735,1933
2026-01-05T00:08:00Z,5363.52462178,5363.61086394,5362.26014938,5362.34637260,22484.05580914,2248
2026-01-05T00:09:00Z,5362.34637260,5362.78566899,5361.23614772,5361.67538913,15752.83118035,1575
2026-01-05T00:10:00Z,5361.67538913,5363.36155720,5360.84959148,5362.53562706,27325.37462394,2732
2026-01-05T00:11:00Z,5362.53562706,5363.10605618,5361.43858926,5362.00896236,10121.52692595,1012
2026-01-05T00:12:00Z,5362.00896236,5363.99400946,5361.23486061,5363.21973292,20291.32265435,2029
2026-01-05T00:13:00Z,5363.21973292,5364.56953185,5362.57271926,5363.92243342,32539.99526388,3253
2026-01-05T00:14:00Z,5363.92243342,5364.54909505,5362.30141214,5362.92795758,26947.63168298,2694
2026-01-05T00:15:00Z,5362.92795758,5363.62513606,5361.84823910,5362.54536784,12331.27948518,1233
2026-01-05T00:16:00Z,5362.54536784,5364.35250517,5360.05063845,5361.85754399,3859.10541517,385
2026-01-05T00:17:00Z,5361.85754399,5362.51235290,5361.44333950,5362.09812983,5113.37852254,511
2026-01-05T00:18:00Z,5362.09812983,5362.80718495,5360.58010875,5361.28905689,20625.51817441,2062
2026-01-05T00:19:00Z,5361.28905689,5362.98009285,5359.02808902,5360.71894516,16206.50789089,1620
2026-01-05T00:20:00Z,5360.71894516,5361.72485999,5360.45696613,5361.46284460,37973.78833263,3797
2026-01-05T00:21:00Z,5361.46284460,5361.55513130,5360.15741949,5360.24968531,73361.95327620,7336
2026-01-05T00:22:00Z,5360.24968531,5361.46528420,5360.06367302,5361.27923618,6184.19948993,618
2026-01-05T00:23:00Z,5361.27923618,5362.42093487,5359.33609225,5360.47762023,19230.68828578,1923
2026-01-05T00:24:00Z,5360.47762023,5360.98944638,5360.05435570,5360.56617486,11700.44924213,1170
2026-01-05T00:25:00Z,5360.56617486,5361.17249208,5359.51368706,5360.11995381,4318.57095785,431
2026-01-05T00:26:00Z,5360.11995381,5360.66211207,5359.58725837,5360.12941569,3729.23009365,372
2026-01-05T00:27:00Z,5360.12941569,5361.51195426,5359.64773941,5361.03019704,2893.19142557,289
2026-01-05T00:28:00Z,5361.03019704,5361.15331412,5360.59429698,5360.71740688,6958.89155239,695
2026-01-05T00:29:00Z,5360.71740688,5362.31236492,5360.51856455,5362.11347081,22628.94959020,2262
2026-01-05T00:30:00Z,5362.11347081,5362.61568777,5362.06040824,5362.56262075,19470.47937735,1947
2026-01-05T00:31:00Z,5362.56262075,5363.42814524,5360.04359351,5360.90885108,5785.03300197,578
2026-01-05T00:32:00Z,5360.90885108,5361.34852637,5360.67210748,5361.11177380,16769.65280700,1676
2026-01-05T00:33:00Z,5361.11177380,5361.69511406,5360.73876817,5361.32209379,3174.98160312,317
2026-01-05T00:34:00Z,5361.32209379,5361.94973654,5360.31294009,5360.94053817,28826.50167092,2882
2026-01-05T00:35:00Z,5360.94053817,5363.75740947,5359.49577045,5362.31227207,41212.30826876,4121
2026-01-05T00:36:00Z,5362.31227207,5362.67279338,5361.58659508,5361.94709185,22434.60397301,2243
2026-01-05T00:37:00Z,5361.94709185,5362.78474190,5361.22386716,5362.06150178,17809.15907221,1780
2026-01-05T00:38:00Z,5362.06150178,5362.19257842,5361.98881156,5362.11988740,10598.49102143,1059
2026-01-05T00:39:00Z,5362.11988740,5363.77660140,5360.72975716,5362.38640206,1027.92221775,102
2026-01-05T00:40:00Z,5362.38640206,5365.62464238,5361.41368415,5364.65151358,20386.58574806,2038
2026-01-05T00:41:00Z,5364.65151358,5366.20475799,5364.30145609,5365.85462199,11260.74254019,1126
2026-01-05T00:42:00Z,5365.85462199,5366.50220802,5365.79914918,5366.44672908,7303.09243650,730
2026-01-05T00:43:00Z,5366.44672908,5367.44094610,5365.05081550,5366.04495808,12465.90830389,1246
2026-01-05T00:44:00Z,5366.04495808,5367.10287437,5364.61929766,5365.67714144,12112.20261339,1211
2026-01-05T00:45:00Z,5365.67714144,5365.90070087,5365.55764584,5365.78120296,4497.42954774,449
2026-01-05T00:46:00Z,5365.78120296,5367.21682732,5364.07214722,5365.50769841,1787.42104033,178
2026-01-05T00:47:00Z,5365.50769841,5366.30695322,5364.91068831,5365.70992062,12732.77453604,1273
2026-01-05T00:48:00Z,5365.70992062,5366.78680663,5365.66586603,5366.74274356,21523.13492572,2152
2026-01-05T00:49:00Z,5366.74274356,5368.46507367,5364.33358459,5366.05569421,36472.62436570,3647
2026-01-05T00:50:00Z,5366.05569421,5366.64437633,5365.65533070,5366.24399877,8897.88099362,889
2026-01-05T00:51:00Z,5366.24399877,5366.82015658,5366.05751801,5366.63366227,4973.63047745,497
2026-01-05T00:52:00Z,5366.63366227,5367.27572242,5366.31906871,5366.96110967,8688.60203587,868
2026-01-05T00:53:00Z,5366.96110967,5367.92679788,5365.28876404,5366.25432509,7775.96587522,777
2026-01-05T00:54:00Z,5366.25432509,5368.14173057,5363.02853947,5364.91547406,30053.22466472,3005
2026-01-05T00:55:00Z,5364.91547406,5365.69421168,5364.56583533,5365.34454499,4497.14715392,449
2026-01-05T00:56:00Z,5365.34454499,5366.24407334,5363.52104111,5364.42041452,6409.28952579,640
2026-01-05T00:57:00Z,5364.42041452,5365.05189939,5363.05017589,5363.68157378,23836.94399774,2383
2026-01-05T00:58:00Z,5363.68157378,5364.32222232,5362.96831142,5363.60895129,12340.91200538,1234
2026-01-05T00:59:00Z,5363.60895129,5363.98028051,5362.66787880,5363.03916858,29383.73910903,2938
2026-01-05T01:00:00Z,5363.03916858,5364.14042575,5362.30412456,5363.40533155,11786.43590553,1178
2026-01-05T01:01:00Z,5363.40533155,5364.07445544,5362.25786191,5362.92692612,16259.08177566,1625
2026-01-05T01:02:00Z,5362.92692612,5363.29143339,5362.72808131,5363.09258243,10065.60075539,1006
2026-01-05T01:03:00Z,5363.09258243,5364.08326901,5362.24353300,5363.23419715,4690.20880191,469
2026-01-05T01:04:00Z,5363.23419715,5363.35118034,5362.58946387,5362.70643554,6216.41986164,621
2026-01-05T01:05:00Z,5362.70643554,5363.59074048,5361.90266853,5362.78696140,919.19651014,91
2026-01-05T01:06:00Z,5362.78696140,5363.13998629,5362.09567522,5362.44867784,8393.20950046,839
2026-01-05T01:07:00Z,5362.44867784,5363.67194597,5361.52382195,5362.74703863,10818.52734839,1081
2026-01-05T01:08:00Z,5362.74703863,5363.78441247,5362.53321626,5363.57055728,18056.54668728,1805
2026-01-05T01:09:00Z,5363.57055728,5364.53255318,5363.29057942,5364.25253972,13030.16007540,1303
2026-01-05T01:10:00Z,5364.25253972,5364.95662798,5362.28129131,5362.98521322,23058.97415147,2305
2026-01-05T01:11:00Z,5362.98521322,5364.22145387,5362.82298076,5364.05918892,8661.76617410,866
2026-01-05T01:12:00Z,5364.05918892,5364.27557832,5362.78732320,5363.00367002,60969.42163626,6096
2026-01-05T01:13:00Z,5363.00367002,5363.91872829,5361.60210466,5362.51707990,5285.66375908,528
2026-01-05T01:14:00Z,5362.51707990,5363.01558621,5361.96205626,5362.46055732,7412.94158832,741
2026-01-05T01:15:00Z,5362.46055732,5362.79886172,5361.27214584,5361.61039660,35432.89867519,3543
2026-01-05T01:16:00Z,5361.61039660,5361.71028624,5360.78378276,5360.88365886,5401.81616995,540
2026-01-05T01:17:00Z,5360.88365886,5361.94813773,5360.11156504,5361.17600181,15768.75242922,1576
2026-01-05T01:18:00Z,5361.17600181,5361.62040781,5360.49360273,5360.93798900,3142.38851577,314
2026-01-05T01:19:00Z,5360.93798900,5361.12140693,5359.38900635,5359.57237756,24240.34091899,2424
2026-01-05T01:20:00Z,5359.57237756,5360.27614514,5357.21056457,5357.91411440,30504.24834107,3050
2026-01-05T01:21:00Z,5357.91411440,5358.89402763,5357.60494398,5358.58481850,10558.77125382,1055
2026-01-05T01:22:00Z,5358.58481850,5359.29207062,5358.24879969,5358.95602853,6261.21318093,626
2026-01-05T01:23:00Z,5358.95602853,5358.96227733,5357.75146082,5357.75770822,23297.66494319,2329
2026-01-05T01:24:00Z,5357.75770822,5358.94630915,5357.13555315,5358.32408832,766.20630238,76
2026-01-05T01:25:00Z,5358.32408832,5358.51930217,5356.88065089,5357.07581927,38787.20716309,3878
2026-01-05T01:26:00Z,5357.07581927,5359.03071343,5356.10413701,5358.05885286,13295.24606940,1329
2026-01-05T01:27:00Z,5358.05885286,5358.24995398,5357.00288413,5357.19395441,7641.75834480,764
2026-01-05T01:28:00Z,5357.19395441,5358.31176409,5356.98123346,5358.09900720,19983.14943362,1998
2026-01-05T01:29:00Z,5358.09900720,5358.96964691,5357.70518425,5358.57578892,56.22376685,5
2026-01-05T01:30:00Z,5358.57578892,5359.11154498,5358.40471776,5358.94046217,18198.28081145,1819
2026-01-05T01:31:00Z,5358.94046217,5359.72496963,5358.73350655,5359.51799171,5999.67007008,599
2026-01-05T01:32:00Z,5359.51799171,5360.10467247,5359.47608653,5360.06276304,26492.86861929,2649
2026-01-05T01:33:00Z,5360.06276304,5361.75404452,5359.28686210,5360.97801109,9785.48773057,978
2026-01-05T01:34:00Z,5360.97801109,5361.25418569,5360.61678814,5360.89295836,14305.46689464,1430
2026-01-05T01:35:00Z,5360.89295836,5361.01056139,5359.85281834,5359.97040113,6332.31240006,633
2026-01-05T01:36:00Z,5359.97040113,5362.87628665,5357.88212707,5360.78769417,18737.84629335,1873
2026-01-05T01:37:00Z,5360.78769417,5364.94180268,5356.83158919,5360.98555169,7680.39715014,768
2026-01-05T01:38:00Z,5360.98555169,5367.16602091,5356.45009961,5362.62917831,20269.27609887,2026
2026-01-05T01:39:00Z,5362.62917831,5365.56790742,5357.75414171,5360.69180913,21168.57614685,2116
2026-01-05T01:40:00Z,5360.69180913,5360.91274292,5357.79338627,5358.01420970,1164.48543158,116
2026-01-05T01:41:00Z,5358.01420970,5359.43309967,5357.59854205,5359.01735420,46134.80480916,4613
2026-01-05T01:42:00Z,5359.01735420,5359.55087433,5358.66572007,5359.19922827,7624.14975482,762
2026-01-05T01:43:00Z,5359.19922827,5359.79676315,5358.89337908,5359.49089732,19482.60380246,1948
2026-01-05T01:44:00Z,5359.49089732,5360.29255309,5357.32142210,5358.12287324,38303.51414687,3830
2026-01-05T01:45:00Z,5358.12287324,5358.25046394,5357.37150184,5357.49907769,42612.37919782,4261
2026-01-05T01:46:00Z,5357.49907769,5357.65690138,5356.66457996,5356.82238371,15028.49346216,1502
2026-01-05T01:47:00Z,5356.82238371,5356.95187416,5354.94455820,5355.07400638,25873.94932231,2587
2026-01-05T01:48:00Z,5355.07400638,5356.12996641,5354.59080184,5355.64671020,49947.90256829,4994
2026-01-05T01:49:00Z,5355.64671020,5357.54240276,5354.87375554,5356.76928609,8074.92570278,807
2026-01-05T01:50:00Z,5356.76928609,5357.64867453,5355.90145141,5356.78083798,17910.81414009,1791
2026-01-05T01:51:00Z,5356.78083798,5358.47357673,5355.96399641,5357.65660161,1617.16863003,161
2026-01-05T01:52:00Z,5357.65660161,5358.90940853,5356.48202536,5357.73481513,2170.49818510,217
2026-01-05T01:53:00Z,5357.73481513,5358.72425139,5357.17884015,5358.16823143,4364.44317295,436
2026-01-05T01:54:00Z,5358.16823143,5359.16151536,5357.73819326,5358.73143199,23007.10868648,2300
2026-01-05T01:55:00Z,5358.73143199,5360.72831696,5358.57366278,5360.57049361,52887.89638429,5288
2026-01-05T01:56:00Z,5360.57049361,5361.64927103,5358.56077060,5359.63936064,30762.23805646,3076
2026-01-05T01:57:00Z,5359.63936064,5361.08904965,5358.20367574,5359.65336100,6803.28580378,680
2026-01-05T01:58:00Z,5359.65336100,5361.64155785,5359.52304210,5361.51119378,53311.71212909,5331
2026-01-05T01:59:00Z,5361.51119378,5363.07236563,5360.37828320,5361.93936458,7056.54783218,705
2026-01-05T02:00:00Z,5361.93936458,5362.33772335,5361.61098880,5362.00934329,13056.86274384,1305
2026-01-05T02:01:00Z,5362.00934329,5363.07981601,5361.85684578,5362.92729239,10890.49063350,1089
2026-01-05T02:02:00Z,5362.92729239,5363.28966048,5362.38956861,5362.75192484,9894.42715711,989
2026-01-05T02:03:00Z,5362.75192484,5364.92422189,5362.33081931,5364.50297886,51135.82085916,5113
2026-01-05T02:04:00Z,5364.50297886,5365.87494740,5364.08082556,5365.45271937,26887.76953659,2688
2026-01-05T02:05:00Z,5365.45271937,5366.14610648,5365.38731142,5366.08069088,23655.42123557,2365
2026-01-05T02:06:00Z,5366.08069088,5367.56058647,5365.44004172,5366.91983713,4732.56826658,473
2026-01-05T02:07:00Z,5366.91983713,5367.26844979,5366.36949892,5366.71809848,6435.90230098,643
2026-01-05T02:08:00Z,5366.71809848,5367.18169244,5366.50339014,5366.96697414,10717.79782112,1071
2026-01-05T02:09:00Z,5366.96697414,5367.55870481,5366.55370551,5367.14542244,4701.68408453,470
2026-01-05T02:10:00Z,5367.14542244,5367.65431566,5366.53178065,5367.04066395,11501.35074591,1150
2026-01-05T02:11:00Z,5367.04066395,5368.37156574,5366.68788791,5368.01872542,18207.34251652,1820
2026-01-05T02:12:00Z,5368.01872542,5368.48348791,5367.44937037,5367.91412380,4976.25531791,497
2026-01-05T02:13:00Z,5367.91412380,5368.07171938,5366.99188612,5367.14945924,9298.75878381,929
2026-01-05T02:14:00Z,5367.14945924,5367.87656641,5365.64432631,5366.37132806,31871.14905204,3187
2026-01-05T02:15:00Z,5366.37132806,5366.45205746,5366.27780194,5366.35853114,26469.96411630,2646
2026-01-05T02:16:00Z,5366.35853114,5367.43754322,5364.52762467,5365.60648553,11614.95870657,1161
2026-01-05T02:17:00Z,5365.60648553,5366.26914524,5365.44235261,5366.10499707,31027.01097014,3102
2026-01-05T02:18:00Z,5366.10499707,5366.11137923,5365.48701278,5365.49339421,5559.91202516,555
2026-01-05T02:19:00Z,5365.49339421,5366.09466012,5365.19549792,5365.79674699,14399.79294735,1439
2026-01-05T02:20:00Z,5365.79674699,5367.53036569,5364.92692960,5366.66040831,10553.11734445,1055
2026-01-05T02:21:00Z,5366.66040831,5367.64531015,5364.98674045,5365.97151586,11625.69992126,1162
2026-01-05T02:22:00Z,5365.97151586,5366.11992669,5364.27091400,5364.41928189,11421.06513888,1142
2026-01-05T02:23:00Z,5364.41928189,5364.76804408,5363.21529304,5363.56399962,21814.45137085,2181
2026-01-05T02:24:00Z,5363.56399962,5364.83408506,5361.10968378,5362.37948873,39322.84955214,3932
2026-01-05T02:25:00Z,5362.37948873,5362.63436581,5361.94826908,5362.20313778,11421.10156850,1142
2026-01-05T02:26:00Z,5362.20313778,5363.07451801,5361.70758926,5362.57893476,13023.41207894,1302
2026-01-05T02:27:00Z,5362.57893476,5362.99277021,5362.02824509,5362.44206998,8960.78810180,896
2026-01-05T02:28:00Z,5362.44206998,5362.81036209,5361.63298142,5362.00124326,25836.80500771,2583
2026-01-05T02:29:00Z,5362.00124326,5362.88473804,5360.63024994,5361.51366439,15526.26974756,1552
2026-01-05T02:30:00Z,5361.51366439,5362.10850242,5361.23247866,5361.82730025,6215.50837729,621
2026-01-05T02:31:00Z,5361.82730025,5362.44721033,5360.09264413,5360.71242532,35688.48006347,3568
2026-01-05T02:32:00Z,5360.71242532,5362.64076929,5359.81985371,5361.74802525,45833.44500936,4583
2026-01-05T02:33:00Z,5361.74802525,5362.02120854,5361.42649682,5361.69967766,2797.90117621,279
2026-01-05T02:34:00Z,5361.69967766,5362.05917369,5361.12678577,5361.48626750,4941.67795885,494
2026-01-05T02:35:00Z,5361.48626750,5362.22606813,5361.07633476,5361.81611017,9515.67969903,951
2026-01-05T02:36:00Z,5361.81611017,5362.83352805,5361.69013397,5362.70753090,9477.54266402,947
2026-01-05T02:37:00Z,5362.70753090,5362.77782887,5361.98432379,5362.05461320,12564.85845245,1256
2026-01-05T02:38:00Z,5362.05461320,5362.23040432,5361.58500074,5361.76078223,2469.27748983,246
2026-01-05T02:39:00Z,5361.76078223,5363.71525878,5361.20560566,5363.15993734,11559.18599886,1155
2026-01-05T02:40:00Z,5363.15993734,5364.37617690,5363.00579423,5364.22200327,9259.26481285,925
2026-01-05T02:41:00Z,5364.22200327,5364.32242195,5364.11217918,5364.21259769,10127.11012819,1012
2026-01-05T02:42:00Z,5364.21259769,5364.46707714,5363.83464205,5364.08911564,7140.61886005,714
2026-01-05T02:43:00Z,5364.08911564,5366.42154889,5363.12773093,5365.45991849,24965.46878608,2496
2026-01-05T02:44:00Z,5365.45991849,5366.16720753,5364.87970260,5365.58697790,5346.40699366,534
2026-01-05T02:45:00Z,5365.58697790,5366.35477957,5365.11236774,5365.88014347,13054.76883356,1305
2026-01-05T02:46:00Z,5365.88014347,5367.87669586,5365.52780007,5367.52424449,11510.71834841,1151
2026-01-05T02:47:00Z,5367.52424449,5367.73097457,5365.69875916,5365.90542688,24307.46821407,2430
2026-01-05T02:48:00Z,5365.90542688,5366.97781899,5365.22158409,5366.29392670,8805.35743494,880
2026-01-05T02:49:00Z,5366.29392670,5367.46018296,5364.93264875,5366.09886262,7748.30187897,774
2026-01-05T02:50:00Z,5366.09886262,5366.68445292,5365.79463341,5366.38020776,1840.55294783,184
2026-01-05T02:51:00Z,5366.38020776,5367.62572729,5364.68914517,5365.93456127,46322.22110162,4632
2026-01-05T02:52:00Z,5365.93456127,5366.70783703,5365.55988305,5366.33313098,46150.73283683,4615
2026-01-05T02:53:00Z,5366.33313098,5367.01411071,5364.67440441,5365.35526005,21489.81051456,2148
2026-01-05T02:54:00Z,5365.35526005,5366.22941734,5362.40453311,5363.27835202,50068.91290047,5006
2026-01-05T02:55:00Z,5363.27835202,5363.75339073,5362.50483436,5362.97984663,18933.80554212,1893
2026-01-05T02:56:00Z,5362.97984663,5364.23257240,5361.60413437,5362.85683141,8402.37442651,840
2026-01-05T02:57:00Z,5362.85683141,5365.38170287,5360.88847949,5363.41314677,25144.74168042,2514
2026-01-05T02:58:00Z,5363.41314677,5364.67524808,5363.03273130,5364.29477009,3579.12063075,357
2026-01-05T02:59:00Z,5364.29477009,5364.39605161,5363.75700347,5363.85827675,28295.27963654,2829
2026-01-05T03:00:00Z,5363.85827675,5365.31195686,5362.71562671,5364.16924057,827.08174235,82
2026-01-05T03:01:00Z,5364.16924057,5365.61183313,5363.86765256,5365.31018097,21788.32206151,2178
2026-01-05T03:02:00Z,5365.31018097,5366.02113746,5365.19848301,5365.90942703,7396.39447669,739
2026-01-05T03:03:00Z,5365.90942703,5366.13836146,5365.58696763,5365.81589806,6780.01247684,678
2026-01-05T03:04:00Z,5365.81589806,5366.67397161,5365.02292857,5365.88099249,18010.75961573,1801
2026-01-05T03:05:00Z,5365.88099249,5369.30281248,5363.96556356,5367.38684601,13053.96579056,1305
2026-01-05T03:06:00Z,5367.38684601,5367.70119825,5366.92744236,5367.24178610,3683.64153250,368
2026-01-05T03:07:00Z,5367.24178610,5367.84283409,5366.59195599,5367.19299851,16293.42579362,1629
2026-01-05T03:08:00Z,5367.19299851,5368.57251193,5365.74352292,5367.12301835,12371.57922774,1237
2026-01-05T03:09:00Z,5367.12301835,5367.86037668,5366.53955799,5367.27689959,18188.47598398,1818
2026-01-05T03:10:00Z,5367.27689959,5368.15395456,5366.00437521,5366.88136556,17138.03941857,1713
2026-01-05T03:11:00Z,5366.88136556,5367.11580942,5363.83486845,5364.06918947,24907.20856350,2490
2026-01-05T03:12:00Z,5364.06918947,5364.75833895,5363.81476211,5364.50389097,16188.58117464,1618
2026-01-05T03:13:00Z,5364.50389097,5364.53207032,5364.09748533,5364.12566270,22282.47854358,2228
2026-01-05T03:14:00Z,5364.12566270,5364.37047972,5363.66176017,5363.90656720,38669.58162376,3866
2026-01-05T03:15:00Z,5363.90656720,5365.79718567,5363.11493802,5365.00539432,15968.10139050,1596
2026-01-05T03:16:00Z,5365.00539432,5368.76391439,5363.07438560,5366.83224813,21993.59792472,2199
2026-01-05T03:17:00Z,5366.83224813,5369.72410236,5365.74677999,5368.63826895,55518.80667306,5551
2026-01-05T03:18:00Z,5368.63826895,5369.55702651,5367.65781574,5368.57656275,10502.21562432,1050
2026-01-05T03:19:00Z,5368.57656275,5369.04118267,5367.92312256,5368.38772615,7004.16271078,700
2026-01-05T03:20:00Z,5368.38772615,5370.59336826,5367.63940100,5369.84484000,11899.47159881,1189
2026-01-05T03:21:00Z,5369.84484000,5370.42644204,5369.04797097,5369.62954969,8329.28939714,832
2026-01-05T03:22:00Z,5369.62954969,5371.09695602,5367.57823850,5369.04548521,15520.13521538,1552
2026-01-05T03:23:00Z,5369.04548521,5369.32900043,5369.00125278,5369.28476603,10850.84024841,1085
2026-01-05T03:24:00Z,5369.28476603,5370.14220631,5369.20285843,5370.06028689,25633.39268021,2563
2026-01-05T03:25:00Z,5370.06028689,5370.19188893,5369.45220071,5369.58379108,7248.90848415,724
2026-01-05T03:26:00Z,5369.58379108,5370.05942548,5369.21462455,5369.69025163,31178.59882714,3117
2026-01-05T03:27:00Z,5369.69025163,5369.96257432,5369.20963316,5369.48194528,9952.10895231,995
2026-01-05T03:28:00Z,5369.48194528,5369.85298375,5369.09958358,5369.47062127,3917.77756527,391
2026-01-05T03:29:00Z,5369.47062127,5369.83773099,5369.16141114,5369.52851752,5653.23468035,565
2026-01-05T03:30:00Z,5369.52851752,5370.25706137,5368.61445661,5369.34297528,16650.15507826,1665
2026-01-05T03:31:00Z,5369.34297528,5369.41252734,5367.99810253,5368.06763807,7861.09296824,786
2026-01-05T03:32:00Z,5368.06763807,5368.47173966,5364.99735762,5365.40125849,94159.54085877,9415
2026-01-05T03:33:00Z,5365.40125849,5366.43084951,5364.68478041,5365.71432962,6921.41462252,692
2026-01-05T03:34:00Z,5365.71432962,5366.41810820,5365.35274722,5366.05650274,3500.21304727,350
2026-01-05T03:35:00Z,5366.05650274,5366.11993435,5365.37358201,5365.43700629,7596.52576753,759
2026-01-05T03:36:00Z,5365.43700629,5365.50162557,5365.09726938,5365.16188534,21971.72667901,2197
2026-01-05T03:37:00Z,5365.16188534,5366.63056612,5363.81810655,5365.28675605,15647.44146541,1564
2026-01-05T03:38:00Z,5365.28675605,5365.49034532,5363.61155431,5363.81508774,74886.79210115,7488
2026-01-05T03:39:00Z,5363.81508774,5364.25659588,5362.51906255,5362.96050033,14840.96792770,1484
2026-01-05T03:40:00Z,5362.96050033,5363.56437938,5362.41557140,5363.01944445,8641.09753568,864
2026-01-05T03:41:00Z,5363.01944445,5363.40359730,5361.67909308,5362.06317743,12186.88971913,1218
2026-01-05T03:42:00Z,5362.06317743,5363.11615389,5360.98495471,5362.03792621,5110.26470911,511
2026-01-05T03:43:00Z,5362.03792621,5362.68242492,5361.92849892,5362.57298670,35961.29181498,3596
2026-01-05T03:44:00Z,5362.57298670,5363.07767724,5361.66702081,5362.17167357,1917.04131239,191
2026-01-05T03:45:00Z,5362.17167357,5363.00626452,5361.00522120,5361.83976048,18517.35642404,1851
2026-01-05T03:46:00Z,5361.83976048,5363.28398103,5361.25660866,5362.70073557,8127.72986885,812
2026-01-05T03:47:00Z,5362.70073557,5363.38203978,5361.75355347,5362.43482389,2225.78361737,222
2026-01-05T03:48:00Z,5362.43482389,5363.03836897,5360.79081752,5361.39424548,2825.14374214,282
2026-01-05T03:49:00Z,5361.39424548,5362.27615263,5361.38132242,5362.26322748,13140.05268846,1314
2026-01-05T03:50:00Z,5362.26322748,5363.28353698,5362.24259240,5363.26289806,30784.02271917,3078
2026-01-05T03:51:00Z,5363.26289806,5363.41715436,5363.07200913,5363.22626437,9429.43457904,942
2026-01-05T03:52:00Z,5363.22626437,5363.59721498,5362.95082338,5363.32176908,8581.93228412,858
2026-01-05T03:53:00Z,5363.32176908,5364.24157315,5361.85023322,5362.76994265,14536.03720912,1453
2026-01-05T03:54:00Z,5362.76994265,5363.97077128,5362.24649696,5363.44725948,15533.91768972,1553
2026-01-05T03:55:00Z,5363.44725948,5363.88072988,5363.22499299,5363.65845464,1459.85904985,145
2026-01-05T03:56:00Z,5363.65845464,5364.67117692,5362.17755082,5363.19018468,948.59624480,94
2026-01-05T03:57:00Z,5363.19018468,5363.26435119,5362.01082025,5362.08497147,23110.42534335,2311
2026-01-05T03:58:00Z,5362.08497147,5362.59052464,5360.37752153,5360.88296137,3394.91980320,339
2026-01-05T03:59:00Z,5360.88296137,5361.12996074,5360.75162352,5360.99862005,16029.43748812,1602
2026-01-05T04:00:00Z,5360.99862005,5361.05521389,5360.53924574,5360.59583533,8712.91946844,871
2026-01-05T04:01:00Z,5360.59583533,5362.43064892,5359.66251888,5361.49717555,12900.83854966,1290
2026-01-05T04:02:00Z,5361.49717555,5363.71336469,5360.42971967,5362.64568014,4719.49547185,471
2026-01-05T04:03:00Z,5362.64568014,5362.96311836,5361.67500969,5361.99240924,25870.05713072,2587
2026-01-05T04:04:00Z,5361.99240924,5362.68960732,5361.35035848,5362.04754996,4705.76020673,470
2026-01-05T04:05:00Z,5362.04754996,5362.67482508,5361.84420769,5362.47146674,9426.98417859,942
2026-01-05T04:06:00Z,5362.47146674,5362.50996723,5362.16512149,5362.20362006,5176.47149928,517
2026-01-05T04:07:00Z,5362.20362006,5362.83074585,5361.74927160,5362.37638276,23200.48633850,2320
2026-01-05T04:08:00Z,5362.37638276,5362.68921340,5362.26679727,5362.57962376,2144.27564319,214
2026-01-05T04:09:00Z,5362.57962376,5362.82561372,5362.31879437,5362.56478364,9453.76006376,945
2026-01-05T04:10:00Z,5362.56478364,5364.12007918,5361.25907615,5362.81431093,24174.11658103,2417
2026-01-05T04:11:00Z,5362.81431093,5363.39226168,5362.45467220,5363.03260831,4342.75276082,434
2026-01-05T04:12:00Z,5363.03260831,5364.37034392,5362.04683802,5363.38450896,17427.09069603,1742
2026-01-05T04:13:00Z,5363.38450896,5365.83457720,5362.94048955,5365.39039174,2423.76029249,242
2026-01-05T04:14:00Z,5365.39039174,5365.78320970,5365.20743844,5365.60024925,4633.58226798,463
2026-01-05T04:15:00Z,5365.60024925,5365.88300131,5365.46822111,5365.75096947,4025.53250922,402
2026-01-05T04:16:00Z,5365.75096947,5366.30283630,5365.07605719,5365.62791137,1346.76657166,134
2026-01-05T04:17:00Z,5365.62791137,5366.56799063,5363.97019559,5364.91014910,6474.45478675,647
2026-01-05T04:18:00Z,5364.91014910,5365.07717828,5364.45687181,5364.62389207,9726.28408292,972
2026-01-05T04:19:00Z,5364.62389207,5365.64030356,5363.90601509,5364.92238664,26954.19366818,2695
2026-01-05T04:20:00Z,5364.92238664,5366.30523092,5364.07828221,5365.46104174,32999.85361892,3299
2026-01-05T04:21:00Z,5365.46104174,5365.83656339,5365.25730427,5365.63281940,12360.69597435,1236
2026-01-05T04:22:00Z,5365.63281940,5367.54801133,5364.95715054,5366.87218641,31161.95053259,3116
2026-01-05T04:23:00Z,5366.87218641,5368.01005397,5366.40545872,5367.54326792,5532.91281789,553
2026-01-05T04:24:00Z,5367.54326792,5369.10738600,5367.45212756,5369.01622063,7894.91006028,789
2026-01-05T04:25:00Z,5369.01622063,5370.93825492,5367.69665038,5369.61853663,10865.17519021,1086
2026-01-05T04:26:00Z,5369.61853663,5372.23186670,5369.17072140,5371.78387087,3339.70942409,333
2026-01-05T04:27:00Z,5371.78387087,5372.19190645,5371.45191746,5371.85994834,10088.49785173,1008
2026-01-05T04:28:00Z,5371.85994834,5373.99452783,5370.20475515,5372.33918697,2672.48371972,267
2026-01-05T04:29:00Z,5372.33918697,5374.01581416,5370.35405640,5372.03058728,23350.54168231,2335
2026-01-05T04:30:00Z,5372.03058728,5373.29142695,5371.19114375,5372.45191758,10534.74274742,1053
2026-01-05T04:31:00Z,5372.45191758,5373.12818623,5370.36052936,5371.03661986,17773.38113806,1777
2026-01-05T04:32:00Z,5371.03661986,5372.02261130,5368.95052218,5369.93631162,3834.79271359,383
2026-01-05T04:33:00Z,5369.93631162,5372.11001333,5369.78638232,5371.96002752,16361.20599837,1636
2026-01-05T04:34:00Z,5371.96002752,5372.23321740,5370.95149508,5371.22464756,10356.05477509,1035
2026-01-05T04:35:00Z,5371.22464756,5371.64493896,5369.48013579,5369.90032357,49907.70119423,4990
2026-01-05T04:36:00Z,5369.90032357,5370.88715681,5368.83108947,5369.81790756,500.64201598,50
2026-01-05T04:37:00Z,5369.81790756,5369.90693656,5369.33780834,5369.42683086,12024.82209682,1202
2026-01-05T04:38:00Z,5369.42683086,5369.65532741,5368.50162231,5368.73008921,32022.25142877,3202
2026-01-05T04:39:00Z,5368.73008921,5369.56220135,5368.33392937,5369.16600935,24654.69253074,2465
2026-01-05T04:40:00Z,5369.16600935,5370.42201361,5368.65194023,5369.90787346,14711.49724136,1471
2026-01-05T04:41:00Z,5369.90787346,5370.41425914,5369.90499414,5370.41137955,11513.62202738,1151
2026-01-05T04:42:00Z,5370.41137955,5370.81563916,5370.12810764,5370.53236086,1542.07431036,154
2026-01-05T04:43:00Z,5370.53236086,5371.25499125,5370.38722131,5371.10983609,36937.41913832,3693
2026-01-05T04:44:00Z,5371.10983609,5371.55335833,5370.69164326,5371.13516353,648.08611716,64
2026-01-05T04:45:00Z,5371.13516353,5371.47794220,5369.86220093,5370.20492024,43471.22208307,4347
2026-01-05T04:46:00Z,5370.20492024,5370.98603839,5367.93469740,5368.71559892,121817.29171503,12181
2026-01-05T04:47:00Z,5368.71559892,5370.15806273,5367.70619596,5369.14857835,2506.01074940,250
2026-01-05T04:48:00Z,5369.14857835,5369.26241728,5368.56601752,5368.67984651,24067.41879195,2406
2026-01-05T04:49:00Z,5368.67984651,5370.17883423,5367.93108979,5369.42997290,17629.04471320,1762
2026-01-05T04:50:00Z,5369.42997290,5369.72421476,5367.57640129,5367.87055769,4236.41339058,423
2026-01-05T04:51:00Z,5367.87055769,5368.28382574,5366.30132013,5366.71449918,10478.46488815,1047
2026-01-05T04:52:00Z,5366.71449918,5367.96540915,5366.09131639,5367.34215347,21936.84541340,2193
2026-01-05T04:53:00Z,5367.34215347,5368.25371996,5366.83813474,5367.74966297,5408.30579964,540
2026-01-05T04:54:00Z,5367.74966297,5368.03188685,5365.74030688,5366.02243994,28431.28777692,2843
2026-01-05T04:55:00Z,5366.02243994,5367.07215049,5365.58657076,5366.63623145,39151.51507105,3915
2026-01-05T04:56:00Z,5366.63623145,5366.64341225,5366.10359460,5366.11077469,21667.30515641,2166
2026-01-05T04:57:00Z,5366.11077469,5366.12857103,5366.03778096,5366.05557712,10007.41720930,1000
2026-01-05T04:58:00Z,5366.05557712,5367.08813973,5365.68464397,5366.71716084,26816.89539399,2681
2026-01-05T04:59:00Z,5366.71716084,5366.89740589,5365.85789196,5366.03811420,36295.71259168,3629
2026-01-05T05:00:00Z,5366.03811420,5366.56951126,5364.64780461,5365.17911660,20338.57677026,2033
2026-01-05T05:01:00Z,5365.17911660,5369.19775209,5361.29710652,5365.31564322,11035.51427643,1103
2026-01-05T05:02:00Z,5365.31564322,5370.54323730,5356.24469545,5361.46854117,31940.42255235,3194
2026-01-05T05:03:00Z,5361.46854117,5367.55368673,5358.21484080,5364.29826908,21036.27538105,2103
2026-01-05T05:04:00Z,5364.29826908,5365.60984740,5364.19082793,5365.50238213,11707.62937690,1170
2026-01-05T05:05:00Z,5365.50238213,5368.62550460,5358.71084066,5361.83182659,2149.14922587,214
2026-01-05T05:06:00Z,5361.83182659,5371.10540258,5358.60989864,5367.87984038,39905.64428819,3990
2026-01-05T05:07:00Z,5367.87984038,5369.95051038,5365.59446845,5367.66505560,12791.11821350,1279
2026-01-05T05:08:00Z,5367.66505560,5381.49783792,5359.77540202,5373.59946167,11466.48928720,1146
2026-01-05T05:09:00Z,5373.59946167,5376.01923432,5371.06495388,5373.48467484,15386.77170659,1538
2026-01-05T05:10:00Z,5373.48467484,5376.14669293,5363.36157918,5366.01989922,47445.40771268,4744
2026-01-05T05:11:00Z,5366.01989922,5369.36586535,5361.50260756,5364.84784286,15066.17056670,1506
2026-01-05T05:12:00Z,5364.84784286,5366.49193834,5357.13768291,5358.77991884,5622.01442052,562
2026-01-05T05:13:00Z,5358.77991884,5366.60018482,5354.95704585,5362.77446219,7764.80800000,776
2026-01-05T05:14:00Z,5362.77446219,5368.87808888,5360.69835492,5366.80042303,36487.66702942,3648
2026-01-05T05:15:00Z,5366.80042303,5368.43101852,5366.56273164,5368.19326544,13697.56621957,1369
2026-01-05T05:16:00Z,5368.19326544,5368.75400613,5361.34980607,5361.90989042,10263.78610866,1026
2026-01-05T05:17:00Z,5361.90989042,5367.78024048,5357.38847751,5363.25769104,10905.18476487,1090
2026-01-05T05:18:00Z,5363.25769104,5365.65793432,5363.04987969,5365.45003802,2139.85359624,213
2026-01-05T05:19:00Z,5365.45003802,5368.11138053,5364.16187544,5366.82288834,18784.58558634,1878
2026-01-05T05:20:00Z,5366.82288834,5367.78208235,5361.71261108,5362.67106304,30857.94395451,3085
2026-01-05T05:21:00Z,5362.67106304,5363.48660270,5362.61864558,5363.43417778,11841.91382666,1184
2026-01-05T05:22:00Z,5363.43417778,5363.63895774,5360.97918294,5361.18387698,36880.91684896,3688
2026-01-05T05:23:00Z,5361.18387698,5361.98551736,5361.15725746,5361.95889399,6849.45542459,684
2026-01-05T05:24:00Z,5361.95889399,5363.53855668,5361.69722314,5363.27682151,51958.12205060,5195
2026-01-05T05:25:00Z,5363.27682151,5363.88959996,5363.22149301,5363.83426570,29063.30571300,2906
2026-01-05T05:26:00Z,5363.83426570,5364.58775443,5361.77279317,5362.52609813,67394.89484793,6739
2026-01-05T05:27:00Z,5362.52609813,5365.03489014,5358.57417208,5361.08228863,15173.95600952,1517
2026-01-05T05:28:00Z,5361.08228863,5361.39207988,5360.57752507,5360.88730505,10422.61910386,1042
2026-01-05T05:29:00Z,5360.88730505,5361.66043878,5360.28315598,5361.05627067,5243.79970548,524
2026-01-05T05:30:00Z,5361.05627067,5364.54721727,5360.60228887,5364.09297832,9230.98458157,923
2026-01-05T05:31:00Z,5364.09297832,5365.37906573,5362.21603106,5363.50197677,13098.83002404,1309
2026-01-05T05:32:00Z,5363.50197677,5365.23372622,5362.73646747,5364.46807903,9352.61186588,935
2026-01-05T05:33:00Z,5364.46807903,5366.03231393,5363.13483931,5364.69901682,3394.29143450,339
2026-01-05T05:34:00Z,5364.69901682,5364.92480308,5364.34632395,5364.57210487,8877.35526056,887
2026-01-05T05:35:00Z,5364.57210487,5365.50947663,5364.45824948,5365.39560377,13541.79946944,1354
2026-01-05T05:36:00Z,5365.39560377,5366.21786045,5365.11427130,5365.93649963,26972.77053691,2697
2026-01-05T05:37:00Z,5365.93649963,5366.00303973,5365.11751626,5365.18404703,5198.50533386,519
2026-01-05T05:38:00Z,5365.18404703,5366.41561766,5364.04751099,5365.27906149,4400.88258966,440
2026-01-05T05:39:00Z,5365.27906149,5366.49056336,5363.32770229,5364.53903706,18552.61943094,1855
2026-01-05T05:40:00Z,5364.53903706,5365.21755549,5363.28910468,5363.96755083,11020.42755345,1102
2026-01-05T05:41:00Z,5363.96755083,5365.25591408,5363.42439447,5364.71268228,6078.88605094,607
2026-01-05T05:42:00Z,5364.71268228,5366.44134251,5361.09557810,5362.82362963,2005.32597345,200
2026-01-05T05:43:00Z,5362.82362963,5363.86315496,5360.71561255,5361.75493073,8803.81200250,880
2026-01-05T05:44:00Z,5361.75493073,5361.86921113,5361.72932655,5361.84360653,6702.48539166,670
2026-01-05T05:45:00Z,5361.84360653,5363.33984501,5361.27162589,5362.76776578,4363.65544071,436
2026-01-05T05:46:00Z,5362.76776578,5364.23822698,5361.98284188,5363.45320275,21774.82239485,2177
2026-01-05T05:47:00Z,5363.45320275,5365.70029970,5362.27757801,5364.52444015,27480.24817686,2748
2026-01-05T05:48:00Z,5364.52444015,5365.36036753,5361.41403545,5362.24960836,30287.11782888,3028
2026-01-05T05:49:00Z,5362.24960836,5363.09800286,5361.25035056,5362.09872119,9182.50960748,918
2026-01-05T05:50:00Z,5362.09872119,5363.13946128,5360.74777870,5361.78845856,8066.19032333,806
2026-01-05T05:51:00Z,5361.78845856,5365.22197709,5361.10585292,5364.53902128,30066.75886684,3006
2026-01-05T05:52:00Z,5364.53902128,5365.70270149,5364.31861415,5365.48225560,24446.90075017,2444
2026-01-05T05:53:00Z,5365.48225560,5366.08542123,5365.03343736,5365.63659008,1345.91333862,134
2026-01-05T05:54:00Z,5365.63659008,5366.27392568,5365.46365009,5366.10097072,20232.08249119,2023
2026-01-05T05:55:00Z,5366.10097072,5370.02787252,5364.92429791,5368.85059677,61117.24147808,6111
2026-01-05T05:56:00Z,5368.85059677,5370.11138291,5368.19741259,5369.45812482,20937.85430838,2093
2026-01-05T05:57:00Z,5369.45812482,5370.30644254,5368.07702385,5368.92525739,22516.93433583,2251
2026-01-05T05:58:00Z,5368.92525739,5369.13555486,5368.87531361,5369.08560960,7193.05050386,719
2026-01-05T05:59:00Z,5369.08560960,5373.52448308,5366.69110501,5371.12906716,2907.78545201,290
2026-01-05T06:00:00Z,5371.12906716,5372.71346901,5370.06895459,5371.65325298,1498.87703819,149
2026-01-05T06:01:00Z,5371.65325298,5372.96020042,5369.06619006,5370.37282597,24010.72192242,2401
2026-01-05T06:02:00Z,5370.37282597,5372.40387485,5368.72080133,5370.75173364,6670.28911335,667
2026-01-05T06:03:00Z,5370.75173364,5372.56416239,5370.10764048,5371.91992913,46820.20874450,4682
2026-01-05T06:04:00Z,5371.91992913,5376.61428124,5371.63309175,5376.32720853,25230.19531968,2523
2026-01-05T06:05:00Z,5376.32720853,5376.39557909,5374.93510555,5375.00345927,36589.23966532,3658
2026-01-05T06:06:00Z,5375.00345927,5375.49874172,5374.94390836,5375.43918598,16254.29777571,1625
2026-01-05T06:07:00Z,5375.43918598,5376.07424129,5374.00228828,5374.63724885,6861.94685195,686
2026-01-05T06:08:00Z,5374.63724885,5375.71576596,5373.55193606,5374.63045180,2192.01390657,219
2026-01-05T06:09:00Z,5374.63045180,5375.11406753,5373.87491147,5374.35850272,3976.84048269,397
2026-01-05T06:10:00Z,5374.35850272,5375.62629317,5373.94106277,5375.20878718,37790.40537576,3779
2026-01-05T06:11:00Z,5375.20878718,5376.46237903,5374.88445260,5376.13798839,5628.12098334,562
2026-01-05T06:12:00Z,5376.13798839,5376.38014254,5375.82761465,5376.06976573,12788.78796783,1278
2026-01-05T06:13:00Z,5376.06976573,5376.35005607,5375.35675516,5375.63702295,16921.71834669,1692
2026-01-05T06:14:00Z,5375.63702295,5378.99431452,5374.97849767,5378.33545869,88561.13832053,8856
2026-01-05T06:15:00Z,5378.33545869,5379.38023978,5377.46276570,5378.50751887,9290.06786967,929
2026-01-05T06:16:00Z,5378.50751887,5379.74891424,5377.85612039,5379.09744431,10607.47412273,1060
2026-01-05T06:17:00Z,5379.09744431,5381.39531492,5378.31595023,5380.61360056,25736.78496492,2573
2026-01-05T06:18:00Z,5380.61360056,5381.33486717,5380.32179857,5381.04304189,12270.83665292,1227
2026-01-05T06:19:00Z,5381.04304189,5381.60863576,5380.24612651,5380.81169607,9567.11450764,956
2026-01-05T06:20:00Z,5380.81169607,5381.94533123,5380.80619441,5381.93982842,11005.16618386,1100
2026-01-05T06:21:00Z,5381.93982842,5383.94601921,5377.15689833,5379.16205367,23719.14138740,2371
2026-01-05T06:22:00Z,5379.16205367,5381.64823784,5378.20449847,5380.69041058,24952.57424747,2495
2026-01-05T06:23:00Z,5380.69041058,5382.02667980,5380.54232682,5381.87856333,51484.16485558,5148
2026-01-05T06:24:00Z,5381.87856333,5382.53711984,5380.21808278,5380.87651667,4629.84161913,462
2026-01-05T06:25:00Z,5380.87651667,5382.68004951,5378.18623795,5379.98947348,35196.99609834,3519
2026-01-05T06:26:00Z,5379.98947348,5381.96292658,5379.63923771,5381.61258514,30550.87679195,3055
2026-01-05T06:27:00Z,5381.61258514,5384.24675578,5380.34110460,5382.97495335,10045.44682573,1004
2026-01-05T06:28:00Z,5382.97495335,5383.74255887,5382.76716552,5383.53474942,4954.89072068,495
2026-01-05T06:29:00Z,5383.53474942,5387.86961999,5381.56394186,5385.89794731,3443.58675041,344
2026-01-05T06:30:00Z,5385.89794731,5387.88311445,5385.62967623,5387.61475786,28208.23620898,2820
2026-01-05T06:31:00Z,5387.61475786,5388.12267307,5386.51949781,5387.02735765,2205.69415816,220
2026-01-05T06:32:00Z,5387.02735765,5389.96864830,5385.83403988,5388.77494341,20374.78162819,2037
2026-01-05T06:33:00Z,5388.77494341,5389.26576629,5387.09232783,5387.58304215,15156.65792597,1515
2026-01-05T06:34:00Z,5387.58304215,5391.62262497,5385.63388315,5389.67270995,17538.52303663,1753
2026-01-05T06:35:00Z,5389.67270995,5392.55467189,5387.11517782,5389.99698588,6236.83845056,623
2026-01-05T06:36:00Z,5389.99698588,5392.77246333,5388.61681192,5391.39193217,46431.74098669,4643
2026-01-05T06:37:00Z,5391.39193217,5392.35387492,5391.35256096,5392.31449697,3806.47742499,380
2026-01-05T06:38:00Z,5392.31449697,5394.04938378,5390.05793106,5391.79264997,24594.45402641,2459
2026-01-05T06:39:00Z,5391.79264997,5392.92639559,5390.92705947,5392.06076204,12389.32252078,1238
2026-01-05T06:40:00Z,5392.06076204,5393.73583807,5390.34265521,5392.01771787,1499.76470090,149
2026-01-05T06:41:00Z,5392.01771787,5392.14487394,5391.55705026,5391.68419846,7016.32247514,701
2026-01-05T06:42:00Z,5391.68419846,5392.54499137,5388.57851495,5389.43894940,17461.60132088,1746
2026-01-05T06:43:00Z,5389.43894940,5390.01649442,5388.02745335,5388.60490899,36184.35859616,3618
2026-01-05T06:44:00Z,5388.60490899,5389.31505205,5386.65091285,5387.36089197,5367.25253884,536
2026-01-05T06:45:00Z,5387.36089197,5387.67128326,5385.93667202,5386.24699913,14161.85247249,1416
2026-01-05T06:46:00Z,5386.24699913,5386.98110143,5385.73757162,5386.47165267,7578.37249172,757
2026-01-05T06:47:00Z,5386.47165267,5387.30600544,5384.79224292,5385.62646478,42641.80229744,4264
2026-01-05T06:48:00Z,5385.62646478,5385.70773875,5385.36413603,5385.44540727,12579.35295422,1257
2026-01-05T06:49:00Z,5385.44540727,5385.71562531,5384.21614650,5384.48631641,17176.43286571,1717
2026-01-05T06:50:00Z,5384.48631641,5384.92787262,5383.70165195,5384.14318002,13428.38628881,1342
2026-01-05T06:51:00Z,5384.14318002,5385.23970327,5383.32212218,5384.41860343,11598.97147844,1159
2026-01-05T06:52:00Z,5384.41860343,5386.03178173,5382.95438201,5384.56751982,42104.26421015,4210
2026-01-05T06:53:00Z,5384.56751982,5386.09535141,5384.45297191,5385.98077344,27921.75542504,2792
2026-01-05T06:54:00Z,5385.98077344,5387.44621585,5385.87805849,5387.34347491,34717.76415115,3471
2026-01-05T06:55:00Z,5387.34347491,5391.08261169,5386.71467972,5390.45345352,40887.47917301,4088
2026-01-05T06:56:00Z,5390.45345352,5391.00864540,5390.09137818,5390.64655710,17678.87362996,1767
2026-01-05T06:57:00Z,5390.64655710,5391.84222704,5388.18841593,5389.38380578,38297.96406587,3829
2026-01-05T06:58:00Z,5389.38380578,5391.50729568,5388.23466077,5390.35794295,17884.62072492,1788
2026-01-05T06:59:00Z,5390.35794295,5391.30365679,5389.56095900,5390.50665085,28327.98259832,2832
2026-01-05T07:00:00Z,5390.50665085,5390.89096361,5389.33382877,5389.71808530,10650.23387038,1065
2026-01-05T07:01:00Z,5389.71808530,5391.65277809,5387.34814094,5389.28267743,19682.17978485,1968
2026-01-05T07:02:00Z,5389.28267743,5389.42153363,5388.91523640,5389.05408671,1188.07458987,118
2026-01-05T07:03:00Z,5389.05408671,5390.06317716,5387.94608686,5388.95515879,20362.28092310,2036
2026-01-05T07:04:00Z,5388.95515879,5391.38545527,5388.16212939,5390.59218497,31383.56558023,3138
2026-01-05T07:05:00Z,5390.59218497,5391.91223227,5388.75501336,5390.07493399,12428.18112346,1242
2026-01-05T07:06:00Z,5390.07493399,5390.48359481,5389.50615133,5389.91480000,4761.56070418,476
2026-01-05T07:07:00Z,5389.91480000,5390.68874627,5388.59720034,5389.37106853,8197.21016856,819
2026-01-05T07:08:00Z,5389.37106853,5389.79436325,5389.35912053,5389.78241434,4840.49500811,484
2026-01-05T07:09:00Z,5389.78241434,5391.94586597,5388.63324360,5390.79647902,15392.20983400,1539
2026-01-05T07:10:00Z,5390.79647902,5392.33720046,5389.89666804,5391.43728252,13152.09983860,1315
2026-01-05T07:11:00Z,5391.43728252,5392.50967563,5388.38753862,5389.45953834,6049.58601153,604
2026-01-05T07:12:00Z,5389.45953834,5391.59858107,5386.93789369,5389.07678451,13354.19859027,1335
2026-01-05T07:13:00Z,5389.07678451,5391.61753197,5387.45698034,5389.99745108,35545.46679823,3554
2026-01-05T07:14:00Z,5389.99745108,5391.70753915,5387.96580099,5389.67578701,8231.83701670,823
2026-01-05T07:15:00Z,5389.67578701,5391.83483368,5388.02745335,5390.18634388,5345.27746245,534
2026-01-05T07:16:00Z,5390.18634388,5390.76976544,5387.96777510,5388.55101965,71660.50350031,7166
2026-01-05T07:17:00Z,5388.55101965,5392.77479343,5387.97692876,5392.20031374,18100.86484466,1810
2026-01-05T07:18:00Z,5392.20031374,5394.68422403,5390.61313572,5393.09678213,10107.26621204,1010
2026-01-05T07:19:00Z,5393.09678213,5395.67966614,5391.88586501,5394.46844104,53224.03616334,5322
2026-01-05T07:20:00Z,5394.46844104,5396.36963076,5393.26321952,5395.16425378,8269.05477681,826
2026-01-05T07:21:00Z,5395.16425378,5395.42968982,5395.12285513,5395.38828945,8314.93124134,831
2026-01-05T07:22:00Z,5395.38828945,5398.57806888,5394.09305991,5397.28238463,22344.87061776,2234
2026-01-05T07:23:00Z,5397.28238463,5401.35104445,5395.22198903,5399.28988249,15640.84332104,1564
2026-01-05T07:24:00Z,5399.28988249,5399.85705301,5398.76376200,5399.33092852,920.51142241,92
2026-01-05T07:25:00Z,5399.33092852,5400.41415620,5399.13117030,5400.21436529,14705.60864870,1470
2026-01-05T07:26:00Z,5400.21436529,5402.50133512,5398.21601914,5400.50288221,27532.13577578,2753
2026-01-05T07:27:00Z,5400.50288221,5401.55403985,5399.22268781,5400.27380087,24228.72988773,2422
2026-01-05T07:28:00Z,5400.27380087,5400.79563774,5398.87416302,5399.39591506,37162.85908208,3716
2026-01-05T07:29:00Z,5399.39591506,5400.18725818,5396.03670235,5396.82766906,38079.95530513,3807
2026-01-05T07:30:00Z,5396.82766906,5397.68998257,5395.20438874,5396.06658064,4556.27095688,455
2026-01-05T07:31:00Z,5396.06658064,5396.44475893,5393.96241154,5394.34046886,23477.61394380,2347
2026-01-05T07:32:00Z,5394.34046886,5394.34648388,5393.50647692,5393.51249101,9330.85774424,933
2026-01-05T07:33:00Z,5393.51249101,5393.60172434,5390.60151624,5390.69070288,41848.18558808,4184
2026-01-05T07:34:00Z,5390.69070288,5391.69064381,5388.95907612,5389.95888130,10783.60541569,1078
2026-01-05T07:35:00Z,5389.95888130,5390.14407718,5388.25333193,5388.43847557,65682.38811193,6568
2026-01-05T07:36:00Z,5388.43847557,5389.13548990,5386.70667150,5387.40355195,28593.02354980,2859
2026-01-05T07:37:00Z,5387.40355195,5387.65789131,5386.65431206,5386.90862805,2508.27443439,250
2026-01-05T07:38:00Z,5386.90862805,5386.95236028,5386.06174065,5386.10546636,55142.25867456,5514
2026-01-05T07:39:00Z,5386.10546636,5386.35918011,5385.41385050,5385.66754362,26497.33175888,2649
2026-01-05T07:40:00Z,5385.66754362,5386.94137127,5385.38072379,5386.65449888,11914.46042360,1191
2026-01-05T07:41:00Z,5386.65449888,5387.09712924,5385.13872498,5385.58126715,48231.65280599,4823
2026-01-05T07:42:00Z,5385.58126715,5385.99080078,5384.39150803,5384.80098232,5767.83861378,576
2026-01-05T07:43:00Z,5384.80098232,5384.83959335,5383.84833901,5383.88694349,69611.53528060,6961
2026-01-05T07:44:00Z,5383.88694349,5387.11827837,5382.95754991,5386.18848748,43242.99919680,4324
2026-01-05T07:45:00Z,5386.18848748,5386.90141738,5385.85459343,5386.56749983,22720.13021534,2272
2026-01-05T07:46:00Z,5386.56749983,5386.71569061,5386.12221999,5386.27040260,13191.66067156,1319
2026-01-05T07:47:00Z,5386.27040260,5386.48404984,5384.68768083,5384.90127377,14535.32183760,1453
2026-01-05T07:48:00Z,5384.90127377,5385.90161003,5383.77314479,5384.77345731,17946.17954175,1794
2026-01-05T07:49:00Z,5384.77345731,5385.27221252,5383.02476384,5383.52340327,44051.20146972,4405
2026-01-05T07:50:00Z,5383.52340327,5384.12095815,5382.36188254,5382.95937482,7951.00354517,795
2026-01-05T07:51:00Z,5382.95937482,5383.45902818,5381.70527554,5382.20485886,41477.43123549,4147
2026-01-05T07:52:00Z,5382.20485886,5383.51370812,5378.88428269,5380.19264262,27269.30699522,2726
2026-01-05T07:53:00Z,5380.19264262,5380.97304506,5378.73044817,5379.51075171,7287.66226843,728
2026-01-05T07:54:00Z,5379.51075171,5379.81642767,5379.07836341,5379.38403217,9907.23683453,990
2026-01-05T07:55:00Z,5379.38403217,5379.71435980,5377.94446268,5378.27472219,48316.45410722,4831
2026-01-05T07:56:00Z,5378.27472219,5378.50205563,5377.96102443,5378.18835422,7278.70863612,727
2026-01-05T07:57:00Z,5378.18835422,5378.88382105,5375.83591261,5376.53116514,2523.89563017,252
2026-01-05T07:58:00Z,5376.53116514,5376.89848110,5375.81418670,5376.18147877,8709.52880792,870
2026-01-05T07:59:00Z,5376.18147877,5377.66633510,5376.12956182,5377.61440432,96638.87103226,9663
2026-01-05T08:00:00Z,5377.61440432,5379.25412900,5376.72302551,5378.36262617,9482.04057803,948
2026-01-05T08:01:00Z,5378.36262617,5378.62207995,5376.14164713,5376.40100628,31282.85050968,3128
2026-01-05T08:02:00Z,5376.40100628,5377.09555816,5376.32888594,5377.02342948,4889.38441143,488
2026-01-05T08:03:00Z,5377.02342948,5377.37652423,5376.38346785,5376.73654377,7224.40715013,722
2026-01-05T08:04:00Z,5376.73654377,5377.39511691,5376.40948073,5377.06803371,6437.44933767,643
2026-01-05T08:05:00Z,5377.06803371,5377.14774961,5377.01581215,5377.09552778,32549.69718102,3254
2026-01-05T08:06:00Z,5377.09552778,5377.89091680,5376.06650103,5376.86185549,16853.43334082,1685
2026-01-05T08:07:00Z,5376.86185549,5378.73449303,5375.96256069,5377.83503546,45077.94467396,4507
2026-01-05T08:08:00Z,5377.83503546,5378.20066067,5376.34959857,5376.71514765,40966.23679747,4096
2026-01-05T08:09:00Z,5376.71514765,5376.75703672,5375.74568067,5375.78756251,16992.84593050,1699
2026-01-05T08:10:00Z,5375.78756251,5375.80619334,5374.51688724,5374.53551373,29695.23110920,2969
2026-01-05T08:11:00Z,5374.53551373,5374.56393058,5373.62151940,5373.64993156,2061.73100106,206
2026-01-05T08:12:00Z,5373.64993156,5374.09354683,5373.14162928,5373.58523920,8369.39933854,836
2026-01-05T08:13:00Z,5373.58523920,5373.96702671,5371.78462069,5372.16630738,15987.83454651,1598
2026-01-05T08:14:00Z,5372.16630738,5372.77590814,5371.49159694,5372.10119031,9858.84678838,985
2026-01-05T08:15:00Z,5372.10119031,5373.07672768,5370.35415784,5371.32955508,10777.70215163,1077
2026-01-05T08:16:00Z,5371.32955508,5371.44602773,5370.83489796,5370.95136241,16414.76053635,1641
2026-01-05T08:17:00Z,5370.95136241,5371.46594541,5368.92327821,5369.43771619,12935.82371291,1293
2026-01-05T08:18:00Z,5369.43771619,5369.61293559,5367.47118404,5367.64634498,48242.88170292,4824
2026-01-05T08:19:00Z,5367.64634498,5368.33938678,5367.26298630,5367.95600599,22191.34200685,2219
2026-01-05T08:20:00Z,5367.95600599,5368.61708192,5366.35422792,5367.01518798,10566.91517009,1056
2026-01-05T08:21:00Z,5367.01518798,5367.93284260,5366.11541382,5367.03306544,6599.91273333,659
2026-01-05T08:22:00Z,5367.03306544,5367.63498149,5366.96962337,5367.57153305,6253.68465127,625
2026-01-05T08:23:00Z,5367.57153305,5367.66623706,5367.17308486,5367.26778351,13998.09041314,1399
2026-01-05T08:24:00Z,5367.26778351,5367.46108462,5366.99428949,5367.18758771,9141.08787096,914
2026-01-05T08:25:00Z,5367.18758771,5367.56909907,5366.29407455,5366.67554951,17663.57677855,1766
2026-01-05T08:26:00Z,5366.67554951,5368.17409849,5365.65706252,5367.15552042,19439.11065687,1943
2026-01-05T08:27:00Z,5367.15552042,5367.88540487,5366.01934286,5366.74917205,39155.95054071,3915
2026-01-05T08:28:00Z,5366.74917205,5367.47572014,5365.57510418,5366.30159168,19875.59356882,1987
2026-01-05T08:29:00Z,5366.30159168,5367.38495079,5365.54414591,5366.62745903,27806.05703454,2780
2026-01-05T08:30:00Z,5366.62745903,5367.16662837,5366.61611645,5367.15528467,9915.72402742,991
2026-01-05T08:31:00Z,5367.15528467,5369.15047429,5366.21564688,5368.21065173,7539.42391596,753
2026-01-05T08:32:00Z,5368.21065173,5368.33635692,5368.11749495,5368.24319957,2604.33258926,260
2026-01-05T08:33:00Z,5368.24319957,5368.90480597,5366.66218655,5367.32367962,125157.78805906,12515
2026-01-05T08:34:00Z,5367.32367962,5368.65054895,5366.45567763,5367.78247277,20009.27764249,2000
2026-01-05T08:35:00Z,5367.78247277,5368.16602138,5366.90644704,5367.28996046,19323.30041310,1932
2026-01-05T08:36:00Z,5367.28996046,5367.86312455,5366.15610421,5366.72920842,42144.20626268,4214
2026-01-05T08:37:00Z,5366.72920842,5368.23257692,5365.67922699,5367.18250680,3480.09513162,348
2026-01-05T08:38:00Z,5367.18250680,5369.80674955,5366.33724271,5368.96120533,116633.26618846,11663
2026-01-05T08:39:00Z,5368.96120533,5369.40929827,5368.74523236,5369.19331596,6502.25596479,650
2026-01-05T08:40:00Z,5369.19331596,5369.36462872,5368.44806439,5368.61935884,19194.66361706,1919
2026-01-05T08:41:00Z,5368.61935884,5369.17194263,5368.56895930,5369.12153838,7533.10157205,753
2026-01-05T08:42:00Z,5369.12153838,5369.79335212,5368.67765364,5369.34944853,18492.05027503,1849
2026-01-05T08:43:00Z,5369.34944853,5369.39093345,5368.90182180,5368.94330358,8753.28536434,875
2026-01-05T08:44:00Z,5368.94330358,5370.78786414,5368.08450150,5369.92890440,13428.76831656,1342
2026-01-05T08:45:00Z,5369.92890440,5370.38738570,5369.30826811,5369.76673557,21311.49104822,2131
2026-01-05T08:46:00Z,5369.76673557,5369.90130893,5368.89298166,5369.02753650,12058.73971457,1205
2026-01-05T08:47:00Z,5369.02753650,5369.75348312,5368.66071498,5369.38663708,8104.38904110,810
2026-01-05T08:48:00Z,5369.38663708,5370.59939727,5368.66421905,5369.87691328,16307.28230240,1630
2026-01-05T08:49:00Z,5369.87691328,5370.35297351,5369.08610741,5369.56213974,41943.44866543,4194
2026-01-05T08:50:00Z,5369.56213974,5369.64197712,5369.44893980,5369.52877668,2238.74376523,223
2026-01-05T08:51:00Z,5369.52877668,5370.79276948,5369.06689858,5370.33082239,37179.97563503,3717
2026-01-05T08:52:00Z,5370.33082239,5370.37713419,5370.05265640,5370.09896620,12022.79571831,1202
2026-01-05T08:53:00Z,5370.09896620,5370.67741292,5369.68192403,5370.26035821,9950.31757316,995
2026-01-05T08:54:00Z,5370.26035821,5371.43756035,5369.70709393,5370.88423180,7990.39832405,799
2026-01-05T08:55:00Z,5370.88423180,5372.06642027,5370.02240023,5371.20453731,6256.04933962,625
2026-01-05T08:56:00Z,5371.20453731,5372.33199611,5369.75271025,5370.88010095,20132.35359413,2013
2026-01-05T08:57:00Z,5370.88010095,5371.61603387,5369.88966804,5370.62556609,2219.92174557,221
2026-01-05T08:58:00Z,5370.62556609,5372.78483195,5367.82025503,5369.97926104,27819.84296769,2781
2026-01-05T08:59:00Z,5369.97926104,5370.94467196,5369.69089111,5370.65626568,33038.78832050,3303
2026-01-05T09:00:00Z,5370.65626568,5371.10328707,5370.44561780,5370.89262992,17354.22888119,1735
2026-01-05T09:01:00Z,5370.89262992,5372.09973493,5369.70566794,5370.91276849,3573.73949482,357
2026-01-05T09:02:00Z,5370.91276849,5371.25423290,5369.61049072,5369.95189403,20641.62908052,2064
2026-01-05T09:03:00Z,5369.95189403,5370.92724877,5367.56718455,5368.54228325,11938.90574940,1193
2026-01-05T09:04:00Z,5368.54228325,5369.04884931,5367.76469734,5368.27123782,9087.04180551,908
2026-01-05T09:05:00Z,5368.27123782,5368.48184803,5367.43983154,5367.65041740,27235.60951364,2723
2026-01-05T09:06:00Z,5367.65041740,5368.33493308,5367.50926676,5368.19376815,18729.93847136,1872
2026-01-05T09:07:00Z,5368.19376815,5368.47313999,5368.08811548,5368.36748390,10258.77735362,1025
2026-01-05T09:08:00Z,5368.36748390,5369.71777537,5367.78210246,5369.13231053,9487.55694180,948
2026-01-05T09:09:00Z,5369.13231053,5370.26387809,5368.60944733,5369.74095562,18246.74744492,1824
2026-01-05T09:10:00Z,5369.74095562,5376.73702378,5366.68712947,5373.68095692,16552.31784114,1655
2026-01-05T09:11:00Z,5373.68095692,5374.85241609,5370.04521680,5371.21613864,6201.22033086,620
2026-01-05T09:12:00Z,5371.21613864,5374.00813046,5370.21026844,5373.00192584,32926.67246521,3292
2026-01-05T09:13:00Z,5373.00192584,5379.91099320,5370.78437156,5377.69150344,19301.18327346,1930
2026-01-05T09:14:00Z,5377.69150344,5379.32736257,5376.39718573,5378.03296268,8971.83868997,897
2026-01-05T09:15:00Z,5378.03296268,5383.17820915,5368.86264636,5374.00403828,12657.63132225,1265
2026-01-05T09:16:00Z,5374.00403828,5377.40903697,5368.92795452,5372.33189373,3920.92915552,392
2026-01-05T09:17:00Z,5372.33189373,5372.75725550,5369.91855447,5370.34375883,23765.65775050,2376
2026-01-05T09:18:00Z,5370.34375883,5374.99527940,5370.32965860,5374.98116699,37045.59507452,3704
2026-01-05T09:19:00Z,5374.98116699,5382.60310289,5368.28198689,5375.90277413,11852.57360175,1185
2026-01-05T09:20:00Z,5375.90277413,5389.89616830,5369.86946338,5383.85393406,76851.64133983,7685
2026-01-05T09:21:00Z,5383.85393406,5389.20953659,5382.00191140,5387.35630913,2287.19408065,228
2026-01-05T09:22:00Z,5387.35630913,5388.71973150,5385.58914257,5386.95246273,15744.01316279,1574
2026-01-05T09:23:00Z,5386.95246273,5388.03040206,5380.24599208,5381.32280491,6394.43470794,639
2026-01-05T09:24:00Z,5381.32280491,5385.22777941,5380.00658257,5383.91092404,26670.63003161,2667
2026-01-05T09:25:00Z,5383.91092404,5388.14052591,5378.78790902,5383.01680848,11564.78882440,1156
2026-01-05T09:26:00Z,5383.01680848,5385.69183246,5376.88602655,5379.55933238,28614.86715328,2861
2026-01-05T09:27:00Z,5379.55933238,5383.29775638,5376.51799954,5380.25602966,37445.64916127,3744
2026-01-05T09:28:00Z,5380.25602966,5383.30451997,5368.70892728,5371.75259949,10021.00187907,1002
2026-01-05T09:29:00Z,5371.75259949,5373.93433602,5369.73147962,5371.91315575,7638.26995445,763
2026-01-05T09:30:00Z,5371.91315575,5375.31144810,5370.41934386,5373.81710676,44414.39036398,4441
2026-01-05T09:31:00Z,5373.81710676,5378.77295323,5365.10449268,5370.05687138,20495.95629893,2049
2026-01-05T09:32:00Z,5370.05687138,5376.62970975,5367.90900787,5374.48007708,18441.72306091,1844
2026-01-05T09:33:00Z,5374.48007708,5378.44414889,5374.41056820,5378.37458963,18536.00315241,1853
2026-01-05T09:34:00Z,5378.37458963,5379.73981719,5377.20538563,5378.57057058,1473.41802216,147
2026-01-05T09:35:00Z,5378.57057058,5379.54673662,5376.78827629,5377.76429600,6387.32176466,638
2026-01-05T09:36:00Z,5377.76429600,5382.94247610,5375.30241041,5380.47934758,28891.12493850,2889
2026-01-05T09:37:00Z,5380.47934758,5381.42505465,5378.48770215,5379.43322535,5565.79886893,556
2026-01-05T09:38:00Z,5379.43322535,5379.69811977,5375.09307758,5375.35777131,1803.00146828,180
2026-01-05T09:39:00Z,5375.35777131,5386.34569101,5371.98231235,5382.96545480,23345.98591559,2334
2026-01-05T09:40:00Z,5382.96545480,5386.63335211,5380.49367653,5384.16102485,8458.56656514,845
2026-01-05T09:41:00Z,5384.16102485,5384.48070451,5379.30152541,5379.62093550,16575.99722691,1657
2026-01-05T09:42:00Z,5379.62093550,5380.57365422,5375.54049811,5376.49266283,51501.26714974,5150
2026-01-05T09:43:00Z,5376.49266283,5378.57537594,5373.70776214,5375.79020314,8492.13223034,849
2026-01-05T09:44:00Z,5375.79020314,5376.50378635,5373.27111262,5373.98445614,23813.29419759,2381
2026-01-05T09:45:00Z,5373.98445614,5375.87266454,5370.36911829,5372.25671963,15312.62085417,1531
2026-01-05T09:46:00Z,5372.25671963,5374.73609099,5372.13350378,5374.61282111,5121.51318712,512
2026-01-05T09:47:00Z,5374.61282111,5375.76947332,5368.85039332,5370.00605413,4323.13695507,432
2026-01-05T09:48:00Z,5370.00605413,5371.73816365,5369.66567467,5371.39769598,43134.88995845,4313
2026-01-05T09:49:00Z,5371.39769598,5372.44501413,5371.01178202,5372.05905266,21111.05170132,2111
2026-01-05T09:50:00Z,5372.05905266,5372.37132984,5371.88692068,5372.19919337,9178.66965678,917
2026-01-05T09:51:00Z,5372.19919337,5372.32990725,5370.73257618,5370.86325755,4398.19995954,439
2026-01-05T09:52:00Z,5370.86325755,5372.34110527,5370.49691841,5371.97469033,15283.63830778,1528
2026-01-05T09:53:00Z,5371.97469033,5372.55067014,5369.92203202,5370.49785349,25784.35635178,2578
2026-01-05T09:54:00Z,5370.49785349,5371.44367487,5370.28529500,5371.23108736,21276.42349705,2127
2026-01-05T09:55:00Z,5371.23108736,5373.76339585,5368.93331621,5371.46552441,6920.57391218,692
2026-01-05T09:56:00Z,5371.46552441,5371.52938380,5369.93410921,5369.99795117,51662.98772929,5166
2026-01-05T09:57:00Z,5369.99795117,5370.19419034,5369.25253940,5369.44875850,12234.52890667,1223
2026-01-05T09:58:00Z,5369.44875850,5369.44906456,5368.82272308,5368.82302910,24817.83393230,2481
2026-01-05T09:59:00Z,5368.82302910,5370.48479130,5367.81814676,5369.47978604,16315.86857767,1631
2026-01-05T10:00:00Z,5369.47978604,5369.55370211,5369.04718901,5369.12110014,35287.14252336,3528
2026-01-05T10:01:00Z,5369.12110014,5372.47625889,5367.81156872,5371.16622866,79504.10290577,7950
2026-01-05T10:02:00Z,5371.16622866,5371.55692159,5368.57519547,5368.96572833,55080.50189653,5508
2026-01-05T10:03:00Z,5368.96572833,5369.05157182,5368.06686164,5368.15269213,55781.96140225,5578
2026-01-05T10:04:00Z,5368.15269213,5368.26552785,5367.37743723,5367.49025902,28065.92145952,2806
2026-01-05T10:05:00Z,5367.49025902,5367.77318977,5365.39400648,5365.67684165,9006.20732675,900
2026-01-05T10:06:00Z,5365.67684165,5366.34444966,5365.05376262,5365.72136546,3221.84668505,322
2026-01-05T10:07:00Z,5365.72136546,5368.04106988,5364.27387047,5366.59333966,13503.20596232,1350
2026-01-05T10:08:00Z,5366.59333966,5367.74947536,5366.45247428,5367.60858334,19063.00884976,1906
2026-01-05T10:09:00Z,5367.60858334,5367.83069778,5367.58893735,5367.81105106,13717.31567873,1371
2026-01-05T10:10:00Z,5367.81105106,5368.48150878,5367.29576531,5367.96620814,40243.35489680,4024
2026-01-05T10:11:00Z,5367.96620814,5368.20808340,5367.56652018,5367.80838832,12992.00089711,1299
2026-01-05T10:12:00Z,5367.80838832,5367.90527212,5367.10410141,5367.20097425,21318.37050906,2131
2026-01-05T10:13:00Z,5367.20097425,5367.26945049,5366.92835628,5366.99682992,24735.28044203,2473
2026-01-05T10:14:00Z,5366.99682992,5367.50962676,5366.33880565,5366.85158862,12785.14430237,1278
2026-01-05T10:15:00Z,5366.85158862,5368.69971194,5366.18222089,5368.03019722,20645.11609324,2064
2026-01-05T10:16:00Z,5368.03019722,5368.21147982,5367.58606726,5367.76734098,18972.21963200,1897
2026-01-05T10:17:00Z,5367.76734098,5368.18973606,5366.89684734,5367.31920716,26993.91879907,2699
2026-01-05T10:18:00Z,5367.31920716,5368.97388499,5366.43441503,5368.08896597,59287.59325425,5928
2026-01-05T10:19:00Z,5368.08896597,5368.09019661,5366.52420968,5366.52543997,24084.15848725,2408
2026-01-05T10:20:00Z,5366.52543997,5367.66319582,5364.06994018,5365.20741660,9936.98391834,993
2026-01-05T10:21:00Z,5365.20741660,5366.57962336,5364.60582513,5365.97794550,19203.46150848,1920
2026-01-05T10:22:00Z,5365.97794550,5367.33773711,5364.63318191,5365.99296976,3404.06121943,340
2026-01-05T10:23:00Z,5365.99296976,5367.84302933,5365.10300486,5366.95290523,10543.87160286,1054
2026-01-05T10:24:00Z,5366.95290523,5367.14723173,5366.82786408,5367.02218897,4302.44335714,430
2026-01-05T10:25:00Z,5367.02218897,5367.55676863,5365.28367012,5365.81812985,8219.53526915,821
2026-01-05T10:26:00Z,5365.81812985,5365.90480770,5364.49537978,5364.58203766,29251.15395054,2925
2026-01-05T10:27:00Z,5364.58203766,5365.17740534,5364.15005519,5364.74540971,5892.93180964,589
2026-01-05T10:28:00Z,5364.74540971,5365.42948518,5364.67882363,5365.36289143,2136.41365248,213
2026-01-05T10:29:00Z,5365.36289143,5366.64783050,5363.87870019,5365.16359153,8006.65744579,800
2026-01-05T10:30:00Z,5365.16359153,5366.39083788,5364.88609996,5366.11329719,20003.83008406,2000
2026-01-05T10:31:00Z,5366.11329719,5367.27913719,5365.87522451,5367.04102336,8500.83335870,850
2026-01-05T10:32:00Z,5367.04102336,5369.20670813,5365.34959297,5367.51512834,22921.75440426,2292
2026-01-05T10:33:00Z,5367.51512834,5368.30678218,5366.31040809,5367.10200100,31617.46213812,3161
2026-01-05T10:34:00Z,5367.10200100,5368.20507829,5366.38069311,5367.48371910,36791.27139637,3679
2026-01-05T10:35:00Z,5367.48371910,5368.04631602,5366.87584395,5367.43843612,6484.57190548,648
2026-01-05T10:36:00Z,5367.43843612,5368.45935898,5366.48934098,5367.51025114,20978.39887874,2097
2026-01-05T10:37:00Z,5367.51025114,5368.38589036,5365.51506698,5366.39052353,27440.01674987,2744
2026-01-05T10:38:00Z,5366.39052353,5367.28391131,5365.76162081,5366.65497760,11807.75400087,1180
2026-01-05T10:39:00Z,5366.65497760,5368.35172772,5366.00353037,5367.70015362,41166.42790439,4116
2026-01-05T10:40:00Z,5367.70015362,5368.68610649,5367.38620665,5368.37212022,18505.66374088,1850
2026-01-05T10:41:00Z,5368.37212022,5368.59728453,5368.19072636,5368.41588919,10008.85932812,1000
2026-01-05T10:42:00Z,5368.41588919,5369.05610898,5368.01078758,5368.65098963,1421.95962959,142
2026-01-05T10:43:00Z,5368.65098963,5368.98388377,5367.99532653,5368.32820066,7072.19173883,707
2026-01-05T10:44:00Z,5368.32820066,5368.63740455,5367.02907108,5367.33821795,8656.61804858,865
2026-01-05T10:45:00Z,5367.33821795,5367.77497631,5366.25275044,5366.68945601,11806.31985883,1180
2026-01-05T10:46:00Z,5366.68945601,5367.39935080,5365.48152542,5366.19135432,25984.23293419,2598
2026-01-05T10:47:00Z,5366.19135432,5366.46987857,5365.19009765,5365.46858439,10084.23959697,1008
2026-01-05T10:48:00Z,5365.46858439,5365.85208276,5364.17692932,5364.56036277,16508.73044028,1650
2026-01-05T10:49:00Z,5364.56036277,5365.12560983,5363.61594675,5364.18115385,26406.99269007,2640
2026-01-05T10:50:00Z,5364.18115385,5365.40647241,5363.21098689,5364.43625930,21892.45633671,2189
2026-01-05T10:51:00Z,5364.43625930,5365.29567991,5364.39780241,5365.25721713,27051.43521776,2705
2026-01-05T10:52:00Z,5365.25721713,5365.37029927,5365.03649594,5365.14957581,2720.16901783,272
2026-01-05T10:53:00Z,5365.14957581,5366.76384445,5364.03886611,5365.65303052,6786.60673460,678
2026-01-05T10:54:00Z,5365.65303052,5366.12574630,5364.29606811,5364.76870598,3439.81033852,343
2026-01-05T10:55:00Z,5364.76870598,5365.39453663,5364.30738611,5364.93320261,2430.81535219,243
2026-01-05T10:56:00Z,5364.93320261,5365.80182313,5363.81675996,5364.68534035,6030.24035590,603
2026-01-05T10:57:00Z,5364.68534035,5366.55204515,5364.56685324,5366.43351943,12103.92972121,1210
2026-01-05T10:58:00Z,5366.43351943,5366.88457431,5365.94558373,5366.39663552,12142.05709679,1214
2026-01-05T10:59:00Z,5366.39663552,5366.81137696,5366.22743721,5366.64217091,25841.49305218,2584
2026-01-05T11:00:00Z,5366.64217091,5366.87041673,5366.24100255,5366.46924102,5812.18223653,581
2026-01-05T11:01:00Z,5366.46924102,5366.57684035,5366.27263158,5366.38022912,4637.96910179,463
2026-01-05T11:02:00Z,5366.38022912,5366.92500263,5365.20885455,5365.75356444,28036.59380493,2803
2026-01-05T11:03:00Z,5365.75356444,5367.36189745,5364.80758130,5366.41579757,12051.83664972,1205
2026-01-05T11:04:00Z,5366.41579757,5366.61173724,5363.52978849,5363.72562993,6098.56464416,609
2026-01-05T11:05:00Z,5363.72562993,5369.87592207,5362.02798237,5368.17686567,44115.41964149,4411
2026-01-05T11:06:00Z,5368.17686567,5375.30321897,5362.21969216,5369.34474944,11212.20679781,1121
2026-01-05T11:07:00Z,5369.34474944,5369.82333507,5366.76972729,5367.24812604,6483.03558584,648
2026-01-05T11:08:00Z,5367.24812604,5368.59981518,5361.48294487,5362.83352224,8168.95509043,816
2026-01-05T11:09:00Z,5362.83352224,5364.00809468,5358.20868144,5359.38249804,28918.45815142,2891
2026-01-05T11:10:00Z,5359.38249804,5360.66542290,5358.22123839,5359.50413689,3669.18398801,366
2026-01-05T11:11:00Z,5359.50413689,5362.64062033,5358.27927650,5361.41532315,3418.59010065,341
2026-01-05T11:12:00Z,5361.41532315,5363.85496797,5353.71410001,5356.15134953,9569.30496946,956
2026-01-05T11:13:00Z,5356.15134953,5359.02288984,5352.32465526,5355.19568322,5048.30686001,504
2026-01-05T11:14:00Z,5355.19568322,5355.62850174,5353.70701996,5354.13975314,33088.87698056,3308
2026-01-05T11:15:00Z,5354.13975314,5356.24599593,5347.45063457,5349.55507381,4882.23284348,488
2026-01-05T11:16:00Z,5349.55507381,5351.29368483,5343.76174861,5345.49904142,10910.05208994,1091
2026-01-05T11:17:00Z,5345.49904142,5350.21370259,5338.10797480,5342.82027333,27562.56354479,2756
2026-01-05T11:18:00Z,5342.82027333,5344.09276507,5340.26153432,5341.53371964,13069.58907521,1306
2026-01-05T11:19:00Z,5341.53371964,5348.43722461,5338.03288798,5344.93416430,35080.84321863,3508
2026-01-05T11:20:00Z,5344.93416430,5345.24121288,5342.13269037,5342.43959565,32556.57177216,3255
2026-01-05T11:21:00Z,5342.43959565,5344.38555229,5339.34356112,5341.28909870,36864.02645149,3686
2026-01-05T11:22:00Z,5341.28909870,5342.50690845,5337.87876355,5339.09607330,9292.20960444,929
2026-01-05T11:23:00Z,5339.09607330,5340.10929143,5334.93003528,5335.94265498,56227.53601470,5622
2026-01-05T11:24:00Z,5335.94265498,5336.83505134,5335.24955868,5336.14192916,8802.51380772,880
2026-01-05T11:25:00Z,5336.14192916,5339.21248315,5334.46487248,5337.53498865,2787.90929084,278
2026-01-05T11:26:00Z,5337.53498865,5337.75353899,5333.26485249,5333.48323692,11091.40101524,1109
2026-01-05T11:27:00Z,5333.48323692,5341.97581325,5319.68539799,5328.16951320,891.77708168,89
2026-01-05T11:28:00Z,5328.16951320,5329.25165651,5325.66254309,5326.74439696,18660.84494885,1866
2026-01-05T11:29:00Z,5326.74439696,5328.02192851,5326.61490173,5327.89240537,7741.74149697,774
2026-01-05T11:30:00Z,5327.89240537,5328.32029968,5323.84417629,5324.27177982,9918.57462345,991
2026-01-05T11:31:00Z,5324.27177982,5327.66433438,5316.29839974,5319.68803361,27262.57661045,2726
2026-01-05T11:32:00Z,5319.68803361,5324.02698250,5317.95135996,5322.28945958,38915.29075046,3891
2026-01-05T11:33:00Z,5322.28945958,5326.92405155,5318.49403617,5323.12803013,18246.16479617,1824
2026-01-05T11:34:00Z,5323.12803013,5323.87670084,5320.51175146,5321.26015946,17368.21392058,1736
2026-01-05T11:35:00Z,5321.26015946,5326.16215580,5320.08846895,5324.98964410,19019.56927968,1901
2026-01-05T11:36:00Z,5324.98964410,5333.07526432,5324.86305956,5332.94849058,90821.55031591,9082
2026-01-05T11:37:00Z,5332.94849058,5333.05552948,5329.77535482,5329.88233218,10947.65616546,1094
2026-01-05T11:38:00Z,5329.88233218,5339.00875809,5323.93198110,5333.05486516,15967.81302294,1596
2026-01-05T11:39:00Z,5333.05486516,5335.13676139,5329.05271197,5331.13385829,3185.02985273,318
2026-01-05T11:40:00Z,5331.13385829,5331.89707748,5329.48096599,5330.24405780,6325.97278215,632
2026-01-05T11:41:00Z,5330.24405780,5331.33280610,5321.20751934,5322.29464391,13131.06111611,1313
2026-01-05T11:42:00Z,5322.29464391,5323.03610889,5322.01660656,5322.75804734,15564.07207786,1556
2026-01-05T11:43:00Z,5322.75804734,5325.37098914,5322.21380895,5324.82653925,111930.02194146,11193
2026-01-05T11:44:00Z,5324.82653925,5326.99581796,5324.50097922,5326.67014521,78881.48749302,7888
2026-01-05T11:45:00Z,5326.67014521,5331.47372332,5325.22901476,5330.03168339,79723.56979812,7972
2026-01-05T11:46:00Z,5330.03168339,5330.65874666,5329.57718224,5330.20423080,1733.11589587,173
2026-01-05T11:47:00Z,5330.20423080,5333.01729201,5329.88293584,5332.69584687,36810.97902696,3681
2026-01-05T11:48:00Z,5332.69584687,5335.49156627,5331.77235328,5334.56774852,66773.32890530,6677
2026-01-05T11:49:00Z,5334.56774852,5337.33182353,5334.25436437,5337.01829542,111836.49572438,11183
2026-01-05T11:50:00Z,5337.01829542,5339.35544341,5336.21093638,5338.54785298,21613.23804791,2161
2026-01-05T11:51:00Z,5338.54785298,5339.97543227,5338.47588929,5339.90345032,57199.06457658,5719
2026-01-05T11:52:00Z,5339.90345032,5341.03670920,5339.65119466,5340.78441193,14085.43020345,1408
2026-01-05T11:53:00Z,5340.78441193,5342.77194749,5339.85220712,5341.83955850,12106.82919319,1210
2026-01-05T11:54:00Z,5341.83955850,5343.63516123,5341.13395796,5342.92941674,33496.89957699,3349
2026-01-05T11:55:00Z,5342.92941674,5345.21723052,5342.46038317,5344.74803730,27854.58617476,2785
2026-01-05T11:56:00Z,5344.74803730,5345.89754331,5344.40035591,5345.54980976,53016.08019355,5301
2026-01-05T11:57:00Z,5345.54980976,5347.29805486,5345.53248507,5347.28072456,15610.38741043,1561
2026-01-05T11:58:00Z,5347.28072456,5347.66755650,5346.37714124,5346.76393580,22098.19840148,2209
2026-01-05T11:59:00Z,5346.76393580,5349.04328084,5345.87650025,5348.15561430,26467.85883967,2646
2026-01-05T12:00:00Z,5348.15561430,5349.33640150,5347.47617469,5348.65689820,12251.68406309,1225
2026-01-05T12:01:00Z,5348.65689820,5350.46562390,5348.24305674,5350.05167452,31106.81676053,3110
2026-01-05T12:02:00Z,5350.05167452,5351.09561018,5349.79796991,5350.84186810,5498.20621010,549
2026-01-05T12:03:00Z,5350.84186810,5351.91044997,5350.45294902,5351.52148150,12025.68645223,1202
2026-01-05T12:04:00Z,5351.52148150,5352.18305457,5351.38802224,5352.04958214,6225.53156340,622
2026-01-05T12:05:00Z,5352.04958214,5354.40399429,5351.59258580,5353.94683596,6013.00056814,601
2026-01-05T12:06:00Z,5353.94683596,5355.28535136,5353.77106296,5355.10954018,24464.55812868,2446
2026-01-05T12:07:00Z,5355.10954018,5357.87646438,5354.37405967,5357.14070490,49479.95541302,4947
2026-01-05T12:08:00Z,5357.14070490,5357.67027196,5356.51962654,5357.04918456,17563.70151908,1756
2026-01-05T12:09:00Z,5357.04918456,5358.72972928,5356.38392610,5358.06434475,22461.66520636,2246
2026-01-05T12:10:00Z,5358.06434475,5359.62475670,5357.28911088,5358.84940924,3519.10598338,351
2026-01-05T12:11:00Z,5358.84940924,5358.95378916,5357.66846716,5357.77282611,67397.20907776,6739
2026-01-05T12:12:00Z,5357.77282611,5358.28259509,5348.73668407,5349.24564173,25473.18731388,2547
2026-01-05T12:13:00Z,5349.24564173,5350.39524959,5348.44235664,5349.59191251,1569.02901306,156
2026-01-05T12:14:00Z,5349.59191251,5353.87084424,5347.13513977,5351.41323507,6144.58252059,614
2026-01-05T12:15:00Z,5351.41323507,5356.36441137,5349.92574767,5354.87596147,16317.51920983,1631
2026-01-05T12:16:00Z,5354.87596147,5355.33005236,5353.04275537,5353.49672930,16782.06290627,1678
2026-01-05T12:17:00Z,5353.49672930,5356.24392616,5345.32765933,5348.07207248,62145.22779196,6214
2026-01-05T12:18:00Z,5348.07207248,5350.31589557,5339.99674266,5342.23811807,31773.22663189,3177
2026-01-05T12:19:00Z,5342.23811807,5342.42948783,5339.18061323,5339.37188031,30193.36145257,3019
2026-01-05T12:20:00Z,5339.37188031,5340.89839503,5337.18872614,5338.71505307,2475.45749397,247
2026-01-05T12:21:00Z,5338.71505307,5340.42133889,5330.43368507,5332.13786878,4200.14615079,420
2026-01-05T12:22:00Z,5332.13786878,5335.04879247,5330.86915174,5333.77968478,10395.51608309,1039
2026-01-05T12:23:00Z,5333.77968478,5338.46767878,5331.04659716,5335.73358996,5876.81817814,587
2026-01-05T12:24:00Z,5335.73358996,5337.63383570,5334.90683569,5336.80691513,27742.29332124,2774
2026-01-05T12:25:00Z,5336.80691513,5343.05364172,5332.43501421,5338.68020621,8272.65718974,827
2026-01-05T12:26:00Z,5338.68020621,5340.52757554,5332.00134898,5333.84704586,63018.06431877,6301
2026-01-05T12:27:00Z,5333.84704586,5337.05829463,5333.40735965,5336.61837997,10785.28309642,1078
2026-01-05T12:28:00Z,5336.61837997,5341.43759821,5334.28213985,5339.10027158,6651.61987677,665
2026-01-05T12:29:00Z,5339.10027158,5341.46109887,5336.00647876,5338.36698181,4325.18739518,432
2026-01-05T12:30:00Z,5338.36698181,5344.48098839,5335.15062032,5341.26288213,38307.05370027,3830
2026-01-05T12:31:00Z,5341.26288213,5347.43812478,5339.80907668,5345.98303459,4034.25508098,403
2026-01-05T12:32:00Z,5345.98303459,5346.24757644,5337.01652475,5337.28063597,39366.91317891,3936
2026-01-05T12:33:00Z,5337.28063597,5340.53367928,5332.58510929,5335.83727288,14454.93824833,1445
2026-01-05T12:34:00Z,5335.83727288,5345.24928857,5335.01059111,5344.42127689,50237.06393349,5023
2026-01-05T12:35:00Z,5344.42127689,5346.64764832,5342.87991503,5345.10608895,11215.63646952,1121
2026-01-05T12:36:00Z,5345.10608895,5346.61326047,5342.34103190,5343.84784863,25834.13044105,2583
2026-01-05T12:37:00Z,5343.84784863,5344.31086530,5343.71183132,5344.17483967,16714.35242374,1671
2026-01-05T12:38:00Z,5344.17483967,5345.26793711,5343.41137889,5344.50442924,8515.43576549,851
2026-01-05T12:39:00Z,5344.50442924,5345.50439976,5344.18586315,5345.18579305,23993.26352499,2399
2026-01-05T12:40:00Z,5345.18579305,5345.42869836,5344.00808492,5344.25094775,17536.67899820,1753
2026-01-05T12:41:00Z,5344.25094775,5345.87877057,5344.11785074,5345.74563633,12833.26490893,1283
2026-01-05T12:42:00Z,5345.74563633,5347.27930180,5343.67901576,5345.21252828,7039.03681928,703
2026-01-05T12:43:00Z,5345.21252828,5346.05295850,5344.32045524,5345.16087734,10970.88302389,1097
2026-01-05T12:44:00Z,5345.16087734,5345.99151741,5343.13337955,5343.96383359,40806.01524247,4080
2026-01-05T12:45:00Z,5343.96383359,5345.29502986,5343.42676254,5344.75787901,59315.97754731,5931
2026-01-05T12:46:00Z,5344.75787901,5347.15842174,5344.11047514,5346.51080554,29366.43291100,2936
2026-01-05T12:47:00Z,5346.51080554,5348.10479917,5346.24645793,5347.84038582,29592.32045058,2959
2026-01-05T12:48:00Z,5347.84038582,5350.41948362,5346.85443754,5349.43324167,35848.94878629,3584
2026-01-05T12:49:00Z,5349.43324167,5349.69755623,5349.00762323,5349.27192981,20525.45931985,2052
2026-01-05T12:50:00Z,5349.27192981,5350.03254577,5348.90584714,5349.66643611,1926.61930351,192
2026-01-05T12:51:00Z,5349.66643611,5350.32688177,5349.64338237,5350.30382529,2642.37922635,264
2026-01-05T12:52:00Z,5350.30382529,5352.23918288,5349.64498568,5351.58018610,6451.21405724,645
2026-01-05T12:53:00Z,5351.58018610,5353.54137259,5351.01742718,5352.97846662,25965.53701482,2596
2026-01-05T12:54:00Z,5352.97846662,5353.27982895,5352.82667132,5353.12802941,49440.78216170,4944
2026-01-05T12:55:00Z,5353.12802941,5353.42999239,5351.83711710,5352.13902430,17012.95401262,1701
2026-01-05T12:56:00Z,5352.13902430,5352.67912631,5352.05914868,5352.59924383,4549.16170789,454
2026-01-05T12:57:00Z,5352.59924383,5356.24694089,5350.85060179,5354.49767865,58086.40094966,5808
2026-01-05T12:58:00Z,5354.49767865,5356.55114740,5353.51955636,5355.57282871,9362.52878355,936
2026-01-05T12:59:00Z,5355.57282871,5356.24760711,5355.51957718,5356.19434940,29988.00617317,2998
2026-01-05T13:00:00Z,5356.19434940,5356.60103837,5355.30670063,5355.71335308,17074.98618746,1707
2026-01-05T13:01:00Z,5355.71335308,5355.75988287,5355.37097463,5355.41750186,8638.37924720,863
2026-01-05T13:02:00Z,5355.41750186,5355.92211751,5355.16560218,5355.67020595,9897.21723621,989
2026-01-05T13:03:00Z,5355.67020595,5356.34178520,5355.37219767,5356.04375613,14743.53576551,1474
2026-01-05T13:04:00Z,5356.04375613,5357.13699395,5354.97399071,5356.06722385,17214.86514014,1721
2026-01-05T13:05:00Z,5356.06722385,5356.50225991,5355.58093958,5356.01597148,9760.74394366,976
2026-01-05T13:06:00Z,5356.01597148,5357.53990496,5355.35700988,5356.88083695,36510.68308883,3651
2026-01-05T13:07:00Z,5356.88083695,5358.78567078,5356.54955357,5358.45429010,58577.47408720,5857
2026-01-05T13:08:00Z,5358.45429010,5360.66095983,5357.36750657,5359.57394921,15823.78263368,1582
2026-01-05T13:09:00Z,5359.57394921,5361.02686705,5357.27881014,5358.73149960,5651.02341842,565
2026-01-05T13:10:00Z,5358.73149960,5360.10419855,5357.71536534,5359.08799670,4799.51731838,479
2026-01-05T13:11:00Z,5359.08799670,5360.59353035,5358.61412797,5360.11957041,42106.35838382,4210
2026-01-05T13:12:00Z,5360.11957041,5360.35343775,5359.92726287,5360.16112873,6726.58973498,672
2026-01-05T13:13:00Z,5360.16112873,5361.31778584,5359.81790434,5360.97450937,55958.16632294,5595
2026-01-05T13:14:00Z,5360.97450937,5362.45163985,5360.18382899,5361.66085825,96164.21665597,9616
2026-01-05T13:15:00Z,5361.66085825,5362.07787830,5361.35395646,5361.77097021,13054.60055383,1305
2026-01-05T13:16:00Z,5361.77097021,5363.18901698,5360.44936356,5361.86738656,2768.10517526,276
2026-01-05T13:17:00Z,5361.86738656,5362.03005163,5361.86030068,5362.02296554,12354.10188916,1235
2026-01-05T13:18:00Z,5362.02296554,5362.81573545,5361.33474899,5362.12750548,1956.74914822,195
2026-01-05T13:19:00Z,5362.12750548,5363.92327527,5361.35705631,5363.15267880,8295.46920246,829
2026-01-05T13:20:00Z,5363.15267880,5364.53895930,5362.98829947,5364.37454252,28484.00662309,2848
2026-01-05T13:21:00Z,5364.37454252,5364.53043201,5363.51565085,5363.67151990,12452.38954715,1245
2026-01-05T13:22:00Z,5363.67151990,5364.74749493,5363.63768724,5364.71365570,37010.67575771,3701
2026-01-05T13:23:00Z,5364.71365570,5364.89203570,5363.21848606,5363.39682226,24478.74762469,2447
2026-01-05T13:24:00Z,5363.39682226,5365.22135475,5361.92890676,5363.75334167,18703.45455153,1870
2026-01-05T13:25:00Z,5363.75334167,5365.00159579,5362.20205146,5363.45023504,4122.44979993,412
2026-01-05T13:26:00Z,5363.45023504,5363.85478695,5363.25974092,5363.66428522,2407.29176381,240
2026-01-05T13:27:00Z,5363.66428522,5363.88100868,5363.10482928,5363.32153888,6095.00542050,609
2026-01-05T13:28:00Z,5363.32153888,5365.99737683,5361.99618759,5364.67169190,3336.52443469,333
2026-01-05T13:29:00Z,5364.67169190,5364.91620434,5364.42933289,5364.67384523,9770.92932438,977
2026-01-05T13:30:00Z,5364.67384523,5365.33142368,5363.86139025,5364.51894971,16382.15214010,1638
2026-01-05T13:31:00Z,5364.51894971,5365.08019384,5364.25611250,5364.81734200,19667.56682681,1966
2026-01-05T13:32:00Z,5364.81734200,5365.20934330,5363.98025778,5364.37222655,9750.29824527,975
2026-01-05T13:33:00Z,5364.37222655,5364.74589341,5363.52880503,5363.90243917,34813.86387923,3481
2026-01-05T13:34:00Z,5363.90243917,5364.19035415,5363.70031759,5363.98822934,2743.01809310,274
2026-01-05T13:35:00Z,5363.98822934,5365.09295903,5363.97506199,5365.07978901,17806.01692936,1780
2026-01-05T13:36:00Z,5365.07978901,5365.78268832,5364.63943253,5365.34231030,7711.87497123,771
2026-01-05T13:37:00Z,5365.34231030,5367.49818775,5362.45442777,5364.61001097,29951.91398542,2995
2026-01-05T13:38:00Z,5364.61001097,5364.69376630,5364.55198462,5364.63573967,13669.11273833,1366
2026-01-05T13:39:00Z,5364.63573967,5364.71229785,5364.55947082,5364.63602899,5011.83406626,501
2026-01-05T13:40:00Z,5364.63602899,5365.08749159,5364.15546588,5364.60692603,19730.47284515,1973
2026-01-05T13:41:00Z,5364.60692603,5365.16933607,5364.50936022,5365.07176181,17964.92836330,1796
2026-01-05T13:42:00Z,5365.07176181,5366.75889797,5364.08530715,5365.77231451,6864.02324235,686
2026-01-05T13:43:00Z,5365.77231451,5366.29585174,5364.84943957,5365.37293784,9016.30250376,901
2026-01-05T13:44:00Z,5365.37293784,5366.89282596,5364.50433170,5366.02411440,29165.76347956,2916
2026-01-05T13:45:00Z,5366.02411440,5367.38418877,5365.18000767,5366.54000090,28982.98073083,2898
2026-01-05T13:46:00Z,5366.54000090,5366.57293302,5366.06935268,5366.10228212,21486.69112876,2148
2026-01-05T13:47:00Z,5366.10228212,5366.38653036,5365.92392055,5366.20816527,19272.17614241,1927
2026-01-05T13:48:00Z,5366.20816527,5366.31100459,5366.00534798,5366.10818539,37250.21350385,3725
2026-01-05T13:49:00Z,5366.10818539,5366.56622240,5366.03757483,5366.49560674,6287.97330477,628
2026-01-05T13:50:00Z,5366.49560674,5367.43905388,5365.20077624,5366.14416159,4886.28176518,488
2026-01-05T13:51:00Z,5366.14416159,5366.14695509,5366.04747962,5366.05027307,11050.29914076,1105
2026-01-05T13:52:00Z,5366.05027307,5367.04502786,5364.59562501,5365.59029452,14585.18511962,1458
2026-01-05T13:53:00Z,5365.59029452,5365.59682200,5364.63799610,5364.64452243,14358.51774850,1435
2026-01-05T13:54:00Z,5364.64452243,5364.88752211,5363.52755107,5363.77051117,7012.30194884,701
2026-01-05T13:55:00Z,5363.77051117,5364.47953757,5362.43701313,5363.14595696,29789.09187771,2978
2026-01-05T13:56:00Z,5363.14595696,5363.72307884,5362.86923117,5363.44633755,9897.07274689,989
2026-01-05T13:57:00Z,5363.44633755,5364.42296981,5363.09060299,5364.06719407,8094.04891435,809
2026-01-05T13:58:00Z,5364.06719407,5365.59144567,5363.16111213,5364.68525932,15751.72585163,1575
2026-01-05T13:59:00Z,5364.68525932,5366.80294410,5363.53872444,5365.65620171,12691.35070489,1269
2026-01-05T14:00:00Z,5365.65620171,5366.18826635,5363.29433157,5363.82621475,3252.35633928,325
2026-01-05T14:01:00Z,5363.82621475,5364.28088987,5362.75289042,5363.20751309,5599.77755803,559
2026-01-05T14:02:00Z,5363.20751309,5364.36664651,5362.41716559,5363.57624467,6785.98254914,678
2026-01-05T14:03:00Z,5363.57624467,5363.84694528,5362.69139987,5362.96206948,8227.13917682,822
2026-01-05T14:04:00Z,5362.96206948,5364.52518608,5362.60554459,5364.16858098,32991.52351968,3299
2026-01-05T14:05:00Z,5364.16858098,5364.63671341,5363.07937505,5363.54745329,22795.64203493,2279
2026-01-05T14:06:00Z,5363.54745329,5365.56119759,5362.63359135,5364.64714828,12038.41018999,1203
2026-01-05T14:07:00Z,5364.64714828,5365.17960010,5362.68508903,5363.21739894,71012.59144666,7101
2026-01-05T14:08:00Z,5363.21739894,5363.70532035,5362.45318631,5362.94108258,1975.92499540,197
2026-01-05T14:09:00Z,5362.94108258,5362.96812839,5362.58800728,5362.61505144,28895.13912920,2889
2026-01-05T14:10:00Z,5362.61505144,5363.44437377,5362.51048823,5363.33979642,2947.66161244,294
2026-01-05T14:11:00Z,5363.33979642,5363.64682467,5363.29307750,5363.60010348,22826.72877534,2282
2026-01-05T14:12:00Z,5363.60010348,5364.69636015,5362.19700363,5363.29319757,27760.79400759,2776
2026-01-05T14:13:00Z,5363.29319757,5363.97952877,5361.54098322,5362.22717801,6639.41796717,663
2026-01-05T14:14:00Z,5362.22717801,5362.41459329,5361.66372393,5361.85112606,7644.30965546,764
2026-01-05T14:15:00Z,5361.85112606,5362.35026725,5361.24780355,5361.74693504,4442.35277553,444
2026-01-05T14:16:00Z,5361.74693504,5364.71695115,5360.33556696,5363.30517290,11829.70768692,1182
2026-01-05T14:17:00Z,5363.30517290,5364.27216451,5363.26934015,5364.23632554,13868.93569035,1386
2026-01-05T14:18:00Z,5364.23632554,5364.74211810,5363.13506103,5363.64079745,13124.80039271,1312
2026-01-05T14:19:00Z,5363.64079745,5365.60384563,5362.11348860,5364.07641275,4095.62197304,409
2026-01-05T14:20:00Z,5364.07641275,5365.12914250,5363.75227042,5364.80495615,25468.19633674,2546
2026-01-05T14:21:00Z,5364.80495615,5365.20489927,5364.53940935,5364.93934581,11112.54139103,1111
2026-01-05T14:22:00Z,5364.93934581,5365.11190784,5363.47140800,5363.64392836,33167.32982522,3316
2026-01-05T14:23:00Z,5363.64392836,5364.00084445,5362.67909422,5363.03596985,7980.65748545,798
2026-01-05T14:24:00Z,5363.03596985,5363.06801497,5362.71953298,5362.75157640,13695.44222343,1369
2026-01-05T14:25:00Z,5362.75157640,5363.71062955,5361.57976124,5362.53877633,2512.22337402,251
2026-01-05T14:26:00Z,5362.53877633,5363.40142531,5362.10607870,5362.96869299,16847.58855682,1684
2026-01-05T14:27:00Z,5362.96869299,5363.59840513,5361.88937891,5362.51903825,22901.91603321,2290
2026-01-05T14:28:00Z,5362.51903825,5363.82488904,5361.51119420,5362.81698900,4120.10417506,412
2026-01-05T14:29:00Z,5362.81698900,5363.39731166,5361.15879487,5361.73900089,10312.49103823,1031
2026-01-05T14:30:00Z,5361.73900089,5362.87657383,5361.02744422,5362.16496064,16719.79092207,1671
2026-01-05T14:31:00Z,5362.16496064,5362.36966245,5361.68349563,5361.88818687,7681.95063403,768
2026-01-05T14:32:00Z,5361.88818687,5362.16395170,5361.33114328,5361.60689364,6728.93619032,672
2026-01-05T14:33:00Z,5361.60689364,5362.02787598,5360.92453171,5361.34549353,2717.12100632,271
2026-01-05T14:34:00Z,5361.34549353,5362.72835041,5358.78239562,5360.16494800,29973.58940454,2997
2026-01-05T14:35:00Z,5360.16494800,5360.78837351,5360.06253628,5360.68595183,21447.59710416,2144
2026-01-05T14:36:00Z,5360.68595183,5361.72561441,5359.92406602,5360.96368913,20533.77851047,2053
2026-01-05T14:37:00Z,5360.96368913,5362.47174942,5360.42412736,5361.93209018,13879.91526958,1387
2026-01-05T14:38:00Z,5361.93209018,5361.93883339,5360.59552018,5360.60226172,23962.70731997,2396
2026-01-05T14:39:00Z,5360.60226172,5360.79847145,5360.23304410,5360.42924750,11391.95973237,1139
2026-01-05T14:40:00Z,5360.42924750,5361.32077916,5359.71584643,5360.60735439,5344.06555479,534
2026-01-05T14:41:00Z,5360.60735439,5360.99330425,5359.43439155,5359.82028474,1758.80227893,175
2026-01-05T14:42:00Z,5359.82028474,5361.43801447,5359.43577712,5361.05341838,16189.63910271,1618
2026-01-05T14:43:00Z,5361.05341838,5362.88466413,5359.68372904,5361.51485690,5995.93815263,599
2026-01-05T14:44:00Z,5361.51485690,5363.00613243,5360.94370624,5362.43488376,1881.83097615,188
2026-01-05T14:45:00Z,5362.43488376,5363.56410137,5362.32696755,5363.45616460,5221.32057657,522
2026-01-05T14:46:00Z,5363.45616460,5364.33041681,5363.04738254,5363.92159928,16576.14585605,1657
2026-01-05T14:47:00Z,5363.92159928,5364.08383772,5363.23950235,5363.40172506,4992.42118674,499
2026-01-05T14:48:00Z,5363.40172506,5364.94000192,5362.56708512,5364.10525249,36173.54508907,3617
2026-01-05T14:49:00Z,5364.10525249,5364.14953758,5363.84043997,5363.88472323,1756.46743730,175
2026-01-05T14:50:00Z,5363.88472323,5363.90510181,5362.97459084,5362.99496604,7838.57208792,783
2026-01-05T14:51:00Z,5362.99496604,5363.76440093,5362.80761880,5363.57703336,10812.95875596,1081
2026-01-05T14:52:00Z,5363.57703336,5363.84518385,5362.40087601,5362.66898111,12634.29587827,1263
2026-01-05T14:53:00Z,5362.66898111,5364.76747043,5361.66348341,5363.76176783,22770.68128713,2277
2026-01-05T14:54:00Z,5363.76176783,5365.35526194,5363.59583237,5365.18928231,17136.58582581,1713
2026-01-05T14:55:00Z,5365.18928231,5365.42684509,5363.30442573,5363.54191556,55926.79790366,5592
2026-01-05T14:56:00Z,5363.54191556,5364.19969728,5363.45543477,5364.11320729,11597.16380533,1159
2026-01-05T14:57:00Z,5364.11320729,5364.13733648,5362.80677955,5362.83090298,18000.79330913,1800
2026-01-05T14:58:00Z,5362.83090298,5363.38376434,5362.39210712,5362.94495915,7490.74107197,749
2026-01-05T14:59:00Z,5362.94495915,5363.09938622,5362.66745394,5362.82187747,18481.72676231,1848
2026-01-05T15:00:00Z,5362.82187747,5363.98053372,5362.52625090,5363.68485958,8902.75900808,890
2026-01-05T15:01:00Z,5363.68485958,5365.22609918,5362.67029936,5364.21143935,24814.35155928,2481
2026-01-05T15:02:00Z,5364.21143935,5366.30671889,5362.94847026,5365.04355389,18975.04378235,1897
2026-01-05T15:03:00Z,5365.04355389,5366.78192293,5364.39984341,5366.13808112,6038.95091059,603
2026-01-05T15:04:00Z,5366.13808112,5369.27958587,5364.12764820,5367.26872935,11658.06877314,1165
2026-01-05T15:05:00Z,5367.26872935,5367.66428499,5366.89032475,5367.28587918,14275.15635777,1427
2026-01-05T15:06:00Z,5367.28587918,5367.87129311,5367.20654922,5367.79195567,23280.71443559,2328
2026-01-05T15:07:00Z,5367.79195567,5367.94207556,5366.92599361,5367.07609348,26199.92193802,2619
2026-01-05T15:08:00Z,5367.07609348,5367.33017425,5365.36619127,5365.62020312,31143.59609539,3114
2026-01-05T15:09:00Z,5365.62020312,5367.40036182,5363.72741674,5365.50753806,7126.44663177,712
2026-01-05T15:10:00Z,5365.50753806,5366.34387880,5365.06284307,5365.89915135,8197.71881618,819
2026-01-05T15:11:00Z,5365.89915135,5366.69312914,5365.56300965,5366.35695876,11042.76175742,1104
2026-01-05T15:12:00Z,5366.35695876,5367.18542040,5365.42633689,5366.25478276,31377.12283312,3137
2026-01-05T15:13:00Z,5366.25478276,5367.03851711,5365.34745145,5366.13116775,16336.60297848,1633
2026-01-05T15:14:00Z,5366.13116775,5367.03858245,5365.83630419,5366.74368523,18916.45995680,1891
2026-01-05T15:15:00Z,5366.74368523,5367.27278426,5366.63132319,5367.16041349,34993.96501135,3499
2026-01-05T15:16:00Z,5367.16041349,5367.79507618,5366.07459883,5366.70920816,27335.34702725,2733
2026-01-05T15:17:00Z,5366.70920816,5367.13850583,5366.58667496,5367.01596562,16734.16510493,1673
2026-01-05T15:18:00Z,5367.01596562,5367.76209224,5366.69957801,5367.44567929,19843.69693443,1984
2026-01-05T15:19:00Z,5367.44567929,5369.17724973,5367.34633489,5369.07787512,12649.33186692,1264
2026-01-05T15:20:00Z,5369.07787512,5369.23664565,5368.26717492,5368.42592618,43576.06024648,4357
2026-01-05T15:21:00Z,5368.42592618,5368.63073758,5367.39922935,5367.60400939,5721.49373549,572
2026-01-05T15:22:00Z,5367.60400939,5370.35485790,5359.67792929,5362.42612418,15607.95968544,1560
2026-01-05T15:23:00Z,5362.42612418,5364.38775730,5359.63721179,5361.59854217,3811.48752558,381
2026-01-05T15:24:00Z,5361.59854217,5364.83675136,5358.58413889,5361.82222233,16592.75289773,1659
2026-01-05T15:25:00Z,5361.82222233,5366.78405605,5357.01570827,5361.97740289,8865.48320195,886
2026-01-05T15:26:00Z,5361.97740289,5371.63960890,5354.54760811,5364.20672508,12325.42785622,1232
2026-01-05T15:27:00Z,5364.20672508,5368.30613614,5362.16660349,5366.26523167,17371.31365819,1737
2026-01-05T15:28:00Z,5366.26523167,5370.48186948,5364.64133145,5368.85718491,21420.07516963,2142
2026-01-05T15:29:00Z,5368.85718491,5371.69899598,5367.50361841,5370.34505437,38260.67247389,3826
2026-01-05T15:30:00Z,5370.34505437,5380.11428792,5366.07049062,5375.83535413,18336.74545234,1833
2026-01-05T15:31:00Z,5375.83535413,5378.10703087,5370.06214970,5372.33234617,19735.65970807,1973
2026-01-05T15:32:00Z,5372.33234617,5381.65593233,5369.01278741,5378.33266598,7479.72049458,747
2026-01-05T15:33:00Z,5378.33266598,5399.65797960,5374.34848348,5395.66096057,19343.17898634,1934
2026-01-05T15:34:00Z,5395.66096057,5396.90843033,5385.30622086,5386.55158454,74750.88008231,7475
2026-01-05T15:35:00Z,5386.55158454,5389.12669123,5378.27285080,5380.84522950,4239.38097582,423
2026-01-05T15:36:00Z,5380.84522950,5386.43653078,5369.49653301,5375.08184549,65546.13993274,6554
2026-01-05T15:37:00Z,5375.08184549,5377.08731387,5372.24822936,5374.25338864,6887.54884477,688
2026-01-05T15:38:00Z,5374.25338864,5379.60104402,5364.78419142,5370.12774157,42137.77694058,4213
2026-01-05T15:39:00Z,5370.12774157,5370.22519253,5365.56479529,5365.66216521,3107.11178463,310
2026-01-05T15:40:00Z,5365.66216521,5366.61000930,5364.65253701,5365.60037018,5775.84741502,577
2026-01-05T15:41:00Z,5365.60037018,5370.12368105,5363.87436162,5368.39677294,10761.14012018,1076
2026-01-05T15:42:00Z,5368.39677294,5371.72356006,5364.36127457,5367.68762223,15605.51109263,1560
2026-01-05T15:43:00Z,5367.68762223,5368.11595451,5367.07509559,5367.50341317,6912.14535144,691
2026-01-05T15:44:00Z,5367.50341317,5369.63845781,5367.30341156,5369.43838409,1048.42278759,104
2026-01-05T15:45:00Z,5369.43838409,5370.36025720,5367.87704065,5368.79880395,10535.23713013,1053
2026-01-05T15:46:00Z,5368.79880395,5369.56069825,5367.74212603,5368.50397849,12231.87361944,1223
2026-01-05T15:47:00Z,5368.50397849,5368.67631259,5368.11903211,5368.29135938,5427.69145653,542
2026-01-05T15:48:00Z,5368.29135938,5369.17909325,5367.86898183,5368.75667908,7939.11092974,793
2026-01-05T15:49:00Z,5368.75667908,5370.51199359,5367.65055832,5369.40573910,16222.98173702,1622
2026-01-05T15:50:00Z,5369.40573910,5369.53565496,5368.09762005,5368.22750740,17011.25925202,1701
2026-01-05T15:51:00Z,5368.22750740,5370.56913328,5367.70569721,5370.04714621,43894.44763203,4389
2026-01-05T15:52:00Z,5370.04714621,5372.43406018,5369.80171189,5372.18852799,27067.77692868,2706
2026-01-05T15:53:00Z,5372.18852799,5372.61427032,5371.13575253,5371.56144516,19299.72796529,1929
2026-01-05T15:54:00Z,5371.56144516,5372.13658647,5370.31482613,5370.88989554,17909.17353241,1790
2026-01-05T15:55:00Z,5370.88989554,5372.52099012,5368.74177484,5370.37271235,29695.83427429,2969
2026-01-05T15:56:00Z,5370.37271235,5370.45913315,5368.26066909,5368.34705729,20803.89368850,2080
2026-01-05T15:57:00Z,5368.34705729,5369.29828298,5367.74231239,5368.69349906,2035.02182402,203
2026-01-05T15:58:00Z,5368.69349906,5369.53909091,5368.66688438,5369.51247218,17553.68730251,1755
2026-01-05T15:59:00Z,5369.51247218,5371.05091361,5368.75969088,5370.29802218,5616.97756617,561
2026-01-05T16:00:00Z,5370.29802218,5370.75924566,5369.38255372,5369.84373818,20028.19661840,2002
2026-01-05T16:01:00Z,5369.84373818,5370.07793589,5369.10324497,5369.33742059,3304.11367436,330
2026-01-05T16:02:00Z,5369.33742059,5369.93117197,5367.42390381,5368.01750923,54760.65925220,5476
2026-01-05T16:03:00Z,5368.01750923,5368.19212991,5367.62732536,5367.80193903,14573.58416114,1457
2026-01-05T16:04:00Z,5367.80193903,5368.49108417,5366.28314555,5366.97218416,18117.18042542,1811
2026-01-05T16:05:00Z,5366.97218416,5368.74460825,5366.44797389,5368.22027607,28365.62918825,2836
2026-01-05T16:06:00Z,5368.22027607,5368.56644930,5367.02811041,5367.37422908,2529.72027310,252
2026-01-05T16:07:00Z,5367.37422908,5367.53493438,5366.66550792,5366.82619681,9457.08449494,945
2026-01-05T16:08:00Z,5366.82619681,5367.59166467,5365.26528341,5366.03063781,16453.12244756,1645
2026-01-05T16:09:00Z,5366.03063781,5367.40785608,5365.23035719,5366.60748943,6984.06583934,698
2026-01-05T16:10:00Z,5366.60748943,5367.54192252,5364.96157123,5365.89588041,6735.49797939,673
2026-01-05T16:11:00Z,5365.89588041,5367.41753022,5365.69613511,5367.21773572,34982.82123425,3498
2026-01-05T16:12:00Z,5367.21773572,5367.85535069,5366.49689226,5367.13449734,3282.91825928,328
2026-01-05T16:13:00Z,5367.13449734,5368.10868017,5365.25483542,5366.22885387,28531.15244955,2853
2026-01-05T16:14:00Z,5366.22885387,5366.46284589,5366.03610894,5366.27009949,6329.57252887,632
2026-01-05T16:15:00Z,5366.27009949,5368.73877059,5365.43126985,5367.89968622,12981.09625660,1298
2026-01-05T16:16:00Z,5367.89968622,5369.04292681,5367.59020314,5368.73339566,32469.51165553,3246
2026-01-05T16:17:00Z,5368.73339566,5370.10715838,5367.93626605,5369.30994316,11005.41063921,1100
2026-01-05T16:18:00Z,5369.30994316,5370.35792893,5367.72005491,5368.76793490,31370.78064153,3137
2026-01-05T16:19:00Z,5368.76793490,5369.99016776,5367.22522159,5368.44738148,5698.85247916,569
2026-01-05T16:20:00Z,5368.44738148,5368.62261638,5367.96376070,5368.13898554,11999.11093721,1199
2026-01-05T16:21:00Z,5368.13898554,5368.65656020,5367.90195392,5368.41951619,11952.49207726,1195
2026-01-05T16:22:00Z,5368.41951619,5369.48421789,5366.71030984,5367.77488369,5652.83372398,565
2026-01-05T16:23:00Z,5367.77488369,5368.78836473,5366.61637121,5367.62982485,16216.37186814,1621
2026-01-05T16:24:00Z,5367.62982485,5369.14069596,5367.17236343,5368.68314476,40789.00504169,4078
2026-01-05T16:25:00Z,5368.68314476,5369.43268303,5366.01029494,5366.75956465,10196.44741291,1019
2026-01-05T16:26:00Z,5366.75956465,5369.46380206,5365.23475786,5367.93866026,25296.96760218,2529
2026-01-05T16:27:00Z,5367.93866026,5368.28281085,5367.70098956,5368.04513544,8695.67980247,869
2026-01-05T16:28:00Z,5368.04513544,5369.68855728,5367.61546710,5369.25879179,47470.49468137,4747
2026-01-05T16:29:00Z,5369.25879179,5370.42807965,5368.28923904,5369.45849084,18874.56715713,1887
2026-01-05T16:30:00Z,5369.45849084,5369.84056976,5368.62008465,5369.00213110,6995.24715673,699
2026-01-05T16:31:00Z,5369.00213110,5370.96374486,5366.19512070,5368.15642547,5599.83366568,559
2026-01-05T16:32:00Z,5368.15642547,5369.04051397,5367.80251224,5368.68656578,7232.73136420,723
2026-01-05T16:33:00Z,5368.68656578,5370.41982015,5367.93765227,5369.67076935,38850.66404672,3885
2026-01-05T16:34:00Z,5369.67076935,5370.12683383,5368.14754151,5368.60351535,23895.85434118,2389
2026-01-05T16:35:00Z,5368.60351535,5370.03464830,5368.31128991,5369.74236088,38977.50425550,3897
2026-01-05T16:36:00Z,5369.74236088,5370.50683034,5369.35093984,5370.11538212,10995.38381751,1099
2026-01-05T16:37:00Z,5370.11538212,5371.81632667,5369.00500130,5370.70582377,23992.27529066,2399
2026-01-05T16:38:00Z,5370.70582377,5373.54010128,5369.64231373,5372.47624066,18626.64284265,1862
2026-01-05T16:39:00Z,5372.47624066,5373.70139680,5371.77612208,5373.00120980,13148.04100569,1314
2026-01-05T16:40:00Z,5373.00120980,5375.22404335,5369.72212920,5371.94452559,32932.67782448,3293
2026-01-05T16:41:00Z,5371.94452559,5374.91491248,5371.05898947,5374.02903273,41717.31695468,4171
2026-01-05T16:42:00Z,5374.02903273,5375.86846083,5373.16142305,5375.00069427,27820.63849376,2782
2026-01-05T16:43:00Z,5375.00069427,5377.74302840,5374.58303832,5377.32519182,57179.92866901,5717
2026-01-05T16:44:00Z,5377.32519182,5378.97881276,5375.60896088,5377.26256256,4288.16617390,428
2026-01-05T16:45:00Z,5377.26256256,5379.43446455,5376.57434074,5378.74605286,8281.23113225,828
2026-01-05T16:46:00Z,5378.74605286,5379.96416896,5376.93910086,5378.15708357,5485.86522782,548
2026-01-05T16:47:00Z,5378.15708357,5379.88825056,5376.74168364,5378.47276755,4965.75442882,496
2026-01-05T16:48:00Z,5378.47276755,5379.41506617,5376.57173731,5377.51386793,14460.86832935,1446
2026-01-05T16:49:00Z,5377.51386793,5380.08285960,5376.13226178,5378.70094846,24163.54601590,2416
2026-01-05T16:50:00Z,5378.70094846,5380.26599721,5377.07255943,5378.63758975,9728.28242241,972
2026-01-05T16:51:00Z,5378.63758975,5379.05001152,5377.61333607,5378.02571093,7082.13610939,708
2026-01-05T16:52:00Z,5378.02571093,5378.72565428,5377.85285945,5378.55278586,6311.14117689,631
2026-01-05T16:53:00Z,5378.55278586,5379.97933726,5378.13798231,5379.56445569,10625.60087287,1062
2026-01-05T16:54:00Z,5379.56445569,5380.52806693,5376.35688834,5377.32009756,9467.73858091,946
2026-01-05T16:55:00Z,5377.32009756,5379.99789015,5376.42914653,5379.10664312,5700.81111026,570
2026-01-05T16:56:00Z,5379.10664312,5379.16550792,5377.42252347,5377.48137049,42729.39190846,4272
2026-01-05T16:57:00Z,5377.48137049,5378.67308506,5376.99740669,5378.18905757,10389.20314355,1038
2026-01-05T16:58:00Z,5378.18905757,5379.55779304,5377.58170527,5378.95035477,21718.71263544,2171
2026-01-05T16:59:00Z,5378.95035477,5379.58778639,5378.29452879,5378.93195824,20250.39396096,2025
2026-01-05T17:00:00Z,5378.93195824,5380.90741747,5377.55929426,5379.53459970,20588.80314505,2058
2026-01-05T17:01:00Z,5379.53459970,5379.60670640,5378.62114107,5378.69323649,29611.84658845,2961
2026-01-05T17:02:00Z,5378.69323649,5380.99825878,5378.11980911,5380.42464681,53470.23049575,5347
2026-01-05T17:03:00Z,5380.42464681,5382.77489242,5380.37616506,5382.72638993,21593.21246204,2159
2026-01-05T17:04:00Z,5382.72638993,5383.79565496,5381.93303532,5383.00225968,8620.60482896,862
2026-01-05T17:05:00Z,5383.00225968,5384.62980378,5382.65520758,5384.28266912,20112.86070862,2011
2026-01-05T17:06:00Z,5384.28266912,5386.43111632,5382.64493186,5384.79322377,8279.58311769,827
2026-01-05T17:07:00Z,5384.79322377,5386.67806764,5383.24746313,5385.13220969,9509.16621654,950
2026-01-05T17:08:00Z,5385.13220969,5387.89471288,5384.12402732,5386.88620213,6577.08140114,657
2026-01-05T17:09:00Z,5386.88620213,5388.91477645,5386.74809956,5388.77662541,3578.50841025,357
2026-01-05T17:10:00Z,5388.77662541,5389.97907990,5388.08688461,5389.28927348,7419.20117684,741
2026-01-05T17:11:00Z,5389.28927348,5390.11463198,5388.69279044,5389.51812360,23037.70185984,2303
2026-01-05T17:12:00Z,5389.51812360,5391.68183821,5388.72687081,5390.89038395,5539.86950763,553
2026-01-05T17:13:00Z,5390.89038395,5392.05931024,5390.36923198,5391.53809565,2974.93612492,297
2026-01-05T17:14:00Z,5391.53809565,5392.13629516,5391.17064358,5391.76882736,8126.70427317,812
2026-01-05T17:15:00Z,5391.76882736,5392.75398160,5390.62338544,5391.60851039,3948.01491300,394
2026-01-05T17:16:00Z,5391.60851039,5393.11175692,5391.02556501,5392.52871205,11636.55660846,1163
2026-01-05T17:17:00Z,5392.52871205,5392.93421763,5391.48232106,5391.88777844,14725.76766407,1472
2026-01-05T17:18:00Z,5391.88777844,5393.62431408,5391.48672160,5393.22315791,21488.71245489,2148
2026-01-05T17:19:00Z,5393.22315791,5395.12762123,5391.84537415,5393.74970296,19841.21650118,1984
2026-01-05T17:20:00Z,5393.74970296,5396.46571762,5392.89138759,5395.60710668,53372.71206063,5337
2026-01-05T17:21:00Z,5395.60710668,5396.68651455,5395.34037574,5396.41974343,17041.00178254,1704
2026-01-05T17:22:00Z,5396.41974343,5397.36022594,5394.67337639,5395.61371842,23721.10217190,2372
2026-01-05T17:23:00Z,5395.61371842,5395.93436988,5395.55601703,5395.87666567,23676.18587367,2367
2026-01-05T17:24:00Z,5395.87666567,5396.69470359,5394.44383977,5395.26178447,37880.08880793,3788
2026-01-05T17:25:00Z,5395.26178447,5397.60738068,5394.05702359,5396.40236511,10038.97633169,1003
2026-01-05T17:26:00Z,5396.40236511,5397.33774769,5395.58780012,5396.52316447,11089.90506480,1108
2026-01-05T17:27:00Z,5396.52316447,5398.86297637,5394.22558980,5396.56538373,7984.61259164,798
2026-01-05T17:28:00Z,5396.56538373,5396.86811779,5396.56235229,5396.86508618,4229.72492949,422
2026-01-05T17:29:00Z,5396.86508618,5398.63697732,5395.75983198,5397.53158663,42873.94083413,4287
2026-01-05T17:30:00Z,5397.53158663,5397.62556474,5396.97037609,5397.06434607,42460.44223037,4246
2026-01-05T17:31:00Z,5397.06434607,5397.57528506,5396.14538804,5396.65628840,11822.37807195,1182
2026-01-05T17:32:00Z,5396.65628840,5396.81200496,5396.12452572,5396.28023143,8273.90246791,827
2026-01-05T17:33:00Z,5396.28023143,5397.90587998,5395.32386024,5396.94939019,14946.69011704,1494
2026-01-05T17:34:00Z,5396.94939019,5397.35957704,5394.65272803,5395.06277148,33823.52865096,3382
2026-01-05T17:35:00Z,5395.06277148,5395.26615123,5393.34210583,5393.54542838,22232.44024440,2223
2026-01-05T17:36:00Z,5393.54542838,5394.49706139,5390.78176362,5391.73307687,54683.22419536,5468
2026-01-05T17:37:00Z,5391.73307687,5392.21213748,5390.81477473,5391.29379632,18365.02503969,1836
2026-01-05T17:38:00Z,5391.29379632,5391.43077529,5389.46977785,5389.60671396,33499.70534715,3349
2026-01-05T17:39:00Z,5389.60671396,5390.52815387,5388.44089208,5389.36229020,10976.40043927,1097
2026-01-05T17:40:00Z,5389.36229020,5390.66435356,5387.36815012,5388.67004623,12406.26225787,1240
2026-01-05T17:41:00Z,5388.67004623,5388.80385474,5387.91537608,5388.04916918,26521.77795468,2652
2026-01-05T17:42:00Z,5388.04916918,5388.97594070,5386.70223743,5387.62893668,3580.36981785,358
2026-01-05T17:43:00Z,5387.62893668,5388.00845050,5385.05695821,5385.43631759,71389.11356272,7138
2026-01-05T17:44:00Z,5385.43631759,5385.74605228,5383.15643250,5383.46605387,26817.88981180,2681
2026-01-05T17:45:00Z,5383.46605387,5383.94936875,5382.85257802,5383.33588122,3495.52457868,349
2026-01-05T17:46:00Z,5383.33588122,5383.55772274,5380.91094705,5381.13269778,11944.31150217,1194
2026-01-05T17:47:00Z,5381.13269778,5381.40487445,5380.86670334,5381.13887971,18740.20299950,1874
2026-01-05T17:48:00Z,5381.13887971,5381.82611002,5380.62914848,5381.31636198,8870.60135628,887
2026-01-05T17:49:00Z,5381.31636198,5381.85497884,5380.48612870,5381.02471637,5382.90643258,538
2026-01-05T17:50:00Z,5381.02471637,5381.53860021,5379.21300771,5379.72676760,2824.16041684,282
2026-01-05T17:51:00Z,5379.72676760,5380.36269935,5377.97096943,5378.60676879,9577.36536911,957
2026-01-05T17:52:00Z,5378.60676879,5378.79386350,5377.35758044,5377.54463821,8167.84064604,816
2026-01-05T17:53:00Z,5377.54463821,5377.93846808,5376.31905045,5376.71281940,27516.36146045,2751
2026-01-05T17:54:00Z,5376.71281940,5379.22425092,5375.11784783,5377.62900756,27185.63513377,2718
2026-01-05T17:55:00Z,5377.62900756,5378.49918936,5375.41654379,5376.28650836,31092.76654694,3109
2026-01-05T17:56:00Z,5376.28650836,5376.74100176,5375.02131580,5375.47574066,33219.07018695,3321
2026-01-05T17:57:00Z,5375.47574066,5377.04169221,5374.63236462,5376.19820283,35302.70057704,3530
2026-01-05T17:58:00Z,5376.19820283,5376.20621985,5375.69469734,5375.70271362,28074.49302908,2807
2026-01-05T17:59:00Z,5375.70271362,5375.76236279,5374.57935914,5374.63899651,24871.03155277,2487
2026-01-05T18:00:00Z,5374.63899651,5374.73386404,5373.27571810,5373.37056324,35971.94663935,3597
2026-01-05T18:01:00Z,5373.37056324,5374.14020611,5371.46441386,5372.23389392,12017.65052261,1201
2026-01-05T18:02:00Z,5372.23389392,5372.46749492,5372.03219595,5372.26579575,2393.77821702,239
2026-01-05T18:03:00Z,5372.26579575,5372.61588757,5371.26764842,5371.61769799,21485.58596683,2148
2026-01-05T18:04:00Z,5371.61769799,5371.70297452,5371.16258253,5371.24785318,12541.26555989,1254
2026-01-05T18:05:00Z,5371.24785318,5371.58555305,5370.87798727,5371.21568511,22398.73153422,2239
2026-01-05T18:06:00Z,5371.21568511,5371.48213222,5370.33925955,5370.60567640,17835.57136079,1783
2026-01-05T18:07:00Z,5370.60567640,5370.85266310,5370.38371675,5370.63070242,7596.49323353,759
2026-01-05T18:08:00Z,5370.63070242,5372.85222895,5369.91554599,5372.13687196,25665.12238703,2566
2026-01-05T18:09:00Z,5372.13687196,5373.28699726,5370.71638959,5371.86645699,5096.32515779,509
2026-01-05T18:10:00Z,5371.86645699,5373.45615328,5370.50645040,5372.09608855,3982.74308460,398
2026-01-05T18:11:00Z,5372.09608855,5373.10517689,5370.88601009,5371.89506068,1831.42649026,183
2026-01-05T18:12:00Z,5371.89506068,5372.92475457,5369.58998393,5370.61943331,8047.99596734,804
2026-01-05T18:13:00Z,5370.61943331,5371.02848362,5368.29009408,5368.69899812,2069.82318859,206
2026-01-05T18:14:00Z,5368.69899812,5369.91755780,5368.38214400,5369.60065046,10424.45869437,1042
2026-01-05T18:15:00Z,5369.60065046,5370.19127726,5368.33547113,5368.92602372,9363.86993049,936
2026-01-05T18:16:00Z,5368.92602372,5369.95038946,5367.87705899,5368.90142003,2450.41412355,245
2026-01-05T18:17:00Z,5368.90142003,5369.81781366,5368.25396135,5369.17032255,6412.18412589,641
2026-01-05T18:18:00Z,5369.17032255,5369.71452925,5368.15926050,5368.70341988,5296.33458839,529
2026-01-05T18:19:00Z,5368.70341988,5368.82411721,5368.47574404,5368.59643896,1716.24952508,171
2026-01-05T18:20:00Z,5368.59643896,5368.73899755,5368.28849564,5368.43104983,10575.70804424,1057
2026-01-05T18:21:00Z,5368.43104983,5368.98262635,5367.23910655,5367.79061727,19406.73582851,1940
2026-01-05T18:22:00Z,5367.79061727,5369.44764539,5367.35011110,5369.00703939,23465.61300639,2346
2026-01-05T18:23:00Z,5369.00703939,5370.38613754,5368.71897509,5370.09801471,41418.90324587,4141
2026-01-05T18:24:00Z,5370.09801471,5371.03898630,5369.40930793,5370.35024718,19657.39095743,1965
2026-01-05T18:25:00Z,5370.35024718,5370.52479136,5370.20877775,5370.38332106,17068.78088280,1706
2026-01-05T18:26:00Z,5370.38332106,5370.77020745,5368.90270496,5369.28951255,6320.93556224,632
2026-01-05T18:27:00Z,5369.28951255,5370.47657488,5368.95985589,5370.14686558,34379.64128040,3437
2026-01-05T18:28:00Z,5370.14686558,5371.79297744,5368.57905399,5370.22514299,6018.91082680,601
2026-01-05T18:29:00Z,5370.22514299,5370.58782056,5368.66908236,5369.03167933,41274.47934158,4127
2026-01-05T18:30:00Z,5369.03167933,5369.34755454,5367.27865301,5367.59444367,52361.59961886,5236
2026-01-05T18:31:00Z,5367.59444367,5368.39886989,5367.17391498,5367.97831113,41121.77043602,4112
2026-01-05T18:32:00Z,5367.97831113,5368.98926152,5367.45744957,5368.46835241,5419.30371714,541
2026-01-05T18:33:00Z,5368.46835241,5368.51672911,5367.12578995,5367.17415499,22168.56498209,2216
2026-01-05T18:34:00Z,5367.17415499,5367.47517226,5366.58833956,5366.88934085,7362.89245744,736
2026-01-05T18:35:00Z,5366.88934085,5367.62924652,5366.56296405,5367.30284457,18049.17184979,1804
2026-01-05T18:36:00Z,5367.30284457,5369.08517039,5366.15954673,5367.94173646,2359.69101932,235
2026-01-05T18:37:00Z,5367.94173646,5368.31674037,5366.32774708,5366.70266443,59947.46559818,5994
2026-01-05T18:38:00Z,5366.70266443,5370.13677694,5354.86856115,5358.29729512,29283.06348122,2928
2026-01-05T18:39:00Z,5358.29729512,5361.41336049,5354.00696003,5357.12234211,30612.41159553,3061
2026-01-05T18:40:00Z,5357.12234211,5359.06256035,5350.60866346,5352.54722470,88621.20052537,8862
2026-01-05T18:41:00Z,5352.54722470,5353.08904273,5351.06922968,5351.61095293,9251.34723509,925
2026-01-05T18:42:00Z,5351.61095293,5362.03730858,5349.53281026,5359.95592538,17689.95826284,1768
2026-01-05T18:43:00Z,5359.95592538,5363.32785917,5350.09929082,5353.46714252,27242.48570292,2724
2026-01-05T18:44:00Z,5353.46714252,5355.04317508,5348.50886120,5350.08389774,10209.82093623,1020
2026-01-05T18:45:00Z,5350.08389774,5354.26396791,5343.30429129,5347.48232883,26833.58671255,2683
2026-01-05T18:46:00Z,5347.48232883,5350.03242905,5342.40204748,5344.95094054,989.56506048,98
2026-01-05T18:47:00Z,5344.95094054,5345.21064061,5341.22203937,5341.48157088,10260.61324042,1026
2026-01-05T18:48:00Z,5341.48157088,5343.35016735,5340.28121358,5342.14965990,1572.50681104,157
2026-01-05T18:49:00Z,5342.14965990,5343.84907364,5334.32055689,5336.01802007,63390.01654580,6339
2026-01-05T18:50:00Z,5336.01802007,5336.59823120,5332.82565457,5333.40558164,15871.84478535,1587
2026-01-05T18:51:00Z,5333.40558164,5337.04495200,5330.20387728,5333.84298506,9324.57310345,932
2026-01-05T18:52:00Z,5333.84298506,5337.23015930,5329.95383202,5333.34068729,11739.30308307,1173
2026-01-05T18:53:00Z,5333.34068729,5334.71791608,5333.13326883,5334.51045213,32773.88444506,3277
2026-01-05T18:54:00Z,5334.51045213,5336.44391554,5334.33946269,5336.27286960,65956.50729147,6595
2026-01-05T18:55:00Z,5336.27286960,5338.62920377,5335.05914955,5337.41522389,18075.34588386,1807
2026-01-05T18:56:00Z,5337.41522389,5338.26211011,5336.95668390,5337.80353677,16497.92778129,1649
2026-01-05T18:57:00Z,5337.80353677,5340.19652876,5336.77639050,5339.16911972,21441.68247527,2144
2026-01-05T18:58:00Z,5339.16911972,5341.39443433,5338.57792514,5340.80305883,28470.48808416,2847
2026-01-05T18:59:00Z,5340.80305883,5343.83855662,5340.48427955,5343.51961519,100844.62985961,10084
2026-01-05T19:00:00Z,5343.51961519,5346.93887639,5342.61913104,5346.03796785,44965.94090714,4496
2026-01-05T19:01:00Z,5346.03796785,5347.08164496,5345.51556916,5346.55919534,12398.45497180,1239
2026-01-05T19:02:00Z,5346.55919534,5347.03986034,5346.47472979,5346.95538852,3933.01774334,393
2026-01-05T19:03:00Z,5346.95538852,5347.52953890,5346.32428591,5346.89843018,8166.93420330,816
2026-01-05T19:04:00Z,5346.89843018,5347.61587363,5346.40310270,5347.12052558,3469.99520776,346
2026-01-05T19:05:00Z,5347.12052558,5348.29529018,5346.83360444,5348.00832140,20053.31985442,2005
2026-01-05T19:06:00Z,5348.00832140,5348.94620433,5347.82337699,5348.76123388,26194.09463961,2619
2026-01-05T19:07:00Z,5348.76123388,5349.99355881,5348.05138489,5349.28364050,11931.09111876,1193
2026-01-05T19:08:00Z,5349.28364050,5350.68266410,5348.79295533,5350.19189562,30120.75882676,3012
2026-01-05T19:09:00Z,5350.19189562,5350.62061749,5349.65174696,5350.08045991,6366.12278003,636
2026-01-05T19:10:00Z,5350.08045991,5351.58550715,5349.73810590,5351.24307874,33250.94062769,3325
2026-01-05T19:11:00Z,5351.24307874,5352.20175260,5350.69325720,5351.65188906,12197.26575676,1219
2026-01-05T19:12:00Z,5351.65188906,5352.11907457,5351.51491405,5351.98209111,7625.14380117,762
2026-01-05T19:13:00Z,5351.98209111,5352.10055205,5351.83232217,5351.95078242,9121.04044717,912
2026-01-05T19:14:00Z,5351.95078242,5353.02007645,5351.81615263,5352.88542315,53341.33908088,5334
2026-01-05T19:15:00Z,5352.88542315,5354.44663592,5352.17207220,5353.73317200,2248.74261462,224
2026-01-05T19:16:00Z,5353.73317200,5355.36842120,5353.32930436,5354.96446069,18798.58170311,1879
2026-01-05T19:17:00Z,5354.96446069,5355.95854022,5354.70436821,5355.69841210,16293.96494509,1629
2026-01-05T19:18:00Z,5355.69841210,5357.91070665,5354.32047086,5356.53255080,7447.38892647,744
2026-01-05T19:19:00Z,5356.53255080,5357.99993268,5355.07384229,5356.54122180,10578.14429875,1057
2026-01-05T19:20:00Z,5356.54122180,5356.60060109,5356.51408674,5356.57346587,8629.99393129,862
2026-01-05T19:21:00Z,5356.57346587,5357.60660534,5356.37423026,5357.40733872,6040.33429908,604
2026-01-05T19:22:00Z,5357.40733872,5358.85119782,5357.07182671,5358.51561640,64274.67856634,6427
2026-01-05T19:23:00Z,5358.51561640,5359.17756948,5358.40805249,5359.06999444,5591.69906401,559
2026-01-05T19:24:00Z,5359.06999444,5359.90264559,5358.96231836,5359.79495494,22584.02610262,2258
2026-01-05T19:25:00Z,5359.79495494,5361.18333912,5359.07456513,5360.46285954,5439.28191295,543
2026-01-05T19:26:00Z,5360.46285954,5361.19652371,5357.26826641,5358.00159373,28001.81302562,2800
2026-01-05T19:27:00Z,5358.00159373,5358.99383430,5356.93437129,5357.92659797,1329.60572965,132
2026-01-05T19:28:00Z,5357.92659797,5358.84215399,5356.92053910,5357.83607965,16259.00066010,1625
2026-01-05T19:29:00Z,5357.83607965,5359.33739393,5357.22863660,5358.72984955,63194.56638738,6319
2026-01-05T19:30:00Z,5358.72984955,5359.29634089,5358.08418655,5358.65066952,10283.49378788,1028
2026-01-05T19:31:00Z,5358.65066952,5358.67233387,5358.28854259,5358.31020557,26285.65653478,2628
2026-01-05T19:32:00Z,5358.31020557,5359.20690921,5356.98158663,5357.87821798,12911.08792512,1291
2026-01-05T19:33:00Z,5357.87821798,5358.15038549,5356.84217596,5357.11430467,3146.48257212,314
2026-01-05T19:34:00Z,5357.11430467,5357.86144843,5356.33744877,5357.08458838,19130.50701375,1913
2026-01-05T19:35:00Z,5357.08458838,5358.14624119,5356.32536375,5357.38697370,15388.69668155,1538
2026-01-05T19:36:00Z,5357.38697370,5358.31151761,5357.26897126,5358.19349740,12704.35655208,1270
2026-01-05T19:37:00Z,5358.19349740,5358.72807844,5357.15201370,5357.68654417,5519.43912029,551
2026-01-05T19:38:00Z,5357.68654417,5359.01253413,5357.12798223,5358.45389220,8353.84392825,835
2026-01-05T19:39:00Z,5358.45389220,5358.69617303,5358.12304223,5358.36531907,3952.23463556,395
2026-01-05T19:40:00Z,5358.36531907,5358.87421429,5357.57931008,5358.08817899,8516.01266497,851
2026-01-05T19:41:00Z,5358.08817899,5359.91852324,5357.76339743,5359.59365043,13455.08998526,1345
2026-01-05T19:42:00Z,5359.59365043,5361.73465425,5359.46570153,5361.60665729,23621.65556411,2362
2026-01-05T19:43:00Z,5361.60665729,5362.02631536,5361.36121667,5361.78086677,4492.18263691,449
2026-01-05T19:44:00Z,5361.78086677,5362.93626453,5360.52023050,5361.67560558,14096.25495968,1409
2026-01-05T19:45:00Z,5361.67560558,5361.72098324,5360.81858687,5360.86395766,22991.01537668,2299
2026-01-05T19:46:00Z,5360.86395766,5361.28775039,5360.44625401,5360.87004627,9556.83471596,955
2026-01-05T19:47:00Z,5360.87004627,5363.59787594,5359.70759702,5362.43508733,58929.47950149,5892
2026-01-05T19:48:00Z,5362.43508733,5362.77675868,5361.96382988,5362.30549296,21399.46099878,2139
2026-01-05T19:49:00Z,5362.30549296,5363.57626642,5361.78243155,5363.05313209,54260.33435316,5426
2026-01-05T19:50:00Z,5363.05313209,5364.94120688,5362.75454883,5364.64253513,99359.10136656,9935
2026-01-05T19:51:00Z,5364.64253513,5373.82629356,5360.79838575,5369.97832071,3768.97440612,376
2026-01-05T19:52:00Z,5369.97832071,5371.67294632,5361.39770255,5363.09015443,79586.62060349,7958
2026-01-05T19:53:00Z,5363.09015443,5370.06964206,5361.11611416,5368.09376007,5813.76177676,581
2026-01-05T19:54:00Z,5368.09376007,5371.47297679,5360.31028718,5363.68672967,33638.04916175,3363
2026-01-05T19:55:00Z,5363.68672967,5365.33019770,5357.29493420,5358.93694687,28691.55116660,2869
2026-01-05T19:56:00Z,5358.93694687,5359.96862483,5352.52113936,5353.55178059,41969.56923957,4196
2026-01-05T19:57:00Z,5353.55178059,5354.20242847,5350.61869928,5351.26906972,3261.16390246,326
2026-01-05T19:58:00Z,5351.26906972,5353.12990345,5350.14286076,5352.00353991,6428.78200714,642
2026-01-05T19:59:00Z,5352.00353991,5353.06704243,5341.88438463,5342.94608733,28503.19365519,2850
2026-01-05T20:00:00Z,5342.94608733,5349.80557332,5340.65741080,5347.51493970,26049.48852687,2604
2026-01-05T20:01:00Z,5347.51493970,5352.42145951,5343.24376171,5348.14977447,5347.95242379,534
2026-01-05T20:02:00Z,5348.14977447,5350.64921007,5344.10082315,5346.59953425,21144.21326609,2114
2026-01-05T20:03:00Z,5346.59953425,5349.80141734,5346.34223743,5349.54397882,12299.18144605,1229
2026-01-05T20:04:00Z,5349.54397882,5351.45037847,5348.96505879,5350.87131479,8857.61295917,885
2026-01-05T20:05:00Z,5350.87131479,5360.72277388,5348.55785829,5358.40605972,20884.80819327,2088
2026-01-05T20:06:00Z,5358.40605972,5359.61315939,5355.74307769,5356.94984932,9388.18180590,938
2026-01-05T20:07:00Z,5356.94984932,5363.80230909,5352.95190196,5359.80223297,24107.94170054,2410
2026-01-05T20:08:00Z,5359.80223297,5361.28911087,5354.80150781,5356.28741065,1875.59293447,187
2026-01-05T20:09:00Z,5356.28741065,5360.94802359,5345.63118635,5350.28657784,45918.23995702,4591
2026-01-05T20:10:00Z,5350.28657784,5352.06654009,5345.82072050,5347.59978890,29216.94560692,2921
2026-01-05T20:11:00Z,5347.59978890,5351.57876653,5341.90841299,5345.88611554,6718.92139690,671
2026-01-05T20:12:00Z,5345.88611554,5350.43151945,5339.28134564,5343.82499706,13332.09770939,1333
2026-01-05T20:13:00Z,5343.82499706,5344.57750965,5343.36367864,5344.11616610,18046.02252063,1804
2026-01-05T20:14:00Z,5344.11616610,5346.34219050,5338.96553592,5341.19034161,54240.46038379,5424
2026-01-05T20:15:00Z,5341.19034161,5345.97506070,5332.86027398,5337.64181424,14921.59684910,1492
2026-01-05T20:16:00Z,5337.64181424,5341.42891396,5337.22747689,5341.01431482,19829.03948946,1982
2026-01-05T20:17:00Z,5341.01431482,5348.97558683,5336.96489255,5344.92320094,11787.78706417,1178
2026-01-05T20:18:00Z,5344.92320094,5350.30989556,5342.10163954,5347.48698075,24834.16392772,2483
2026-01-05T20:19:00Z,5347.48698075,5349.38117704,5344.37966694,5346.27343337,21361.57609367,2136
2026-01-05T20:20:00Z,5346.27343337,5355.65745068,5344.49636153,5353.87785116,17620.58273946,1762
2026-01-05T20:21:00Z,5353.87785116,5356.82985527,5350.71007744,5353.66196251,8815.94816288,881
2026-01-05T20:22:00Z,5353.66196251,5358.77071987,5350.88190413,5355.98945286,9873.75062336,987
2026-01-05T20:23:00Z,5355.98945286,5356.44851199,5350.68224023,5351.14088379,57745.85413441,5774
2026-01-05T20:24:00Z,5351.14088379,5355.01464665,5325.86849409,5329.72675498,142786.16241028,14278
2026-01-05T20:25:00Z,5329.72675498,5330.60062322,5329.63526081,5330.50911562,15297.01389248,1529
2026-01-05T20:26:00Z,5330.50911562,5333.42831055,5329.25181516,5332.17061819,15046.09286882,1504
2026-01-05T20:27:00Z,5332.17061819,5333.46823092,5331.51648820,5332.81402200,7423.90447984,742
2026-01-05T20:28:00Z,5332.81402200,5334.43610892,5331.86287313,5333.48484041,11179.37635072,1117
2026-01-05T20:29:00Z,5333.48484041,5335.47901810,5332.73826883,5334.73227191,6134.37520085,613
2026-01-05T20:30:00Z,5334.73227191,5335.29259886,5334.27686279,5334.83718077,10247.01834102,1024
2026-01-05T20:31:00Z,5334.83718077,5337.51682064,5334.54675396,5337.22626376,67115.93397510,6711
2026-01-05T20:32:00Z,5337.22626376,5337.92493011,5336.69747312,5337.39612265,17466.17985974,1746
2026-01-05T20:33:00Z,5337.39612265,5338.87006388,5336.92919227,5338.40304541,16192.52234566,1619
2026-01-05T20:34:00Z,5338.40304541,5339.96085896,5338.20902594,5339.76678993,45388.83353787,4538
2026-01-05T20:35:00Z,5339.76678993,5340.05305197,5339.69921950,5339.98547877,1766.70668795,176
2026-01-05T20:36:00Z,5339.98547877,5341.08507133,5339.60778235,5340.70732385,18249.13990296,1824
2026-01-05T20:37:00Z,5340.70732385,5342.48890313,5339.65767575,5341.43911120,3805.70291625,380
2026-01-05T20:38:00Z,5341.43911120,5342.56894689,5341.37698880,5342.50681207,11582.33633386,1158
2026-01-05T20:39:00Z,5342.50681207,5343.40112994,5342.38135878,5343.27565860,3615.09975610,361
2026-01-05T20:40:00Z,5343.27565860,5346.34368548,5341.59098000,5344.65857087,22540.08764939,2254
2026-01-05T20:41:00Z,5344.65857087,5345.77780998,5344.24929123,5345.36847597,39762.07858324,3976
2026-01-05T20:42:00Z,5345.36847597,5347.06472284,5345.05980064,5346.75596738,56540.35911369,5654
2026-01-05T20:43:00Z,5346.75596738,5349.73586751,5345.71523833,5348.69476107,40475.42049574,4047
2026-01-05T20:44:00Z,5348.69476107,5349.93988312,5348.16376233,5349.40881350,17482.41193819,1748
2026-01-05T20:45:00Z,5349.40881350,5349.63442765,5349.26058289,5349.48619489,13582.68288991,1358
2026-01-05T20:46:00Z,5349.48619489,5350.55988254,5348.70323257,5349.77687767,7105.15176546,710
2026-01-05T20:47:00Z,5349.77687767,5350.30386714,5349.31555654,5349.84254034,9487.93679672,948
2026-01-05T20:48:00Z,5349.84254034,5352.25953305,5349.29779403,5351.71459611,44962.99456190,4496
2026-01-05T20:49:00Z,5351.71459611,5353.71437276,5351.52136013,5353.52107156,1319.95713514,131
2026-01-05T20:50:00Z,5353.52107156,5355.06823860,5352.76607256,5354.31312790,11044.66405603,1104
2026-01-05T20:51:00Z,5354.31312790,5354.59048788,5354.29404336,5354.57140242,9932.25161661,993
2026-01-05T20:52:00Z,5354.57140242,5355.74347731,5354.34287841,5355.51491303,33064.48181940,3306
2026-01-05T20:53:00Z,5355.51491303,5357.77122629,5354.63640582,5356.89249310,8398.50612681,839
2026-01-05T20:54:00Z,5356.89249310,5358.23183514,5356.54122414,5357.88050140,23648.40105296,2364
2026-01-05T20:55:00Z,5357.88050140,5358.73109948,5355.97530407,5356.82573470,7546.61936878,754
2026-01-05T20:56:00Z,5356.82573470,5357.24978815,5356.48409319,5356.90814139,9646.10063239,964
2026-01-05T20:57:00Z,5356.90814139,5357.20786013,5356.73958905,5357.03930367,21733.02274105,2173
2026-01-05T20:58:00Z,5357.03930367,5358.53645582,5355.83501843,5357.33210475,8614.81838276,861
2026-01-05T20:59:00Z,5357.33210475,5358.78950097,5357.06578896,5358.52312597,51492.81399481,5149
2026-01-05T21:00:00Z,5358.52312597,5359.78292957,5357.18420912,5358.44399412,12711.44166823,1271
2026-01-05T21:01:00Z,5358.44399412,5360.02534730,5356.79996497,5358.38129965,13202.64955333,1320
2026-01-05T21:02:00Z,5358.38129965,5358.82534164,5357.71120212,5358.15522538,9300.45445251,930
2026-01-05T21:03:00Z,5358.15522538,5358.16153485,5357.37298555,5357.37929410,11981.24325327,1198
2026-01-05T21:04:00Z,5357.37929410,5358.96287900,5355.54846349,5357.13197528,9703.48190693,970
2026-01-05T21:05:00Z,5357.13197528,5357.86244398,5356.60046391,5357.33091287,14285.68193521,1428
2026-01-05T21:06:00Z,5357.33091287,5358.40691098,5356.66461209,5357.74055925,41257.13924024,4125
2026-01-05T21:07:00Z,5357.74055925,5358.45498092,5357.30026478,5358.01466393,10311.35657937,1031
2026-01-05T21:08:00Z,5358.01466393,5359.40939035,5357.56563721,5358.96028438,8347.92757810,834
2026-01-05T21:09:00Z,5358.96028438,5360.71709665,5357.47735841,5359.23409491,4232.96350922,423
2026-01-05T21:10:00Z,5359.23409491,5360.64480285,5357.30345356,5358.71402460,14292.61692728,1429
2026-01-05T21:11:00Z,5358.71402460,5359.36022827,5358.61069512,5359.25688832,25248.35904396,2524
2026-01-05T21:12:00Z,5359.25688832,5360.47550829,5358.50513127,5359.72368575,3190.41128146,319
2026-01-05T21:13:00Z,5359.72368575,5360.81161521,5358.95386734,5360.04175112,17677.42234476,1767
2026-01-05T21:14:00Z,5360.04175112,5360.26733175,5358.77641101,5359.00194788,24397.28269197,2439
2026-01-05T21:15:00Z,5359.00194788,5359.97986771,5358.74730416,5359.72518961,9723.94981544,972
2026-01-05T21:16:00Z,5359.72518961,5361.47193520,5359.46756183,5361.21423584,34643.01363097,3464
2026-01-05T21:17:00Z,5361.21423584,5362.03020950,5361.12832174,5361.94428370,21108.15165297,2110
2026-01-05T21:18:00Z,5361.94428370,5363.13004313,5361.75822343,5362.94394816,24417.63873779,2441
2026-01-05T21:19:00Z,5362.94394816,5364.34348521,5361.74459463,5363.14408692,19544.12690412,1954
2026-01-05T21:20:00Z,5363.14408692,5364.83399314,5362.07531192,5363.76509438,26210.12131798,2621
2026-01-05T21:21:00Z,5363.76509438,5364.28925009,5363.33896341,5363.86311133,12776.98389664,1277
2026-01-05T21:22:00Z,5363.86311133,5364.39856411,5363.37904883,5363.91449697,6470.24069380,647
2026-01-05T21:23:00Z,5363.91449697,5364.91260918,5362.91327643,5363.91138807,11452.14364055,1145
2026-01-05T21:24:00Z,5363.91138807,5365.30775346,5363.61775625,5365.01406128,19749.04006436,1974
2026-01-05T21:25:00Z,5365.01406128,5365.88267903,5364.20714715,5365.07575562,9853.73349399,985
2026-01-05T21:26:00Z,5365.07575562,5365.08793144,5364.36007708,5364.37225130,49920.17062398,4992
2026-01-05T21:27:00Z,5364.37225130,5365.69381754,5363.39893915,5364.72044222,1864.20124657,186
2026-01-05T21:28:00Z,5364.72044222,5365.03805365,5364.61370292,5364.93131016,8937.11581741,893
2026-01-05T21:29:00Z,5364.93131016,5365.21928332,5364.81273141,5365.10070083,14763.58245290,1476
2026-01-05T21:30:00Z,5365.10070083,5365.36232602,5364.24345280,5364.50504894,44660.09952574,4466
2026-01-05T21:31:00Z,5364.50504894,5364.75454786,5363.95284075,5364.20232559,4136.09969345,413
2026-01-05T21:32:00Z,5364.20232559,5365.29910901,5363.63323878,5364.72996622,32704.23020105,3270
2026-01-05T21:33:00Z,5364.72996622,5365.99570973,5363.98400525,5365.24967649,8354.09655389,835
2026-01-05T21:34:00Z,5365.24967649,5366.40992383,5365.04491403,5366.20512490,29056.44575941,2905
2026-01-05T21:35:00Z,5366.20512490,5366.73772755,5364.12806491,5364.66051426,71435.78088709,7143
2026-01-05T21:36:00Z,5364.66051426,5366.01008020,5363.22647246,5364.57601714,17709.83224916,1770
2026-01-05T21:37:00Z,5364.57601714,5365.24486980,5363.87259582,5364.54144416,858.20968270,85
2026-01-05T21:38:00Z,5364.54144416,5365.37496835,5363.66349344,5364.49701072,8287.24132126,828
2026-01-05T21:39:00Z,5364.49701072,5365.22314404,5363.31898435,5364.04505649,11355.70143141,1135
2026-01-05T21:40:00Z,5364.04505649,5364.40759527,5363.38999761,5363.75251661,37617.77307465,3761
2026-01-05T21:41:00Z,5363.75251661,5364.55461100,5363.37458742,5364.17665192,11494.16318510,1149
2026-01-05T21:42:00Z,5364.17665192,5364.59924478,5363.06382278,5363.48636126,22710.15739192,2271
2026-01-05T21:43:00Z,5363.48636126,5365.35792566,5362.79400688,5364.66541908,10589.80565504,1058
2026-01-05T21:44:00Z,5364.66541908,5365.72947581,5363.64007929,5364.70412863,15630.12958673,1563
2026-01-05T21:45:00Z,5364.70412863,5366.50503542,5363.03143647,5364.83230329,4952.72090271,495
2026-01-05T21:46:00Z,5364.83230329,5366.07433194,5364.35802968,5365.59999047,29988.01347342,2998
2026-01-05T21:47:00Z,5365.59999047,5366.32405547,5364.35021014,5365.07420418,18236.25070165,1823
2026-01-05T21:48:00Z,5365.07420418,5365.22359615,5364.96225981,5365.11165100,7251.42168842,725
2026-01-05T21:49:00Z,5365.11165100,5365.83459486,5364.02094799,5364.74384229,16872.64177476,1687
2026-01-05T21:50:00Z,5364.74384229,5364.87750895,5364.41280413,5364.54646588,5305.93752483,530
2026-01-05T21:51:00Z,5364.54646588,5365.49777811,5364.49625753,5365.44756133,20731.55790107,2073
2026-01-05T21:52:00Z,5365.44756133,5366.77485985,5364.69636575,5366.02358363,16224.99816978,1622
2026-01-05T21:53:00Z,5366.02358363,5367.63069175,5363.80987888,5365.41680527,9410.16186497,941
2026-01-05T21:54:00Z,5365.41680527,5366.00712904,5364.75502089,5365.34533680,15433.02647590,1543
2026-01-05T21:55:00Z,5365.34533680,5366.57817087,5364.45201563,5365.68479318,11113.00637952,1111
2026-01-05T21:56:00Z,5365.68479318,5368.29552431,5364.87378351,5367.48424267,14858.50784032,1485
2026-01-05T21:57:00Z,5367.48424267,5368.91466494,5365.96578340,5367.39618221,10655.05013066,1065
2026-01-05T21:58:00Z,5367.39618221,5368.73257315,5365.73775941,5367.07407015,23314.14264015,2331
2026-01-05T21:59:00Z,5367.07407015,5368.31906630,5364.53384547,5365.77854110,33078.76634369,3307
2026-01-05T22:00:00Z,5365.77854110,5366.45930799,5365.72732615,5366.40808703,4927.77275447,492
2026-01-05T22:01:00Z,5366.40808703,5367.17099266,5364.65248745,5365.41525194,9167.21902478,916
2026-01-05T22:02:00Z,5365.41525194,5367.01641451,5365.21316657,5366.81427645,5940.05755233,594
2026-01-05T22:03:00Z,5366.81427645,5366.88198373,5366.13386196,5366.20156151,5741.38934174,574
2026-01-05T22:04:00Z,5366.20156151,5368.25090853,5364.40409535,5366.45335802,18713.20714290,1871
2026-01-05T22:05:00Z,5366.45335802,5366.52334664,5366.16908413,5366.23906995,15254.12143375,1525
2026-01-05T22:06:00Z,5366.23906995,5368.21261177,5365.86273697,5367.83616678,19308.43199634,1930
2026-01-05T22:07:00Z,5367.83616678,5369.61545820,5366.28484227,5368.06406782,4220.61582435,422
2026-01-05T22:08:00Z,5368.06406782,5369.29976935,5367.68949076,5368.92513220,24221.76749623,2422
2026-01-05T22:09:00Z,5368.92513220,5369.18882423,5367.56857577,5367.83221411,1080.77179610,108
2026-01-05T22:10:00Z,5367.83221411,5369.92078461,5367.33810481,5369.42652855,40317.21820362,4031
2026-01-05T22:11:00Z,5369.42652855,5369.80816147,5367.65567528,5368.03720945,11416.61175477,1141
2026-01-05T22:12:00Z,5368.03720945,5368.15820110,5367.81386842,5367.93485777,1544.95471257,154
2026-01-05T22:13:00Z,5367.93485777,5368.30651308,5366.65961643,5367.03120918,10839.46410235,1083
2026-01-05T22:14:00Z,5367.03120918,5367.97410675,5365.80405395,5366.74690158,5862.22128724,586
2026-01-05T22:15:00Z,5366.74690158,5367.77031567,5366.61842639,5367.64181906,667.42305792,66
2026-01-05T22:16:00Z,5367.64181906,5369.06019613,5367.03324534,5368.45153060,10316.34379375,1031
2026-01-05T22:17:00Z,5368.45153060,5369.01887024,5368.18122754,5368.74855222,8971.95494646,897
2026-01-05T22:18:00Z,5368.74855222,5369.73233140,5368.12665834,5369.11039561,13106.28792652,1310
2026-01-05T22:19:00Z,5369.11039561,5371.09578536,5368.58533349,5370.57058046,11088.09250179,1108
2026-01-05T22:20:00Z,5370.57058046,5371.88282367,5370.47286743,5371.78508855,25557.70790486,2555
2026-01-05T22:21:00Z,5371.78508855,5372.55354963,5371.68794076,5372.45638971,22911.77529883,2291
2026-01-05T22:22:00Z,5372.45638971,5373.00557717,5371.32412733,5371.87325519,17729.23371939,1772
2026-01-05T22:23:00Z,5371.87325519,5372.78840085,5369.63722963,5370.55215023,9114.11351995,911
2026-01-05T22:24:00Z,5370.55215023,5373.03214326,5370.02779397,5372.50759609,10883.40707735,1088
2026-01-05T22:25:00Z,5372.50759609,5375.31139030,5372.28771402,5375.09140248,26283.88884930,2628
2026-01-05T22:26:00Z,5375.09140248,5375.44387411,5373.09673402,5373.44909795,4490.30851902,449
2026-01-05T22:27:00Z,5373.44909795,5373.70249637,5372.72998426,5372.98336071,20110.96478940,2011
2026-01-05T22:28:00Z,5372.98336071,5374.88319967,5371.20453337,5373.10433228,3706.33000841,370
2026-01-05T22:29:00Z,5373.10433228,5375.37249746,5372.24411644,5374.51205624,31668.83927083,3166
2026-01-05T22:30:00Z,5374.51205624,5376.71005611,5374.10529364,5376.30315795,20488.42368400,2048
2026-01-05T22:31:00Z,5376.30315795,5376.97664757,5375.68061661,5376.35410033,5770.29725436,577
2026-01-05T22:32:00Z,5376.35410033,5378.25238840,5374.74780804,5376.64600890,14180.86739863,1418
2026-01-05T22:33:00Z,5376.64600890,5377.65385976,5375.85100380,5376.85882319,2646.64487447,264
2026-01-05T22:34:00Z,5376.85882319,5378.67782125,5374.53511022,5376.35393748,35348.12107287,3534
2026-01-05T22:35:00Z,5376.35393748,5378.12810683,5375.05297173,5376.82702660,2180.23765618,218
2026-01-05T22:36:00Z,5376.82702660,5377.39754075,5375.25379921,5375.82420695,20848.34130272,2084
2026-01-05T22:37:00Z,5375.82420695,5377.01914283,5375.39567784,5376.59055262,20019.69177587,2001
2026-01-05T22:38:00Z,5376.59055262,5376.69384782,5376.08993041,5376.19321797,7417.42611520,741
2026-01-05T22:39:00Z,5376.19321797,5378.43232434,5373.61105823,5375.85002165,3342.11208137,334
2026-01-05T22:40:00Z,5375.85002165,5376.38267312,5375.49379981,5376.02643959,20072.37372269,2007
2026-01-05T22:41:00Z,5376.02643959,5377.66301187,5374.22545810,5375.86198032,4438.44770213,443
2026-01-05T22:42:00Z,5375.86198032,5376.93956007,5375.57510358,5376.65264114,18519.04739495,1851
2026-01-05T22:43:00Z,5376.65264114,5378.35288826,5372.33693406,5374.03635384,9744.24156702,974
2026-01-05T22:44:00Z,5374.03635384,5374.32728050,5372.07755771,5372.36839407,10707.01880799,1070
2026-01-05T22:45:00Z,5372.36839407,5373.27745610,5372.23184632,5373.14088871,63689.81661029,6368
2026-01-05T22:46:00Z,5373.14088871,5373.53382605,5371.36306841,5371.75590446,74306.08982051,7430
2026-01-05T22:47:00Z,5371.75590446,5373.21518014,5370.77873348,5372.23792146,18553.37067698,1855
2026-01-05T22:48:00Z,5372.23792146,5373.25619037,5371.57965628,5372.59788107,13262.40830090,1326
2026-01-05T22:49:00Z,5372.59788107,5372.97363370,5371.74879634,5372.12451587,31721.51112771,3172
2026-01-05T22:50:00Z,5372.12451587,5373.44442704,5372.09182072,5373.41172406,10013.24350572,1001
2026-01-05T22:51:00Z,5373.41172406,5374.16491744,5370.71703714,5371.46995834,37832.50152280,3783
2026-01-05T22:52:00Z,5371.46995834,5373.90089489,5370.27264342,5372.70330506,18402.20469478,1840
2026-01-05T22:53:00Z,5372.70330506,5373.83714620,5371.47970539,5372.61352759,3914.46473778,391
2026-01-05T22:54:00Z,5372.61352759,5374.29326333,5372.51926721,5374.19897514,10496.76468036,1049
2026-01-05T22:55:00Z,5374.19897514,5375.38226363,5373.78119018,5374.96441916,33876.37406197,3387
2026-01-05T22:56:00Z,5374.96441916,5378.02206597,5373.19216291,5376.24938603,44362.35770822,4436
2026-01-05T22:57:00Z,5376.24938603,5376.87515467,5375.94759853,5376.57334899,19946.27227180,1994
2026-01-05T22:58:00Z,5376.57334899,5377.23545804,5374.02867714,5374.69055433,378.86978772,37
2026-01-05T22:59:00Z,5374.69055433,5376.34621938,5372.61466867,5374.27020423,6415.74224114,641
2026-01-05T23:00:00Z,5374.27020423,5375.53680994,5373.70958816,5374.97612023,37896.75406466,3789
2026-01-05T23:01:00Z,5374.97612023,5375.37861059,5373.12611370,5373.52849566,17355.75767493,1735
2026-01-05T23:02:00Z,5373.52849566,5375.16191624,5371.75466946,5373.38804735,28109.07264783,2810
2026-01-05T23:03:00Z,5373.38804735,5375.07839678,5372.72265805,5374.41288057,7943.42044074,794
2026-01-05T23:04:00Z,5374.41288057,5375.40368560,5374.39395385,5375.38475546,45601.51429449,4560
2026-01-05T23:05:00Z,5375.38475546,5376.66085866,5373.61995260,5374.89593975,9619.04488141,961
2026-01-05T23:06:00Z,5374.89593975,5375.05035221,5374.42374920,5374.57815253,8512.90817920,851
2026-01-05T23:07:00Z,5374.57815253,5376.52985699,5373.24673398,5375.19828481,3490.99250917,349
2026-01-05T23:08:00Z,5375.19828481,5377.67406910,5374.42327438,5376.89881348,22183.64805142,2218
2026-01-05T23:09:00Z,5376.89881348,5379.03633533,5374.99349743,5377.13093703,24140.42996459,2414
2026-01-05T23:10:00Z,5377.13093703,5378.21862841,5377.03218992,5378.11986314,30520.87390788,3052
2026-01-05T23:11:00Z,5378.11986314,5380.04050989,5377.76749439,5379.68803840,9820.78069759,982
2026-01-05T23:12:00Z,5379.68803840,5380.55567953,5378.10939548,5378.97692192,19603.15537983,1960
2026-01-05T23:13:00Z,5378.97692192,5379.42378533,5378.01838131,5378.46520220,57036.14826129,5703
2026-01-05T23:14:00Z,5378.46520220,5378.94062232,5378.38063069,5378.85604466,7643.80342567,764
2026-01-05T23:15:00Z,5378.85604466,5379.66631773,5377.29007781,5378.10023703,6387.04052214,638
2026-01-05T23:16:00Z,5378.10023703,5379.35269855,5377.59983372,5378.85222527,11212.08455013,1121
2026-01-05T23:17:00Z,5378.85222527,5379.84483182,5377.44589217,5378.43842235,17631.78484334,1763
2026-01-05T23:18:00Z,5378.43842235,5378.82641191,5377.92701588,5378.31499654,4388.15342631,438
2026-01-05T23:19:00Z,5378.31499654,5378.74611454,5376.53888409,5376.96989427,9706.30859758,970
2026-01-05T23:20:00Z,5376.96989427,5377.91456697,5376.89728392,5377.84194484,30459.24118579,3045
2026-01-05T23:21:00Z,5377.84194484,5378.51772308,5377.65991760,5378.33567913,13693.54586890,1369
2026-01-05T23:22:00Z,5378.33567913,5379.43974950,5377.34638182,5378.45043109,7912.81473986,791
2026-01-05T23:23:00Z,5378.45043109,5380.30033052,5378.30668213,5380.15653596,38390.57368417,3839
2026-01-05T23:24:00Z,5380.15653596,5380.69647901,5379.96412420,5380.50405482,4119.71192690,411
2026-01-05T23:25:00Z,5380.50405482,5382.83051821,5379.31439966,5381.64061175,23161.15285922,2316
2026-01-05T23:26:00Z,5381.64061175,5382.77289364,5380.17107166,5381.30328258,23544.95841836,2354
2026-01-05T23:27:00Z,5381.30328258,5381.95836726,5379.11598085,5379.77087899,34729.61737956,3472
2026-01-05T23:28:00Z,5379.77087899,5381.66910958,5379.68943628,5381.58763937,29297.43296569,2929
2026-01-05T23:29:00Z,5381.58763937,5382.42267640,5380.87072348,5381.70574477,3936.17883953,393
2026-01-05T23:30:00Z,5381.70574477,5382.98353636,5381.20531849,5382.48303779,7981.02784083,798
2026-01-05T23:31:00Z,5382.48303779,5384.22018156,5381.90909443,5383.64611418,31056.45296544,3105
2026-01-05T23:32:00Z,5383.64611418,5383.79471611,5383.57490156,5383.72350247,8718.40133271,871
2026-01-05T23:33:00Z,5383.72350247,5384.71015301,5383.30500572,5384.29161210,22672.31260596,2267
2026-01-05T23:34:00Z,5384.29161210,5384.48626740,5383.56902851,5383.76366473,44305.10170845,4430
2026-01-05T23:35:00Z,5383.76366473,5385.25710912,5382.29422928,5383.78766713,18444.74254399,1844
2026-01-05T23:36:00Z,5383.78766713,5383.85792690,5381.73442421,5381.80465810,26145.99975881,2614
2026-01-05T23:37:00Z,5381.80465810,5381.94583999,5380.53408436,5380.67523662,442.26846876,44
2026-01-05T23:38:00Z,5380.67523662,5381.38815163,5380.13871796,5380.85161538,3771.76828651,377
2026-01-05T23:39:00Z,5380.85161538,5381.18317094,5380.83560968,5381.16716430,24863.63354567,2486
2026-01-05T23:40:00Z,5381.16716430,5382.05166444,5381.16704417,5382.05154428,3565.69148463,356
2026-01-05T23:41:00Z,5382.05154428,5386.69598874,5380.10798843,5384.75145790,6144.16066596,614
2026-01-05T23:42:00Z,5384.75145790,5387.59793549,5380.15952466,5383.00507908,13498.60305602,1349
2026-01-05T23:43:00Z,5383.00507908,5384.60401017,5382.59524507,5384.19408564,21900.97278515,2190
2026-01-05T23:44:00Z,5384.19408564,5384.68108545,5381.30635957,5381.79314221,4096.72226512,409
2026-01-05T23:45:00Z,5381.79314221,5383.22300076,5380.67026151,5382.10005603,33372.96846771,3337
2026-01-05T23:46:00Z,5382.10005603,5383.41012635,5382.07114680,5383.38121024,63113.27690307,6311
2026-01-05T23:47:00Z,5383.38121024,5385.01913023,5383.16566858,5384.80353163,29846.07051574,2984
2026-01-05T23:48:00Z,5384.80353163,5386.11318214,5384.19613865,5385.50570996,35519.55844899,3551
2026-01-05T23:49:00Z,5385.50570996,5385.93988035,5383.70238888,5384.13644889,23095.44595707,2309
2026-01-05T23:50:00Z,5384.13644889,5386.64137091,5383.00887602,5385.51350966,5380.36266182,538
2026-01-05T23:51:00Z,5385.51350966,5386.43295126,5385.42369589,5386.34312365,19953.99332216,1995
2026-01-05T23:52:00Z,5386.34312365,5388.98836789,5385.01032738,5387.65524695,8766.01081128,876
2026-01-05T23:53:00Z,5387.65524695,5391.42890518,5386.02553074,5389.79854064,19612.64000459,1961
2026-01-05T23:54:00Z,5389.79854064,5391.74147021,5388.38275835,5390.32554948,2527.67943842,252
2026-01-05T23:55:00Z,5390.32554948,5390.50847126,5389.64089148,5389.82379623,6369.34685593,636
2026-01-05T23:56:00Z,5389.82379623,5390.41539078,5389.59892890,5390.19050815,11644.97401006,1164
2026-01-05T23:57:00Z,5390.19050815,5390.70204610,5387.62385583,5388.13519874,31430.56522284,3143
2026-01-05T23:58:00Z,5388.13519874,5389.17090491,5387.56960820,5388.60526503,9486.81875854,948
2026-01-05T23:59:00Z,5388.60526503,5390.14570291,5387.67503097,5389.21536353,30320.13642753,3032
